latitude,longitude,permit_count,unique_job_types,unique_work_types,residential_any,temperature,rainfall,wind_speed,is_repeat_site,day_incident_pct,borough_Brooklyn,borough_Manhattan,borough_Queens,borough_Staten Island,check2 description_Material Failure (Fell),check2 description_Mechanical Construction Equipment,check2 description_Other Construction Related,check2 description_Scaffold/Shoring Installations,check2 description_Struck By,check2 description_Worker Fell,record type description_Incident,record type description_Not DOB Jurisdiction,record type description_Notification,fatality
-1.7112895404898356,2.9152769856184397,-0.5082797606410615,-0.4471219796788324,-0.4455607238659225,1.0,-0.994083496122613,-0.432951552836686,0.6240358772646386,1.0,0.4520374529744287,0.0,0.0,1.0,0.0,0.0,0.0,1.0,0.0,0.0,0.0,0.0,0.0,0.0,0
0.2271334486937569,-0.2478651952921122,-0.0848488211569095,-0.0245484700997736,-0.0231930858082443,1.0,0.5597625579996509,0.7348382463128814,0.0744205477531265,0.0,0.4520374529744287,0.0,1.0,0.0,0.0,0.0,0.0,0.0,0.0,0.0,1.0,0.0,0.0,0.0,0
-0.3642168868735059,-0.7436040521158653,-0.5082797606410615,-0.4471219796788324,-0.4455607238659225,0.0,-1.0976732330640973,-0.432951552836686,-0.0629832846247514,0.0,0.4520374529744287,0.0,1.0,0.0,0.0,0.0,0.0,0.0,0.0,0.0,1.0,0.0,1.0,0.0,0
0.3680532635694459,-0.5702785229671972,0.0042945345239646,0.0644143740221334,0.0657264169407405,0.0,0.7669420318826194,0.4011840179844336,0.6240358772646386,1.0,0.4520374529744287,0.0,1.0,0.0,0.0,0.0,0.0,1.0,0.0,0.0,0.0,0.0,0.0,0.0,0
0.7314998186948483,-0.2220543092647514,-0.1739921768377836,-0.1135113142216807,-0.1121125885572292,1.0,0.7669420318826194,-0.432951552836686,-0.7500024465141415,1.0,0.1903629669951717,0.0,1.0,0.0,0.0,0.0,0.0,1.0,0.0,0.0,0.0,1.0,0.0,0.0,0
-1.929963918871907,-2.072047456255304,0.0042945345239646,-0.4248812686483556,-0.3344113454296914,0.0,0.0418138732922295,0.5680111321486576,-1.1622139436477756,1.0,0.1903629669951717,0.0,0.0,0.0,1.0,0.0,0.0,1.0,0.0,0.0,0.0,0.0,0.0,0.0,1
0.4382167444325728,-0.2139657845711917,2.745452721710844,2.800021830770777,2.8000011264720253,0.0,0.0418138732922295,-0.432951552836686,0.6240358772646386,0.0,-3.7347543226936826,0.0,1.0,0.0,0.0,1.0,0.0,0.0,0.0,0.0,0.0,0.0,0.0,0.0,0
-2.129306159921912,-0.3164157901136713,-0.0625629822366909,-0.0023077590692968,-0.0009632101209981,1.0,-0.7869040222396445,-0.432951552836686,0.3492282125088826,0.0,-0.0713115189840851,1.0,0.0,0.0,0.0,0.0,0.0,1.0,0.0,0.0,0.0,0.0,0.0,0.0,0
0.3310206226579265,-0.1162213235146283,0.4722971518485537,0.5314693056621458,0.532553806372911,1.0,-0.3725450744737074,-0.432951552836686,0.6240358772646386,1.0,-0.0713115189840851,0.0,1.0,0.0,0.0,0.0,0.0,0.0,0.0,0.0,1.0,0.0,0.0,0.0,0
0.172025680367976,-0.385996592899619,0.4054396350878981,0.4647471725707154,0.4658641793111724,0.0,0.2489933471751981,-0.0992973245082382,-0.7500024465141415,1.0,-0.0713115189840851,0.0,1.0,0.0,0.0,0.0,0.0,0.0,0.0,0.0,1.0,0.0,0.0,0.0,0
-0.5350551048681794,-0.2568029454698862,-0.3968505660399689,-0.3359184245264485,-0.3344113454296914,1.0,-1.40844244388855,-0.432951552836686,0.8988435420203946,0.0,0.1903629669951717,1.0,0.0,0.0,0.0,0.0,0.0,0.0,0.0,0.0,1.0,0.0,0.0,0.0,0
-0.4660221811735945,-0.0126854230907074,-0.5082797606410615,-0.4471219796788324,-0.4455607238659225,0.0,-0.579724548356676,5.239170328746928,0.2118243801310045,0.0,0.1903629669951717,1.0,0.0,0.0,0.0,0.0,0.0,0.0,0.0,0.0,0.0,1.0,0.0,0.0,0
0.2321795941046213,0.2602500788337155,-0.485993921720843,-0.4248812686483556,-0.4233308481786763,0.0,0.1454036102337138,-0.2661244386724621,-0.0629832846247514,1.0,0.1903629669951717,0.0,0.0,1.0,0.0,0.0,0.0,0.0,0.0,0.0,1.0,0.0,0.0,0.0,0
0.164139354753101,-0.3741352795796398,3.280312855796089,3.33379889550222,3.3335181429659344,0.0,0.2489933471751981,1.2353195888055533,-1.1622139436477756,0.0,0.1903629669951717,0.0,1.0,0.0,0.0,0.0,0.0,0.0,0.0,0.0,1.0,0.0,0.0,0.0,0
0.4330878753264612,-0.1470857972594359,0.0934378902048387,0.1533772181440405,0.1546459196897253,1.0,0.6633522949411351,-0.432951552836686,-0.3377909493805074,0.0,0.4520374529744287,0.0,1.0,0.0,0.0,0.0,0.0,0.0,0.0,0.0,1.0,0.0,0.0,0.0,0
0.0429215666318949,-0.2438557372684656,0.1157237291250572,0.1756179291745173,0.1768757953769716,1.0,-1.9263911285959716,-0.432951552836686,-0.2003871170026294,1.0,0.1903629669951717,0.0,1.0,0.0,0.0,0.0,1.0,0.0,0.0,0.0,0.0,0.0,0.0,0.0,0
-0.4877785130270433,-0.3144806697480156,-0.2408496935984392,-0.1802334473131111,-0.1788022156189679,0.0,0.5597625579996509,-0.2661244386724621,-1.0248101112698975,1.0,-0.0713115189840851,1.0,0.0,0.0,0.0,0.0,0.0,1.0,0.0,0.0,0.0,0.0,0.0,0.0,0
0.0030487455165609,-0.4141602511700368,-0.4637080828006245,-0.4026405576178788,-0.40110097249143,1.0,0.6633522949411351,-0.432951552836686,-0.4751947817583855,0.0,0.4520374529744287,0.0,1.0,0.0,0.0,0.0,0.0,1.0,0.0,0.0,0.0,1.0,0.0,0.0,0
-2.603322668013249,2.1169661805540425,0.2271529237261499,-0.291437002465495,-0.4455607238659225,1.0,1.0777112427070723,-0.432951552836686,0.0744205477531265,1.0,-0.0713115189840851,0.0,0.0,0.0,1.0,0.0,0.0,1.0,0.0,0.0,0.0,0.0,0.0,0.0,1
2.1866559585900025,-2.471789158467707,0.5614405075294279,-0.3136777134959718,-0.4455607238659225,1.0,-0.579724548356676,0.2343569038202096,-0.2003871170026294,1.0,0.4520374529744287,0.0,0.0,1.0,0.0,0.0,0.0,0.0,0.0,1.0,0.0,0.0,0.0,0.0,1
1.6019599020698407,0.7804215704891082,-0.3299930492793133,-0.2691962914350182,-0.2677217183679528,1.0,1.5956599274144936,2.236282273790897,-1.1622139436477756,0.0,-0.0713115189840851,0.0,0.0,0.0,0.0,0.0,0.0,0.0,0.0,0.0,1.0,0.0,0.0,0.0,0
0.0896466671713176,-0.5169722216732606,-0.3522788881995318,-0.291437002465495,-0.289951594055199,0.0,-1.719211654713003,-0.2661244386724621,-1.986636937915044,0.0,-0.0713115189840851,0.0,1.0,0.0,0.0,0.0,0.0,1.0,0.0,0.0,0.0,0.0,0.0,0.0,0
-0.5549128148808447,-0.3406243785215785,0.2940104404868054,-0.291437002465495,-0.3121814697424452,0.0,-0.1653656005907389,-0.0992973245082382,-0.4751947817583855,1.0,-0.0713115189840851,0.0,0.0,1.0,0.0,1.0,0.0,0.0,0.0,0.0,0.0,0.0,0.0,0.0,1
-2.7632240369229493,2.721197595718523,-0.4637080828006245,-0.3359184245264485,-0.3566412211169376,1.0,-0.579724548356676,0.0675297896559857,1.0362473743982727,1.0,-0.0713115189840851,0.0,0.0,0.0,0.0,1.0,0.0,0.0,0.0,0.0,0.0,0.0,0.0,0.0,1
-0.4877785130270433,-0.3144806697480156,-0.3299930492793133,-0.2691962914350182,-0.2677217183679528,0.0,0.6633522949411351,-0.432951552836686,0.4866320448867606,1.0,0.4520374529744287,1.0,0.0,0.0,0.0,0.0,0.0,1.0,0.0,0.0,0.0,0.0,0.0,0.0,0
-0.5261071584975991,-0.7859817959495172,-0.2185638546782206,-0.1579927362826343,-0.1565723399317216,1.0,0.2489933471751981,0.5680111321486576,0.8988435420203946,1.0,0.1903629669951717,0.0,1.0,0.0,0.0,0.0,0.0,0.0,0.0,0.0,1.0,0.0,0.0,0.0,0
-0.0475230068525433,0.1058998666512503,-0.485993921720843,-0.4248812686483556,-0.4233308481786763,0.0,0.974121505765588,-0.432951552836686,0.3492282125088826,0.0,0.1903629669951717,1.0,0.0,0.0,0.0,0.0,0.0,0.0,0.0,0.0,1.0,0.0,0.0,0.0,0
1.1755468275687997,0.0174690424624188,-0.3077072103590948,-0.2469555804045414,-0.2454918426807065,1.0,-0.994083496122613,0.5680111321486576,0.2118243801310045,1.0,0.1903629669951717,0.0,1.0,0.0,0.0,0.0,0.0,0.0,0.0,0.0,1.0,0.0,0.0,0.0,0
-1.213102777674182,0.6826036132088332,-0.2185638546782206,-0.3581591355569253,-0.40110097249143,0.0,1.802839401297462,1.2353195888055533,0.3492282125088826,1.0,0.1903629669951717,0.0,0.0,0.0,0.0,0.0,0.0,0.0,0.0,0.0,1.0,0.0,0.0,0.0,1
-0.6987928723531205,0.0076542233420031,-0.4414222438804059,-0.3803998465874021,-0.3788710968041838,0.0,0.7669420318826194,-0.432951552836686,0.3492282125088826,0.0,-3.99642880867294,1.0,0.0,0.0,0.0,0.0,0.0,0.0,0.0,0.0,1.0,0.0,0.0,0.0,0
0.4498118490515542,-0.0176694021618876,-0.3968505660399689,-0.3359184245264485,-0.3344113454296914,0.0,1.1813009796485563,-0.432951552836686,0.7614397096425166,1.0,0.1903629669951717,0.0,1.0,0.0,0.0,0.0,0.0,1.0,0.0,0.0,0.0,0.0,0.0,1.0,0
-0.158607142304397,-0.4734946612289537,-0.4637080828006245,-0.4026405576178788,-0.40110097249143,0.0,0.7669420318826194,-0.432951552836686,0.3492282125088826,0.0,0.1903629669951717,0.0,1.0,0.0,0.0,0.0,0.0,0.0,0.0,0.0,0.0,1.0,0.0,0.0,0
-2.079713304613461,-0.1837834755596379,0.4054396350878981,0.4647471725707154,0.4658641793111724,1.0,1.1813009796485563,-0.432951552836686,0.4866320448867606,1.0,0.1903629669951717,1.0,0.0,0.0,0.0,0.0,0.0,0.0,0.0,0.0,1.0,0.0,0.0,0.0,0
1.15664446320187,0.3032821439419958,0.4054396350878981,0.4647471725707154,0.4658641793111724,0.0,0.974121505765588,-0.2661244386724621,0.3492282125088826,1.0,0.1903629669951717,0.0,1.0,0.0,0.0,0.0,1.0,0.0,0.0,0.0,0.0,0.0,0.0,0.0,0
-0.7566856717526819,-0.4136729906463689,-0.485993921720843,-0.4248812686483556,-0.4233308481786763,0.0,-0.579724548356676,0.0675297896559857,0.2118243801310045,1.0,0.4520374529744287,1.0,0.0,0.0,0.0,0.0,0.0,0.0,0.0,0.0,0.0,1.0,0.0,0.0,0
0.5071669444319106,-0.507352306762233,-0.5082797606410615,-0.4471219796788324,-0.4455607238659225,0.0,1.388480453531525,-0.0992973245082382,-0.6125986141362635,0.0,-3.7347543226936826,0.0,1.0,0.0,0.0,0.0,0.0,1.0,0.0,0.0,0.0,0.0,0.0,1.0,0
1.15664446320187,0.3032821439419958,0.4054396350878981,0.4647471725707154,0.4658641793111724,0.0,1.0777112427070723,-0.0992973245082382,0.4866320448867606,1.0,-3.7347543226936826,0.0,1.0,0.0,0.0,0.0,0.0,0.0,0.0,0.0,1.0,0.0,0.0,0.0,0
1.4980865153881795,0.5752848900067241,-0.3299930492793133,-0.3136777134959718,-0.3121814697424452,0.0,0.8705317688241037,-0.432951552836686,0.8988435420203946,1.0,-0.0713115189840851,0.0,0.0,0.0,0.0,0.0,1.0,0.0,0.0,0.0,0.0,0.0,0.0,0.0,0
0.3946075697479195,-0.1754443597394396,2.3443076211469105,2.399689032222195,2.399863364101593,0.0,-1.304852706947066,-0.432951552836686,-0.2003871170026294,0.0,0.1903629669951717,0.0,1.0,0.0,0.0,0.0,0.0,0.0,0.0,0.0,1.0,0.0,0.0,0.0,0
1.0956495252300478,-0.0526825512226769,-0.3522788881995318,-0.291437002465495,-0.289951594055199,0.0,-1.719211654713003,-0.432951552836686,-1.5744254407814096,1.0,0.4520374529744287,0.0,1.0,0.0,0.0,0.0,1.0,0.0,0.0,0.0,0.0,1.0,0.0,0.0,0
1.2343082257686528,0.4206005563223378,0.4054396350878981,0.4647471725707154,0.4658641793111724,1.0,-1.0976732330640973,-0.432951552836686,0.0744205477531265,1.0,0.4520374529744287,0.0,0.0,0.0,0.0,0.0,1.0,0.0,0.0,0.0,0.0,0.0,0.0,0.0,0
-0.8496585643535561,0.2962553246775981,-0.4191364049601874,-0.3803998465874021,-0.289951594055199,1.0,-0.2689553375322231,-0.0992973245082382,0.0744205477531265,1.0,0.1903629669951717,0.0,0.0,1.0,0.0,0.0,0.0,1.0,0.0,0.0,0.0,0.0,0.0,0.0,1
-0.3779765948517175,0.1486952623623035,-0.485993921720843,-0.4248812686483556,-0.4233308481786763,1.0,0.7669420318826194,-0.432951552836686,-0.0629832846247514,0.0,-0.0713115189840851,1.0,0.0,0.0,0.0,0.0,0.0,0.0,0.0,0.0,0.0,1.0,0.0,0.0,0
0.6804041495892434,0.8058148046390676,-0.1739921768377836,-0.1135113142216807,-0.1121125885572292,0.0,-0.3725450744737074,-0.432951552836686,0.3492282125088826,1.0,0.4520374529744287,0.0,0.0,1.0,0.0,0.0,0.0,1.0,0.0,0.0,0.0,0.0,0.0,0.0,0
-0.3485958957518399,0.1113571845168846,-0.485993921720843,-0.4248812686483556,-0.4233308481786763,0.0,-1.2012629700055817,-0.432951552836686,-0.7500024465141415,1.0,0.1903629669951717,1.0,0.0,0.0,0.0,0.0,0.0,0.0,0.0,0.0,0.0,0.0,0.0,0.0,0
-1.3296575596896134,-0.7103450409401617,-0.3968505660399689,-0.3359184245264485,-0.3344113454296914,1.0,-0.3725450744737074,-0.432951552836686,0.4866320448867606,1.0,-0.0713115189840851,1.0,0.0,0.0,0.0,0.0,0.0,0.0,0.0,0.0,1.0,0.0,0.0,0.0,0
-0.3418814891532286,-0.6791742891520585,2.0991633930245066,2.1550412108869503,2.155334731541885,0.0,0.0418138732922295,-0.432951552836686,-0.2003871170026294,1.0,0.1903629669951717,0.0,1.0,0.0,0.0,0.0,0.0,0.0,0.0,0.0,1.0,0.0,0.0,0.0,0
1.865310785930525,1.395177290661632,-0.4414222438804059,-0.3803998465874021,-0.3788710968041838,0.0,1.1813009796485563,-0.432951552836686,-0.7500024465141415,0.0,0.4520374529744287,0.0,0.0,0.0,0.0,0.0,0.0,0.0,1.0,0.0,0.0,1.0,0.0,0.0,0
-1.6563861626821093,2.4178198557064943,0.2271529237261499,-0.3803998465874021,-0.3566412211169376,1.0,0.5597625579996509,-0.0992973245082382,0.2118243801310045,1.0,-0.0713115189840851,0.0,0.0,0.0,1.0,1.0,0.0,0.0,0.0,0.0,0.0,0.0,0.0,0.0,1
0.5779784275746047,0.1024890429853772,-0.5082797606410615,-0.4471219796788324,-0.4455607238659225,1.0,-1.304852706947066,-0.432951552836686,-0.8874062788920195,1.0,-0.0713115189840851,0.0,1.0,0.0,0.0,1.0,0.0,0.0,0.0,0.0,0.0,0.0,0.0,0.0,0
0.4797854013007688,-0.3645710515856649,-0.5082797606410615,-0.4471219796788324,-0.4455607238659225,1.0,2.2171983490633997,-0.432951552836686,-0.4751947817583855,0.0,-0.0713115189840851,0.0,1.0,0.0,0.0,0.0,1.0,0.0,0.0,0.0,0.0,0.0,0.0,0.0,0
1.15664446320187,0.3032821439419958,0.4054396350878981,0.4647471725707154,0.4658641793111724,0.0,-0.4761348114151917,-0.432951552836686,-0.0629832846247514,1.0,0.1903629669951717,0.0,1.0,0.0,0.0,1.0,0.0,0.0,0.0,0.0,0.0,1.0,0.0,0.0,0
0.563033013297621,0.01357095827268,0.2940104404868054,0.3535436174183315,0.3547148008749413,1.0,0.8705317688241037,-0.432951552836686,-0.7500024465141415,1.0,0.1903629669951717,0.0,1.0,0.0,0.0,0.0,0.0,0.0,0.0,0.0,1.0,0.0,0.0,0.0,0
0.3437187098803347,-0.2127963593142701,1.5197315810988248,1.5767827240945542,1.5773579636734834,0.0,-0.4761348114151917,-0.432951552836686,0.4866320448867606,1.0,0.4520374529744287,0.0,1.0,0.0,0.0,0.0,0.0,1.0,0.0,0.0,0.0,0.0,0.0,0.0,0
0.9362413596677822,0.862096105304236,0.4722971518485537,-0.4248812686483556,-0.3121814697424452,0.0,0.1454036102337138,-0.432951552836686,-1.0248101112698975,1.0,0.1903629669951717,0.0,0.0,0.0,0.0,0.0,0.0,0.0,0.0,0.0,1.0,0.0,0.0,0.0,1
0.3576025034015151,-0.2023411406482418,2.544880171428877,2.599855431496486,2.599932245286809,1.0,1.2848907165900407,0.9016653604771054,-0.4751947817583855,1.0,0.4520374529744287,0.0,1.0,0.0,0.0,0.0,0.0,0.0,0.0,0.0,1.0,0.0,0.0,0.0,0
-0.8158469011462626,0.7327396478117666,-0.5082797606410615,-0.4471219796788324,-0.4455607238659225,1.0,-1.304852706947066,-0.432951552836686,0.0744205477531265,1.0,0.1903629669951717,1.0,0.0,0.0,0.0,0.0,0.0,0.0,0.0,0.0,1.0,0.0,0.0,0.0,0
0.2938914707686513,0.2857407650883689,-0.3077072103590948,-0.2469555804045414,-0.2454918426807065,1.0,1.4920701904730094,-0.432951552836686,-0.3377909493805074,1.0,0.4520374529744287,0.0,0.0,1.0,0.0,0.0,0.0,0.0,0.0,0.0,1.0,0.0,0.0,0.0,0
1.2866033884556365,1.6213497040389964,-0.4414222438804059,-0.3803998465874021,-0.3788710968041838,0.0,0.8705317688241037,-0.2661244386724621,0.2118243801310045,1.0,0.4520374529744287,0.0,0.0,0.0,0.0,0.0,0.0,1.0,0.0,0.0,0.0,0.0,0.0,0.0,0
0.153785105563024,-0.411264531486457,1.9654483595031955,2.02159694470409,2.021955477418408,0.0,-1.40844244388855,-0.432951552836686,-0.6125986141362635,0.0,0.1903629669951717,0.0,1.0,0.0,0.0,0.0,0.0,1.0,0.0,0.0,0.0,0.0,0.0,0.0,0
1.031221553904976,1.4366501220940169,-0.4414222438804059,-0.3803998465874021,-0.3788710968041838,0.0,-1.40844244388855,-0.2661244386724621,-1.2996177760256535,0.0,-0.0713115189840851,0.0,0.0,0.0,0.0,0.0,0.0,0.0,1.0,0.0,0.0,1.0,0.0,0.0,0
0.5540850669269428,-0.40256345070591,-0.3299930492793133,-0.2691962914350182,-0.2677217183679528,0.0,1.1813009796485563,0.2343569038202096,-0.0629832846247514,1.0,0.4520374529744287,0.0,1.0,0.0,0.0,0.0,0.0,0.0,0.0,0.0,0.0,0.0,0.0,0.0,0
2.01850128226978,1.191766904606104,-0.0848488211569095,-0.0245484700997736,-0.0231930858082443,1.0,-0.3725450744737074,-0.432951552836686,-0.2003871170026294,0.0,-0.0713115189840851,0.0,0.0,0.0,0.0,0.0,0.0,0.0,0.0,0.0,1.0,0.0,0.0,0.0,0
0.7747940146023549,-3.1464093181613086,0.1825812458857128,-0.3803998465874021,-0.3566412211169376,0.0,0.8705317688241037,-0.432951552836686,2.272881865799175,1.0,0.1903629669951717,0.0,0.0,0.0,0.0,0.0,0.0,0.0,0.0,1.0,0.0,0.0,0.0,0.0,1
0.4108765631490547,-0.16312362935422,1.5197315810988248,1.5767827240945542,1.5773579636734834,0.0,0.6633522949411351,0.5680111321486576,-0.7500024465141415,0.0,0.4520374529744287,0.0,1.0,0.0,0.0,0.0,0.0,1.0,0.0,0.0,0.0,0.0,0.0,0.0,0
0.3696112264968305,-0.2227921609148601,3.815172989881333,3.8675759602336623,3.867035159459844,0.0,-0.7869040222396445,-0.432951552836686,0.2118243801310045,0.0,0.1903629669951717,0.0,1.0,0.0,0.0,0.0,0.0,0.0,0.0,0.0,1.0,0.0,0.0,0.0,0
-0.8605866329994579,2.280599270890804,-0.2854213714388762,-0.2247148693740646,-0.2232619669934603,1.0,-1.304852706947066,-0.432951552836686,0.3492282125088826,0.0,0.4520374529744287,0.0,0.0,1.0,0.0,0.0,0.0,0.0,0.0,0.0,1.0,0.0,0.0,0.0,0
1.500430353420511,0.510186884039075,-0.3968505660399689,-0.3359184245264485,-0.3344113454296914,1.0,0.4561728210581666,-0.432951552836686,0.7614397096425166,0.0,0.4520374529744287,0.0,0.0,0.0,0.0,1.0,0.0,0.0,0.0,0.0,0.0,0.0,0.0,0.0,0
-0.771231254835938,0.2138350335179895,-0.2185638546782206,-0.1579927362826343,-0.1565723399317216,0.0,-0.8904937591811287,0.5680111321486576,0.0744205477531265,0.0,0.4520374529744287,1.0,0.0,0.0,0.0,0.0,1.0,0.0,0.0,0.0,0.0,1.0,0.0,0.0,0
1.5446599558196166,0.4764266906104897,-0.485993921720843,-0.4248812686483556,-0.4233308481786763,0.0,-0.6833142852981603,0.4011840179844336,0.8988435420203946,1.0,0.1903629669951717,0.0,0.0,0.0,0.0,0.0,1.0,0.0,0.0,0.0,0.0,0.0,0.0,0.0,0
-0.1288984238883457,1.920818885361537,0.0488662123644016,-0.3136777134959718,-0.3566412211169376,0.0,0.4561728210581666,-0.2661244386724621,2.685093362932809,1.0,0.4520374529744287,0.0,0.0,1.0,0.0,1.0,0.0,0.0,0.0,0.0,0.0,0.0,0.0,0.0,1
0.232606999863464,-0.4785343272169888,-0.0179913043962539,0.0421736629916566,0.0434965412534942,0.0,-1.304852706947066,-0.432951552836686,1.1736512067761506,1.0,0.4520374529744287,0.0,1.0,0.0,0.0,0.0,0.0,0.0,0.0,0.0,1.0,0.0,0.0,0.0,0
-0.3152306719969013,2.21289790155346,-0.3299930492793133,-0.3136777134959718,-0.3121814697424452,0.0,-1.2012629700055817,-0.432951552836686,-0.2003871170026294,0.0,0.4520374529744287,0.0,0.0,1.0,0.0,0.0,0.0,0.0,0.0,0.0,1.0,0.0,0.0,0.0,0
0.1309257911061483,-0.4866228519105485,-0.0402771433164724,0.0199329519611798,0.021266665566248,0.0,-1.304852706947066,0.2343569038202096,-0.8874062788920195,0.0,0.1903629669951717,0.0,1.0,0.0,0.0,0.0,0.0,0.0,0.0,0.0,1.0,0.0,0.0,0.0,0
1.264088756062258,0.5989518297298275,-0.3968505660399689,-0.3359184245264485,-0.3344113454296914,1.0,0.3525830841166824,0.2343569038202096,0.7614397096425166,0.0,0.4520374529744287,0.0,0.0,0.0,0.0,0.0,0.0,0.0,0.0,0.0,1.0,0.0,0.0,0.0,0
1.189017002613744,0.4169252198008102,-0.4191364049601874,-0.3581591355569253,-0.3566412211169376,0.0,1.1813009796485563,-0.432951552836686,-1.2996177760256535,1.0,0.4520374529744287,0.0,0.0,0.0,0.0,0.0,0.0,0.0,0.0,0.0,1.0,0.0,0.0,0.0,0
0.872185249767304,0.2425277174999143,-0.4191364049601874,-0.3581591355569253,-0.3566412211169376,0.0,-0.6833142852981603,-0.432951552836686,-1.0248101112698975,1.0,0.4520374529744287,0.0,1.0,0.0,0.0,0.0,1.0,0.0,0.0,0.0,0.0,1.0,0.0,0.0,0
0.4101458371742403,0.0226618474722008,0.0934378902048387,0.1533772181440405,0.1546459196897253,0.0,-0.7869040222396445,-0.432951552836686,0.2118243801310045,0.0,-0.0713115189840851,0.0,1.0,0.0,0.0,1.0,0.0,0.0,0.0,0.0,0.0,0.0,0.0,0.0,0
-0.020665380458098,-0.6890169517309017,-0.4637080828006245,-0.4026405576178788,-0.40110097249143,0.0,0.8705317688241037,3.570899187104689,0.2118243801310045,1.0,0.1903629669951717,0.0,1.0,0.0,0.0,0.0,0.0,0.0,0.0,0.0,1.0,0.0,0.0,0.0,0
-0.1363406809968584,-0.2892684180784283,-0.1517063379175651,-0.0912706031912039,-0.089882712869983,1.0,1.4920701904730094,-0.432951552836686,-0.6125986141362635,0.0,0.1903629669951717,0.0,1.0,0.0,0.0,0.0,0.0,0.0,0.0,0.0,1.0,0.0,0.0,0.0,0
-2.314372853501361,-1.9614073181622849,-0.4637080828006245,-0.4026405576178788,-0.40110097249143,1.0,-1.6156219177715183,-0.2661244386724621,-1.986636937915044,0.0,-0.0713115189840851,0.0,0.0,0.0,1.0,1.0,0.0,0.0,0.0,0.0,0.0,1.0,0.0,0.0,0
1.5435983350638132,0.475118048061035,-0.485993921720843,-0.4248812686483556,-0.4233308481786763,0.0,0.1454036102337138,0.5680111321486576,0.2118243801310045,1.0,0.1903629669951717,0.0,0.0,0.0,0.0,0.0,0.0,1.0,0.0,0.0,0.0,0.0,0.0,0.0,0
-0.1252419185494584,-0.3408484249455087,-0.4414222438804059,-0.3803998465874021,-0.3788710968041838,0.0,0.5597625579996509,-0.432951552836686,0.6240358772646386,1.0,0.4520374529744287,0.0,1.0,0.0,0.0,0.0,0.0,0.0,0.0,0.0,1.0,0.0,0.0,0.0,0
-0.9084147161424057,0.2690764551775817,-0.485993921720843,-0.4248812686483556,-0.4233308481786763,0.0,0.6633522949411351,-0.432951552836686,-0.3377909493805074,0.0,0.4520374529744287,1.0,0.0,0.0,0.0,0.0,0.0,0.0,0.0,0.0,1.0,0.0,0.0,0.0,0
-0.7283390188435905,-0.3978579062195981,-0.4414222438804059,-0.3803998465874021,-0.3788710968041838,0.0,-0.4761348114151917,-0.432951552836686,0.8988435420203946,1.0,-3.7347543226936826,1.0,0.0,0.0,0.0,0.0,0.0,1.0,0.0,0.0,0.0,0.0,0.0,0.0,0
0.3171919782669762,-0.556259341613549,1.6757324535403544,1.7324677013078915,1.7329670934842067,0.0,-2.444339813303393,-0.432951552836686,-1.1622139436477756,0.0,0.1903629669951717,0.0,1.0,0.0,0.0,0.0,1.0,0.0,0.0,0.0,0.0,0.0,0.0,0.0,0
-1.6797442380306298,-0.6336780779666155,-0.5082797606410615,-0.4471219796788324,-0.4455607238659225,0.0,1.2848907165900407,-0.0992973245082382,0.3492282125088826,0.0,0.1903629669951717,1.0,0.0,0.0,0.0,0.0,1.0,0.0,0.0,0.0,0.0,1.0,0.0,0.0,0
-0.8046792022861239,0.182246629852287,-0.2185638546782206,-0.1579927362826343,-0.1565723399317216,1.0,-0.0617758636492546,-0.432951552836686,0.8988435420203946,1.0,0.4520374529744287,1.0,0.0,0.0,0.0,1.0,0.0,0.0,0.0,0.0,0.0,0.0,0.0,0.0,0
-1.280547259270138,-0.309315708196859,-0.4191364049601874,-0.3581591355569253,-0.3566412211169376,0.0,1.4920701904730094,-0.432951552836686,2.135478033421297,0.0,0.1903629669951717,1.0,0.0,0.0,0.0,0.0,0.0,1.0,0.0,0.0,0.0,0.0,0.0,0.0,0
0.2896449877453401,0.3694938882497116,-0.3968505660399689,-0.3359184245264485,-0.3344113454296914,0.0,-0.8904937591811287,-0.432951552836686,3.372112524822199,1.0,0.4520374529744287,0.0,0.0,1.0,0.0,0.0,0.0,1.0,0.0,0.0,0.0,0.0,0.0,0.0,0
0.2082724461744508,-0.1697364507473644,-0.1294204989973465,-0.0690298921607272,-0.0676528371827368,0.0,0.4561728210581666,-0.432951552836686,0.4866320448867606,1.0,0.4520374529744287,0.0,1.0,0.0,0.0,0.0,0.0,0.0,0.0,0.0,1.0,0.0,0.0,0.0,0
-0.7127042404394159,-0.4225968190949292,-0.2631355325186577,-0.2024741583435878,-0.2010320913062141,1.0,0.974121505765588,-0.432951552836686,0.8988435420203946,1.0,0.4520374529744287,1.0,0.0,0.0,0.0,0.0,0.0,0.0,0.0,0.0,1.0,0.0,0.0,0.0,0
0.4397333455123339,-0.2594480740272231,5.731755137020127,5.780277108854666,5.77880446856302,0.0,0.0418138732922295,1.902628045462449,0.6240358772646386,1.0,-3.99642880867294,0.0,1.0,0.0,0.0,1.0,0.0,0.0,0.0,0.0,0.0,1.0,0.0,0.0,0
0.2434024420948922,0.2125403126977485,-0.0402771433164724,0.0199329519611798,0.021266665566248,1.0,-1.5120321808300343,1.2353195888055533,0.7614397096425166,1.0,-0.0713115189840851,0.0,0.0,1.0,0.0,0.0,0.0,0.0,0.0,0.0,1.0,0.0,0.0,0.0,0
0.2908444813266208,-0.4004473478598823,-0.2854213714388762,-0.2247148693740646,-0.2232619669934603,0.0,-1.304852706947066,-0.432951552836686,-0.6125986141362635,0.0,0.1903629669951717,0.0,1.0,0.0,0.0,0.0,0.0,1.0,0.0,0.0,0.0,0.0,0.0,0.0,0
-0.3644788452417561,-0.6801766536578217,0.7174413799709576,0.7761171269973902,0.7770824389326194,0.0,0.974121505765588,-0.432951552836686,-1.1622139436477756,1.0,0.1903629669951717,0.0,1.0,0.0,0.0,0.0,0.0,1.0,0.0,0.0,0.0,0.0,0.0,0.0,0
-1.868271539528444,2.46673279094836,-0.3522788881995318,-0.291437002465495,-0.289951594055199,1.0,-0.7869040222396445,0.0675297896559857,-0.4751947817583855,1.0,0.1903629669951717,0.0,0.0,1.0,0.0,0.0,0.0,0.0,0.0,0.0,1.0,0.0,0.0,0.0,0
0.1531922524136869,-0.0830179992561753,-0.3299930492793133,-0.3136777134959718,-0.3121814697424452,0.0,0.0418138732922295,-0.432951552836686,-0.2003871170026294,1.0,-0.0713115189840851,0.0,0.0,1.0,0.0,0.0,0.0,1.0,0.0,0.0,0.0,0.0,0.0,0.0,0
-0.6572793646150568,-0.270599379155521,-0.3745647271197503,-0.3136777134959718,-0.3121814697424452,1.0,0.7669420318826194,-0.432951552836686,-1.1622139436477756,0.0,-0.0713115189840851,1.0,0.0,0.0,0.0,0.0,0.0,0.0,0.0,0.0,1.0,0.0,0.0,0.0,0
0.4000949082001351,-0.1458885285440868,-0.107134660077128,-0.0467891811302504,-0.0454229614954905,0.0,-0.2689553375322231,1.568973817134001,0.0744205477531265,1.0,0.1903629669951717,0.0,1.0,0.0,0.0,0.0,0.0,0.0,0.0,0.0,1.0,0.0,0.0,0.0,0
-0.7648615303009221,0.7650241379399366,-0.485993921720843,-0.4248812686483556,-0.4233308481786763,0.0,0.974121505765588,0.0675297896559857,-0.6125986141362635,1.0,0.4520374529744287,1.0,0.0,0.0,0.0,0.0,0.0,1.0,0.0,0.0,0.0,0.0,0.0,0.0,0
0.5814666100580845,-0.2790081036219859,0.3385821183272425,0.3980250394792851,0.3991745522494337,1.0,-0.994083496122613,-0.432951552836686,0.3492282125088826,1.0,-0.0713115189840851,0.0,1.0,0.0,0.0,0.0,0.0,1.0,0.0,0.0,0.0,0.0,0.0,0.0,0
0.1565563493542959,-0.2078959106185701,2.6785952049501884,2.7332996976793464,2.7333114994102865,0.0,0.0418138732922295,-0.432951552836686,0.6240358772646386,1.0,-0.0713115189840851,0.0,1.0,0.0,0.0,0.0,0.0,0.0,0.0,0.0,1.0,0.0,0.0,0.0,0
0.2735965908648314,0.2388941461660279,-0.5082797606410615,-0.4471219796788324,-0.4455607238659225,1.0,-0.3725450744737074,-0.432951552836686,0.0744205477531265,1.0,0.1903629669951717,0.0,0.0,1.0,0.0,0.0,0.0,1.0,0.0,0.0,0.0,0.0,0.0,0.0,0
0.3437187098803347,-0.2127963593142701,1.5197315810988248,1.5767827240945542,1.5773579636734834,0.0,-0.8904937591811287,-0.432951552836686,-0.4751947817583855,1.0,0.4520374529744287,0.0,1.0,0.0,0.0,0.0,0.0,0.0,0.0,0.0,1.0,0.0,0.0,0.0,0
1.1274705733401105,0.4268653344843474,-0.5082797606410615,-0.4471219796788324,-0.4455607238659225,1.0,-1.2012629700055817,-0.432951552836686,-0.3377909493805074,0.0,0.1903629669951717,0.0,0.0,0.0,0.0,0.0,0.0,1.0,0.0,0.0,0.0,0.0,0.0,0.0,0
0.104123313841933,0.2665705439127778,-0.4414222438804059,-0.3803998465874021,-0.3788710968041838,0.0,0.8705317688241037,-0.432951552836686,-1.0248101112698975,1.0,0.1903629669951717,0.0,0.0,1.0,0.0,0.0,0.0,1.0,0.0,0.0,0.0,0.0,0.0,0.0,0
1.2366308040349596,0.3784106867864324,0.5391546686092094,-0.4471219796788324,-0.3788710968041838,0.0,0.1454036102337138,1.568973817134001,-0.7500024465141415,1.0,0.4520374529744287,1.0,0.0,0.0,0.0,0.0,0.0,0.0,0.0,0.0,1.0,0.0,0.0,0.0,1
0.8242744429291092,-0.1940716334745078,0.8065847356518316,0.8650799711192974,0.8660019416816043,1.0,-1.2012629700055817,-0.432951552836686,0.8988435420203946,0.0,0.4520374529744287,0.0,1.0,0.0,0.0,0.0,1.0,0.0,0.0,0.0,0.0,1.0,0.0,0.0,0
0.0146576374180508,-0.0080216437924324,-0.5082797606410615,-0.4471219796788324,-0.4455607238659225,0.0,0.974121505765588,-0.432951552836686,-1.5744254407814096,1.0,0.1903629669951717,1.0,0.0,0.0,0.0,0.0,0.0,0.0,0.0,0.0,1.0,0.0,0.0,0.0,0
0.3408095932636835,-0.5196730371474525,-0.485993921720843,-0.4248812686483556,-0.4233308481786763,0.0,-0.1653656005907389,0.4011840179844336,0.7614397096425166,0.0,0.4520374529744287,0.0,1.0,0.0,0.0,0.0,1.0,0.0,0.0,0.0,0.0,0.0,0.0,0.0,0
-0.1573524995928862,0.0380314365629449,-0.5082797606410615,-0.4471219796788324,-0.4455607238659225,1.0,0.8705317688241037,-0.432951552836686,-1.0248101112698975,1.0,0.1903629669951717,1.0,0.0,0.0,0.0,0.0,0.0,1.0,0.0,0.0,0.0,1.0,0.0,0.0,0
0.2592440297371848,-0.1622883255992195,-0.0402771433164724,0.0199329519611798,0.021266665566248,1.0,-0.0617758636492546,-0.432951552836686,0.3492282125088826,1.0,0.4520374529744287,0.0,1.0,0.0,0.0,0.0,0.0,0.0,1.0,0.0,0.0,1.0,0.0,0.0,0
-0.2306934218817157,-0.9679023209074096,0.3831537961676796,-0.4026405576178788,-0.3788710968041838,0.0,1.388480453531525,0.0675297896559857,-0.3377909493805074,1.0,0.4520374529744287,0.0,1.0,0.0,0.0,0.0,0.0,0.0,0.0,0.0,1.0,0.0,0.0,0.0,1
0.4012254653686771,-0.1410716102238671,-0.107134660077128,-0.0467891811302504,-0.0454229614954905,0.0,1.4920701904730094,-0.432951552836686,-0.3377909493805074,1.0,0.4520374529744287,0.0,1.0,0.0,0.0,0.0,0.0,0.0,1.0,0.0,0.0,0.0,0.0,0.0,0
0.6804041495892434,0.8058148046390676,-0.1739921768377836,-0.1135113142216807,-0.1121125885572292,0.0,-1.40844244388855,-0.432951552836686,0.4866320448867606,1.0,0.4520374529744287,0.0,0.0,1.0,0.0,0.0,0.0,1.0,0.0,0.0,0.0,0.0,0.0,1.0,0
1.8853437074659969,2.259911581226959,-0.1739921768377836,-0.1135113142216807,-0.1121125885572292,0.0,0.974121505765588,-0.432951552836686,-0.2003871170026294,1.0,0.4520374529744287,0.0,0.0,0.0,0.0,0.0,0.0,1.0,0.0,0.0,0.0,0.0,0.0,0.0,0
1.1755468275687997,0.0174690424624188,-0.3077072103590948,-0.2469555804045414,-0.2454918426807065,1.0,1.1813009796485563,0.9016653604771054,0.0744205477531265,1.0,0.4520374529744287,0.0,1.0,0.0,0.0,0.0,0.0,1.0,0.0,0.0,0.0,0.0,0.0,0.0,0
-0.4877785130270433,-0.3144806697480156,0.1157237291250572,0.1756179291745173,0.1768757953769716,1.0,-1.2012629700055817,-0.432951552836686,1.5858627039097848,1.0,0.4520374529744287,1.0,0.0,0.0,0.0,0.0,0.0,0.0,0.0,0.0,1.0,0.0,0.0,0.0,0
2.121613165455176,1.998343911472541,-0.485993921720843,-0.291437002465495,-0.40110097249143,0.0,-0.6833142852981603,-0.2661244386724621,0.4866320448867606,1.0,0.1903629669951717,1.0,0.0,0.0,0.0,1.0,0.0,0.0,0.0,0.0,0.0,0.0,0.0,0.0,1
0.7704764664449713,-0.2319944239484865,-0.3522788881995318,-0.291437002465495,-0.289951594055199,1.0,0.0418138732922295,-0.0992973245082382,1.0362473743982727,1.0,-0.0713115189840851,0.0,1.0,0.0,0.0,0.0,0.0,0.0,0.0,0.0,1.0,0.0,0.0,0.0,0
-0.9674242854280004,-0.4795923786400027,-0.4637080828006245,-0.4026405576178788,-0.40110097249143,0.0,-1.2012629700055817,-0.432951552836686,-0.8874062788920195,0.0,0.1903629669951717,1.0,0.0,0.0,0.0,0.0,0.0,1.0,0.0,0.0,0.0,1.0,0.0,0.0,0
-0.5837242122463038,-0.2753884540173132,-0.2408496935984392,-0.1802334473131111,-0.1788022156189679,1.0,0.3525830841166824,-0.432951552836686,-0.8874062788920195,1.0,0.1903629669951717,1.0,0.0,0.0,0.0,0.0,0.0,0.0,0.0,0.0,1.0,0.0,0.0,0.0,0
0.3816613114396716,-0.3022852349261153,5.241466680775319,5.290981466184176,5.289747203443602,0.0,0.2489933471751981,-0.432951552836686,-1.5744254407814096,1.0,0.1903629669951717,0.0,1.0,0.0,0.0,0.0,0.0,1.0,0.0,0.0,0.0,0.0,0.0,0.0,0
-1.3554811398933706,-0.3255902096886723,-0.5082797606410615,-0.4471219796788324,-0.4455607238659225,0.0,-1.2012629700055817,-0.432951552836686,-0.7500024465141415,0.0,0.1903629669951717,1.0,0.0,0.0,0.0,0.0,0.0,0.0,0.0,0.0,0.0,1.0,0.0,0.0,0
-0.3635413100288236,0.0100209173142739,-0.485993921720843,-0.4248812686483556,-0.4233308481786763,0.0,-0.994083496122613,-0.432951552836686,-0.0629832846247514,1.0,0.4520374529744287,1.0,0.0,0.0,0.0,0.0,0.0,1.0,0.0,0.0,0.0,0.0,0.0,0.0,0
1.7619888905505776,1.0239404585107112,-0.5082797606410615,-0.4471219796788324,-0.4455607238659225,1.0,-2.13357060247894,-0.432951552836686,-1.4370216084035317,1.0,0.4520374529744287,0.0,0.0,0.0,0.0,0.0,0.0,1.0,0.0,0.0,0.0,1.0,0.0,0.0,0
0.6804041495892434,0.8058148046390676,-0.1739921768377836,-0.1135113142216807,-0.1121125885572292,0.0,1.2848907165900407,-0.432951552836686,1.3110550391540288,1.0,-0.0713115189840851,0.0,0.0,1.0,0.0,0.0,0.0,0.0,0.0,0.0,1.0,0.0,0.0,0.0,0
-0.2221827232862503,-0.6355086243274127,0.4500113129283352,-0.3803998465874021,-0.3121814697424452,1.0,0.8705317688241037,-0.0992973245082382,0.8988435420203946,1.0,0.1903629669951717,0.0,0.0,0.0,1.0,0.0,0.0,0.0,0.0,0.0,1.0,0.0,0.0,0.0,1
-1.3572459120588731,-2.6633687503496657,-0.5082797606410615,-0.4471219796788324,-0.4455607238659225,0.0,-0.994083496122613,-0.432951552836686,-0.0629832846247514,0.0,0.4520374529744287,0.0,0.0,0.0,1.0,0.0,0.0,1.0,0.0,0.0,0.0,1.0,0.0,0.0,0
-0.2443226778764513,-0.4888642503196977,-0.4414222438804059,-0.3803998465874021,-0.3788710968041838,1.0,-0.579724548356676,-0.432951552836686,1.9980742010434187,1.0,0.1903629669951717,0.0,1.0,0.0,0.0,0.0,0.0,0.0,0.0,0.0,1.0,0.0,0.0,0.0,0
-2.165842458661752,-0.5054032646673635,-0.2631355325186577,-0.2024741583435878,-0.2010320913062141,1.0,0.8705317688241037,-0.432951552836686,-0.2003871170026294,0.0,0.1903629669951717,1.0,0.0,0.0,0.0,1.0,0.0,0.0,0.0,0.0,0.0,1.0,0.0,0.0,0
0.83614444727862,-1.9882066606452256,0.4945829907687722,-0.3581591355569253,-0.3344113454296914,0.0,0.5597625579996509,-0.0992973245082382,-1.986636937915044,1.0,0.4520374529744287,0.0,0.0,0.0,1.0,0.0,0.0,1.0,0.0,0.0,0.0,0.0,0.0,0.0,1
-2.081642245346694,1.458168976794573,0.5168688296889908,-0.4471219796788324,-0.3344113454296914,1.0,1.4920701904730094,-0.0992973245082382,1.0362473743982727,1.0,0.4520374529744287,0.0,0.0,0.0,0.0,0.0,0.0,0.0,0.0,0.0,1.0,0.0,0.0,0.0,1
-1.8361747457675244,-0.1159150454711347,-0.3299930492793133,-0.3136777134959718,-0.3121814697424452,0.0,0.0418138732922295,-0.432951552836686,-0.2003871170026294,0.0,0.4520374529744287,1.0,0.0,0.0,0.0,0.0,0.0,1.0,0.0,0.0,0.0,0.0,0.0,0.0,0
-0.6327793635355491,0.5043954446715195,0.1380095680452757,0.1978586402049941,0.1991056710642178,1.0,1.5956599274144936,3.404072072940465,-0.7500024465141415,0.0,-0.0713115189840851,1.0,0.0,0.0,0.0,0.0,0.0,0.0,0.0,0.0,1.0,0.0,0.0,0.0,0
-0.696517970733528,-0.36567086819632,-0.5082797606410615,-0.4471219796788324,-0.4455607238659225,1.0,-2.237160339420424,-0.432951552836686,0.2118243801310045,1.0,-0.0713115189840851,1.0,0.0,0.0,0.0,0.0,0.0,1.0,0.0,0.0,0.0,1.0,0.0,0.0,0
-1.0925025126612988,0.0830264654953084,-0.1739921768377836,-0.1135113142216807,-0.1121125885572292,1.0,-0.7869040222396445,-0.432951552836686,0.3492282125088826,1.0,0.1903629669951717,1.0,0.0,0.0,0.0,0.0,0.0,0.0,0.0,0.0,1.0,0.0,0.0,0.0,0
-1.842820215953397,-0.148951308978825,-0.4637080828006245,-0.4026405576178788,-0.40110097249143,0.0,0.8705317688241037,0.0675297896559857,1.9980742010434187,1.0,0.4520374529744287,1.0,0.0,0.0,0.0,0.0,0.0,0.0,0.0,0.0,1.0,0.0,0.0,0.0,0
0.3310206226579265,-0.1162213235146283,0.4722971518485537,0.5314693056621458,0.532553806372911,1.0,-0.4761348114151917,6.907441470389168,-0.6125986141362635,1.0,0.4520374529744287,0.0,1.0,0.0,0.0,0.0,0.0,0.0,0.0,0.0,1.0,0.0,0.0,0.0,0
1.351229870254129,-0.120938944993721,0.0042945345239646,-0.3359184245264485,-0.3788710968041838,0.0,0.2489933471751981,-0.2661244386724621,0.3492282125088826,1.0,0.4520374529744287,1.0,0.0,0.0,0.0,1.0,0.0,0.0,0.0,0.0,0.0,0.0,0.0,0.0,1
-0.5628226919105402,-0.280010468127947,-0.1962780157580021,-0.1357520252521575,-0.1343424642444754,0.0,0.2489933471751981,-0.432951552836686,0.4866320448867606,1.0,-3.7347543226936826,1.0,0.0,0.0,0.0,0.0,0.0,1.0,0.0,0.0,0.0,0.0,0.0,0.0,0
-0.5830486354016214,-0.2091349445217583,-0.4637080828006245,-0.4026405576178788,-0.40110097249143,1.0,1.388480453531525,-0.432951552836686,-0.6125986141362635,0.0,0.4520374529744287,1.0,0.0,0.0,0.0,0.0,0.0,0.0,0.0,0.0,0.0,0.0,0.0,1.0,0
0.5690718430515501,-0.4224576018023961,-0.3522788881995318,-0.291437002465495,-0.289951594055199,1.0,0.4561728210581666,-0.432951552836686,-0.7500024465141415,0.0,0.4520374529744287,0.0,1.0,0.0,0.0,0.0,0.0,1.0,0.0,0.0,0.0,1.0,0.0,0.0,0
0.7939424213337907,2.035451540547237,-0.5082797606410615,-0.4471219796788324,-0.4455607238659225,0.0,0.3525830841166824,-0.432951552836686,-1.1622139436477756,0.0,0.4520374529744287,0.0,0.0,1.0,0.0,0.0,0.0,1.0,0.0,0.0,0.0,1.0,0.0,0.0,0
1.4855400882737575,0.5497106733765904,-0.3745647271197503,-0.3136777134959718,-0.3121814697424452,0.0,-0.6833142852981603,0.4011840179844336,0.8988435420203946,1.0,0.1903629669951717,0.0,0.0,0.0,0.0,0.0,0.0,0.0,0.0,0.0,1.0,0.0,0.0,0.0,0
-0.3816991611384304,-0.7152733330942892,2.143735070864944,2.199522632947904,2.1997944829163774,0.0,0.0418138732922295,-0.2661244386724621,0.2118243801310045,1.0,0.1903629669951717,0.0,1.0,0.0,0.0,1.0,0.0,0.0,0.0,0.0,0.0,1.0,0.0,0.0,0
1.4472803792159403,1.0814511220378802,-0.4637080828006245,-0.4026405576178788,-0.40110097249143,0.0,-1.5120321808300343,-0.0992973245082382,-0.3377909493805074,0.0,0.1903629669951717,0.0,0.0,0.0,0.0,0.0,0.0,0.0,0.0,0.0,1.0,0.0,0.0,0.0,0
1.8128331896483825,1.606431433046696,0.4722971518485537,-0.3136777134959718,-0.2677217183679528,0.0,0.2489933471751981,-0.432951552836686,1.0362473743982727,1.0,-0.0713115189840851,0.0,1.0,0.0,0.0,1.0,0.0,0.0,0.0,0.0,0.0,0.0,0.0,0.0,1
-0.527389375774127,-0.4269403986206946,0.1157237291250572,0.1756179291745173,0.1768757953769716,0.0,0.7669420318826194,-0.2661244386724621,-0.0629832846247514,0.0,0.1903629669951717,1.0,0.0,0.0,0.0,0.0,0.0,1.0,0.0,0.0,0.0,0.0,0.0,0.0,0
-0.7263674374398718,-0.3735644886802938,-0.5082797606410615,-0.4471219796788324,-0.4455607238659225,1.0,-1.5120321808300343,1.2353195888055533,0.6240358772646386,1.0,-0.0713115189840851,1.0,0.0,0.0,0.0,0.0,0.0,0.0,0.0,0.0,1.0,0.0,0.0,0.0,0
-1.9277498764205048,-0.2975100817937348,-0.4414222438804059,-0.3803998465874021,-0.3788710968041838,1.0,-0.4761348114151917,-0.432951552836686,-0.0629832846247514,0.0,0.4520374529744287,1.0,0.0,0.0,0.0,0.0,0.0,1.0,0.0,0.0,0.0,0.0,0.0,0.0,0
-0.7377695201032436,0.7217554034344292,-0.4414222438804059,-0.3803998465874021,-0.3788710968041838,1.0,1.0777112427070723,-0.432951552836686,-0.7500024465141415,0.0,-0.0713115189840851,1.0,0.0,0.0,0.0,0.0,0.0,1.0,0.0,0.0,0.0,1.0,0.0,0.0,0
1.5446599558196166,0.4764266906104897,-0.485993921720843,-0.4248812686483556,-0.4233308481786763,0.0,-0.8904937591811287,-0.432951552836686,-0.2003871170026294,1.0,0.1903629669951717,0.0,0.0,0.0,0.0,0.0,0.0,1.0,0.0,0.0,0.0,0.0,0.0,0.0,0
0.3437187098803347,-0.2127963593142701,1.5197315810988248,1.5767827240945542,1.5773579636734834,0.0,-0.994083496122613,-0.432951552836686,-1.0248101112698975,1.0,-0.0713115189840851,0.0,1.0,0.0,0.0,0.0,0.0,0.0,0.0,0.0,1.0,0.0,0.0,0.0,0
0.066304797825467,1.3842626549303634,-0.4637080828006245,-0.4026405576178788,-0.40110097249143,1.0,1.388480453531525,-0.432951552836686,0.2118243801310045,0.0,0.4520374529744287,0.0,0.0,1.0,0.0,0.0,0.0,1.0,0.0,0.0,0.0,1.0,0.0,0.0,0
0.1531922524136869,-0.0830179992561753,0.4500113129283352,0.509228594631669,0.5103239306856648,0.0,0.0418138732922295,-0.432951552836686,-0.2003871170026294,1.0,0.1903629669951717,0.0,1.0,0.0,0.0,0.0,0.0,1.0,0.0,0.0,0.0,0.0,0.0,0.0,0
-0.3485958957518399,0.1113571845168846,-0.485993921720843,-0.4248812686483556,-0.4233308481786763,0.0,-0.4761348114151917,-0.432951552836686,-0.7500024465141415,1.0,0.1903629669951717,1.0,0.0,0.0,0.0,0.0,0.0,0.0,0.0,0.0,1.0,0.0,0.0,0.0,0
0.3138487630965291,1.9769130128668209,-0.1517063379175651,-0.4471219796788324,-0.3788710968041838,1.0,0.1454036102337138,-0.2661244386724621,-0.4751947817583855,1.0,0.1903629669951717,0.0,0.0,1.0,0.0,0.0,0.0,0.0,0.0,1.0,0.0,0.0,0.0,0.0,1
-0.2443226778764513,-0.4888642503196977,-0.4414222438804059,-0.3803998465874021,-0.3788710968041838,1.0,-0.7869040222396445,-0.0992973245082382,1.4484588715319069,1.0,0.1903629669951717,0.0,1.0,0.0,0.0,1.0,0.0,0.0,0.0,0.0,0.0,0.0,0.0,0.0,0
0.0570673185214235,-0.5492288683428054,-0.5082797606410615,-0.4471219796788324,-0.4455607238659225,0.0,-2.340750076361908,-0.432951552836686,-0.6125986141362635,0.0,0.1903629669951717,0.0,1.0,0.0,0.0,0.0,0.0,1.0,0.0,0.0,0.0,1.0,0.0,0.0,0
1.15664446320187,0.3032821439419958,0.4054396350878981,0.4647471725707154,0.4658641793111724,0.0,1.2848907165900407,6.073305899568048,-0.6125986141362635,1.0,-0.0713115189840851,0.0,1.0,0.0,0.0,0.0,0.0,1.0,0.0,0.0,0.0,0.0,0.0,0.0,0
-0.905395301265392,-0.2320361891361277,-0.2854213714388762,-0.2247148693740646,-0.2232619669934603,0.0,0.8705317688241037,-0.432951552836686,-0.3377909493805074,1.0,0.4520374529744287,1.0,0.0,0.0,0.0,0.0,0.0,1.0,0.0,0.0,0.0,1.0,0.0,0.0,0
1.1765395119119624,0.3989661890695841,-0.4414222438804059,-0.3803998465874021,-0.3788710968041838,1.0,1.0777112427070723,-0.432951552836686,-0.2003871170026294,1.0,0.1903629669951717,0.0,0.0,0.0,0.0,0.0,0.0,1.0,0.0,0.0,0.0,0.0,0.0,0.0,0
-0.5717982128462356,-0.3054593891947614,-0.4637080828006245,-0.4026405576178788,-0.40110097249143,1.0,0.5597625579996509,-0.2661244386724621,-1.0248101112698975,0.0,-0.0713115189840851,1.0,0.0,0.0,0.0,0.0,0.0,1.0,0.0,0.0,0.0,1.0,0.0,0.0,0
1.5446599558196166,0.4764266906104897,-0.485993921720843,-0.4248812686483556,-0.4233308481786763,0.0,-0.4761348114151917,0.9016653604771054,-0.0629832846247514,1.0,-0.0713115189840851,0.0,0.0,0.0,0.0,0.0,0.0,0.0,0.0,0.0,1.0,0.0,0.0,0.0,0
0.3573267577506584,-0.3684134488583509,1.0963006416146726,1.1542092145154954,1.1549903256158052,0.0,0.7669420318826194,0.0675297896559857,-0.2003871170026294,0.0,0.1903629669951717,0.0,1.0,0.0,0.0,0.0,0.0,0.0,0.0,0.0,1.0,0.0,0.0,0.0,0
-2.829782236081308,-1.0291483011966234,0.4945829907687722,-0.4026405576178788,-0.40110097249143,1.0,0.8705317688241037,1.568973817134001,0.4866320448867606,1.0,0.1903629669951717,0.0,0.0,0.0,0.0,0.0,0.0,1.0,0.0,0.0,0.0,0.0,0.0,0.0,1
0.8992464342561488,-1.853781764316055,0.0934378902048387,-0.3581591355569253,-0.4455607238659225,0.0,-1.5120321808300343,1.0684924746413291,0.2118243801310045,1.0,0.4520374529744287,0.0,0.0,0.0,1.0,1.0,0.0,0.0,0.0,0.0,0.0,0.0,0.0,0.0,1
1.814614948018648,0.4214219383481247,-0.3299930492793133,-0.2691962914350182,-0.2677217183679528,0.0,-0.4761348114151917,-0.432951552836686,0.4866320448867606,1.0,-0.0713115189840851,0.0,1.0,0.0,0.0,0.0,0.0,1.0,0.0,0.0,0.0,0.0,0.0,0.0,0
-0.9577901428125184,1.8010236902851402,-0.485993921720843,-0.3359184245264485,-0.4455607238659225,1.0,1.5956599274144936,-0.432951552836686,-0.0629832846247514,1.0,0.4520374529744287,0.0,0.0,0.0,1.0,0.0,0.0,0.0,0.0,1.0,0.0,0.0,0.0,0.0,1
1.79874578581124,0.7099915422191441,-0.5082797606410615,-0.4471219796788324,-0.4455607238659225,1.0,-0.579724548356676,-0.432951552836686,-0.8874062788920195,1.0,0.1903629669951717,0.0,0.0,0.0,0.0,0.0,0.0,1.0,0.0,0.0,0.0,0.0,0.0,0.0,0
0.1531922524136869,-0.0830179992561753,-0.3299930492793133,-0.3136777134959718,-0.3121814697424452,0.0,0.0418138732922295,-0.432951552836686,-0.2003871170026294,0.0,0.1903629669951717,1.0,0.0,0.0,0.0,0.0,0.0,1.0,0.0,0.0,0.0,0.0,0.0,1.0,0
0.2851641209186977,-0.373258210636998,-0.2854213714388762,-0.2247148693740646,-0.2232619669934603,0.0,0.7669420318826194,0.2343569038202096,0.0744205477531265,1.0,0.4520374529744287,0.0,1.0,0.0,0.0,0.0,0.0,0.0,0.0,0.0,1.0,0.0,0.0,0.0,0
0.4317091470720796,-0.2221656830986591,1.3860165475775137,1.4433384579116937,1.443978709550006,1.0,0.0418138732922295,2.569936502119345,1.723266536287663,1.0,0.1903629669951717,0.0,1.0,0.0,0.0,0.0,0.0,0.0,0.0,0.0,1.0,0.0,0.0,0.0,0
0.4192316563703959,-0.1362268484454178,0.7842988967316131,0.8428392600888206,0.8437720659943581,0.0,1.4920701904730094,-0.432951552836686,-1.0248101112698975,1.0,0.1903629669951717,0.0,1.0,0.0,0.0,0.0,0.0,0.0,0.0,0.0,1.0,0.0,0.0,0.0,0
0.3437187098803347,-0.2127963593142701,1.5197315810988248,1.5767827240945542,1.5773579636734834,0.0,-0.1653656005907389,-0.432951552836686,-1.8492331055371656,1.0,-3.7347543226936826,0.0,1.0,0.0,0.0,0.0,0.0,1.0,0.0,0.0,0.0,0.0,0.0,0.0,0
-1.7112895404898356,2.9152769856184397,-0.5082797606410615,-0.4471219796788324,-0.4455607238659225,1.0,0.974121505765588,-0.432951552836686,-1.0248101112698975,1.0,-3.7347543226936826,0.0,0.0,1.0,0.0,0.0,0.0,1.0,0.0,0.0,0.0,0.0,0.0,0.0,0
-1.1631295385070486,2.4249722821495,-0.0402771433164724,-0.3803998465874021,-0.3788710968041838,0.0,-0.0617758636492546,-0.432951552836686,1.9980742010434187,1.0,0.1903629669951717,0.0,0.0,0.0,0.0,0.0,0.0,1.0,0.0,0.0,0.0,0.0,0.0,0.0,1
0.4689899590693406,-0.2550209641261751,-0.4191364049601874,-0.3581591355569253,-0.3566412211169376,0.0,0.2489933471751981,0.0675297896559857,0.7614397096425166,1.0,0.4520374529744287,0.0,1.0,0.0,0.0,0.0,0.0,1.0,0.0,0.0,0.0,0.0,0.0,0.0,0
-1.3203234924648033,-0.2035499075057832,0.316296279407024,-0.4026405576178788,-0.3344113454296914,1.0,1.1813009796485563,-0.0992973245082382,0.4866320448867606,1.0,-0.0713115189840851,0.0,0.0,1.0,0.0,0.0,0.0,0.0,0.0,1.0,0.0,0.0,0.0,0.0,1
-0.4877785130270433,-0.3144806697480156,-0.2631355325186577,-0.2024741583435878,-0.2010320913062141,1.0,-1.304852706947066,-0.432951552836686,1.5858627039097848,1.0,0.4520374529744287,1.0,0.0,0.0,0.0,0.0,0.0,0.0,1.0,0.0,0.0,1.0,0.0,0.0,0
0.2796216333362519,-0.2597961172585558,2.745452721710844,2.800021830770777,2.8000011264720253,0.0,-0.2689553375322231,-0.432951552836686,0.4866320448867606,0.0,-0.0713115189840851,0.0,1.0,0.0,0.0,0.0,0.0,0.0,0.0,0.0,1.0,0.0,0.0,0.0,0
-1.6685627518878845,0.0188472936579423,-0.0848488211569095,-0.0245484700997736,-0.0231930858082443,0.0,-0.7869040222396445,0.5680111321486576,1.1736512067761506,0.0,0.4520374529744287,1.0,0.0,0.0,0.0,0.0,0.0,1.0,0.0,0.0,0.0,0.0,0.0,0.0,0
0.1111824025040418,0.5868956122004603,-0.485993921720843,-0.4248812686483556,-0.4233308481786763,0.0,1.388480453531525,-0.432951552836686,0.4866320448867606,1.0,-0.0713115189840851,0.0,0.0,1.0,0.0,0.0,0.0,1.0,0.0,0.0,0.0,0.0,0.0,0.0,0
0.1763135252389109,0.0242767680651491,-0.3299930492793133,-0.3136777134959718,-0.3121814697424452,0.0,0.0418138732922295,-0.2661244386724621,0.4866320448867606,0.0,-0.0713115189840851,0.0,0.0,1.0,0.0,0.0,0.0,0.0,0.0,0.0,1.0,0.0,0.0,0.0,0
0.625075784742738,0.383401695769452,-0.5082797606410615,-0.4471219796788324,-0.4455607238659225,1.0,-1.719211654713003,-0.432951552836686,-0.0629832846247514,1.0,0.4520374529744287,0.0,0.0,1.0,0.0,1.0,0.0,0.0,0.0,0.0,0.0,0.0,0.0,0.0,0
0.3031703119203185,0.4053284193364856,-0.485993921720843,-0.4248812686483556,-0.4233308481786763,0.0,-1.304852706947066,-0.432951552836686,-0.8874062788920195,1.0,0.4520374529744287,0.0,0.0,1.0,0.0,1.0,0.0,0.0,0.0,0.0,0.0,1.0,0.0,0.0,0
-0.0615722477642182,0.0240679421263495,-0.485993921720843,-0.4248812686483556,-0.4233308481786763,0.0,-1.304852706947066,-0.432951552836686,-1.2996177760256535,1.0,-0.0713115189840851,1.0,0.0,0.0,0.0,0.0,0.0,0.0,0.0,0.0,1.0,0.0,0.0,0.0,0
-0.6907686739129641,0.0971570206830621,-0.1962780157580021,-0.1357520252521575,-0.1343424642444754,0.0,-0.3725450744737074,-0.432951552836686,0.0744205477531265,1.0,0.4520374529744287,1.0,0.0,0.0,0.0,0.0,0.0,1.0,0.0,0.0,0.0,0.0,0.0,0.0,0
-2.3129887567148564,-3.048950384747524,-0.485993921720843,-0.291437002465495,-0.289951594055199,0.0,2.0100188751804304,-0.2661244386724621,-0.4751947817583855,1.0,0.4520374529744287,0.0,1.0,0.0,0.0,0.0,0.0,1.0,0.0,0.0,0.0,0.0,0.0,0.0,1
0.0380126754009619,-3.4694254211312288,-0.3968505660399689,-0.4471219796788324,-0.3566412211169376,0.0,0.3525830841166824,-0.0992973245082382,0.2118243801310045,1.0,0.1903629669951717,0.0,0.0,0.0,0.0,0.0,0.0,0.0,0.0,0.0,1.0,0.0,0.0,0.0,1
0.2407139219989655,0.2926180993373657,0.2271529237261499,0.2868214843269012,0.2880251738132027,0.0,1.2848907165900407,-0.432951552836686,2.685093362932809,1.0,0.4520374529744287,0.0,0.0,1.0,0.0,0.0,0.0,1.0,0.0,0.0,0.0,1.0,0.0,0.0,0
-0.295749241763143,-0.6857592670867754,-0.1517063379175651,-0.0912706031912039,-0.089882712869983,1.0,-0.3725450744737074,-0.432951552836686,0.8988435420203946,0.0,-0.0713115189840851,0.0,1.0,0.0,0.0,0.0,0.0,1.0,0.0,0.0,0.0,1.0,0.0,0.0,0
-0.7012745832109292,-0.4147171203401691,-0.0402771433164724,0.0199329519611798,0.021266665566248,0.0,0.5597625579996509,0.5680111321486576,-0.6125986141362635,1.0,0.1903629669951717,1.0,0.0,0.0,0.0,0.0,0.0,1.0,0.0,0.0,0.0,0.0,0.0,0.0,0
0.2661790328565207,-0.4388295553991013,4.639749029929419,4.690482268361303,4.689540559887954,0.0,0.0418138732922295,-0.432951552836686,-0.2003871170026294,0.0,0.1903629669951717,0.0,1.0,0.0,0.0,0.0,1.0,0.0,0.0,0.0,0.0,0.0,0.0,0.0,0
1.078001803574531,0.2457297152271856,-0.5082797606410615,-0.4471219796788324,-0.4455607238659225,1.0,0.7669420318826194,2.569936502119345,-1.0248101112698975,1.0,-0.0713115189840851,0.0,1.0,0.0,0.0,0.0,0.0,1.0,0.0,0.0,0.0,0.0,0.0,0.0,0
0.5606891752651918,0.0058722419980942,-0.485993921720843,-0.4248812686483556,-0.4233308481786763,1.0,-0.6833142852981603,-0.432951552836686,-0.3377909493805074,1.0,0.1903629669951717,0.0,1.0,0.0,0.0,0.0,0.0,0.0,0.0,0.0,1.0,0.0,0.0,0.0,0
0.3435119006422167,-0.2716435088493212,0.2494387626463684,0.309062195357378,0.3102550495004489,0.0,1.2848907165900407,-0.432951552836686,-0.8874062788920195,0.0,0.4520374529744287,0.0,1.0,0.0,0.0,0.0,0.0,0.0,0.0,0.0,1.0,0.0,0.0,0.0,0
1.1765395119119624,0.3989661890695841,-0.4414222438804059,-0.3803998465874021,-0.3788710968041838,1.0,-1.304852706947066,0.2343569038202096,-0.8874062788920195,1.0,0.1903629669951717,0.0,0.0,0.0,0.0,0.0,0.0,0.0,0.0,0.0,0.0,0.0,0.0,0.0,1
-1.0117503988048615,1.267528955178581,-0.5082797606410615,-0.4471219796788324,-0.4455607238659225,1.0,-0.579724548356676,-0.432951552836686,-0.8874062788920195,0.0,0.1903629669951717,1.0,0.0,0.0,0.0,0.0,0.0,0.0,0.0,0.0,1.0,0.0,0.0,0.0,0
1.189017002613744,0.4169252198008102,-0.4191364049601874,-0.3581591355569253,-0.3566412211169376,0.0,1.4920701904730094,-0.432951552836686,-0.2003871170026294,1.0,0.1903629669951717,0.0,0.0,0.0,0.0,0.0,0.0,0.0,0.0,0.0,1.0,0.0,0.0,0.0,0
-1.0503823644913892,1.1580345546359463,-0.3968505660399689,-0.3359184245264485,-0.3344113454296914,1.0,1.2848907165900407,-0.432951552836686,2.272881865799175,0.0,-0.0713115189840851,1.0,0.0,0.0,0.0,1.0,0.0,0.0,0.0,0.0,0.0,0.0,0.0,0.0,0
-0.4865238703156304,0.0876206361475147,-0.2185638546782206,-0.1579927362826343,-0.1565723399317216,0.0,-1.719211654713003,-0.432951552836686,0.8988435420203946,1.0,0.1903629669951717,1.0,0.0,0.0,0.0,0.0,0.0,0.0,0.0,0.0,1.0,0.0,0.0,0.0,0
0.4067955275162379,-0.3551460408840252,2.4780226546682216,2.533133298405056,2.5332426182250707,0.0,-1.5120321808300343,-0.432951552836686,-0.8874062788920195,0.0,-0.0713115189840851,0.0,1.0,0.0,0.0,0.0,0.0,1.0,0.0,0.0,0.0,1.0,0.0,0.0,0
0.1940163960245599,-0.5216360009715356,-0.485993921720843,-0.4248812686483556,-0.4233308481786763,0.0,-1.2012629700055817,-0.432951552836686,-1.0248101112698975,0.0,0.4520374529744287,0.0,1.0,0.0,0.0,1.0,0.0,0.0,0.0,0.0,0.0,1.0,0.0,0.0,0
1.953827985070864,0.7873731391293295,-0.1517063379175651,-0.3359184245264485,-0.4455607238659225,1.0,-0.4761348114151917,0.5680111321486576,0.0744205477531265,1.0,0.1903629669951717,0.0,0.0,0.0,1.0,0.0,0.0,0.0,0.0,1.0,0.0,0.0,0.0,0.0,1
0.3414162336956271,-0.4869152082248283,0.1157237291250572,0.1756179291745173,0.1768757953769716,1.0,-0.2689553375322231,-0.432951552836686,0.3492282125088826,1.0,-3.7347543226936826,0.0,1.0,0.0,0.0,0.0,0.0,0.0,0.0,0.0,1.0,0.0,0.0,0.0,0
-1.3760355490978733,-0.968517501825317,0.2048670848059313,-0.3803998465874021,-0.3788710968041838,0.0,-0.7869040222396445,-0.432951552836686,-0.7500024465141415,1.0,-0.0713115189840851,1.0,0.0,0.0,0.0,0.0,0.0,0.0,0.0,1.0,0.0,0.0,0.0,0.0,1
-0.9758069532143586,0.397574016144847,-0.1962780157580021,-0.1357520252521575,-0.1343424642444754,0.0,0.4561728210581666,-0.432951552836686,0.7614397096425166,1.0,0.1903629669951717,1.0,0.0,0.0,0.0,0.0,0.0,1.0,0.0,0.0,0.0,0.0,0.0,0.0,0
-0.8928764487159868,-0.4212742548162607,0.2048670848059313,0.2645807732964244,0.2657952981259565,1.0,0.4561728210581666,-0.432951552836686,-0.2003871170026294,1.0,0.1903629669951717,1.0,0.0,0.0,0.0,0.0,0.0,1.0,0.0,0.0,0.0,1.0,0.0,0.0,0
0.2407139219989655,0.2926180993373657,0.2271529237261499,0.2868214843269012,0.2880251738132027,0.0,-0.6833142852981603,2.236282273790897,-0.3377909493805074,1.0,0.4520374529744287,0.0,0.0,1.0,0.0,0.0,0.0,1.0,0.0,0.0,0.0,0.0,0.0,0.0,0
-0.689403732941091,-0.3547840759236766,-0.485993921720843,-0.4248812686483556,-0.4233308481786763,0.0,-0.579724548356676,4.2382076437615845,1.723266536287663,1.0,-3.7347543226936826,1.0,0.0,0.0,0.0,0.0,1.0,0.0,0.0,0.0,0.0,1.0,0.0,0.0,0
-0.3391240326445632,-0.7160807933906644,0.3831537961676796,0.4425064615402386,0.4436343036239262,1.0,0.4561728210581666,-0.432951552836686,-0.7500024465141415,0.0,0.1903629669951717,0.0,1.0,0.0,0.0,0.0,0.0,1.0,0.0,0.0,0.0,0.0,0.0,0.0,0
0.1981250062224918,-0.3786041546685268,-0.2854213714388762,-0.2247148693740646,-0.2232619669934603,1.0,-0.7869040222396445,-0.432951552836686,-1.4370216084035317,1.0,0.1903629669951717,0.0,1.0,0.0,0.0,1.0,0.0,0.0,0.0,0.0,0.0,0.0,0.0,0.0,0
-0.9628882694712256,-0.4359338357153236,0.0042945345239646,0.0644143740221334,0.0657264169407405,1.0,0.974121505765588,-0.432951552836686,0.2118243801310045,0.0,0.4520374529744287,1.0,0.0,0.0,0.0,0.0,0.0,1.0,0.0,0.0,0.0,1.0,0.0,0.0,0
0.4652949673477428,1.8227971262704408,-0.5082797606410615,-0.4471219796788324,-0.4455607238659225,0.0,-1.40844244388855,-0.432951552836686,0.4866320448867606,1.0,0.4520374529744287,0.0,0.0,1.0,0.0,0.0,0.0,0.0,0.0,0.0,1.0,0.0,0.0,0.0,0
1.2866033884556365,1.6213497040389964,-0.3299930492793133,-0.3136777134959718,-0.3121814697424452,0.0,0.2489933471751981,-0.432951552836686,-1.1622139436477756,1.0,0.4520374529744287,0.0,0.0,0.0,0.0,0.0,0.0,0.0,0.0,0.0,1.0,0.0,0.0,0.0,0
0.0683453156418265,0.033799230871285,-0.1962780157580021,-0.1357520252521575,-0.1343424642444754,1.0,1.6992496643559778,0.5680111321486576,1.1736512067761506,1.0,-0.0713115189840851,1.0,0.0,0.0,0.0,0.0,0.0,0.0,0.0,0.0,1.0,0.0,0.0,0.0,0
1.4475817357064642,1.366449153067841,0.5168688296889908,-0.3581591355569253,-0.3788710968041838,1.0,-0.3725450744737074,-0.2661244386724621,1.5858627039097848,1.0,0.1903629669951717,0.0,0.0,0.0,0.0,0.0,0.0,0.0,0.0,0.0,1.0,0.0,0.0,0.0,1
-2.4533454341394694,1.3539260165260274,0.3385821183272425,-0.291437002465495,-0.40110097249143,1.0,2.113608612121914,0.9016653604771054,-0.3377909493805074,1.0,0.4520374529744287,0.0,0.0,1.0,0.0,0.0,0.0,0.0,0.0,1.0,0.0,0.0,0.0,0.0,1
0.4192316563703959,-0.1362268484454178,0.7842988967316131,0.8428392600888206,0.8437720659943581,0.0,1.1813009796485563,-0.2661244386724621,-1.0248101112698975,1.0,0.1903629669951717,0.0,1.0,0.0,0.0,0.0,0.0,0.0,0.0,0.0,1.0,0.0,0.0,0.0,0
0.4820740902029679,0.4903623415886576,-0.5082797606410615,-0.4471219796788324,-0.4455607238659225,1.0,1.6992496643559778,0.2343569038202096,-0.4751947817583855,1.0,0.1903629669951717,0.0,0.0,1.0,0.0,0.0,0.0,0.0,0.0,0.0,1.0,0.0,0.0,0.0,0
0.1193858356173971,-0.6814992179364902,-0.107134660077128,-0.0467891811302504,-0.0454229614954905,1.0,-0.3725450744737074,-0.432951552836686,-0.6125986141362635,0.0,0.4520374529744287,0.0,1.0,0.0,0.0,1.0,0.0,0.0,0.0,0.0,0.0,0.0,0.0,0.0,0
-0.0615722477642182,0.0240679421263495,-0.485993921720843,-0.4248812686483556,-0.4233308481786763,0.0,-0.8904937591811287,-0.432951552836686,-0.7500024465141415,1.0,0.1903629669951717,1.0,0.0,0.0,0.0,0.0,0.0,0.0,0.0,0.0,1.0,0.0,0.0,0.0,0
-0.2282467064308276,0.1604173583899474,-0.3522788881995318,-0.291437002465495,-0.289951594055199,1.0,0.4561728210581666,-0.432951552836686,-0.4751947817583855,0.0,0.4520374529744287,1.0,0.0,0.0,0.0,0.0,0.0,0.0,0.0,0.0,0.0,1.0,0.0,0.0,0
0.1388259040035317,-0.3886556431861696,5.352895875376412,5.40218502133656,5.400896581879833,0.0,0.7669420318826194,-0.432951552836686,0.2118243801310045,1.0,0.1903629669951717,0.0,1.0,0.0,0.0,0.0,0.0,1.0,0.0,0.0,0.0,0.0,0.0,0.0,0
1.0031428583334032,-3.199362124764221,-0.107134660077128,-0.4471219796788324,-0.3788710968041838,1.0,0.3525830841166824,0.0675297896559857,-0.2003871170026294,1.0,0.1903629669951717,0.0,0.0,0.0,1.0,0.0,0.0,1.0,0.0,0.0,0.0,0.0,0.0,0.0,1
-0.3217658439225096,-0.119548616805219,-0.4637080828006245,-0.4026405576178788,-0.40110097249143,0.0,-1.2012629700055817,-0.432951552836686,-0.7500024465141415,1.0,0.1903629669951717,1.0,0.0,0.0,0.0,0.0,1.0,0.0,0.0,0.0,0.0,0.0,0.0,0.0,0
-1.8319116995512903,-1.3183344224354645,0.4500113129283352,-0.2691962914350182,-0.4233308481786763,0.0,-1.304852706947066,-0.432951552836686,1.0362473743982727,1.0,0.1903629669951717,0.0,0.0,1.0,0.0,0.0,0.0,0.0,0.0,0.0,1.0,0.0,0.0,0.0,1
0.3414162336956271,-0.4869152082248283,0.1157237291250572,0.1756179291745173,0.1768757953769716,1.0,-0.994083496122613,-0.432951552836686,-0.2003871170026294,1.0,-3.99642880867294,0.0,1.0,0.0,0.0,0.0,0.0,1.0,0.0,0.0,0.0,1.0,0.0,0.0,0
-2.3104986271066625,-1.943684956828484,-0.5082797606410615,-0.4471219796788324,-0.4455607238659225,1.0,0.1454036102337138,-0.432951552836686,1.1736512067761506,0.0,0.1903629669951717,0.0,0.0,0.0,1.0,0.0,0.0,0.0,1.0,0.0,0.0,1.0,0.0,0.0,0
-0.6804695738530193,0.9345072698159188,-0.485993921720843,-0.4248812686483556,-0.4233308481786763,0.0,0.5597625579996509,-0.432951552836686,-1.1622139436477756,0.0,-0.0713115189840851,1.0,0.0,0.0,0.0,0.0,0.0,1.0,0.0,0.0,0.0,0.0,0.0,0.0,1
0.5606891752651918,0.0058722419980942,-0.4414222438804059,-0.3803998465874021,-0.3788710968041838,1.0,-1.6156219177715183,-0.432951552836686,0.4866320448867606,1.0,0.1903629669951717,0.0,1.0,0.0,0.0,0.0,0.0,0.0,0.0,0.0,1.0,0.0,0.0,0.0,0
0.3759395891842229,-0.2778665218234917,0.0711520512846202,0.1311365071135637,0.1324160440024791,0.0,-0.8904937591811287,-0.0992973245082382,-0.6125986141362635,1.0,0.4520374529744287,0.0,1.0,0.0,0.0,0.0,0.0,0.0,0.0,0.0,1.0,0.0,0.0,0.0,0
1.8263617127455167,0.5834987102636031,-0.4414222438804059,-0.3803998465874021,-0.3788710968041838,1.0,0.7669420318826194,-0.432951552836686,-0.8874062788920195,1.0,0.1903629669951717,0.0,1.0,0.0,0.0,0.0,0.0,0.0,0.0,0.0,1.0,0.0,0.0,0.0,0
0.1531922524136869,-0.0830179992561753,-0.3299930492793133,-0.3136777134959718,-0.3121814697424452,0.0,0.0418138732922295,-0.432951552836686,-0.2003871170026294,0.0,0.4520374529744287,0.0,0.0,0.0,1.0,0.0,0.0,0.0,1.0,0.0,0.0,1.0,0.0,0.0,0
0.5363684088586872,-0.4162345888282255,0.0042945345239646,0.0644143740221334,0.0657264169407405,0.0,-0.6833142852981603,1.7358009312982252,-0.6125986141362635,0.0,0.4520374529744287,0.0,1.0,0.0,0.0,0.0,0.0,1.0,0.0,0.0,0.0,0.0,0.0,0.0,0
-2.072971323449736,-0.2274837836717604,-0.3522788881995318,-0.291437002465495,-0.289951594055199,1.0,-0.2689553375322231,-0.432951552836686,0.0744205477531265,1.0,0.1903629669951717,1.0,0.0,0.0,0.0,0.0,0.0,0.0,0.0,0.0,1.0,1.0,0.0,0.0,0
0.7704764664449713,-0.2319944239484865,-0.3522788881995318,-0.291437002465495,-0.289951594055199,1.0,-0.4761348114151917,-0.432951552836686,-0.3377909493805074,1.0,0.4520374529744287,0.0,1.0,0.0,0.0,0.0,0.0,0.0,0.0,0.0,1.0,0.0,0.0,0.0,0
2.099024465429359,-0.5727021819684613,0.2048670848059313,-0.291437002465495,-0.40110097249143,0.0,0.1454036102337138,0.5680111321486576,-0.8874062788920195,1.0,0.4520374529744287,0.0,0.0,1.0,0.0,0.0,0.0,0.0,0.0,0.0,1.0,0.0,0.0,0.0,1
-1.3073359492519423,-0.3645988950440924,-0.485993921720843,-0.4248812686483556,-0.4233308481786763,1.0,1.388480453531525,-0.432951552836686,1.0362473743982727,0.0,0.4520374529744287,1.0,0.0,0.0,0.0,1.0,0.0,0.0,0.0,0.0,0.0,1.0,0.0,0.0,0
-0.1762135021121923,-0.7615073959298408,-0.1962780157580021,-0.1357520252521575,-0.1343424642444754,1.0,0.8705317688241037,-0.432951552836686,-0.8874062788920195,1.0,0.4520374529744287,0.0,1.0,0.0,0.0,1.0,0.0,0.0,0.0,0.0,0.0,1.0,0.0,0.0,0
-0.4618859964106455,0.4523838641976262,0.2271529237261499,0.2868214843269012,0.2880251738132027,0.0,-0.2689553375322231,0.4011840179844336,0.4866320448867606,1.0,0.4520374529744287,1.0,0.0,0.0,0.0,0.0,0.0,1.0,0.0,0.0,0.0,0.0,0.0,0.0,0
-1.1240064532728808,0.2030596150792539,-0.4191364049601874,-0.3581591355569253,-0.3566412211169376,1.0,-0.7869040222396445,-0.432951552836686,0.3492282125088826,1.0,-0.0713115189840851,1.0,0.0,0.0,0.0,0.0,0.0,0.0,0.0,0.0,1.0,0.0,0.0,0.0,0
1.9717855249934115,-2.1346210438319937,-0.4191364049601874,-0.3803998465874021,-0.3344113454296914,1.0,0.1454036102337138,-0.0992973245082382,-0.4751947817583855,1.0,0.4520374529744287,0.0,0.0,0.0,1.0,0.0,0.0,0.0,0.0,0.0,1.0,0.0,0.0,0.0,1
-0.2904549252665369,0.2475813052171632,-0.4414222438804059,-0.3803998465874021,-0.3788710968041838,0.0,0.0418138732922295,1.2353195888055533,2.685093362932809,0.0,0.1903629669951717,1.0,0.0,0.0,0.0,0.0,0.0,1.0,0.0,0.0,0.0,0.0,0.0,0.0,0
-1.9397031276145889,1.4359478902579148,0.4500113129283352,-0.2691962914350182,-0.2677217183679528,0.0,0.1454036102337138,0.5680111321486576,-1.1622139436477756,1.0,0.1903629669951717,0.0,1.0,0.0,0.0,1.0,0.0,0.0,0.0,0.0,0.0,0.0,0.0,0.0,1
-0.1108342082915816,1.854705729708851,-0.5082797606410615,-0.4471219796788324,-0.4455607238659225,1.0,-0.6833142852981603,-0.432951552836686,-0.7500024465141415,0.0,0.4520374529744287,0.0,0.0,1.0,0.0,0.0,0.0,1.0,0.0,0.0,0.0,0.0,0.0,1.0,0
-0.3229101883735601,2.299741648607968,-0.3522788881995318,-0.291437002465495,-0.289951594055199,1.0,-1.40844244388855,-0.432951552836686,1.0362473743982727,1.0,0.4520374529744287,0.0,0.0,1.0,0.0,0.0,0.0,1.0,0.0,0.0,0.0,1.0,0.0,0.0,0
0.3957794887640851,-0.3252978533743925,-0.3299930492793133,-0.2691962914350182,-0.2677217183679528,0.0,1.2848907165900407,4.90551610041848,-0.4751947817583855,0.0,-0.0713115189840851,0.0,1.0,0.0,0.0,1.0,0.0,0.0,0.0,0.0,0.0,1.0,0.0,0.0,0
1.832166158696311,0.602627166251553,-0.3968505660399689,-0.3359184245264485,-0.3344113454296914,1.0,0.3525830841166824,-0.432951552836686,-1.0248101112698975,1.0,0.1903629669951717,0.0,1.0,0.0,0.0,0.0,0.0,0.0,0.0,0.0,1.0,0.0,0.0,0.0,0
1.313598887675461,1.0639654301013062,0.0265803734441831,0.0866550850526102,0.0879562926279867,1.0,-1.6156219177715183,-0.432951552836686,-0.0629832846247514,0.0,0.4520374529744287,0.0,0.0,0.0,0.0,0.0,0.0,0.0,0.0,0.0,1.0,0.0,0.0,0.0,0
-0.8350808177875634,-1.908148171799397,0.3831537961676796,-0.3581591355569253,-0.3566412211169376,0.0,1.388480453531525,-0.432951552836686,-1.2996177760256535,1.0,0.1903629669951717,0.0,0.0,1.0,0.0,1.0,0.0,0.0,0.0,0.0,0.0,0.0,0.0,0.0,1
0.2407139219989655,0.2926180993373657,0.2271529237261499,0.2868214843269012,0.2880251738132027,0.0,1.1813009796485563,-0.432951552836686,-1.1622139436477756,1.0,0.4520374529744287,0.0,0.0,1.0,0.0,0.0,0.0,0.0,0.0,0.0,1.0,0.0,0.0,0.0,0
1.3185071602609462,0.6987149415275268,-0.485993921720843,-0.4248812686483556,-0.4233308481786763,0.0,-0.0617758636492546,1.568973817134001,1.3110550391540288,1.0,0.4520374529744287,0.0,0.0,0.0,0.0,0.0,0.0,0.0,0.0,0.0,1.0,0.0,0.0,0.0,0
0.1557842615318578,0.5694656071807412,-0.107134660077128,-0.0467891811302504,-0.0454229614954905,1.0,0.0418138732922295,1.2353195888055533,2.685093362932809,0.0,0.1903629669951717,0.0,0.0,1.0,0.0,0.0,0.0,0.0,1.0,0.0,0.0,1.0,0.0,0.0,0
-0.1252419185494584,-0.3408484249455087,-0.5082797606410615,-0.4471219796788324,-0.4455607238659225,1.0,-1.304852706947066,-0.432951552836686,1.1736512067761506,1.0,0.4520374529744287,0.0,1.0,0.0,0.0,0.0,0.0,1.0,0.0,0.0,0.0,0.0,0.0,0.0,0
1.033069049765726,-0.0885727692263059,-0.3522788881995318,-0.291437002465495,-0.289951594055199,0.0,-0.3725450744737074,0.0675297896559857,0.7614397096425166,0.0,0.4520374529744287,0.0,1.0,0.0,0.0,0.0,0.0,0.0,0.0,0.0,1.0,0.0,0.0,0.0,0
0.326898225177486,-0.283852865400633,-0.3522788881995318,-0.291437002465495,-0.289951594055199,0.0,1.9064291382389464,0.9016653604771054,-0.7500024465141415,1.0,0.1903629669951717,0.0,1.0,0.0,0.0,0.0,0.0,0.0,0.0,0.0,1.0,0.0,0.0,0.0,0
0.3240166831259499,0.576106272032511,-0.3968505660399689,-0.3359184245264485,-0.3344113454296914,0.0,1.1813009796485563,0.5680111321486576,-0.4751947817583855,1.0,0.1903629669951717,0.0,0.0,1.0,0.0,0.0,0.0,0.0,1.0,0.0,0.0,0.0,0.0,0.0,0
0.5309458696446633,-0.6665360238972796,0.2940104404868054,-0.3803998465874021,-0.4455607238659225,0.0,-0.6833142852981603,-0.432951552836686,-0.6125986141362635,1.0,-0.0713115189840851,0.0,0.0,0.0,0.0,0.0,0.0,1.0,0.0,0.0,0.0,0.0,0.0,0.0,1
-0.2592267303058114,-0.6406667860495201,0.2048670848059313,0.2645807732964244,0.2657952981259565,0.0,0.974121505765588,0.0675297896559857,-0.4751947817583855,0.0,0.4520374529744287,0.0,1.0,0.0,0.0,0.0,0.0,0.0,0.0,0.0,1.0,0.0,0.0,0.0,0
-0.851776559454257,1.7068151998979813,-0.3299930492793133,-0.2691962914350182,-0.2677217183679528,0.0,0.1454036102337138,-0.432951552836686,-0.2003871170026294,0.0,0.4520374529744287,0.0,0.0,1.0,0.0,0.0,0.0,0.0,0.0,0.0,0.0,1.0,0.0,0.0,0
-0.0465165352268722,-0.4489645742924222,-0.4191364049601874,-0.3581591355569253,-0.3566412211169376,0.0,-0.994083496122613,0.5680111321486576,0.3492282125088826,1.0,0.1903629669951717,0.0,1.0,0.0,0.0,0.0,1.0,0.0,0.0,0.0,0.0,0.0,0.0,0.0,0
-0.7496403703730816,-0.7552704612264566,-0.1294204989973465,-0.0690298921607272,-0.0676528371827368,1.0,0.7669420318826194,-0.432951552836686,0.2118243801310045,0.0,0.1903629669951717,1.0,0.0,0.0,0.0,0.0,0.0,0.0,0.0,0.0,1.0,0.0,0.0,0.0,0
1.839321758336273,0.5994669337121207,-0.485993921720843,-0.4248812686483556,-0.4233308481786763,0.0,0.4561728210581666,-0.432951552836686,-0.7500024465141415,1.0,0.4520374529744287,0.0,1.0,0.0,0.0,0.0,0.0,1.0,0.0,0.0,0.0,0.0,0.0,1.0,0
0.1531922524136869,-0.0830179992561753,-0.4637080828006245,-0.4026405576178788,-0.40110097249143,0.0,0.0418138732922295,-0.432951552836686,-0.2003871170026294,1.0,-0.0713115189840851,0.0,0.0,1.0,0.0,0.0,1.0,0.0,0.0,0.0,0.0,0.0,0.0,0.0,0
-0.5316082842324212,0.6837351608555587,-0.4637080828006245,-0.4026405576178788,-0.40110097249143,1.0,0.974121505765588,-0.432951552836686,0.0744205477531265,1.0,-0.0713115189840851,1.0,0.0,0.0,0.0,0.0,0.0,1.0,0.0,0.0,0.0,1.0,0.0,0.0,0
-0.278280754780727,0.2667376046637384,-0.3745647271197503,-0.3136777134959718,-0.3121814697424452,0.0,-1.304852706947066,-0.432951552836686,0.4866320448867606,0.0,0.4520374529744287,1.0,0.0,0.0,0.0,0.0,0.0,1.0,0.0,0.0,0.0,0.0,0.0,0.0,0
0.5405321681868492,0.0674341287365509,0.0265803734441831,0.0866550850526102,0.0879562926279867,1.0,0.7669420318826194,0.5680111321486576,-0.3377909493805074,1.0,0.1903629669951717,0.0,1.0,0.0,0.0,0.0,0.0,0.0,0.0,0.0,1.0,0.0,0.0,0.0,0
0.2902378408946771,-0.3723532982357309,-0.4191364049601874,-0.3581591355569253,-0.3566412211169376,0.0,-1.40844244388855,-0.2661244386724621,-1.2996177760256535,1.0,-0.0713115189840851,0.0,1.0,0.0,0.0,0.0,0.0,1.0,0.0,0.0,0.0,1.0,0.0,0.0,0
-0.6722937153047791,-0.3421292240363381,-0.4414222438804059,-0.3803998465874021,-0.3788710968041838,0.0,-0.579724548356676,-0.432951552836686,-0.0629832846247514,0.0,0.1903629669951717,1.0,0.0,0.0,0.0,0.0,0.0,0.0,0.0,0.0,1.0,0.0,0.0,0.0,0
-1.036553720100341,1.2817848059294563,-0.3968505660399689,-0.3359184245264485,-0.3344113454296914,1.0,-0.2689553375322231,0.4011840179844336,0.8988435420203946,1.0,0.4520374529744287,1.0,0.0,0.0,0.0,0.0,0.0,0.0,0.0,0.0,1.0,1.0,0.0,0.0,0
-0.1081181136305399,1.4482886877459826,-0.4414222438804059,-0.3803998465874021,-0.3788710968041838,0.0,1.4920701904730094,-0.432951552836686,-1.0248101112698975,0.0,0.1903629669951717,0.0,0.0,1.0,0.0,0.0,0.0,1.0,0.0,0.0,0.0,1.0,0.0,0.0,0
-0.3816991611384304,-0.7152733330942892,2.143735070864944,2.199522632947904,2.1997944829163774,0.0,-0.3725450744737074,4.2382076437615845,3.921727854333711,1.0,0.1903629669951717,0.0,1.0,0.0,0.0,0.0,0.0,0.0,0.0,0.0,1.0,0.0,0.0,0.0,0
0.0687589341181606,0.038170653855478,-0.2854213714388762,-0.2247148693740646,-0.2232619669934603,1.0,1.4920701904730094,-0.432951552836686,2.4102856981770526,0.0,0.1903629669951717,1.0,0.0,0.0,0.0,1.0,0.0,0.0,0.0,0.0,0.0,0.0,0.0,0.0,0
-0.5837242122463038,-0.2753884540173132,-0.2408496935984392,-0.1802334473131111,-0.1788022156189679,1.0,1.0777112427070723,-0.432951552836686,-0.0629832846247514,1.0,0.4520374529744287,1.0,0.0,0.0,0.0,0.0,1.0,0.0,0.0,0.0,0.0,0.0,0.0,0.0,0
-0.3037872274859058,-0.7569689121946873,-0.4414222438804059,-0.3803998465874021,-0.3788710968041838,0.0,-0.7869040222396445,-0.432951552836686,-0.8874062788920195,0.0,-3.7347543226936826,0.0,1.0,0.0,0.0,0.0,0.0,0.0,0.0,0.0,1.0,0.0,0.0,0.0,0
-0.5810632667153942,-0.2815140148867897,-0.2631355325186577,-0.2024741583435878,-0.2010320913062141,1.0,1.4920701904730094,-0.432951552836686,1.723266536287663,1.0,0.1903629669951717,1.0,0.0,0.0,0.0,0.0,0.0,1.0,0.0,0.0,0.0,0.0,0.0,0.0,0
-1.3967878383932184,-0.5520967445681556,-0.3968505660399689,-0.3359184245264485,-0.3344113454296914,0.0,-1.0976732330640973,-0.0992973245082382,-0.4751947817583855,0.0,-0.0713115189840851,1.0,0.0,0.0,0.0,1.0,0.0,0.0,0.0,0.0,0.0,0.0,0.0,0.0,0
0.2432863041334549,-1.519598288774345,-0.3745647271197503,-0.3359184245264485,-0.3121814697424452,0.0,-1.0976732330640973,0.4011840179844336,0.0744205477531265,1.0,-0.0713115189840851,0.0,1.0,0.0,0.0,1.0,0.0,0.0,0.0,0.0,0.0,0.0,0.0,0.0,1
0.2256168476139959,0.2878290244757714,-0.4414222438804059,-0.3803998465874021,-0.3788710968041838,0.0,1.5956599274144936,-0.0992973245082382,0.3492282125088826,1.0,0.4520374529744287,0.0,0.0,1.0,0.0,0.0,0.0,1.0,0.0,0.0,0.0,0.0,0.0,0.0,0
0.4689899590693406,-0.2550209641261751,-0.4191364049601874,-0.3581591355569253,-0.3566412211169376,0.0,-1.5120321808300343,-0.0992973245082382,-0.4751947817583855,1.0,0.1903629669951717,0.0,1.0,0.0,0.0,0.0,1.0,0.0,0.0,0.0,0.0,1.0,0.0,0.0,0
0.2256168476139959,0.2878290244757714,-0.3077072103590948,-0.2469555804045414,-0.2454918426807065,0.0,0.4561728210581666,-0.432951552836686,-0.7500024465141415,1.0,0.1903629669951717,0.0,0.0,1.0,0.0,1.0,0.0,0.0,0.0,0.0,0.0,0.0,0.0,0.0,0
-1.8329898835000165,-1.9752315953063475,-0.3299930492793133,-0.3136777134959718,-0.3121814697424452,0.0,-0.6833142852981603,3.570899187104689,3.921727854333711,0.0,0.1903629669951717,0.0,0.0,0.0,1.0,0.0,0.0,1.0,0.0,0.0,0.0,1.0,0.0,0.0,0
0.5809289060388796,0.0207684922943842,-0.4191364049601874,-0.3581591355569253,-0.3566412211169376,0.0,1.6992496643559778,0.5680111321486576,1.1736512067761506,1.0,-0.0713115189840851,0.0,1.0,0.0,0.0,1.0,0.0,0.0,0.0,0.0,0.0,1.0,0.0,0.0,0
-1.1766985082938692,-2.7456025465273632,0.2940104404868054,-0.2691962914350182,-0.3788710968041838,1.0,-0.4761348114151917,-0.432951552836686,-0.0629832846247514,1.0,0.4520374529744287,0.0,0.0,1.0,0.0,0.0,0.0,0.0,0.0,1.0,0.0,0.0,0.0,0.0,1
-0.3138519437426176,-0.1198548948487126,-0.4637080828006245,-0.4026405576178788,-0.40110097249143,0.0,1.2848907165900407,0.0675297896559857,0.0744205477531265,1.0,-3.7347543226936826,1.0,0.0,0.0,0.0,0.0,0.0,0.0,0.0,0.0,1.0,0.0,0.0,0.0,0
0.4478678422129505,0.0472615430549988,0.2048670848059313,0.2645807732964244,0.2657952981259565,1.0,0.6633522949411351,-0.432951552836686,0.0744205477531265,0.0,0.4520374529744287,0.0,1.0,0.0,0.0,0.0,0.0,1.0,0.0,0.0,0.0,0.0,0.0,1.0,0
-2.079713304613461,-0.1837834755596379,0.4054396350878981,0.4647471725707154,0.4658641793111724,1.0,0.8705317688241037,-0.432951552836686,-0.2003871170026294,1.0,-0.0713115189840851,1.0,0.0,0.0,0.0,0.0,0.0,1.0,0.0,0.0,0.0,0.0,0.0,0.0,0
-0.8593021559925468,2.1782617316960287,0.4722971518485537,-0.3803998465874021,-0.3788710968041838,1.0,-0.1653656005907389,-0.2661244386724621,1.8606703686655408,1.0,0.1903629669951717,0.0,0.0,0.0,1.0,0.0,0.0,0.0,0.0,1.0,0.0,0.0,0.0,0.0,1
-0.6930297882500482,-0.4034265979193381,-0.5082797606410615,-0.4471219796788324,-0.4455607238659225,1.0,0.4561728210581666,-0.432951552836686,-0.6125986141362635,0.0,0.4520374529744287,1.0,0.0,0.0,0.0,0.0,1.0,0.0,0.0,0.0,0.0,1.0,0.0,0.0,0
1.8263617127455167,0.5834987102636031,-0.3299930492793133,-0.3136777134959718,-0.3121814697424452,0.0,0.5597625579996509,-0.432951552836686,-0.4751947817583855,0.0,0.1903629669951717,0.0,1.0,0.0,0.0,0.0,0.0,0.0,0.0,0.0,1.0,0.0,0.0,0.0,0
0.4642057720268244,1.8230894825845232,-0.3299930492793133,-0.2691962914350182,-0.2677217183679528,0.0,-0.1653656005907389,-0.432951552836686,-0.4751947817583855,1.0,0.1903629669951717,0.0,0.0,1.0,0.0,0.0,0.0,0.0,0.0,0.0,1.0,0.0,0.0,0.0,0
0.0683453156418265,0.033799230871285,-0.1962780157580021,-0.1357520252521575,-0.1343424642444754,1.0,-1.8228013916544872,-0.432951552836686,-1.8492331055371656,1.0,0.4520374529744287,1.0,0.0,0.0,0.0,0.0,0.0,0.0,0.0,0.0,1.0,0.0,0.0,0.0,0
0.5779784275746047,0.1024890429853772,-0.5082797606410615,-0.4471219796788324,-0.4455607238659225,1.0,0.0418138732922295,1.2353195888055533,2.685093362932809,1.0,0.1903629669951717,0.0,1.0,0.0,0.0,0.0,0.0,1.0,0.0,0.0,0.0,0.0,0.0,0.0,0
1.0450777728610414,0.2456461848517054,-0.4414222438804059,-0.3803998465874021,-0.3788710968041838,0.0,-1.0976732330640973,-0.432951552836686,0.6240358772646386,0.0,0.4520374529744287,0.0,1.0,0.0,0.0,0.0,0.0,0.0,0.0,0.0,1.0,0.0,0.0,0.0,0
-0.2482382661187737,-0.1095667369336449,0.0042945345239646,0.0644143740221334,0.0657264169407405,1.0,1.5956599274144936,-0.2661244386724621,1.4484588715319069,0.0,-0.0713115189840851,1.0,0.0,0.0,0.0,0.0,0.0,0.0,0.0,0.0,1.0,0.0,0.0,0.0,0
1.6098186531196006,0.7881759736807468,-0.1739921768377836,-0.1135113142216807,-0.1121125885572292,1.0,0.974121505765588,-0.2661244386724621,0.3492282125088826,1.0,0.1903629669951717,0.0,0.0,0.0,0.0,0.0,0.0,0.0,0.0,0.0,1.0,0.0,0.0,0.0,0
-0.7208387371400325,-0.4166243972471994,-0.3522788881995318,-0.291437002465495,-0.289951594055199,1.0,1.4920701904730094,-0.432951552836686,1.723266536287663,1.0,0.1903629669951717,1.0,0.0,0.0,0.0,0.0,0.0,1.0,0.0,0.0,0.0,0.0,0.0,0.0,0
1.0091067527054234,0.5469820144437733,-0.5082797606410615,-0.4471219796788324,-0.4455607238659225,1.0,-0.579724548356676,-0.432951552836686,-0.7500024465141415,1.0,0.1903629669951717,0.0,0.0,0.0,0.0,0.0,0.0,0.0,0.0,0.0,1.0,0.0,0.0,0.0,0
-0.2937914476420308,-0.7134774300211666,7.626051445238701,7.670737546445192,7.668343901978948,0.0,0.1454036102337138,1.902628045462449,-1.0248101112698975,1.0,0.1903629669951717,0.0,1.0,0.0,0.0,0.0,0.0,1.0,0.0,0.0,0.0,0.0,0.0,0.0,0
0.2393076191795667,0.0439064063059806,-0.485993921720843,-0.4248812686483556,-0.4233308481786763,1.0,-1.0976732330640973,-0.432951552836686,1.1736512067761506,0.0,-0.0713115189840851,0.0,0.0,1.0,0.0,0.0,1.0,0.0,0.0,0.0,0.0,0.0,0.0,0.0,0
0.9667935825798064,0.2172597789130763,-0.2631355325186577,-0.2024741583435878,-0.2010320913062141,1.0,0.8705317688241037,-0.432951552836686,-1.7118292731592877,0.0,0.4520374529744287,0.0,1.0,0.0,0.0,1.0,0.0,0.0,0.0,0.0,0.0,1.0,0.0,0.0,0
-1.036912189446445,0.1531084505343355,-0.3299930492793133,-0.3136777134959718,-0.3121814697424452,0.0,-2.547929550244877,-0.432951552836686,-0.6125986141362635,0.0,0.1903629669951717,1.0,0.0,0.0,0.0,0.0,0.0,0.0,0.0,0.0,1.0,1.0,0.0,0.0,0
0.3816613114396716,-0.3022852349261153,5.241466680775319,5.290981466184176,5.289747203443602,0.0,0.8705317688241037,-0.0992973245082382,-0.6125986141362635,1.0,0.1903629669951717,0.0,1.0,0.0,0.0,0.0,0.0,1.0,0.0,0.0,0.0,0.0,0.0,0.0,0
-0.9146879296995676,0.6889418875947523,-0.4637080828006245,-0.4026405576178788,-0.40110097249143,1.0,1.388480453531525,-0.2661244386724621,-0.4751947817583855,1.0,0.1903629669951717,1.0,0.0,0.0,0.0,0.0,0.0,1.0,0.0,0.0,0.0,0.0,0.0,0.0,0
-1.838270412714114,-1.823874554912552,-0.1739921768377836,-0.1135113142216807,-0.1121125885572292,0.0,1.0777112427070723,-0.432951552836686,0.4866320448867606,1.0,0.1903629669951717,0.0,0.0,0.0,1.0,0.0,0.0,0.0,0.0,0.0,0.0,1.0,0.0,0.0,0
0.3442288393345226,-0.2822936317247375,-0.1517063379175651,-0.0912706031912039,-0.089882712869983,0.0,0.7669420318826194,0.5680111321486576,0.4866320448867606,0.0,0.1903629669951717,0.0,1.0,0.0,0.0,1.0,0.0,0.0,0.0,0.0,0.0,1.0,0.0,0.0,0
0.0146576374180508,-0.0080216437924324,-0.3299930492793133,-0.3136777134959718,-0.3121814697424452,0.0,0.3525830841166824,-0.432951552836686,-1.0248101112698975,1.0,0.4520374529744287,1.0,0.0,0.0,0.0,0.0,0.0,0.0,0.0,0.0,1.0,0.0,0.0,0.0,0
1.1944354046532208,0.0896532086178644,-0.3299930492793133,-0.2691962914350182,-0.2677217183679528,0.0,-1.2012629700055817,-0.432951552836686,0.3492282125088826,0.0,0.4520374529744287,0.0,1.0,0.0,0.0,1.0,0.0,0.0,0.0,0.0,0.0,0.0,0.0,0.0,0
0.872185249767304,0.2425277174999143,-0.4191364049601874,-0.3581591355569253,-0.3566412211169376,0.0,1.2848907165900407,6.073305899568048,-0.6125986141362635,1.0,-0.0713115189840851,0.0,1.0,0.0,0.0,0.0,0.0,1.0,0.0,0.0,0.0,0.0,0.0,0.0,0
-0.9088696964662653,0.1230932022737423,-0.3299930492793133,-0.3136777134959718,-0.3121814697424452,0.0,0.8705317688241037,-0.432951552836686,-0.3377909493805074,0.0,0.4520374529744287,1.0,0.0,0.0,0.0,0.0,1.0,0.0,0.0,0.0,0.0,1.0,0.0,0.0,0
0.5814666100580845,-0.2790081036219859,0.3385821183272425,0.3980250394792851,0.3991745522494337,1.0,-0.4761348114151917,-0.432951552836686,-0.0629832846247514,1.0,0.1903629669951717,0.0,1.0,0.0,0.0,0.0,0.0,0.0,0.0,0.0,1.0,0.0,0.0,0.0,0
0.308064797223295,1.227754574714427,-0.3968505660399689,-0.3359184245264485,-0.3344113454296914,0.0,1.1813009796485563,0.2343569038202096,0.2118243801310045,0.0,0.4520374529744287,0.0,0.0,1.0,0.0,0.0,0.0,1.0,0.0,0.0,0.0,1.0,0.0,0.0,0
0.224690802031999,-1.7336389775625378,-0.2854213714388762,-0.3803998465874021,-0.4233308481786763,0.0,0.8705317688241037,0.5680111321486576,-0.2003871170026294,1.0,0.1903629669951717,0.0,0.0,1.0,0.0,0.0,0.0,0.0,0.0,0.0,1.0,0.0,0.0,0.0,1
0.0742324852878676,-0.6874716397842199,0.1825812458857128,0.2423400622659476,0.2435654224387102,1.0,-1.5120321808300343,-0.432951552836686,0.0744205477531265,1.0,0.1903629669951717,0.0,1.0,0.0,0.0,0.0,0.0,1.0,0.0,0.0,0.0,0.0,0.0,0.0,0
0.2931331702288198,0.2850307568966877,-0.3077072103590948,-0.2469555804045414,-0.2454918426807065,1.0,-0.2689553375322231,-0.432951552836686,0.3492282125088826,1.0,-0.0713115189840851,0.0,0.0,1.0,0.0,0.0,0.0,0.0,0.0,0.0,1.0,0.0,0.0,0.0,0
-0.2296392219677178,-0.7209812420863643,0.4722971518485537,0.5314693056621458,0.532553806372911,0.0,0.2489933471751981,0.5680111321486576,0.8988435420203946,0.0,0.1903629669951717,0.0,1.0,0.0,0.0,0.0,1.0,0.0,0.0,0.0,0.0,0.0,0.0,0.0,0
1.0273197529451623,1.0281030555561048,-0.485993921720843,-0.4248812686483556,-0.4233308481786763,0.0,-0.7869040222396445,-0.432951552836686,-1.2996177760256535,1.0,0.4520374529744287,0.0,0.0,0.0,0.0,0.0,0.0,1.0,0.0,0.0,0.0,0.0,0.0,0.0,0
0.4106146047807065,-0.4360034443615901,-0.1517063379175651,-0.0912706031912039,-0.089882712869983,1.0,0.974121505765588,-0.432951552836686,-0.2003871170026294,0.0,-3.99642880867294,0.0,1.0,0.0,0.0,1.0,0.0,0.0,0.0,0.0,0.0,1.0,0.0,0.0,0
-0.5827315279031411,-0.2486448121300599,-0.5082797606410615,-0.4471219796788324,-0.4455607238659225,1.0,-0.7869040222396445,-0.432951552836686,-0.8874062788920195,0.0,0.4520374529744287,1.0,0.0,0.0,0.0,0.0,0.0,1.0,0.0,0.0,0.0,1.0,0.0,0.0,0
0.3883619307557744,1.7449607380397754,-0.5082797606410615,-0.4471219796788324,-0.4455607238659225,1.0,1.2848907165900407,7.741577041210287,-0.7500024465141415,0.0,-0.0713115189840851,0.0,0.0,1.0,0.0,0.0,0.0,0.0,0.0,0.0,1.0,0.0,0.0,0.0,0
1.4933988393234192,0.7090170211716105,-0.2631355325186577,-0.2024741583435878,-0.2010320913062141,0.0,0.3525830841166824,-0.2661244386724621,-0.8874062788920195,0.0,0.4520374529744287,0.0,0.0,0.0,0.0,0.0,0.0,1.0,0.0,0.0,0.0,0.0,0.0,0.0,0
-0.3518772689972016,-0.7194916170567354,2.2328784265458177,2.288485477069811,2.288713985665362,0.0,-1.304852706947066,4.071380529597361,0.7614397096425166,1.0,-0.0713115189840851,0.0,1.0,0.0,0.0,0.0,0.0,0.0,0.0,0.0,1.0,0.0,0.0,0.0,0
-0.5614991127863886,-0.3162487293627107,0.8511564134922687,0.9095613931802508,0.9104616930560968,1.0,-1.304852706947066,-0.432951552836686,-0.3377909493805074,1.0,-0.0713115189840851,1.0,0.0,0.0,0.0,0.0,0.0,1.0,0.0,0.0,0.0,0.0,0.0,0.0,0
1.3260815545553164,-0.9085371449390344,0.2048670848059313,-0.2691962914350182,-0.4455607238659225,0.0,0.6633522949411351,-0.432951552836686,-2.3988484350486776,1.0,0.4520374529744287,0.0,1.0,0.0,0.0,0.0,0.0,0.0,0.0,0.0,1.0,0.0,0.0,0.0,1
0.1269412664511852,0.1755641998126782,-0.4414222438804059,-0.3803998465874021,-0.3788710968041838,0.0,-1.304852706947066,-0.432951552836686,-1.2996177760256535,1.0,0.4520374529744287,0.0,0.0,1.0,0.0,0.0,0.0,0.0,0.0,0.0,1.0,0.0,0.0,0.0,0
-1.1896752800268569,-0.4977741570390442,-0.5082797606410615,-0.4471219796788324,-0.4455607238659225,1.0,0.4561728210581666,-0.432951552836686,0.4866320448867606,0.0,0.4520374529744287,1.0,0.0,0.0,0.0,0.0,1.0,0.0,0.0,0.0,0.0,0.0,0.0,0.0,0
0.4652260309350041,-0.1816395292551826,2.2551642654660364,2.310726188100288,2.3109438613526083,1.0,-0.6833142852981603,0.0675297896559857,-1.4370216084035317,1.0,0.1903629669951717,0.0,1.0,0.0,0.0,0.0,0.0,0.0,1.0,0.0,0.0,0.0,0.0,0.0,0
-1.254806402761726,-0.5150231795783913,-0.4414222438804059,-0.3803998465874021,-0.3788710968041838,1.0,-1.304852706947066,-0.432951552836686,1.5858627039097848,0.0,0.1903629669951717,1.0,0.0,0.0,0.0,0.0,0.0,0.0,1.0,0.0,0.0,1.0,0.0,0.0,0
-0.3485958957518399,0.1113571845168846,-0.485993921720843,-0.4248812686483556,-0.4233308481786763,0.0,-0.3725450744737074,-0.432951552836686,1.1736512067761506,1.0,-0.0713115189840851,1.0,0.0,0.0,0.0,0.0,0.0,0.0,0.0,0.0,1.0,0.0,0.0,0.0,0
0.3269533743076182,-0.0788414804813704,-0.5082797606410615,-0.4471219796788324,-0.4455607238659225,1.0,-0.0617758636492546,-0.432951552836686,1.1736512067761506,0.0,0.1903629669951717,0.0,1.0,0.0,0.0,0.0,0.0,1.0,0.0,0.0,0.0,1.0,0.0,0.0,0
-0.2994993826149709,-0.6658790377193052,-0.1294204989973465,-0.0690298921607272,-0.0676528371827368,0.0,0.8705317688241037,0.0675297896559857,-0.4751947817583855,0.0,0.1903629669951717,0.0,1.0,0.0,0.0,0.0,0.0,0.0,0.0,0.0,1.0,0.0,0.0,0.0,0
-0.5614991127863886,-0.3162487293627107,0.8511564134922687,0.9095613931802508,0.9104616930560968,1.0,0.7669420318826194,-0.432951552836686,-0.8874062788920195,1.0,0.1903629669951717,1.0,0.0,0.0,0.0,0.0,0.0,1.0,0.0,0.0,0.0,0.0,0.0,0.0,0
-0.3485958957518399,0.1113571845168846,-0.485993921720843,-0.4248812686483556,-0.4233308481786763,0.0,0.6633522949411351,-0.432951552836686,0.3492282125088826,1.0,0.4520374529744287,1.0,0.0,0.0,0.0,0.0,0.0,0.0,0.0,0.0,1.0,0.0,0.0,0.0,0
0.3358048097004427,-0.4542965965947372,-0.4191364049601874,-0.3581591355569253,-0.3566412211169376,1.0,0.5597625579996509,-0.432951552836686,0.6240358772646386,0.0,0.4520374529744287,0.0,1.0,0.0,0.0,0.0,0.0,0.0,1.0,0.0,0.0,0.0,0.0,0.0,0
-1.868271539528444,2.46673279094836,-0.3522788881995318,-0.291437002465495,-0.289951594055199,1.0,-1.0976732330640973,-0.432951552836686,-0.6125986141362635,1.0,0.4520374529744287,0.0,0.0,1.0,0.0,0.0,0.0,0.0,0.0,0.0,1.0,0.0,0.0,0.0,0
-1.6187217254936923,-0.2881964449262006,-0.4637080828006245,-0.4026405576178788,-0.40110097249143,0.0,-0.2689553375322231,0.4011840179844336,-0.4751947817583855,0.0,-3.99642880867294,1.0,0.0,0.0,0.0,0.0,0.0,0.0,0.0,0.0,0.0,1.0,0.0,0.0,0
0.2865290618905707,-0.3367275930877565,-0.0402771433164724,0.0199329519611798,0.021266665566248,0.0,-1.0976732330640973,-0.432951552836686,-1.2996177760256535,0.0,0.4520374529744287,0.0,1.0,0.0,0.0,0.0,0.0,0.0,0.0,0.0,1.0,0.0,0.0,0.0,0
-1.8558078361092685,2.6747095041976667,-0.2408496935984392,-0.1802334473131111,-0.1788022156189679,1.0,-0.994083496122613,-0.432951552836686,1.1736512067761506,0.0,-0.0713115189840851,0.0,0.0,1.0,0.0,0.0,0.0,0.0,0.0,0.0,1.0,0.0,0.0,0.0,0
0.4888574332143179,2.525719157775944,-0.5082797606410615,-0.4471219796788324,-0.4455607238659225,1.0,-1.6156219177715183,-0.432951552836686,-0.0629832846247514,0.0,0.4520374529744287,0.0,0.0,1.0,0.0,0.0,0.0,1.0,0.0,0.0,0.0,1.0,0.0,0.0,0
-0.8000880371992172,-0.3754300003996829,-0.5082797606410615,-0.4471219796788324,-0.4455607238659225,0.0,0.974121505765588,-0.432951552836686,0.0744205477531265,1.0,-0.0713115189840851,1.0,0.0,0.0,0.0,0.0,0.0,1.0,0.0,0.0,0.0,0.0,0.0,0.0,0
-1.0496930003641984,1.2913351121940195,-0.4191364049601874,-0.3581591355569253,-0.3566412211169376,1.0,-0.8904937591811287,0.0675297896559857,-0.4751947817583855,1.0,0.1903629669951717,1.0,0.0,0.0,0.0,0.0,0.0,0.0,0.0,0.0,1.0,0.0,0.0,0.0,0
-1.5728376491893483,-0.0508448829619131,-0.1294204989973465,-0.0690298921607272,-0.0676528371827368,0.0,-1.40844244388855,-0.432951552836686,0.6240358772646386,0.0,0.1903629669951717,1.0,0.0,0.0,0.0,0.0,0.0,0.0,0.0,0.0,1.0,0.0,0.0,0.0,0
0.2434024420948922,0.2125403126977485,-0.0402771433164724,0.0199329519611798,0.021266665566248,1.0,1.0777112427070723,-0.432951552836686,0.0744205477531265,1.0,0.4520374529744287,0.0,0.0,1.0,0.0,0.0,0.0,1.0,0.0,0.0,0.0,0.0,0.0,0.0,0
0.4620687432326112,-0.3141743917047199,-0.5082797606410615,-0.4471219796788324,-0.4455607238659225,0.0,-0.4761348114151917,-0.432951552836686,-1.1622139436477756,1.0,0.4520374529744287,0.0,1.0,0.0,0.0,0.0,0.0,0.0,0.0,0.0,1.0,1.0,0.0,0.0,0
2.2103133773711083,0.2275650217274349,0.1380095680452757,-0.291437002465495,-0.3121814697424452,0.0,0.0418138732922295,-0.2661244386724621,-0.8874062788920195,1.0,0.4520374529744287,1.0,0.0,0.0,0.0,0.0,0.0,0.0,0.0,1.0,0.0,0.0,0.0,0.0,1
-0.0363277334272896,0.1401194771450759,-0.5082797606410615,-0.4471219796788324,-0.4455607238659225,0.0,1.0777112427070723,2.069455159626673,-0.2003871170026294,1.0,-3.7347543226936826,1.0,0.0,0.0,0.0,0.0,0.0,1.0,0.0,0.0,0.0,1.0,0.0,0.0,0
-0.9489079649721917,0.2768169366398087,-0.0402771433164724,0.0199329519611798,0.021266665566248,0.0,0.6633522949411351,-0.432951552836686,-0.2003871170026294,0.0,0.4520374529744287,1.0,0.0,0.0,0.0,0.0,0.0,0.0,0.0,0.0,0.0,1.0,0.0,0.0,0
0.2434024420948922,0.2125403126977485,-0.0402771433164724,0.0199329519611798,0.021266665566248,1.0,-1.5120321808300343,-0.432951552836686,-1.5744254407814096,1.0,-3.7347543226936826,0.0,0.0,1.0,0.0,0.0,0.0,0.0,0.0,0.0,1.0,0.0,0.0,0.0,0
0.3576162906841216,0.5266006028234215,-0.5082797606410615,-0.4471219796788324,-0.4455607238659225,1.0,-0.6833142852981603,-0.432951552836686,-0.8874062788920195,0.0,0.4520374529744287,0.0,0.0,1.0,0.0,0.0,0.0,0.0,0.0,0.0,1.0,0.0,0.0,0.0,0
-2.2423948439645933,2.709525698833978,-0.3077072103590948,-0.2691962914350182,-0.4455607238659225,0.0,0.6633522949411351,0.0675297896559857,-1.4370216084035317,1.0,0.1903629669951717,0.0,0.0,0.0,1.0,1.0,0.0,0.0,0.0,0.0,0.0,0.0,0.0,0.0,1
0.0146576374180508,-0.0080216437924324,-0.5082797606410615,-0.4471219796788324,-0.4455607238659225,1.0,-0.6833142852981603,-0.432951552836686,-0.3377909493805074,1.0,-0.0713115189840851,1.0,0.0,0.0,0.0,1.0,0.0,0.0,0.0,0.0,0.0,0.0,0.0,0.0,0
-1.5948535786682572,0.6083853288816645,0.0711520512846202,-0.291437002465495,-0.2677217183679528,1.0,0.1454036102337138,0.9016653604771054,0.7614397096425166,1.0,0.1903629669951717,0.0,0.0,0.0,1.0,0.0,0.0,1.0,0.0,0.0,0.0,0.0,0.0,0.0,1
-1.696247615234998,-0.712447222056778,-0.1962780157580021,-0.1357520252521575,-0.1343424642444754,1.0,-1.2012629700055817,-0.432951552836686,0.0744205477531265,0.0,-0.0713115189840851,1.0,0.0,0.0,0.0,0.0,0.0,0.0,0.0,0.0,0.0,1.0,0.0,0.0,0
0.2321795941046213,0.2602500788337155,-0.485993921720843,-0.4248812686483556,-0.4233308481786763,0.0,-1.0976732330640973,-0.432951552836686,-1.1622139436477756,1.0,0.1903629669951717,0.0,0.0,1.0,0.0,0.0,0.0,0.0,0.0,0.0,1.0,0.0,0.0,0.0,0
0.8825532862398896,-0.1915239570218649,-0.1962780157580021,-0.1357520252521575,-0.1343424642444754,1.0,-0.2689553375322231,3.404072072940465,0.0744205477531265,1.0,0.4520374529744287,0.0,1.0,0.0,0.0,0.0,0.0,1.0,0.0,0.0,0.0,0.0,0.0,0.0,0
0.2981379537920606,-0.3145224349358547,1.8540191649021027,1.9103933895517056,1.910806098982177,0.0,-1.5120321808300343,-0.432951552836686,0.0744205477531265,0.0,0.1903629669951717,0.0,1.0,0.0,0.0,0.0,0.0,0.0,0.0,0.0,1.0,0.0,0.0,0.0,0
-1.1755846772675584,0.1100624636966436,-0.3745647271197503,-0.3136777134959718,-0.3121814697424452,0.0,-0.994083496122613,-0.0992973245082382,-0.4751947817583855,0.0,0.4520374529744287,1.0,0.0,0.0,0.0,0.0,0.0,0.0,0.0,0.0,1.0,0.0,0.0,0.0,0
0.4475231601493551,-0.5119325556850277,-0.3968505660399689,-0.3359184245264485,-0.3344113454296914,0.0,0.4561728210581666,-0.432951552836686,-1.4370216084035317,0.0,0.4520374529744287,0.0,1.0,0.0,0.0,0.0,0.0,0.0,0.0,0.0,1.0,0.0,0.0,0.0,0
0.0479814993253658,-0.213617741339859,0.1602954069654943,0.2200993512354709,0.221335546751464,1.0,-1.304852706947066,-0.432951552836686,-1.2996177760256535,1.0,-0.0713115189840851,0.0,1.0,0.0,0.0,0.0,1.0,0.0,0.0,0.0,0.0,0.0,0.0,0.0,0
1.5446599558196166,0.4764266906104897,-0.485993921720843,-0.4248812686483556,-0.4233308481786763,0.0,1.4920701904730094,0.0675297896559857,-0.3377909493805074,1.0,0.4520374529744287,0.0,0.0,0.0,0.0,0.0,1.0,0.0,0.0,0.0,0.0,0.0,0.0,0.0,0
0.4733743149181293,-0.5113199995980404,-0.2185638546782206,-0.1579927362826343,-0.1565723399317216,0.0,1.4920701904730094,-0.2661244386724621,1.8606703686655408,1.0,0.1903629669951717,0.0,1.0,0.0,0.0,0.0,0.0,0.0,0.0,0.0,1.0,0.0,0.0,0.0,0
0.4110557978221557,1.752046898227572,-0.4637080828006245,-0.4026405576178788,-0.40110097249143,0.0,-1.304852706947066,-0.432951552836686,0.2118243801310045,1.0,0.4520374529744287,0.0,0.0,1.0,0.0,0.0,0.0,0.0,0.0,0.0,1.0,0.0,0.0,0.0,0
0.2660425555321156,-2.360626051171588,-0.485993921720843,-0.4248812686483556,-0.40110097249143,0.0,-0.8904937591811287,0.2343569038202096,1.0362473743982727,1.0,-3.99642880867294,0.0,1.0,0.0,0.0,0.0,0.0,0.0,0.0,0.0,1.0,0.0,0.0,0.0,1
-0.0232022404460387,-0.4964376710309642,-0.2408496935984392,-0.1802334473131111,-0.1788022156189679,0.0,-1.5120321808300343,1.0684924746413291,0.4866320448867606,0.0,-0.0713115189840851,0.0,1.0,0.0,0.0,0.0,0.0,0.0,0.0,0.0,0.0,0.0,0.0,0.0,0
0.136082234777375,-0.2659216781280323,-0.485993921720843,-0.4248812686483556,-0.4233308481786763,1.0,0.7669420318826194,-0.432951552836686,-0.7500024465141415,1.0,0.1903629669951717,0.0,1.0,0.0,0.0,0.0,0.0,0.0,1.0,0.0,0.0,0.0,0.0,0.0,0
0.0001258416173032,1.9306348410322889,-0.4414222438804059,-0.3803998465874021,-0.3788710968041838,0.0,-0.579724548356676,0.7348382463128814,1.5858627039097848,0.0,-0.0713115189840851,0.0,0.0,1.0,0.0,0.0,0.0,0.0,0.0,0.0,0.0,1.0,0.0,0.0,0
-0.7389388834898922,-2.15568650052704,0.4722971518485537,-0.3803998465874021,-0.4455607238659225,1.0,0.974121505765588,0.5680111321486576,0.6240358772646386,1.0,0.4520374529744287,0.0,0.0,0.0,1.0,0.0,0.0,1.0,0.0,0.0,0.0,0.0,0.0,0.0,1
-1.0194988515942591,0.06075169869714,-0.4637080828006245,-0.4026405576178788,-0.40110097249143,1.0,-1.2012629700055817,-0.432951552836686,0.4866320448867606,0.0,-0.0713115189840851,1.0,0.0,0.0,0.0,0.0,0.0,1.0,0.0,0.0,0.0,1.0,0.0,0.0,0
-0.250968148062324,0.1126936705247668,-0.3299930492793133,-0.3136777134959718,-0.3121814697424452,0.0,0.1454036102337138,-0.2661244386724621,-1.0248101112698975,0.0,-3.7347543226936826,1.0,0.0,0.0,0.0,0.0,0.0,0.0,1.0,0.0,0.0,1.0,0.0,0.0,0
1.8853437074659969,2.259911581226959,-0.4414222438804059,-0.3803998465874021,-0.3788710968041838,1.0,-0.4761348114151917,-0.432951552836686,-1.1622139436477756,1.0,0.1903629669951717,0.0,0.0,0.0,0.0,1.0,0.0,0.0,0.0,0.0,0.0,0.0,0.0,0.0,0
0.4192316563703959,-0.1362268484454178,0.7842988967316131,0.8428392600888206,0.8437720659943581,0.0,-1.0976732330640973,-0.432951552836686,-0.2003871170026294,1.0,0.4520374529744287,0.0,1.0,0.0,0.0,0.0,0.0,0.0,0.0,0.0,1.0,0.0,0.0,0.0,0
-0.2325207640193519,-0.7516090464339448,1.319159030816858,1.3766163248202632,1.377289082488267,0.0,0.7669420318826194,-0.432951552836686,-0.8874062788920195,0.0,0.1903629669951717,0.0,1.0,0.0,0.0,0.0,0.0,0.0,0.0,0.0,1.0,0.0,0.0,0.0,0
0.6356506304534415,0.3384762754831572,-0.4191364049601874,-0.3581591355569253,-0.3566412211169376,1.0,-0.1653656005907389,-0.432951552836686,-1.0248101112698975,0.0,0.4520374529744287,0.0,0.0,1.0,0.0,1.0,0.0,0.0,0.0,0.0,0.0,0.0,0.0,0.0,0
-0.8158469011462626,0.7327396478117666,-0.5082797606410615,-0.4471219796788324,-0.4455607238659225,1.0,-0.2689553375322231,-0.432951552836686,0.2118243801310045,1.0,0.1903629669951717,1.0,0.0,0.0,0.0,0.0,0.0,0.0,0.0,0.0,1.0,0.0,0.0,0.0,0
-0.5317875189054242,-0.3453173000343957,-0.3299930492793133,-0.2691962914350182,-0.2677217183679528,1.0,-0.6833142852981603,-0.432951552836686,0.2118243801310045,1.0,0.4520374529744287,1.0,0.0,0.0,0.0,1.0,0.0,0.0,0.0,0.0,0.0,1.0,0.0,0.0,0
1.0273197529451623,1.0281030555561048,-0.485993921720843,-0.4248812686483556,-0.4233308481786763,0.0,1.0777112427070723,-0.2661244386724621,-0.6125986141362635,1.0,0.4520374529744287,0.0,0.0,0.0,0.0,0.0,1.0,0.0,0.0,0.0,0.0,0.0,0.0,0.0,0
-1.448214402280008,-0.5350008610505554,-0.5082797606410615,-0.4471219796788324,-0.4455607238659225,1.0,1.2848907165900407,-0.432951552836686,0.2118243801310045,0.0,0.4520374529744287,1.0,0.0,0.0,0.0,0.0,0.0,0.0,0.0,0.0,1.0,0.0,0.0,0.0,0
-0.1929650504024004,-0.5641390403683091,-0.4637080828006245,-0.4026405576178788,-0.40110097249143,0.0,0.4561728210581666,-0.432951552836686,-0.6125986141362635,0.0,0.4520374529744287,0.0,1.0,0.0,0.0,0.0,0.0,0.0,0.0,0.0,1.0,0.0,0.0,0.0,0
0.326898225177486,-0.283852865400633,-0.3522788881995318,-0.291437002465495,-0.289951594055199,0.0,-0.6833142852981603,-0.432951552836686,0.0744205477531265,1.0,0.4520374529744287,0.0,1.0,0.0,0.0,1.0,0.0,0.0,0.0,0.0,0.0,0.0,0.0,0.0,0
0.7704764664449713,-0.2319944239484865,-0.3522788881995318,-0.291437002465495,-0.289951594055199,1.0,1.1813009796485563,0.2343569038202096,-0.0629832846247514,1.0,0.4520374529744287,0.0,1.0,0.0,0.0,1.0,0.0,0.0,0.0,0.0,0.0,0.0,0.0,0.0,0
0.2434024420948922,0.2125403126977485,-0.0402771433164724,0.0199329519611798,0.021266665566248,1.0,1.2848907165900407,-0.432951552836686,2.685093362932809,1.0,0.4520374529744287,0.0,0.0,1.0,0.0,0.0,0.0,1.0,0.0,0.0,0.0,1.0,0.0,0.0,0
2.2367138023846724,2.7158587531639715,0.1380095680452757,-0.3359184245264485,-0.289951594055199,1.0,-0.7869040222396445,-0.0992973245082382,-0.2003871170026294,1.0,-3.7347543226936826,1.0,0.0,0.0,0.0,0.0,0.0,0.0,0.0,0.0,1.0,0.0,0.0,0.0,1
0.4317091470720796,-0.2221656830986591,1.3860165475775137,1.4433384579116937,1.443978709550006,1.0,-1.304852706947066,-0.432951552836686,-1.2996177760256535,1.0,0.4520374529744287,0.0,1.0,0.0,0.0,0.0,0.0,0.0,0.0,0.0,1.0,0.0,0.0,0.0,0
0.1531922524136869,-0.0830179992561753,-0.3299930492793133,-0.3136777134959718,-0.3121814697424452,0.0,0.0418138732922295,-0.432951552836686,-0.2003871170026294,0.0,0.1903629669951717,1.0,0.0,0.0,0.0,0.0,0.0,1.0,0.0,0.0,0.0,1.0,0.0,0.0,0
-0.2781704565203648,0.2656795532407245,-0.5082797606410615,-0.4471219796788324,-0.4455607238659225,0.0,0.6633522949411351,-0.432951552836686,-0.6125986141362635,0.0,0.1903629669951717,1.0,0.0,0.0,0.0,1.0,0.0,0.0,0.0,0.0,0.0,0.0,0.0,0.0,0
1.8381084774724843,0.5989100645421863,-0.3968505660399689,-0.3359184245264485,-0.3344113454296914,1.0,-1.2012629700055817,-0.432951552836686,-1.1622139436477756,1.0,0.1903629669951717,0.0,1.0,0.0,0.0,0.0,1.0,0.0,0.0,0.0,0.0,0.0,0.0,0.0,0
-0.3969616829139924,0.5811320162913324,-0.3299930492793133,-0.3136777134959718,-0.3121814697424452,0.0,1.388480453531525,1.568973817134001,-0.7500024465141415,0.0,0.4520374529744287,1.0,0.0,0.0,0.0,0.0,0.0,1.0,0.0,0.0,0.0,1.0,0.0,0.0,0
1.6602525326631297,0.6968215863495123,-0.3299930492793133,-0.3136777134959718,-0.3121814697424452,0.0,-0.579724548356676,0.9016653604771054,-0.6125986141362635,0.0,0.4520374529744287,0.0,0.0,0.0,0.0,1.0,0.0,0.0,0.0,0.0,0.0,0.0,0.0,0.0,0
-0.0626338685200215,-0.6636515610393697,0.2494387626463684,0.309062195357378,0.3102550495004489,0.0,0.3525830841166824,-0.432951552836686,-1.1622139436477756,0.0,0.4520374529744287,0.0,1.0,0.0,0.0,0.0,1.0,0.0,0.0,0.0,0.0,0.0,0.0,0.0,0
1.1103881302689136,0.81213526971813,-0.1517063379175651,-0.0912706031912039,-0.089882712869983,0.0,1.5956599274144936,2.236282273790897,-1.1622139436477756,1.0,-0.0713115189840851,0.0,0.0,0.0,0.0,0.0,0.0,0.0,0.0,0.0,1.0,0.0,0.0,0.0,0
-0.4877785130270433,-0.3144806697480156,-0.4414222438804059,-0.3803998465874021,-0.3788710968041838,0.0,-1.719211654713003,-0.432951552836686,0.8988435420203946,1.0,0.4520374529744287,1.0,0.0,0.0,0.0,0.0,0.0,1.0,0.0,0.0,0.0,0.0,0.0,0.0,0
0.1198132413762397,0.9552506463966192,-0.1294204989973465,-0.0690298921607272,-0.0676528371827368,1.0,-1.5120321808300343,-0.432951552836686,-0.4751947817583855,0.0,0.4520374529744287,0.0,0.0,1.0,0.0,0.0,0.0,0.0,0.0,0.0,1.0,0.0,0.0,0.0,0
-0.7745815644940384,-0.6674800365828419,-0.5082797606410615,-0.4471219796788324,-0.4455607238659225,0.0,0.974121505765588,-0.432951552836686,-1.5744254407814096,0.0,0.4520374529744287,1.0,0.0,0.0,0.0,0.0,0.0,1.0,0.0,0.0,0.0,0.0,0.0,0.0,0
-0.4401572391223117,2.14895539911332,-0.4414222438804059,-0.3803998465874021,-0.3788710968041838,1.0,-0.7869040222396445,-0.432951552836686,0.3492282125088826,0.0,-0.0713115189840851,0.0,0.0,1.0,0.0,0.0,0.0,1.0,0.0,0.0,0.0,0.0,0.0,0.0,0
-1.3196342052806234,-2.4777085690865643,-0.5082797606410615,-0.4471219796788324,-0.4455607238659225,1.0,0.1454036102337138,-0.432951552836686,-0.3377909493805074,0.0,0.4520374529744287,0.0,0.0,0.0,1.0,0.0,0.0,1.0,0.0,0.0,0.0,1.0,0.0,0.0,0
0.2458841529527007,-0.1527937062515111,0.3385821183272425,0.3980250394792851,0.3991745522494337,1.0,-1.6156219177715183,-0.432951552836686,-1.1622139436477756,0.0,0.4520374529744287,0.0,1.0,0.0,0.0,0.0,1.0,0.0,0.0,0.0,0.0,0.0,0.0,0.0,0
1.2310871815326951,-2.874882369710334,0.2717246015665869,-0.4026405576178788,-0.40110097249143,0.0,0.6633522949411351,-0.432951552836686,-1.2996177760256535,1.0,0.1903629669951717,0.0,0.0,0.0,0.0,0.0,0.0,0.0,0.0,0.0,1.0,0.0,0.0,0.0,1
0.2931331702288198,0.2850307568966877,-0.3077072103590948,-0.2469555804045414,-0.2454918426807065,1.0,0.8705317688241037,-0.432951552836686,-1.0248101112698975,1.0,0.1903629669951717,0.0,0.0,1.0,0.0,0.0,0.0,1.0,0.0,0.0,0.0,0.0,0.0,0.0,0
1.7745077430999827,0.9563643847366858,0.2494387626463684,0.309062195357378,0.3102550495004489,1.0,-0.0617758636492546,2.236282273790897,1.9980742010434187,1.0,0.1903629669951717,0.0,0.0,0.0,0.0,0.0,0.0,1.0,0.0,0.0,0.0,0.0,0.0,1.0,0
0.3139381795867296,-0.6194639924035793,-0.4191364049601874,-0.3581591355569253,-0.3566412211169376,0.0,0.5597625579996509,0.0675297896559857,-1.0248101112698975,0.0,0.4520374529744287,0.0,1.0,0.0,0.0,0.0,0.0,1.0,0.0,0.0,0.0,0.0,1.0,0.0,0
-0.9656457259798912,-0.4944886289362927,-0.3299930492793133,-0.2691962914350182,-0.2677217183679528,1.0,1.802839401297462,-0.432951552836686,-1.0248101112698975,0.0,-0.0713115189840851,1.0,0.0,0.0,0.0,0.0,1.0,0.0,0.0,0.0,0.0,1.0,0.0,0.0,0
0.2063835884659793,-0.6567881485197845,-0.5082797606410615,-0.4471219796788324,-0.4455607238659225,1.0,-0.7869040222396445,-0.0992973245082382,1.4484588715319069,0.0,0.1903629669951717,0.0,1.0,0.0,0.0,1.0,0.0,0.0,0.0,0.0,0.0,0.0,0.0,0.0,0
-1.2338773078609453,-0.4098862802907357,-0.485993921720843,-0.4248812686483556,-0.4233308481786763,0.0,-0.1653656005907389,-0.432951552836686,1.8606703686655408,1.0,-3.99642880867294,1.0,0.0,0.0,0.0,0.0,0.0,1.0,0.0,0.0,0.0,1.0,0.0,0.0,0
-0.6625919293678576,-2.1728996419477205,0.3831537961676796,-0.3136777134959718,-0.4455607238659225,0.0,0.4561728210581666,-0.2661244386724621,0.0744205477531265,1.0,0.1903629669951717,0.0,0.0,0.0,0.0,0.0,0.0,0.0,0.0,1.0,0.0,0.0,0.0,0.0,1
0.4110557978221557,1.752046898227572,-0.4637080828006245,-0.4026405576178788,-0.40110097249143,0.0,-1.40844244388855,-0.432951552836686,-0.8874062788920195,1.0,0.4520374529744287,0.0,0.0,1.0,0.0,0.0,0.0,0.0,0.0,0.0,1.0,0.0,0.0,0.0,1
0.0866548268594191,-0.5333998621868208,-0.3077072103590948,-0.2469555804045414,-0.2454918426807065,1.0,0.3525830841166824,-0.432951552836686,-1.0248101112698975,1.0,0.4520374529744287,0.0,1.0,0.0,0.0,0.0,0.0,1.0,0.0,0.0,0.0,0.0,0.0,0.0,0
-0.2674439507016752,-0.6798982190729534,4.149460573684611,4.201186625690814,4.200483294768537,0.0,-0.2689553375322231,-0.432951552836686,-0.3377909493805074,1.0,0.4520374529744287,0.0,1.0,0.0,0.0,0.0,0.0,0.0,0.0,0.0,1.0,0.0,0.0,0.0,0
0.0749218494150584,-0.504609726100202,3.5031712449982737,3.5562060058069878,3.5558168998383968,1.0,-0.2689553375322231,-0.432951552836686,-0.7500024465141415,0.0,0.4520374529744287,0.0,1.0,0.0,0.0,0.0,0.0,1.0,0.0,0.0,0.0,0.0,0.0,0.0,0
-0.9475981731306466,0.9729033990843516,-0.4637080828006245,-0.4026405576178788,-0.40110097249143,1.0,1.2848907165900407,0.4011840179844336,-0.4751947817583855,0.0,0.1903629669951717,1.0,0.0,0.0,0.0,0.0,0.0,1.0,0.0,0.0,0.0,1.0,0.0,0.0,0
0.6844713979394538,0.0009717933023943,0.2940104404868054,0.3535436174183315,0.3547148008749413,1.0,-1.40844244388855,-0.432951552836686,0.0744205477531265,0.0,-0.0713115189840851,0.0,1.0,0.0,0.0,0.0,0.0,0.0,0.0,0.0,1.0,0.0,0.0,0.0,0
0.4399539420330585,-0.1852174136722141,0.7620130578113946,0.8205985490583438,0.8215421903071118,0.0,0.8705317688241037,-0.432951552836686,-0.4751947817583855,0.0,0.1903629669951717,0.0,1.0,0.0,0.0,0.0,0.0,0.0,0.0,0.0,1.0,0.0,0.0,0.0,0
-2.0958444251891195,1.7161845236823705,-0.2631355325186577,-0.2024741583435878,-0.2010320913062141,0.0,1.0777112427070723,-0.2661244386724621,-0.7500024465141415,1.0,0.1903629669951717,0.0,0.0,1.0,0.0,0.0,0.0,1.0,0.0,0.0,0.0,0.0,0.0,0.0,0
1.6712823586978889,0.9570047842821006,-0.2185638546782206,-0.1579927362826343,-0.1565723399317216,1.0,-1.304852706947066,-0.432951552836686,-0.3377909493805074,1.0,0.1903629669951717,0.0,0.0,0.0,0.0,0.0,0.0,0.0,0.0,0.0,1.0,0.0,0.0,0.0,0
-0.4677869533391952,2.451363201857616,-0.5082797606410615,-0.4471219796788324,-0.4455607238659225,1.0,-0.4761348114151917,-0.432951552836686,-0.4751947817583855,0.0,0.4520374529744287,0.0,0.0,1.0,0.0,0.0,0.0,0.0,0.0,0.0,0.0,1.0,0.0,0.0,0
0.0519798112629355,0.073671063440133,-0.3299930492793133,-0.2691962914350182,-0.2677217183679528,1.0,-1.5120321808300343,-0.2661244386724621,-0.6125986141362635,1.0,0.4520374529744287,1.0,0.0,0.0,0.0,0.0,0.0,0.0,0.0,0.0,1.0,0.0,0.0,0.0,0
0.4689899590693406,-0.2550209641261751,-0.4191364049601874,-0.3581591355569253,-0.3566412211169376,0.0,-0.0617758636492546,2.569936502119345,1.4484588715319069,1.0,0.4520374529744287,0.0,1.0,0.0,0.0,0.0,0.0,0.0,0.0,0.0,1.0,0.0,0.0,0.0,0
-2.923453634419388,-3.9024304969592767,-0.2631355325186577,-0.2024741583435878,-0.2010320913062141,0.0,-1.0976732330640973,-0.2661244386724621,2.272881865799175,0.0,-0.0713115189840851,0.0,0.0,0.0,1.0,0.0,0.0,0.0,1.0,0.0,0.0,0.0,0.0,1.0,0
0.2683022743682253,0.6494459417156644,-0.5082797606410615,-0.4471219796788324,-0.4455607238659225,1.0,0.6633522949411351,-0.432951552836686,-0.7500024465141415,1.0,0.4520374529744287,0.0,0.0,1.0,0.0,0.0,0.0,0.0,0.0,0.0,1.0,0.0,0.0,0.0,0
1.476178523426745,0.9853633467621042,-0.3077072103590948,-0.2469555804045414,-0.2454918426807065,1.0,-1.6156219177715183,-0.432951552836686,-0.4751947817583855,0.0,-0.0713115189840851,0.0,0.0,0.0,0.0,0.0,0.0,0.0,0.0,0.0,0.0,0.0,0.0,0.0,0
0.3759395891842229,-0.2778665218234917,0.0711520512846202,0.1311365071135637,0.1324160440024791,0.0,2.0100188751804304,-0.432951552836686,-1.4370216084035317,1.0,0.4520374529744287,0.0,1.0,0.0,0.0,0.0,0.0,0.0,0.0,0.0,1.0,0.0,0.0,0.0,0
-0.0182939678605537,-0.4131021997472208,0.4500113129283352,0.509228594631669,0.5103239306856648,0.0,0.8705317688241037,-0.432951552836686,1.4484588715319069,0.0,0.1903629669951717,0.0,1.0,0.0,0.0,0.0,0.0,1.0,0.0,0.0,0.0,1.0,0.0,0.0,0
-0.2987410820750414,-0.707254417046996,4.840321580211386,4.890648667635594,4.88960944107317,1.0,-0.6833142852981603,-0.432951552836686,0.2118243801310045,0.0,0.1903629669951717,0.0,1.0,0.0,0.0,1.0,0.0,0.0,0.0,0.0,0.0,0.0,0.0,0.0,0
0.3816613114396716,-0.3022852349261153,5.241466680775319,5.290981466184176,5.289747203443602,0.0,0.0418138732922295,-0.432951552836686,-0.7500024465141415,1.0,-0.0713115189840851,0.0,1.0,0.0,0.0,0.0,0.0,1.0,0.0,0.0,0.0,0.0,0.0,0.0,0
-1.858441207075063,0.4239278496129285,-0.5082797606410615,-0.4471219796788324,-0.4455607238659225,1.0,-0.7869040222396445,-0.432951552836686,-0.7500024465141415,0.0,0.4520374529744287,1.0,0.0,0.0,0.0,0.0,0.0,1.0,0.0,0.0,0.0,1.0,0.0,0.0,0
-1.1552717669943835,2.04353559090709,0.360867957247461,-0.3581591355569253,-0.3344113454296914,1.0,-0.3725450744737074,-0.2661244386724621,0.4866320448867606,1.0,0.1903629669951717,0.0,1.0,0.0,0.0,0.0,0.0,1.0,0.0,0.0,0.0,0.0,0.0,0.0,1
0.2323450414951158,-0.5154547531850063,-0.0625629822366909,-0.0023077590692968,-0.0009632101209981,0.0,-1.40844244388855,-0.432951552836686,0.7614397096425166,1.0,0.1903629669951717,0.0,1.0,0.0,0.0,0.0,1.0,0.0,0.0,0.0,0.0,0.0,0.0,0.0,0
0.2407139219989655,0.2926180993373657,0.2271529237261499,0.2868214843269012,0.2880251738132027,0.0,0.4561728210581666,0.7348382463128814,-0.6125986141362635,1.0,0.1903629669951717,0.0,0.0,1.0,0.0,0.0,0.0,1.0,0.0,0.0,0.0,0.0,0.0,0.0,0
0.0686072740101747,1.3923094144362818,-0.4414222438804059,-0.3803998465874021,-0.3788710968041838,0.0,0.974121505765588,-0.432951552836686,1.0362473743982727,1.0,0.1903629669951717,0.0,0.0,1.0,0.0,0.0,0.0,0.0,0.0,0.0,1.0,0.0,0.0,0.0,0
0.4755668991824162,2.494657284715686,0.2048670848059313,-0.3359184245264485,-0.3121814697424452,0.0,-0.1653656005907389,-0.2661244386724621,-1.0248101112698975,1.0,0.1903629669951717,0.0,0.0,0.0,1.0,1.0,0.0,0.0,0.0,0.0,0.0,0.0,0.0,0.0,1
-0.1200813369250625,-0.508490436013134,-0.2854213714388762,-0.291437002465495,-0.289951594055199,1.0,1.2848907165900407,-0.432951552836686,-0.7500024465141415,1.0,0.1903629669951717,1.0,0.0,0.0,0.0,0.0,0.0,0.0,0.0,0.0,1.0,0.0,0.0,0.0,1
0.4674182088593495,-0.145011459601445,1.118586480534891,1.1764499255459722,1.1772202013030513,0.0,0.5597625579996509,-0.432951552836686,0.3492282125088826,0.0,0.4520374529744287,0.0,1.0,0.0,0.0,0.0,0.0,0.0,0.0,0.0,1.0,0.0,0.0,0.0,0
0.4606388501935621,-0.634846959362873,0.1825812458857128,-0.4026405576178788,-0.4233308481786763,1.0,-0.994083496122613,2.236282273790897,0.7614397096425166,1.0,0.4520374529744287,0.0,0.0,1.0,0.0,1.0,0.0,0.0,0.0,0.0,0.0,0.0,0.0,0.0,1
0.6804041495892434,0.8058148046390676,-0.1739921768377836,-0.1135113142216807,-0.1121125885572292,0.0,-1.5120321808300343,-0.432951552836686,-1.0248101112698975,1.0,-0.0713115189840851,0.0,0.0,1.0,0.0,0.0,0.0,0.0,0.0,0.0,1.0,0.0,0.0,0.0,0
0.2434024420948922,0.2125403126977485,-0.0402771433164724,0.0199329519611798,0.021266665566248,1.0,0.4561728210581666,-0.432951552836686,-0.4751947817583855,1.0,0.4520374529744287,0.0,0.0,1.0,0.0,0.0,0.0,0.0,0.0,0.0,1.0,0.0,0.0,0.0,0
-0.8319090853092798,-0.6142711873935995,-0.2631355325186577,-0.2024741583435878,-0.2010320913062141,1.0,0.3525830841166824,-0.432951552836686,-0.8874062788920195,1.0,0.1903629669951717,1.0,0.0,0.0,0.0,0.0,0.0,1.0,0.0,0.0,0.0,1.0,0.0,0.0,0
-0.0673629064324056,-0.4807618038967265,-0.3522788881995318,-0.291437002465495,-0.289951594055199,0.0,1.5956599274144936,2.069455159626673,-0.7500024465141415,0.0,-0.0713115189840851,0.0,1.0,0.0,0.0,0.0,0.0,1.0,0.0,0.0,0.0,1.0,0.0,0.0,0
-0.5495455388213034,0.1134732873627146,0.360867957247461,0.4202657505097619,0.42140442793668,1.0,-1.304852706947066,0.2343569038202096,-0.8874062788920195,0.0,0.1903629669951717,1.0,0.0,0.0,0.0,0.0,0.0,0.0,0.0,0.0,1.0,0.0,0.0,0.0,0
-0.7039631033069538,-0.3788269023365401,-0.3522788881995318,-0.291437002465495,-0.289951594055199,0.0,0.0418138732922295,-0.432951552836686,0.0744205477531265,0.0,-0.0713115189840851,1.0,0.0,0.0,0.0,0.0,0.0,0.0,1.0,0.0,0.0,1.0,0.0,0.0,0
0.5809289060388796,0.0207684922943842,-0.4191364049601874,-0.3581591355569253,-0.3566412211169376,0.0,1.2848907165900407,0.2343569038202096,-0.0629832846247514,1.0,0.1903629669951717,0.0,1.0,0.0,0.0,0.0,0.0,1.0,0.0,0.0,0.0,0.0,0.0,0.0,0
-1.2846307197548144,-3.876406393077636,-0.3522788881995318,-0.3136777134959718,-0.3121814697424452,1.0,1.388480453531525,-0.0992973245082382,1.0362473743982727,1.0,-3.7347543226936826,1.0,0.0,0.0,0.0,0.0,0.0,0.0,0.0,0.0,1.0,0.0,0.0,0.0,1
0.031105865492287,-0.2154275661421954,0.0042945345239646,0.0644143740221334,0.0657264169407405,1.0,0.974121505765588,-0.432951552836686,0.7614397096425166,0.0,0.4520374529744287,0.0,1.0,0.0,0.0,0.0,0.0,1.0,0.0,0.0,0.0,0.0,0.0,0.0,0
0.2407139219989655,0.2926180993373657,0.2271529237261499,0.2868214843269012,0.2880251738132027,0.0,-0.7869040222396445,-0.432951552836686,0.2118243801310045,1.0,0.1903629669951717,0.0,0.0,1.0,0.0,0.0,0.0,0.0,0.0,0.0,1.0,0.0,0.0,0.0,0
-0.1524855888551228,0.6770666525453616,-0.4637080828006245,-0.4026405576178788,-0.40110097249143,0.0,-1.5120321808300343,-0.432951552836686,-0.8874062788920195,0.0,0.4520374529744287,0.0,0.0,1.0,0.0,0.0,0.0,1.0,0.0,0.0,0.0,1.0,0.0,0.0,0
-0.8157228156033918,0.2634381548317731,-0.4637080828006245,-0.4026405576178788,-0.40110097249143,0.0,0.4561728210581666,-0.432951552836686,-0.2003871170026294,1.0,-0.0713115189840851,1.0,0.0,0.0,0.0,0.0,0.0,1.0,0.0,0.0,0.0,1.0,0.0,0.0,0
0.3274910783268231,1.217034843192744,-0.3745647271197503,-0.3136777134959718,-0.3121814697424452,0.0,-2.340750076361908,-0.432951552836686,-1.7118292731592877,0.0,0.4520374529744287,0.0,0.0,1.0,0.0,0.0,0.0,0.0,0.0,0.0,1.0,0.0,0.0,0.0,0
-1.036912189446445,0.1531084505343355,-0.485993921720843,-0.4248812686483556,-0.4233308481786763,0.0,-0.0617758636492546,-0.432951552836686,1.8606703686655408,1.0,0.1903629669951717,1.0,0.0,0.0,0.0,1.0,0.0,0.0,0.0,0.0,0.0,0.0,0.0,0.0,0
0.5540850669269428,-0.40256345070591,-0.3299930492793133,-0.2691962914350182,-0.2677217183679528,0.0,-0.0617758636492546,2.569936502119345,1.4484588715319069,1.0,0.4520374529744287,0.0,1.0,0.0,0.0,0.0,0.0,1.0,0.0,0.0,0.0,0.0,0.0,0.0,0
0.3450009271568627,-0.484242236209064,-0.2631355325186577,-0.2024741583435878,-0.2010320913062141,1.0,-0.4761348114151917,-0.432951552836686,0.3492282125088826,1.0,-3.7347543226936826,0.0,1.0,0.0,0.0,0.0,0.0,1.0,0.0,0.0,0.0,0.0,0.0,0.0,0
0.4295445437127513,-0.4333304723458258,-0.5082797606410615,-0.4471219796788324,-0.4455607238659225,0.0,0.974121505765588,-0.432951552836686,0.7614397096425166,0.0,0.1903629669951717,0.0,1.0,0.0,0.0,0.0,0.0,1.0,0.0,0.0,0.0,0.0,0.0,0.0,0
0.0198554429369011,-0.6165404292611762,-0.3745647271197503,-0.3136777134959718,-0.3121814697424452,1.0,-1.304852706947066,-0.432951552836686,-0.7500024465141415,0.0,0.1903629669951717,0.0,1.0,0.0,0.0,0.0,0.0,0.0,0.0,0.0,1.0,0.0,0.0,0.0,0
-0.4761420465604383,0.600413611301029,-0.4637080828006245,-0.4026405576178788,-0.40110097249143,1.0,0.2489933471751981,0.4011840179844336,0.4866320448867606,1.0,-0.0713115189840851,1.0,0.0,0.0,0.0,0.0,1.0,0.0,0.0,0.0,0.0,1.0,0.0,0.0,0
0.8756596449682753,0.2379474685769217,-0.5082797606410615,-0.4471219796788324,-0.4455607238659225,0.0,1.4920701904730094,-0.432951552836686,0.0744205477531265,1.0,0.4520374529744287,0.0,1.0,0.0,0.0,0.0,0.0,0.0,0.0,0.0,1.0,0.0,0.0,0.0,0
1.2095023083813647,-3.268447516027475,-0.4414222438804059,-0.291437002465495,-0.289951594055199,1.0,1.5956599274144936,-0.432951552836686,1.5858627039097848,1.0,0.1903629669951717,0.0,0.0,1.0,0.0,0.0,0.0,0.0,0.0,1.0,0.0,0.0,0.0,0.0,1
0.0410327089235214,-0.3112229851038893,-0.3299930492793133,-0.3136777134959718,-0.3121814697424452,0.0,1.2848907165900407,-0.432951552836686,-1.0248101112698975,1.0,0.1903629669951717,0.0,1.0,0.0,0.0,0.0,0.0,1.0,0.0,0.0,0.0,0.0,0.0,0.0,0
-0.9831713769139352,-0.4075699767446309,0.5168688296889908,-0.291437002465495,-0.3121814697424452,0.0,-0.6833142852981603,0.0675297896559857,0.2118243801310045,1.0,-3.7347543226936826,1.0,0.0,0.0,0.0,0.0,0.0,0.0,0.0,1.0,0.0,0.0,0.0,0.0,1
1.4120952341652688,0.6375707066662736,-0.3745647271197503,-0.3136777134959718,-0.3121814697424452,0.0,-0.579724548356676,0.9016653604771054,-0.6125986141362635,0.0,0.4520374529744287,0.0,0.0,0.0,0.0,0.0,0.0,0.0,0.0,0.0,1.0,0.0,0.0,0.0,0
1.3748881358134375,-3.2163136066016795,-0.1294204989973465,-0.2691962914350182,-0.3121814697424452,1.0,1.5956599274144936,0.2343569038202096,0.4866320448867606,1.0,0.1903629669951717,1.0,0.0,0.0,0.0,0.0,0.0,1.0,0.0,0.0,0.0,0.0,0.0,0.0,1
1.4980865153881795,0.5752848900067241,-0.4637080828006245,-0.4026405576178788,-0.40110097249143,1.0,1.2848907165900407,1.902628045462449,0.0744205477531265,1.0,0.1903629669951717,0.0,0.0,0.0,0.0,0.0,0.0,1.0,0.0,0.0,0.0,1.0,0.0,0.0,0
0.3208042462933269,-0.2808457718827497,0.360867957247461,0.4202657505097619,0.42140442793668,0.0,-0.1653656005907389,-0.432951552836686,1.0362473743982727,0.0,0.1903629669951717,0.0,1.0,0.0,0.0,0.0,0.0,0.0,0.0,0.0,1.0,0.0,0.0,0.0,0
0.2256168476139959,0.2878290244757714,-0.1739921768377836,-0.1135113142216807,-0.1121125885572292,0.0,-1.5120321808300343,-0.432951552836686,-1.1622139436477756,1.0,0.1903629669951717,0.0,0.0,1.0,0.0,0.0,0.0,1.0,0.0,0.0,0.0,0.0,0.0,0.0,0
-1.0164094796384715,-1.2014409729818565,0.5614405075294279,-0.4026405576178788,-0.3344113454296914,1.0,-1.2012629700055817,0.0675297896559857,0.3492282125088826,1.0,0.4520374529744287,0.0,0.0,0.0,1.0,1.0,0.0,0.0,0.0,0.0,0.0,0.0,0.0,0.0,1
-0.3138519437426176,-0.1198548948487126,-0.4637080828006245,-0.4026405576178788,-0.40110097249143,0.0,-0.1653656005907389,0.4011840179844336,1.8606703686655408,1.0,0.4520374529744287,1.0,0.0,0.0,0.0,0.0,0.0,1.0,0.0,0.0,0.0,0.0,0.0,0.0,0
-0.4805953388219657,0.6290784518245264,-0.4637080828006245,-0.4026405576178788,-0.40110097249143,1.0,1.2848907165900407,-0.432951552836686,-0.4751947817583855,1.0,0.4520374529744287,1.0,0.0,0.0,0.0,0.0,0.0,1.0,0.0,0.0,0.0,1.0,0.0,0.0,0
0.6607159101172692,-0.0378976747604925,1.8763050038223208,1.9326341005821823,1.9330359746694228,0.0,-0.8904937591811287,-0.432951552836686,-0.7500024465141415,1.0,-0.0713115189840851,0.0,1.0,0.0,0.0,0.0,0.0,1.0,0.0,0.0,0.0,0.0,0.0,0.0,0
2.099984122101031,1.7621401519330535,-0.3077072103590948,-0.2469555804045414,-0.2454918426807065,1.0,-0.3725450744737074,-0.432951552836686,-0.7500024465141415,0.0,0.4520374529744287,0.0,0.0,0.0,0.0,0.0,0.0,1.0,0.0,0.0,0.0,0.0,0.0,0.0,0
0.2407139219989655,0.2926180993373657,0.2271529237261499,0.2868214843269012,0.2880251738132027,0.0,-0.8904937591811287,-0.432951552836686,-0.4751947817583855,1.0,0.4520374529744287,0.0,0.0,1.0,0.0,0.0,0.0,0.0,0.0,0.0,1.0,0.0,0.0,0.0,0
-0.3516428851939685,2.2873930747643207,-0.5082797606410615,-0.4471219796788324,-0.4455607238659225,0.0,0.7669420318826194,-0.432951552836686,-1.4370216084035317,0.0,0.1903629669951717,0.0,0.0,1.0,0.0,0.0,0.0,0.0,0.0,0.0,1.0,0.0,0.0,0.0,0
-0.0920835040326378,-0.6283878208519417,-0.485993921720843,-0.4248812686483556,-0.4233308481786763,0.0,0.4561728210581666,-0.432951552836686,-0.7500024465141415,0.0,0.1903629669951717,0.0,1.0,0.0,0.0,0.0,0.0,0.0,1.0,0.0,0.0,0.0,0.0,0.0,0
-0.5701713135062102,-0.2609376990568521,0.0711520512846202,0.1311365071135637,0.1324160440024791,1.0,0.2489933471751981,0.4011840179844336,0.4866320448867606,1.0,-0.0713115189840851,1.0,0.0,0.0,0.0,0.0,1.0,0.0,0.0,0.0,0.0,1.0,0.0,0.0,0
-1.9092473432473025,-0.2602137691359571,-0.3968505660399689,-0.3359184245264485,-0.3344113454296914,0.0,2.113608612121914,-0.432951552836686,-0.7500024465141415,0.0,-0.0713115189840851,1.0,0.0,0.0,0.0,0.0,0.0,0.0,0.0,0.0,1.0,0.0,0.0,0.0,0
-0.3384070939522574,2.1110882955563945,-0.107134660077128,-0.0467891811302504,-0.0454229614954905,1.0,0.974121505765588,-0.432951552836686,-0.2003871170026294,0.0,-0.0713115189840851,0.0,0.0,1.0,0.0,1.0,0.0,0.0,0.0,0.0,0.0,0.0,0.0,0.0,0
0.4504322767660063,-0.1632628466467531,1.6088749367796988,1.6657455682164612,1.6662774664224682,0.0,-0.579724548356676,-0.432951552836686,0.6240358772646386,1.0,-3.7347543226936826,0.0,1.0,0.0,0.0,0.0,0.0,0.0,1.0,0.0,0.0,0.0,0.0,0.0,0
-0.5046403595776136,-0.0736486754715884,-0.485993921720843,-0.4248812686483556,-0.4233308481786763,1.0,0.8705317688241037,0.4011840179844336,-0.7500024465141415,0.0,-3.7347543226936826,1.0,0.0,0.0,0.0,0.0,0.0,1.0,0.0,0.0,0.0,1.0,0.0,0.0,0
-1.3391983592096288,-0.4208287594804319,-0.3968505660399689,-0.3359184245264485,-0.3344113454296914,0.0,0.2489933471751981,1.4021467029697772,0.0744205477531265,0.0,-3.99642880867294,1.0,0.0,0.0,0.0,1.0,0.0,0.0,0.0,0.0,0.0,1.0,0.0,0.0,0
1.6218687380624417,0.3957502696130991,-0.5082797606410615,-0.4471219796788324,-0.4455607238659225,1.0,-0.1653656005907389,-0.432951552836686,-1.1622139436477756,1.0,0.1903629669951717,0.0,1.0,0.0,0.0,0.0,0.0,1.0,0.0,0.0,0.0,1.0,0.0,0.0,0
0.2113883720292201,-0.5304762990446157,-0.485993921720843,-0.4248812686483556,-0.4233308481786763,0.0,1.4920701904730094,-0.432951552836686,-0.6125986141362635,1.0,0.4520374529744287,0.0,1.0,0.0,0.0,0.0,0.0,0.0,0.0,0.0,1.0,0.0,0.0,0.0,0
-0.8158469011462626,0.7327396478117666,0.0042945345239646,0.0644143740221334,0.0657264169407405,1.0,1.2848907165900407,0.0675297896559857,0.0744205477531265,1.0,-3.7347543226936826,1.0,0.0,0.0,0.0,0.0,0.0,0.0,0.0,0.0,1.0,0.0,0.0,0.0,0
-0.5773122084629265,-3.1304066245182107,0.360867957247461,-0.3581591355569253,-0.2677217183679528,0.0,1.0777112427070723,-0.432951552836686,-0.6125986141362635,1.0,0.1903629669951717,0.0,1.0,0.0,0.0,1.0,0.0,0.0,0.0,0.0,0.0,0.0,0.0,0.0,1
0.0683453156418265,0.033799230871285,-0.1962780157580021,-0.1357520252521575,-0.1343424642444754,1.0,0.5597625579996509,-0.432951552836686,0.0744205477531265,1.0,0.1903629669951717,1.0,0.0,0.0,0.0,0.0,0.0,0.0,0.0,0.0,1.0,0.0,0.0,0.0,0
-0.0126549693003522,-0.7026741681240034,-0.3299930492793133,-0.3136777134959718,-0.3121814697424452,0.0,-0.994083496122613,-0.432951552836686,0.6240358772646386,1.0,-3.99642880867294,0.0,1.0,0.0,0.0,0.0,0.0,1.0,0.0,0.0,0.0,0.0,0.0,1.0,0
0.324044257690967,0.3608902595738587,-0.4414222438804059,-0.3803998465874021,-0.3788710968041838,0.0,0.0418138732922295,-0.432951552836686,-0.6125986141362635,0.0,-0.0713115189840851,0.0,0.0,1.0,0.0,0.0,0.0,0.0,0.0,0.0,1.0,0.0,0.0,0.0,0
-0.6103612421200245,-0.2738988289876842,-0.4637080828006245,-0.4026405576178788,-0.40110097249143,0.0,-0.994083496122613,-0.432951552836686,-0.0629832846247514,0.0,0.4520374529744287,1.0,0.0,0.0,0.0,1.0,0.0,0.0,0.0,0.0,0.0,0.0,0.0,0.0,0
1.8263617127455167,0.5834987102636031,-0.4414222438804059,-0.3803998465874021,-0.3788710968041838,1.0,0.974121505765588,-0.2661244386724621,-0.2003871170026294,1.0,0.1903629669951717,0.0,1.0,0.0,0.0,0.0,0.0,0.0,0.0,0.0,1.0,0.0,0.0,0.0,0
0.8223304360905056,0.1983958357809789,-0.4637080828006245,-0.4026405576178788,-0.40110097249143,0.0,0.8705317688241037,-0.432951552836686,-0.8874062788920195,0.0,0.1903629669951717,0.0,1.0,0.0,0.0,0.0,0.0,1.0,0.0,0.0,0.0,0.0,0.0,0.0,1
1.3093386173696413,0.1557396573622609,-0.5082797606410615,-0.4471219796788324,-0.4455607238659225,1.0,2.0100188751804304,-0.432951552836686,-1.5744254407814096,0.0,-0.0713115189840851,0.0,1.0,0.0,0.0,0.0,0.0,0.0,0.0,0.0,1.0,0.0,0.0,0.0,0
-1.5396930219551346,0.3739209981509573,-0.4414222438804059,-0.3803998465874021,-0.3788710968041838,0.0,0.1454036102337138,-0.432951552836686,-0.8874062788920195,0.0,0.4520374529744287,1.0,0.0,0.0,0.0,0.0,0.0,1.0,0.0,0.0,0.0,1.0,0.0,0.0,0
0.2113883720292201,-0.5304762990446157,-0.485993921720843,-0.4248812686483556,-0.4233308481786763,0.0,0.3525830841166824,-0.432951552836686,-0.0629832846247514,1.0,0.4520374529744287,0.0,1.0,0.0,0.0,0.0,0.0,1.0,0.0,0.0,0.0,0.0,0.0,0.0,0
-1.2281693728880052,-0.3307273277815993,-0.2185638546782206,-0.1579927362826343,-0.1565723399317216,0.0,-0.8904937591811287,-0.0992973245082382,-0.6125986141362635,0.0,0.1903629669951717,1.0,0.0,0.0,0.0,0.0,0.0,0.0,0.0,0.0,1.0,0.0,0.0,0.0,0
-0.1159217155501676,-0.6423373935593233,-0.2408496935984392,-0.1802334473131111,-0.1788022156189679,0.0,-0.6833142852981603,-0.432951552836686,-1.2996177760256535,0.0,0.1903629669951717,0.0,1.0,0.0,0.0,0.0,0.0,0.0,0.0,0.0,1.0,0.0,0.0,0.0,0
-0.3518772689972016,-0.0200917830512111,-0.485993921720843,-0.4248812686483556,-0.4233308481786763,1.0,1.1813009796485563,-0.432951552836686,-0.6125986141362635,0.0,0.1903629669951717,1.0,0.0,0.0,0.0,0.0,0.0,0.0,0.0,0.0,1.0,0.0,0.0,0.0,0
-0.8158469011462626,0.7327396478117666,-0.3299930492793133,-0.3136777134959718,-0.3121814697424452,0.0,0.974121505765588,1.0684924746413291,0.0744205477531265,1.0,0.1903629669951717,1.0,0.0,0.0,0.0,0.0,1.0,0.0,0.0,0.0,0.0,0.0,0.0,0.0,0
1.209311882517564,0.5723195616768777,-0.4414222438804059,-0.3803998465874021,-0.3788710968041838,0.0,0.7669420318826194,-0.432951552836686,-0.3377909493805074,0.0,-0.0713115189840851,0.0,0.0,0.0,0.0,0.0,0.0,0.0,0.0,0.0,1.0,0.0,0.0,0.0,1
0.2699153864257421,-0.1874448903519518,0.6505838632103019,0.70939499390596,0.7103928118708809,0.0,0.7669420318826194,-0.432951552836686,-1.2996177760256535,1.0,-0.0713115189840851,0.0,1.0,0.0,0.0,0.0,0.0,0.0,0.0,0.0,1.0,0.0,0.0,0.0,0
2.019248942784135,1.0453128256326831,-0.4191364049601874,-0.3136777134959718,-0.289951594055199,0.0,-0.1653656005907389,1.568973817134001,1.4484588715319069,1.0,0.1903629669951717,0.0,0.0,0.0,1.0,0.0,0.0,1.0,0.0,0.0,0.0,0.0,0.0,0.0,1
-0.2969349480619151,-0.7410981408510615,0.1825812458857128,0.2423400622659476,0.2435654224387102,1.0,-0.7869040222396445,0.7348382463128814,-1.1622139436477756,1.0,0.4520374529744287,0.0,1.0,0.0,0.0,0.0,0.0,0.0,0.0,0.0,1.0,0.0,0.0,0.0,0
-2.40319008506111,-0.7714058898380138,-0.485993921720843,-0.3581591355569253,-0.4455607238659225,1.0,0.0418138732922295,-0.2661244386724621,-0.4751947817583855,1.0,0.4520374529744287,1.0,0.0,0.0,0.0,0.0,0.0,0.0,0.0,0.0,1.0,0.0,0.0,0.0,1
0.172025680367976,-0.385996592899619,0.4054396350878981,0.4647471725707154,0.4658641793111724,0.0,-0.2689553375322231,1.568973817134001,-0.0629832846247514,1.0,0.1903629669951717,0.0,1.0,0.0,0.0,0.0,0.0,0.0,0.0,0.0,1.0,0.0,0.0,0.0,0
0.6375946372920452,0.6188599025559229,-0.0402771433164724,0.0199329519611798,0.021266665566248,1.0,0.4561728210581666,-0.432951552836686,0.4866320448867606,0.0,0.4520374529744287,0.0,0.0,1.0,0.0,0.0,0.0,1.0,0.0,0.0,0.0,1.0,0.0,0.0,0
-0.0536307730192111,-0.6838380684503335,-0.4637080828006245,-0.4026405576178788,-0.40110097249143,0.0,-0.8904937591811287,-0.432951552836686,0.3492282125088826,0.0,0.4520374529744287,0.0,1.0,0.0,0.0,1.0,0.0,0.0,0.0,0.0,0.0,1.0,0.0,0.0,0
0.2399142596114124,0.2931192815904452,-0.1739921768377836,-0.1135113142216807,-0.1121125885572292,0.0,0.7669420318826194,-0.432951552836686,-0.3377909493805074,1.0,-3.7347543226936826,0.0,0.0,1.0,0.0,0.0,0.0,1.0,0.0,0.0,0.0,0.0,0.0,0.0,0
-0.1263311138703768,-0.4492847740651296,-0.4414222438804059,-0.3803998465874021,-0.3788710968041838,0.0,-0.579724548356676,-0.432951552836686,-0.0629832846247514,1.0,0.1903629669951717,0.0,1.0,0.0,0.0,0.0,0.0,0.0,0.0,0.0,1.0,0.0,0.0,0.0,0
1.5494027810145092,0.5015414901753831,-0.5082797606410615,-0.4471219796788324,-0.4455607238659225,1.0,-0.4761348114151917,-0.432951552836686,-1.1622139436477756,1.0,0.4520374529744287,0.0,0.0,0.0,0.0,0.0,1.0,0.0,0.0,0.0,0.0,0.0,0.0,0.0,0
-1.775689937249792,-0.3877646525143141,0.2271529237261499,0.2868214843269012,0.2880251738132027,1.0,-1.2012629700055817,-0.432951552836686,3.372112524822199,0.0,0.4520374529744287,1.0,0.0,0.0,0.0,0.0,0.0,0.0,0.0,0.0,1.0,0.0,0.0,0.0,1
0.2902378408946771,-0.3723532982357309,-0.4191364049601874,-0.3581591355569253,-0.3566412211169376,0.0,1.9064291382389464,0.9016653604771054,-0.7500024465141415,1.0,0.1903629669951717,0.0,1.0,0.0,0.0,0.0,0.0,1.0,0.0,0.0,0.0,0.0,0.0,0.0,0
-2.597673935202368,-3.857421546297502,-0.3299930492793133,-0.3136777134959718,-0.3121814697424452,0.0,0.8705317688241037,-0.432951552836686,-0.4751947817583855,0.0,0.4520374529744287,0.0,0.0,0.0,1.0,0.0,0.0,1.0,0.0,0.0,0.0,1.0,0.0,0.0,0
-1.1861733102608687,0.680644536962393,-0.5082797606410615,-0.4471219796788324,-0.4455607238659225,0.0,0.7669420318826194,-0.432951552836686,1.1736512067761506,0.0,-3.7347543226936826,1.0,0.0,0.0,0.0,0.0,0.0,1.0,0.0,0.0,0.0,1.0,0.0,0.0,0
1.2783034443645251,1.013039744508854,-0.3968505660399689,-0.3359184245264485,-0.3344113454296914,1.0,1.4920701904730094,-0.432951552836686,0.8988435420203946,1.0,0.1903629669951717,0.0,0.0,0.0,0.0,0.0,0.0,0.0,0.0,0.0,1.0,0.0,0.0,0.0,0
-0.3707934206466399,-0.0494248665785506,-0.3745647271197503,-0.3136777134959718,-0.3121814697424452,0.0,0.7669420318826194,2.403109387955121,-1.2996177760256535,1.0,-0.0713115189840851,1.0,0.0,0.0,0.0,0.0,0.0,0.0,0.0,0.0,1.0,0.0,0.0,0.0,0
-0.9723049834482724,-0.5248936856158598,-0.1517063379175651,-0.0912706031912039,-0.089882712869983,0.0,-0.3725450744737074,-0.432951552836686,-0.6125986141362635,0.0,0.4520374529744287,1.0,0.0,0.0,0.0,1.0,0.0,0.0,0.0,0.0,0.0,0.0,0.0,0.0,0
-1.7117583080963017,-0.0636667956002121,-0.2631355325186577,-0.2024741583435878,-0.2010320913062141,0.0,-1.40844244388855,0.0675297896559857,0.2118243801310045,0.0,0.1903629669951717,1.0,0.0,0.0,0.0,0.0,0.0,0.0,0.0,0.0,1.0,0.0,0.0,0.0,0
-0.7713685675497768,-3.0714467663938345,0.5614405075294279,-0.291437002465495,-0.3788710968041838,1.0,1.388480453531525,-0.0992973245082382,-0.0629832846247514,1.0,0.4520374529744287,0.0,1.0,0.0,0.0,0.0,0.0,0.0,0.0,1.0,0.0,0.0,0.0,0.0,1
0.4059407159985526,-0.225339837367503,0.4500113129283352,0.509228594631669,0.5103239306856648,0.0,-0.6833142852981603,-0.432951552836686,-0.8874062788920195,1.0,0.4520374529744287,0.0,1.0,0.0,0.0,1.0,0.0,0.0,0.0,0.0,0.0,0.0,0.0,0.0,0
-0.5859715393008792,-0.4388991640453678,-0.3299930492793133,-0.2691962914350182,-0.2677217183679528,1.0,-1.9263911285959716,-0.432951552836686,0.3492282125088826,0.0,0.1903629669951717,1.0,0.0,0.0,0.0,0.0,0.0,0.0,0.0,0.0,1.0,0.0,0.0,0.0,0
0.140604463451641,-0.3915235194115198,5.352895875376412,5.40218502133656,5.400896581879833,0.0,0.4561728210581666,-0.432951552836686,-0.4751947817583855,1.0,0.4520374529744287,0.0,1.0,0.0,0.0,0.0,0.0,1.0,0.0,0.0,0.0,1.0,0.0,0.0,0
0.1565563493542959,-0.2078959106185701,2.6785952049501884,2.7332996976793464,2.7333114994102865,0.0,0.7669420318826194,-0.432951552836686,-0.7500024465141415,1.0,0.1903629669951717,0.0,1.0,0.0,0.0,0.0,0.0,1.0,0.0,0.0,0.0,0.0,0.0,0.0,0
0.1995313090418906,-0.6739814841420786,0.2271529237261499,0.2868214843269012,0.2880251738132027,1.0,0.5597625579996509,-0.432951552836686,0.6240358772646386,0.0,0.4520374529744287,0.0,1.0,0.0,0.0,0.0,0.0,0.0,0.0,0.0,1.0,0.0,0.0,0.0,0
-1.0036488718065937,-0.7490041018263203,-0.3745647271197503,-0.4026405576178788,-0.3121814697424452,1.0,-0.3725450744737074,-0.2661244386724621,0.8988435420203946,1.0,0.4520374529744287,1.0,0.0,0.0,0.0,0.0,0.0,1.0,0.0,0.0,0.0,0.0,0.0,0.0,1
-0.9883120184811574,-0.5015747891238912,-0.485993921720843,-0.4248812686483556,-0.4233308481786763,0.0,-0.7869040222396445,-0.432951552836686,-0.3377909493805074,1.0,0.4520374529744287,1.0,0.0,0.0,0.0,0.0,1.0,0.0,0.0,0.0,0.0,0.0,0.0,0.0,0
2.1321636395571977,0.8550002740754498,-0.485993921720843,-0.4248812686483556,-0.4233308481786763,0.0,-0.8904937591811287,-0.432951552836686,-0.6125986141362635,0.0,-0.0713115189840851,0.0,0.0,0.0,0.0,0.0,0.0,0.0,0.0,0.0,1.0,0.0,0.0,0.0,0
-0.6907686739129641,0.0971570206830621,-0.1962780157580021,-0.1357520252521575,-0.1343424642444754,0.0,0.3525830841166824,-0.432951552836686,1.0362473743982727,1.0,0.4520374529744287,1.0,0.0,0.0,0.0,0.0,0.0,0.0,0.0,0.0,1.0,0.0,0.0,0.0,0
0.0683453156418265,0.033799230871285,-0.1962780157580021,-0.1357520252521575,-0.1343424642444754,1.0,0.974121505765588,-0.432951552836686,0.0744205477531265,1.0,0.4520374529744287,1.0,0.0,0.0,0.0,0.0,0.0,0.0,0.0,0.0,1.0,0.0,0.0,0.0,0
-0.4398677061888484,0.25935908816186,-0.5082797606410615,-0.4471219796788324,-0.4455607238659225,0.0,0.2489933471751981,-0.432951552836686,0.2118243801310045,0.0,0.1903629669951717,1.0,0.0,0.0,0.0,0.0,0.0,1.0,0.0,0.0,0.0,1.0,0.0,0.0,0
0.2407139219989655,0.2926180993373657,0.2271529237261499,0.2868214843269012,0.2880251738132027,0.0,1.2848907165900407,0.0675297896559857,-1.7118292731592877,1.0,0.1903629669951717,0.0,0.0,1.0,0.0,0.0,0.0,0.0,0.0,0.0,1.0,0.0,0.0,0.0,0
0.8108826990311541,0.8183966331321899,0.3385821183272425,-0.3803998465874021,-0.289951594055199,0.0,-1.0976732330640973,-0.2661244386724621,-0.7500024465141415,1.0,0.4520374529744287,0.0,0.0,0.0,1.0,0.0,0.0,0.0,0.0,1.0,0.0,0.0,0.0,0.0,1
0.1763548870865345,0.0242767680651491,-0.485993921720843,-0.4248812686483556,-0.4233308481786763,0.0,-1.2012629700055817,-0.432951552836686,0.2118243801310045,1.0,0.4520374529744287,0.0,0.0,1.0,0.0,0.0,0.0,0.0,0.0,0.0,1.0,0.0,0.0,0.0,0
-0.7127042404394159,-0.4225968190949292,0.1602954069654943,0.2200993512354709,0.221335546751464,1.0,1.2848907165900407,-0.432951552836686,0.0744205477531265,1.0,0.1903629669951717,1.0,0.0,0.0,0.0,0.0,0.0,0.0,0.0,0.0,1.0,0.0,0.0,0.0,0
-2.859394667924807,-1.379521925905218,-0.5082797606410615,-0.4471219796788324,-0.3788710968041838,0.0,0.0418138732922295,0.0675297896559857,-0.2003871170026294,1.0,0.1903629669951717,0.0,0.0,0.0,0.0,0.0,0.0,0.0,0.0,0.0,1.0,0.0,0.0,0.0,1
1.4980865153881795,0.5752848900067241,-0.3522788881995318,-0.291437002465495,-0.289951594055199,0.0,0.974121505765588,1.0684924746413291,-0.6125986141362635,1.0,0.1903629669951717,0.0,0.0,0.0,0.0,0.0,0.0,0.0,0.0,0.0,1.0,0.0,0.0,0.0,0
-1.2947757348549138,-2.211413732013713,-0.485993921720843,-0.4248812686483556,-0.4233308481786763,0.0,1.388480453531525,-0.432951552836686,-0.0629832846247514,0.0,0.4520374529744287,0.0,0.0,0.0,1.0,0.0,0.0,0.0,0.0,0.0,1.0,0.0,0.0,0.0,0
-0.4494657629149897,0.4223122929662269,0.3831537961676796,-0.4026405576178788,-0.4233308481786763,1.0,-1.304852706947066,-0.432951552836686,-1.4370216084035317,1.0,0.4520374529744287,0.0,1.0,0.0,0.0,0.0,0.0,0.0,0.0,0.0,1.0,0.0,0.0,0.0,1
0.2902378408946771,-0.3723532982357309,-0.4191364049601874,-0.3581591355569253,-0.3566412211169376,0.0,1.1813009796485563,-0.432951552836686,-1.0248101112698975,1.0,0.1903629669951717,0.0,1.0,0.0,0.0,0.0,0.0,1.0,0.0,0.0,0.0,1.0,0.0,0.0,0
0.4820740902029679,0.4903623415886576,-0.3522788881995318,-0.291437002465495,-0.289951594055199,0.0,-0.994083496122613,-0.432951552836686,-0.4751947817583855,1.0,0.4520374529744287,0.0,0.0,1.0,0.0,0.0,0.0,0.0,1.0,0.0,0.0,0.0,0.0,0.0,0
0.4387926499065988,0.5048771195962424,-0.0848488211569095,-0.3359184245264485,-0.3566412211169376,1.0,1.2848907165900407,1.902628045462449,0.0744205477531265,1.0,-0.0713115189840851,1.0,0.0,0.0,0.0,0.0,0.0,0.0,0.0,0.0,1.0,0.0,0.0,0.0,1
-0.144295943024374,-0.5035795181358135,0.0934378902048387,0.1533772181440405,0.1546459196897253,0.0,-0.0617758636492546,-0.432951552836686,0.0744205477531265,1.0,0.1903629669951717,0.0,1.0,0.0,0.0,0.0,0.0,1.0,0.0,0.0,0.0,0.0,0.0,0.0,0
-2.559533694092054,0.4620491927425549,-0.4637080828006245,-0.3359184245264485,-0.3344113454296914,1.0,1.6992496643559778,-0.2661244386724621,0.3492282125088826,1.0,0.4520374529744287,0.0,0.0,1.0,0.0,0.0,0.0,1.0,0.0,0.0,0.0,0.0,0.0,0.0,1
0.8045586288921178,-0.2010603415574124,-0.4637080828006245,-0.4026405576178788,-0.40110097249143,1.0,0.8705317688241037,1.0684924746413291,-0.8874062788920195,0.0,0.1903629669951717,0.0,1.0,0.0,0.0,0.0,0.0,1.0,0.0,0.0,0.0,0.0,0.0,0.0,0
1.5058073936124623,0.2406204405928839,0.8288705745720502,0.8873206821497741,0.8882318173688505,0.0,0.6633522949411351,-0.432951552836686,-0.6125986141362635,1.0,0.4520374529744287,0.0,1.0,0.0,0.0,0.0,0.0,1.0,0.0,0.0,0.0,0.0,0.0,0.0,0
0.2688951275175624,-0.184938979087148,2.433450976827785,2.488651876344102,2.488782866850578,0.0,1.4920701904730094,-0.432951552836686,-0.3377909493805074,1.0,0.4520374529744287,0.0,1.0,0.0,0.0,1.0,0.0,0.0,0.0,0.0,0.0,1.0,0.0,0.0,0
-1.842820215953397,-0.148951308978825,-0.4637080828006245,-0.4026405576178788,-0.40110097249143,0.0,-0.3725450744737074,0.0675297896559857,1.0362473743982727,1.0,0.4520374529744287,1.0,0.0,0.0,0.0,0.0,0.0,1.0,0.0,0.0,0.0,0.0,0.0,0.0,0
0.4019286167784744,-0.0940718522797793,-0.2854213714388762,-0.2247148693740646,-0.2232619669934603,1.0,1.802839401297462,-0.432951552836686,-1.0248101112698975,0.0,0.4520374529744287,0.0,1.0,0.0,0.0,0.0,0.0,0.0,0.0,0.0,1.0,0.0,0.0,0.0,0
0.4102285608695855,-0.1437724256982568,0.8734422524124873,0.9318021042107276,0.9326915687433428,0.0,0.5597625579996509,-0.432951552836686,-0.2003871170026294,0.0,0.4520374529744287,0.0,1.0,0.0,0.0,0.0,0.0,0.0,0.0,0.0,1.0,0.0,0.0,0.0,0
-2.2111089110152364,2.2336333320279875,0.4722971518485537,-0.2691962914350182,-0.3566412211169376,0.0,1.1813009796485563,-0.2661244386724621,0.2118243801310045,1.0,-0.0713115189840851,0.0,0.0,0.0,1.0,0.0,0.0,0.0,0.0,1.0,0.0,0.0,0.0,0.0,1
0.137778070530237,-0.5849937907833128,10.300352115664923,10.339622870102405,10.335928984448492,0.0,0.7669420318826194,-0.432951552836686,0.8988435420203946,1.0,-3.7347543226936826,0.0,1.0,0.0,0.0,1.0,0.0,0.0,0.0,0.0,0.0,0.0,0.0,0.0,0
-1.4434164279548851,-0.7086744334303585,-0.5082797606410615,-0.4471219796788324,-0.4455607238659225,1.0,-0.579724548356676,-0.432951552836686,0.6240358772646386,0.0,0.4520374529744287,1.0,0.0,0.0,0.0,0.0,0.0,1.0,0.0,0.0,0.0,1.0,0.0,0.0,0
-0.4877785130270433,-0.3144806697480156,-0.4414222438804059,-0.3803998465874021,-0.3788710968041838,0.0,-1.8228013916544872,-0.432951552836686,-1.1622139436477756,1.0,0.1903629669951717,1.0,0.0,0.0,0.0,0.0,0.0,1.0,0.0,0.0,0.0,0.0,0.0,0.0,0
-0.2996924045705805,0.2547649175096536,-0.5082797606410615,-0.4471219796788324,-0.4455607238659225,1.0,0.5597625579996509,1.4021467029697772,-0.6125986141362635,1.0,0.1903629669951717,1.0,0.0,0.0,0.0,0.0,1.0,0.0,0.0,0.0,0.0,0.0,0.0,0.0,0
-0.5837242122463038,-0.2753884540173132,-0.2408496935984392,-0.1802334473131111,-0.1788022156189679,1.0,1.1813009796485563,-0.432951552836686,-0.0629832846247514,1.0,0.1903629669951717,1.0,0.0,0.0,0.0,0.0,0.0,0.0,0.0,0.0,1.0,0.0,0.0,0.0,0
-0.4877785130270433,-0.3144806697480156,-0.4414222438804059,-0.3803998465874021,-0.3788710968041838,0.0,1.2848907165900407,-0.432951552836686,-0.8874062788920195,1.0,0.1903629669951717,1.0,0.0,0.0,0.0,0.0,0.0,1.0,0.0,0.0,0.0,0.0,0.0,0.0,0
0.4490673357941332,-0.2076870846799684,-0.4191364049601874,-0.3581591355569253,-0.3566412211169376,0.0,1.0777112427070723,-0.432951552836686,0.4866320448867606,1.0,0.4520374529744287,0.0,1.0,0.0,0.0,0.0,0.0,1.0,0.0,0.0,0.0,0.0,0.0,0.0,0
-0.4174220102083068,0.5612239434654347,-0.4191364049601874,-0.3581591355569253,-0.3566412211169376,0.0,-0.3725450744737074,-0.432951552836686,0.6240358772646386,0.0,0.1903629669951717,1.0,0.0,0.0,0.0,0.0,0.0,1.0,0.0,0.0,0.0,1.0,0.0,0.0,0
-2.0958444251891195,1.7161845236823705,-0.3077072103590948,-0.2469555804045414,-0.2454918426807065,0.0,0.3525830841166824,-0.432951552836686,-1.4370216084035317,1.0,0.4520374529744287,0.0,0.0,1.0,0.0,0.0,0.0,0.0,0.0,0.0,1.0,0.0,0.0,0.0,0
-0.2674439507016752,-0.6798982190729534,4.149460573684611,4.201186625690814,4.200483294768537,0.0,-1.9263911285959716,-0.432951552836686,-0.2003871170026294,1.0,0.4520374529744287,0.0,1.0,0.0,0.0,0.0,0.0,1.0,0.0,0.0,0.0,0.0,0.0,0.0,0
0.5956123619475151,-0.2994591238886042,0.2940104404868054,0.3535436174183315,0.3547148008749413,0.0,-0.8904937591811287,-0.432951552836686,-0.4751947817583855,1.0,-0.0713115189840851,0.0,1.0,0.0,0.0,0.0,0.0,1.0,0.0,0.0,0.0,0.0,0.0,1.0,0
0.329517808860674,-0.3750123485222816,3.2357411779556515,3.2893174734412662,3.289058391591442,0.0,-0.7869040222396445,-0.432951552836686,3.5095163572000767,0.0,0.4520374529744287,0.0,1.0,0.0,0.0,0.0,0.0,0.0,0.0,0.0,1.0,0.0,0.0,0.0,0
-0.9508106099631716,0.4453673126560963,-0.4414222438804059,-0.3803998465874021,-0.3788710968041838,1.0,1.388480453531525,-0.432951552836686,-0.7500024465141415,1.0,0.4520374529744287,1.0,0.0,0.0,0.0,0.0,0.0,0.0,0.0,0.0,1.0,1.0,0.0,0.0,0
0.4642057720268244,1.8230894825845232,-0.3299930492793133,-0.2691962914350182,-0.2677217183679528,0.0,0.8705317688241037,-0.432951552836686,0.2118243801310045,1.0,-3.7347543226936826,0.0,0.0,1.0,0.0,0.0,0.0,1.0,0.0,0.0,0.0,1.0,0.0,0.0,0
1.7745077430999827,0.9563643847366858,0.2494387626463684,0.309062195357378,0.3102550495004489,1.0,0.2489933471751981,2.069455159626673,2.135478033421297,1.0,0.1903629669951717,0.0,0.0,0.0,0.0,0.0,0.0,0.0,0.0,0.0,1.0,0.0,0.0,0.0,0
-0.6264923626957803,0.1292326848724325,-0.3299930492793133,-0.3136777134959718,-0.3121814697424452,0.0,0.7669420318826194,0.4011840179844336,-0.6125986141362635,0.0,0.1903629669951717,1.0,0.0,0.0,0.0,0.0,1.0,0.0,0.0,0.0,0.0,0.0,0.0,0.0,0
0.1652859771760211,1.5090828910300265,0.0042945345239646,-0.4471219796788324,-0.3566412211169376,1.0,0.7669420318826194,-0.2661244386724621,-0.6125986141362635,1.0,-0.0713115189840851,0.0,0.0,0.0,1.0,0.0,0.0,0.0,0.0,0.0,1.0,0.0,0.0,0.0,1
-1.2191767820169657,-3.085927314725672,-0.1294204989973465,-0.3803998465874021,-0.3344113454296914,1.0,2.113608612121914,-0.0992973245082382,1.3110550391540288,1.0,-0.0713115189840851,0.0,1.0,0.0,0.0,0.0,0.0,0.0,0.0,1.0,0.0,0.0,0.0,0.0,1
1.4855400882737575,0.5497106733765904,-0.3745647271197503,-0.3136777134959718,-0.3121814697424452,0.0,1.0777112427070723,-0.432951552836686,-1.1622139436477756,1.0,0.4520374529744287,0.0,0.0,0.0,0.0,0.0,0.0,0.0,0.0,0.0,1.0,0.0,0.0,0.0,0
0.4101320498917317,-0.4409735017035566,-0.3522788881995318,-0.291437002465495,-0.289951594055199,0.0,-0.3725450744737074,-0.432951552836686,0.8988435420203946,0.0,-0.0713115189840851,0.0,1.0,0.0,0.0,0.0,0.0,0.0,0.0,0.0,1.0,0.0,0.0,0.0,0
2.188536270616225,2.125779492335386,-0.3522788881995318,-0.3803998465874021,-0.3344113454296914,0.0,-0.1653656005907389,-0.432951552836686,-0.4751947817583855,1.0,0.1903629669951717,0.0,0.0,1.0,0.0,0.0,0.0,0.0,0.0,0.0,1.0,0.0,0.0,0.0,1
0.3245819617101719,-0.2559676417150834,-0.4414222438804059,-0.3803998465874021,-0.3788710968041838,0.0,-0.1653656005907389,0.4011840179844336,0.7614397096425166,1.0,0.4520374529744287,0.0,1.0,0.0,0.0,0.0,0.0,1.0,0.0,0.0,0.0,0.0,0.0,0.0,0
0.6199193410715111,-0.3853561933542043,0.1825812458857128,0.2423400622659476,0.2435654224387102,0.0,-0.994083496122613,-0.432951552836686,-0.3377909493805074,0.0,0.4520374529744287,0.0,1.0,0.0,0.0,0.0,0.0,0.0,0.0,0.0,1.0,0.0,0.0,0.0,0
1.4925853896533576,1.0794742364845833,-0.485993921720843,-0.4248812686483556,-0.4233308481786763,1.0,1.1813009796485563,-0.432951552836686,-1.1622139436477756,0.0,0.1903629669951717,0.0,0.0,0.0,0.0,0.0,0.0,0.0,0.0,0.0,1.0,0.0,0.0,0.0,0
-0.8158469011462626,0.7327396478117666,-0.3299930492793133,-0.2691962914350182,-0.2677217183679528,1.0,-1.719211654713003,-0.432951552836686,-0.4751947817583855,1.0,0.1903629669951717,1.0,0.0,0.0,0.0,0.0,0.0,0.0,0.0,0.0,1.0,0.0,0.0,0.0,0
0.2456497691494676,-0.3144806697480156,1.8094474870616657,1.8659119674907525,1.866346347607684,0.0,0.6633522949411351,-0.432951552836686,-0.4751947817583855,0.0,0.4520374529744287,0.0,1.0,0.0,0.0,0.0,0.0,1.0,0.0,0.0,0.0,0.0,0.0,0.0,0
0.6804041495892434,0.8058148046390676,-0.1739921768377836,-0.1135113142216807,-0.1121125885572292,0.0,-0.8904937591811287,-0.432951552836686,0.3492282125088826,1.0,0.4520374529744287,0.0,0.0,1.0,0.0,0.0,0.0,1.0,0.0,0.0,0.0,0.0,0.0,0.0,0
0.6044086482102075,-0.0581816342761503,-0.3968505660399689,-0.3359184245264485,-0.3344113454296914,0.0,-0.3725450744737074,-0.432951552836686,-0.7500024465141415,0.0,0.4520374529744287,0.0,1.0,0.0,0.0,0.0,0.0,1.0,0.0,0.0,0.0,0.0,0.0,0.0,0
-0.5121406412811715,-0.4049023012195555,2.8123102384714995,2.8667439638622074,2.866690753533764,0.0,1.1813009796485563,0.0675297896559857,0.2118243801310045,0.0,0.4520374529744287,1.0,0.0,0.0,0.0,1.0,0.0,0.0,0.0,0.0,0.0,0.0,0.0,0.0,0
1.5669254716198049,-3.888087109596978,0.2048670848059313,-0.3803998465874021,-0.4233308481786763,0.0,-0.2689553375322231,0.2343569038202096,-1.0248101112698975,1.0,0.1903629669951717,0.0,0.0,0.0,1.0,1.0,0.0,0.0,0.0,0.0,0.0,0.0,0.0,0.0,1
0.0299063719110063,0.9952895397164278,-0.1294204989973465,-0.0690298921607272,-0.0676528371827368,0.0,-0.4761348114151917,-0.432951552836686,-1.2996177760256535,0.0,0.1903629669951717,0.0,0.0,1.0,0.0,0.0,0.0,0.0,0.0,0.0,1.0,0.0,0.0,0.0,0
-0.5711502105667663,-0.2727850906476175,-0.3299930492793133,-0.3136777134959718,-0.3121814697424452,0.0,0.4561728210581666,-0.432951552836686,-1.0248101112698975,1.0,0.4520374529744287,1.0,0.0,0.0,0.0,0.0,0.0,0.0,1.0,0.0,0.0,1.0,0.0,0.0,0
-0.2969349480619151,-0.7410981408510615,0.1825812458857128,0.2423400622659476,0.2435654224387102,1.0,-0.7869040222396445,-0.0992973245082382,1.4484588715319069,1.0,0.1903629669951717,0.0,1.0,0.0,0.0,0.0,0.0,1.0,0.0,0.0,0.0,1.0,0.0,0.0,0
1.3344454806588877,-0.2781408493913057,-0.2408496935984392,-0.4471219796788324,-0.289951594055199,1.0,0.5597625579996509,0.0675297896559857,0.3492282125088826,1.0,0.1903629669951717,0.0,1.0,0.0,0.0,0.0,0.0,0.0,0.0,0.0,1.0,0.0,0.0,0.0,1
0.4486123554702735,2.3297847403271863,-0.3522788881995318,-0.291437002465495,-0.289951594055199,0.0,-0.1653656005907389,-0.432951552836686,-0.4751947817583855,0.0,-3.99642880867294,0.0,0.0,1.0,0.0,1.0,0.0,0.0,0.0,0.0,0.0,1.0,0.0,0.0,0
-0.0126549693003522,-0.7026741681240034,-0.5082797606410615,-0.4471219796788324,-0.4455607238659225,1.0,1.2848907165900407,-0.432951552836686,-0.8874062788920195,1.0,-3.7347543226936826,0.0,1.0,0.0,0.0,1.0,0.0,0.0,0.0,0.0,0.0,0.0,0.0,0.0,0
-0.7169920853103509,-0.3691930656962987,-0.5082797606410615,-0.4471219796788324,-0.4455607238659225,0.0,-1.40844244388855,-0.432951552836686,0.8988435420203946,0.0,0.1903629669951717,1.0,0.0,0.0,0.0,0.0,0.0,0.0,0.0,0.0,1.0,0.0,0.0,0.0,0
0.2355166902806321,-2.0207488084988667,-0.2854213714388762,-0.4026405576178788,-0.4455607238659225,1.0,0.8705317688241037,-0.432951552836686,0.7614397096425166,1.0,0.4520374529744287,0.0,1.0,0.0,0.0,0.0,0.0,0.0,0.0,0.0,1.0,0.0,0.0,0.0,1
0.5779784275746047,0.1024890429853772,-0.4637080828006245,-0.4026405576178788,-0.40110097249143,0.0,-1.2012629700055817,-0.432951552836686,1.4484588715319069,1.0,0.1903629669951717,0.0,1.0,0.0,0.0,1.0,0.0,0.0,0.0,0.0,0.0,0.0,0.0,0.0,0
0.6607159101172692,-0.0378976747604925,1.8763050038223208,1.9326341005821823,1.9330359746694228,0.0,1.4920701904730094,-0.2661244386724621,-1.2996177760256535,1.0,0.1903629669951717,0.0,1.0,0.0,0.0,0.0,0.0,1.0,0.0,0.0,0.0,0.0,0.0,0.0,0
0.0010220149826121,-0.4964794362188033,-0.0848488211569095,-0.0245484700997736,-0.0231930858082443,1.0,-0.579724548356676,0.0675297896559857,0.8988435420203946,0.0,-0.0713115189840851,0.0,1.0,0.0,0.0,0.0,0.0,0.0,1.0,0.0,0.0,1.0,0.0,0.0,0
0.3014256030920292,-0.070927655629625,-0.3745647271197503,-0.3581591355569253,-0.289951594055199,1.0,-0.1653656005907389,1.4021467029697772,2.4102856981770526,1.0,0.4520374529744287,0.0,0.0,0.0,1.0,0.0,0.0,1.0,0.0,0.0,0.0,0.0,0.0,0.0,1
0.8756596449682753,0.2379474685769217,-0.5082797606410615,-0.4471219796788324,-0.4455607238659225,0.0,-2.237160339420424,-0.432951552836686,-1.5744254407814096,1.0,0.4520374529744287,0.0,1.0,0.0,0.0,0.0,0.0,0.0,1.0,0.0,0.0,1.0,0.0,0.0,0
0.1536885945852683,0.7298717715864164,-0.3968505660399689,-0.3359184245264485,-0.3344113454296914,0.0,-0.579724548356676,-0.2661244386724621,-0.0629832846247514,1.0,0.4520374529744287,0.0,0.0,1.0,0.0,0.0,0.0,0.0,0.0,0.0,1.0,0.0,0.0,0.0,0
-1.104070042715165,-0.1860944826148559,-0.5082797606410615,-0.4471219796788324,-0.4455607238659225,1.0,-0.8904937591811287,-0.432951552836686,0.4866320448867606,0.0,0.4520374529744287,1.0,0.0,0.0,0.0,0.0,0.0,0.0,0.0,0.0,1.0,0.0,0.0,0.0,0
-0.8497360416377996,-0.369568952385861,0.1825812458857128,0.2423400622659476,0.2435654224387102,0.0,0.974121505765588,-0.432951552836686,0.2118243801310045,1.0,0.4520374529744287,1.0,0.0,0.0,0.0,0.0,0.0,0.0,0.0,0.0,1.0,0.0,0.0,0.0,0
0.0806722931845062,1.9988212855135536,0.4722971518485537,-0.4026405576178788,-0.2677217183679528,1.0,-0.2689553375322231,0.4011840179844336,1.1736512067761506,1.0,0.1903629669951717,0.0,1.0,0.0,0.0,1.0,0.0,0.0,0.0,0.0,0.0,0.0,0.0,0.0,1
-0.3231859340244169,-0.6193804620279012,2.0100200373436325,2.0660783667650438,2.0664152287929003,0.0,0.7669420318826194,-0.432951552836686,-0.8874062788920195,0.0,0.1903629669951717,0.0,1.0,0.0,0.0,0.0,1.0,0.0,0.0,0.0,0.0,0.0,0.0,0.0,0
0.104123313841933,0.2665705439127778,-0.4414222438804059,-0.3803998465874021,-0.3788710968041838,0.0,-0.6833142852981603,0.4011840179844336,0.7614397096425166,1.0,0.1903629669951717,0.0,0.0,1.0,0.0,0.0,1.0,0.0,0.0,0.0,0.0,0.0,0.0,0.0,0
0.3410301897844081,-0.5902283609807359,-0.1739921768377836,-0.1135113142216807,-0.1121125885572292,0.0,1.1813009796485563,-0.432951552836686,-0.7500024465141415,0.0,0.4520374529744287,0.0,1.0,0.0,0.0,0.0,0.0,1.0,0.0,0.0,0.0,0.0,0.0,0.0,0
-2.079713304613461,-0.1837834755596379,0.4054396350878981,0.4647471725707154,0.4658641793111724,1.0,-1.304852706947066,-0.432951552836686,1.0362473743982727,1.0,0.1903629669951717,1.0,0.0,0.0,0.0,0.0,0.0,0.0,0.0,0.0,1.0,0.0,0.0,0.0,0
0.8825532862398896,-0.1915239570218649,-0.1962780157580021,-0.1357520252521575,-0.1343424642444754,1.0,-1.304852706947066,0.4011840179844336,0.3492282125088826,1.0,-3.7347543226936826,0.0,1.0,0.0,0.0,0.0,0.0,0.0,0.0,0.0,1.0,0.0,0.0,0.0,0
-1.174647142054626,-0.0486730931990303,-0.4414222438804059,-0.3803998465874021,-0.3788710968041838,0.0,-0.3725450744737074,5.239170328746928,1.5858627039097848,0.0,0.1903629669951717,1.0,0.0,0.0,0.0,0.0,0.0,0.0,1.0,0.0,0.0,1.0,0.0,0.0,0
-0.6419892682744776,1.7707855457965478,-0.485993921720843,-0.4248812686483556,-0.4233308481786763,0.0,1.1813009796485563,-0.432951552836686,0.0744205477531265,0.0,0.1903629669951717,0.0,0.0,1.0,0.0,0.0,0.0,1.0,0.0,0.0,0.0,1.0,0.0,0.0,0
2.1026277730919367,-0.9537864756690276,0.1825812458857128,-0.4248812686483556,-0.3121814697424452,0.0,1.1813009796485563,-0.432951552836686,-2.124040770292922,1.0,0.1903629669951717,0.0,0.0,1.0,0.0,0.0,0.0,0.0,0.0,1.0,0.0,0.0,0.0,0.0,1
-0.710057082191113,-0.3879595567237021,-0.5082797606410615,-0.4471219796788324,-0.4455607238659225,0.0,-1.5120321808300343,1.2353195888055533,0.6240358772646386,0.0,-0.0713115189840851,1.0,0.0,0.0,0.0,0.0,0.0,0.0,0.0,0.0,0.0,1.0,0.0,0.0,0
0.872185249767304,0.2425277174999143,-0.4191364049601874,-0.3581591355569253,-0.3566412211169376,0.0,1.0777112427070723,-0.432951552836686,-0.8874062788920195,1.0,-0.0713115189840851,0.0,1.0,0.0,0.0,0.0,0.0,1.0,0.0,0.0,0.0,0.0,0.0,0.0,0
-0.709877847518012,-0.3063503798668147,0.1380095680452757,0.1978586402049941,0.1991056710642178,1.0,0.5597625579996509,-0.2661244386724621,-1.0248101112698975,1.0,-0.0713115189840851,1.0,0.0,0.0,0.0,0.0,0.0,0.0,0.0,0.0,1.0,0.0,0.0,0.0,0
0.0309128435366775,-0.4707103153790837,-0.4414222438804059,-0.3803998465874021,-0.3788710968041838,1.0,1.2848907165900407,-0.432951552836686,0.6240358772646386,1.0,-0.0713115189840851,0.0,1.0,0.0,0.0,0.0,0.0,0.0,0.0,0.0,1.0,0.0,0.0,0.0,0
0.8861655542662402,0.1872862958403222,-0.3968505660399689,-0.3359184245264485,-0.3344113454296914,0.0,1.4920701904730094,-0.432951552836686,2.272881865799175,0.0,0.1903629669951717,0.0,1.0,0.0,0.0,0.0,0.0,0.0,0.0,0.0,1.0,0.0,0.0,0.0,1
-1.320268420277584,-0.4690814730569216,-0.5082797606410615,-0.4471219796788324,-0.4455607238659225,1.0,-0.8904937591811287,0.5680111321486576,0.6240358772646386,0.0,0.1903629669951717,1.0,0.0,0.0,0.0,1.0,0.0,0.0,0.0,0.0,0.0,0.0,0.0,0.0,1
0.6255583396317127,-0.3808316313482645,0.2717246015665869,0.3313029063878547,0.3324849251876951,1.0,-0.0617758636492546,-0.0992973245082382,-0.3377909493805074,0.0,0.1903629669951717,0.0,1.0,0.0,0.0,0.0,0.0,0.0,0.0,0.0,1.0,0.0,0.0,0.0,0
2.1196991396949776,2.122963143952481,-0.1517063379175651,-0.291437002465495,-0.40110097249143,1.0,2.2171983490633997,0.2343569038202096,-0.7500024465141415,1.0,0.1903629669951717,0.0,0.0,0.0,1.0,0.0,0.0,1.0,0.0,0.0,0.0,0.0,0.0,0.0,1
-1.837319090218673,-1.823470824764364,-0.4637080828006245,-0.4026405576178788,-0.40110097249143,1.0,1.0777112427070723,-0.432951552836686,0.4866320448867606,0.0,0.1903629669951717,0.0,0.0,0.0,1.0,0.0,0.0,0.0,0.0,0.0,0.0,1.0,0.0,0.0,0
-0.2148316805162114,-0.0941414609260458,-0.1739921768377836,-0.1135113142216807,-0.1121125885572292,1.0,0.3525830841166824,-0.432951552836686,-0.6125986141362635,0.0,0.4520374529744287,1.0,0.0,0.0,0.0,1.0,0.0,0.0,0.0,0.0,0.0,1.0,0.0,0.0,0
-1.3459403403733552,-0.7273991592701207,-0.5082797606410615,-0.4471219796788324,-0.4455607238659225,0.0,0.8705317688241037,-0.0992973245082382,-0.7500024465141415,0.0,-0.0713115189840851,1.0,0.0,0.0,0.0,0.0,0.0,0.0,0.0,0.0,1.0,0.0,0.0,0.0,0
-0.8000880371992172,-0.3754300003996829,-0.5082797606410615,-0.4471219796788324,-0.4455607238659225,0.0,-0.4761348114151917,-0.432951552836686,1.1736512067761506,1.0,-3.7347543226936826,1.0,0.0,0.0,0.0,0.0,0.0,0.0,1.0,0.0,0.0,0.0,0.0,0.0,0
0.5540850669269428,-0.40256345070591,-0.3299930492793133,-0.2691962914350182,-0.2677217183679528,0.0,0.1454036102337138,-0.432951552836686,0.3492282125088826,1.0,0.1903629669951717,0.0,1.0,0.0,0.0,0.0,0.0,1.0,0.0,0.0,0.0,0.0,0.0,0.0,0
-0.3494231327044101,0.0956952391118606,-0.5082797606410615,-0.4471219796788324,-0.4455607238659225,1.0,0.4561728210581666,-0.432951552836686,-0.6125986141362635,0.0,0.1903629669951717,1.0,0.0,0.0,0.0,0.0,0.0,1.0,0.0,0.0,0.0,1.0,0.0,0.0,0
-1.5412867204863434,-3.019435649024034,0.0265803734441831,-0.3581591355569253,-0.4233308481786763,1.0,-0.2689553375322231,-0.0992973245082382,0.0744205477531265,1.0,0.4520374529744287,1.0,0.0,0.0,0.0,0.0,0.0,0.0,0.0,1.0,0.0,0.0,0.0,0.0,1
-0.6769951786521461,-0.2835605090863531,-0.4637080828006245,-0.4026405576178788,-0.40110097249143,1.0,-1.40844244388855,-0.432951552836686,0.8988435420203946,0.0,-0.0713115189840851,1.0,0.0,0.0,0.0,0.0,0.0,1.0,0.0,0.0,0.0,0.0,0.0,0.0,0
1.531989443162323,1.6392948130408107,-0.3968505660399689,-0.3359184245264485,-0.3344113454296914,1.0,0.4561728210581666,-0.432951552836686,0.0744205477531265,1.0,0.4520374529744287,0.0,0.0,0.0,0.0,0.0,0.0,1.0,0.0,0.0,0.0,0.0,0.0,0.0,0
0.3680532635694459,-0.5702785229671972,0.0042945345239646,0.0644143740221334,0.0657264169407405,0.0,0.2489933471751981,0.0675297896559857,0.7614397096425166,1.0,0.4520374529744287,0.0,1.0,0.0,0.0,0.0,0.0,0.0,0.0,0.0,1.0,0.0,0.0,0.0,0
0.2297116705293213,0.1011804004359225,-0.5082797606410615,-0.4471219796788324,-0.4455607238659225,0.0,0.974121505765588,-0.432951552836686,-0.7500024465141415,0.0,0.1903629669951717,0.0,0.0,1.0,0.0,0.0,0.0,0.0,0.0,0.0,1.0,0.0,0.0,0.0,0
-0.0266214865167798,2.070562141712918,-0.5082797606410615,-0.4471219796788324,-0.4455607238659225,0.0,-2.547929550244877,-0.432951552836686,-0.7500024465141415,0.0,0.1903629669951717,0.0,0.0,1.0,0.0,0.0,0.0,0.0,1.0,0.0,0.0,1.0,0.0,0.0,0
-0.9883120184811574,-0.5015747891238912,-0.485993921720843,-0.4248812686483556,-0.4233308481786763,0.0,-0.579724548356676,2.403109387955121,0.0744205477531265,1.0,-0.0713115189840851,1.0,0.0,0.0,0.0,0.0,0.0,1.0,0.0,0.0,0.0,1.0,0.0,0.0,0
1.6183057316524796,-3.1348903268562047,-0.3299930492793133,-0.4471219796788324,-0.289951594055199,1.0,0.7669420318826194,-0.2661244386724621,-1.7118292731592877,1.0,-0.0713115189840851,0.0,1.0,0.0,0.0,1.0,0.0,0.0,0.0,0.0,0.0,0.0,0.0,0.0,1
0.5233256395726835,-0.4953378544203091,-0.2185638546782206,-0.1579927362826343,-0.1565723399317216,0.0,1.1813009796485563,-0.432951552836686,-0.8874062788920195,1.0,0.4520374529744287,0.0,1.0,0.0,0.0,0.0,0.0,0.0,0.0,0.0,1.0,0.0,0.0,0.0,0
-0.3816991611384304,-0.7152733330942892,2.143735070864944,2.199522632947904,2.1997944829163774,0.0,-0.994083496122613,-0.432951552836686,-0.2003871170026294,1.0,-3.99642880867294,0.0,1.0,0.0,0.0,0.0,0.0,1.0,0.0,0.0,0.0,1.0,0.0,0.0,0
0.3680532635694459,-0.5702785229671972,0.0042945345239646,0.0644143740221334,0.0657264169407405,0.0,-0.7869040222396445,-0.2661244386724621,0.7614397096425166,1.0,-3.7347543226936826,0.0,1.0,0.0,0.0,0.0,0.0,0.0,1.0,0.0,0.0,0.0,0.0,0.0,0
-1.4143114745058645,-0.1927908343834806,-0.3299930492793133,-0.3136777134959718,-0.3121814697424452,0.0,1.1813009796485563,-0.432951552836686,-0.4751947817583855,0.0,0.1903629669951717,1.0,0.0,0.0,0.0,0.0,0.0,1.0,0.0,0.0,0.0,1.0,0.0,0.0,0
0.0300856065840093,-0.5081319236001807,-0.2631355325186577,-0.2024741583435878,-0.2010320913062141,1.0,1.4920701904730094,5.0723432145827045,-0.2003871170026294,0.0,0.1903629669951717,0.0,1.0,0.0,0.0,0.0,0.0,1.0,0.0,0.0,0.0,0.0,0.0,0.0,0
-0.8942000278401383,-0.3946698302217384,-0.5082797606410615,-0.4471219796788324,-0.4455607238659225,0.0,0.0418138732922295,-0.432951552836686,0.0744205477531265,0.0,-0.0713115189840851,1.0,0.0,0.0,0.0,0.0,1.0,0.0,0.0,0.0,0.0,1.0,0.0,0.0,0
0.3240166831259499,0.576106272032511,-0.3968505660399689,-0.3359184245264485,-0.3344113454296914,0.0,0.7669420318826194,-0.432951552836686,-0.4751947817583855,1.0,0.4520374529744287,0.0,0.0,1.0,0.0,0.0,0.0,0.0,0.0,0.0,1.0,0.0,0.0,0.0,0
-0.556935522264499,0.3660273776667857,-0.485993921720843,-0.4248812686483556,-0.4233308481786763,0.0,-0.994083496122613,-0.432951552836686,1.1736512067761506,0.0,-0.0713115189840851,1.0,0.0,0.0,0.0,0.0,0.0,1.0,0.0,0.0,0.0,0.0,0.0,0.0,0
1.9402223342703435,0.4491117065958749,-0.4637080828006245,-0.4026405576178788,-0.3566412211169376,1.0,0.4561728210581666,-0.2661244386724621,0.7614397096425166,1.0,0.1903629669951717,0.0,1.0,0.0,0.0,0.0,0.0,1.0,0.0,0.0,0.0,0.0,0.0,0.0,1
-0.696517970733528,-0.36567086819632,-0.5082797606410615,-0.4471219796788324,-0.4455607238659225,1.0,-0.2689553375322231,-0.432951552836686,-0.7500024465141415,1.0,0.4520374529744287,1.0,0.0,0.0,0.0,0.0,0.0,1.0,0.0,0.0,0.0,0.0,0.0,0.0,0
-0.5810632667153942,-0.2815140148867897,-0.2631355325186577,-0.2024741583435878,-0.2010320913062141,1.0,0.6633522949411351,-0.432951552836686,-0.0629832846247514,1.0,-0.0713115189840851,1.0,0.0,0.0,0.0,0.0,0.0,0.0,0.0,0.0,1.0,0.0,0.0,0.0,0
-0.3945075466212009,0.4698277909465591,-0.5082797606410615,-0.4471219796788324,-0.4455607238659225,0.0,0.6633522949411351,-0.432951552836686,0.3492282125088826,0.0,0.1903629669951717,1.0,0.0,0.0,0.0,0.0,0.0,1.0,0.0,0.0,0.0,1.0,0.0,0.0,0
2.067377198886022,0.5662357659950424,-0.4414222438804059,-0.3803998465874021,-0.3788710968041838,0.0,0.8705317688241037,-0.432951552836686,0.4866320448867606,0.0,-0.0713115189840851,0.0,0.0,0.0,0.0,1.0,0.0,0.0,0.0,0.0,0.0,1.0,0.0,0.0,0
0.1023861162414474,-0.6872767355748318,-0.5082797606410615,-0.4471219796788324,-0.4455607238659225,0.0,-0.2689553375322231,-0.432951552836686,-0.4751947817583855,0.0,0.1903629669951717,0.0,1.0,0.0,0.0,0.0,0.0,0.0,0.0,0.0,1.0,0.0,0.0,0.0,0
-0.7491440282015003,-0.654839106424915,-0.2408496935984392,-0.1802334473131111,-0.1788022156189679,1.0,1.388480453531525,-0.432951552836686,2.685093362932809,0.0,0.1903629669951717,1.0,0.0,0.0,0.0,0.0,0.0,1.0,0.0,0.0,0.0,0.0,0.0,0.0,0
0.1981250062224918,-0.3786041546685268,-0.2854213714388762,-0.2247148693740646,-0.2232619669934603,1.0,1.6992496643559778,0.4011840179844336,0.3492282125088826,1.0,0.1903629669951717,0.0,1.0,0.0,0.0,1.0,0.0,0.0,0.0,0.0,0.0,0.0,0.0,0.0,0
-2.1461680064723843,-0.4488253569998892,-0.2631355325186577,-0.2024741583435878,-0.2010320913062141,0.0,-0.0617758636492546,-0.432951552836686,-0.0629832846247514,0.0,0.1903629669951717,1.0,0.0,0.0,0.0,0.0,0.0,1.0,0.0,0.0,0.0,0.0,0.0,0.0,0
-0.7023229137282545,2.0744176094103146,-0.2408496935984392,-0.4248812686483556,-0.40110097249143,0.0,-0.579724548356676,-0.2661244386724621,1.4484588715319069,1.0,0.4520374529744287,0.0,1.0,0.0,0.0,0.0,0.0,0.0,0.0,0.0,1.0,0.0,0.0,0.0,1
-1.2698345407339569,0.1634105301784192,-0.5082797606410615,-0.4471219796788324,-0.4455607238659225,1.0,-0.1653656005907389,0.4011840179844336,-0.3377909493805074,0.0,-0.0713115189840851,1.0,0.0,0.0,0.0,0.0,0.0,0.0,0.0,0.0,1.0,0.0,0.0,1.0,0
0.2866531474334416,-0.6305735323440382,1.5865890978594803,1.6435048571859845,1.644047590735222,0.0,-1.304852706947066,-0.432951552836686,0.0744205477531265,0.0,0.4520374529744287,0.0,1.0,0.0,0.0,0.0,0.0,1.0,0.0,0.0,0.0,0.0,0.0,0.0,0
-1.4990756875823796,-0.2180587729703186,-0.5082797606410615,-0.4471219796788324,-0.4455607238659225,1.0,0.4561728210581666,-0.432951552836686,0.6240358772646386,0.0,-0.0713115189840851,1.0,0.0,0.0,0.0,0.0,0.0,1.0,0.0,0.0,0.0,0.0,0.0,1.0,0
0.0146576374180508,-0.0080216437924324,-0.3522788881995318,-0.291437002465495,-0.289951594055199,0.0,-0.4761348114151917,-0.432951552836686,-0.8874062788920195,1.0,0.4520374529744287,1.0,0.0,0.0,0.0,0.0,0.0,1.0,0.0,0.0,0.0,0.0,0.0,0.0,0
0.3450009271568627,-0.484242236209064,-0.2631355325186577,-0.2024741583435878,-0.2010320913062141,1.0,0.4561728210581666,0.7348382463128814,-0.6125986141362635,1.0,0.1903629669951717,0.0,1.0,0.0,0.0,0.0,1.0,0.0,0.0,0.0,0.0,1.0,0.0,0.0,0
-0.7278840385196328,-0.3990551749351451,-0.4414222438804059,-0.3803998465874021,-0.3788710968041838,0.0,-0.2689553375322231,-0.432951552836686,0.3492282125088826,1.0,-0.0713115189840851,1.0,0.0,0.0,0.0,0.0,0.0,1.0,0.0,0.0,0.0,0.0,0.0,1.0,0
0.709784848689121,0.1153527208113174,-0.2185638546782206,-0.1579927362826343,-0.1565723399317216,1.0,0.3525830841166824,-0.432951552836686,-1.1622139436477756,1.0,0.4520374529744287,0.0,1.0,0.0,0.0,0.0,0.0,1.0,0.0,0.0,0.0,1.0,0.0,0.0,0
0.3666055989023256,-0.3906325287394665,0.0042945345239646,0.0644143740221334,0.0657264169407405,1.0,-1.5120321808300343,-0.432951552836686,-0.0629832846247514,0.0,-3.99642880867294,0.0,1.0,0.0,0.0,0.0,0.0,0.0,1.0,0.0,0.0,1.0,0.0,0.0,0
-0.5603409810527316,-0.4717266016142585,0.0488662123644016,0.108895796083087,0.1101861683152329,1.0,-1.0976732330640973,-0.2661244386724621,1.4484588715319069,0.0,0.4520374529744287,1.0,0.0,0.0,0.0,0.0,0.0,1.0,0.0,0.0,0.0,1.0,0.0,0.0,0
-0.7308620915490227,-0.4919131090252223,-0.485993921720843,-0.4248812686483556,-0.4233308481786763,0.0,0.7669420318826194,-0.432951552836686,-0.6125986141362635,1.0,0.1903629669951717,1.0,0.0,0.0,0.0,0.0,0.0,0.0,0.0,0.0,1.0,0.0,0.0,0.0,0
-0.5603961301829617,0.5120106305706251,-0.0625629822366909,-0.0023077590692968,-0.0009632101209981,1.0,-1.0976732330640973,-0.432951552836686,-0.7500024465141415,1.0,0.1903629669951717,1.0,0.0,0.0,0.0,0.0,0.0,0.0,0.0,0.0,1.0,0.0,0.0,0.0,0
1.4855400882737575,0.5497106733765904,-0.3745647271197503,-0.3136777134959718,-0.3121814697424452,0.0,-1.40844244388855,-0.432951552836686,-0.4751947817583855,1.0,0.1903629669951717,0.0,0.0,0.0,0.0,0.0,0.0,0.0,0.0,0.0,1.0,0.0,0.0,0.0,0
1.5446599558196166,0.4764266906104897,-0.485993921720843,-0.4248812686483556,-0.4233308481786763,0.0,-1.40844244388855,-0.432951552836686,-1.0248101112698975,1.0,0.4520374529744287,0.0,0.0,0.0,0.0,0.0,0.0,1.0,0.0,0.0,0.0,0.0,0.0,0.0,0
2.280487225158689,0.8779432838776582,-0.2408496935984392,-0.1802334473131111,-0.1788022156189679,1.0,0.6633522949411351,0.0675297896559857,-0.8874062788920195,0.0,0.4520374529744287,0.0,0.0,0.0,0.0,0.0,0.0,0.0,0.0,0.0,0.0,0.0,0.0,0.0,0
0.2407139219989655,0.2926180993373657,0.2271529237261499,0.2868214843269012,0.2880251738132027,0.0,0.974121505765588,-0.432951552836686,1.0362473743982727,1.0,-0.0713115189840851,0.0,0.0,1.0,0.0,0.0,0.0,0.0,0.0,0.0,1.0,0.0,0.0,0.0,0
-0.7263674374398718,-0.3735644886802938,-0.3968505660399689,-0.3359184245264485,-0.3344113454296914,0.0,0.974121505765588,1.0684924746413291,0.0744205477531265,1.0,0.1903629669951717,1.0,0.0,0.0,0.0,0.0,0.0,0.0,0.0,0.0,1.0,0.0,0.0,0.0,0
-0.2231040500422074,-0.7775730714830524,4.751178224530512,4.801685823513687,4.800689938324185,0.0,0.3525830841166824,-0.432951552836686,-1.0248101112698975,1.0,0.4520374529744287,0.0,1.0,0.0,0.0,0.0,0.0,0.0,0.0,0.0,1.0,0.0,0.0,0.0,0
-0.4618859964106455,0.4523838641976262,0.1825812458857128,0.2423400622659476,0.2435654224387102,1.0,0.5597625579996509,-0.2661244386724621,-1.0248101112698975,1.0,-0.0713115189840851,1.0,0.0,0.0,0.0,0.0,0.0,0.0,0.0,0.0,1.0,0.0,0.0,0.0,0
-0.8107731811702831,0.6754238884939857,-0.4191364049601874,-0.3581591355569253,-0.3566412211169376,1.0,-0.2689553375322231,-0.432951552836686,-0.4751947817583855,0.0,0.4520374529744287,1.0,0.0,0.0,0.0,0.0,0.0,0.0,0.0,0.0,1.0,0.0,0.0,0.0,0
-0.5711502105667663,-0.2727850906476175,-0.3522788881995318,-0.291437002465495,-0.289951594055199,0.0,1.0777112427070723,-0.2661244386724621,-0.7500024465141415,1.0,0.1903629669951717,1.0,0.0,0.0,0.0,0.0,0.0,1.0,0.0,0.0,0.0,0.0,0.0,0.0,0
0.1531922524136869,-0.0830179992561753,-0.3299930492793133,-0.3136777134959718,-0.3121814697424452,0.0,0.0418138732922295,-0.432951552836686,-0.2003871170026294,1.0,0.4520374529744287,0.0,0.0,1.0,0.0,0.0,0.0,1.0,0.0,0.0,0.0,0.0,0.0,0.0,0
-0.4599006277244182,-0.0694582349677676,-0.0402771433164724,0.0199329519611798,0.021266665566248,1.0,-1.2012629700055817,-0.432951552836686,-0.0629832846247514,1.0,0.4520374529744287,1.0,0.0,0.0,0.0,0.0,0.0,0.0,0.0,0.0,1.0,0.0,0.0,0.0,0
-2.514535782390039,-1.1963237067904875,0.2271529237261499,-0.3136777134959718,-0.4455607238659225,1.0,1.388480453531525,-0.432951552836686,0.8988435420203946,1.0,0.4520374529744287,0.0,0.0,0.0,1.0,0.0,0.0,0.0,0.0,0.0,1.0,0.0,0.0,0.0,1
0.563033013297621,0.01357095827268,0.2940104404868054,0.3535436174183315,0.3547148008749413,1.0,1.0777112427070723,0.9016653604771054,-0.6125986141362635,1.0,0.1903629669951717,0.0,1.0,0.0,0.0,0.0,0.0,0.0,0.0,0.0,1.0,0.0,0.0,0.0,0
1.9453735356598691,0.9496541112386496,-0.3522788881995318,-0.291437002465495,-0.289951594055199,1.0,-0.0617758636492546,-0.432951552836686,-0.4751947817583855,0.0,0.4520374529744287,0.0,0.0,0.0,0.0,0.0,0.0,1.0,0.0,0.0,0.0,0.0,0.0,0.0,0
0.8422116975180894,0.1548208232319779,-0.3299930492793133,-0.2691962914350182,-0.2677217183679528,0.0,-0.2689553375322231,-0.432951552836686,-0.2003871170026294,0.0,0.1903629669951717,0.0,1.0,0.0,0.0,0.0,1.0,0.0,0.0,0.0,0.0,0.0,0.0,0.0,0
-1.775666584401638,-1.049903127050941,0.0042945345239646,-0.3803998465874021,-0.3566412211169376,1.0,0.8705317688241037,-0.0992973245082382,0.7614397096425166,1.0,0.4520374529744287,0.0,0.0,0.0,0.0,1.0,0.0,0.0,0.0,0.0,0.0,0.0,0.0,0.0,1
0.8769556495273118,0.2304575782411355,-0.485993921720843,-0.4248812686483556,-0.4233308481786763,0.0,0.7669420318826194,0.7348382463128814,-0.3377909493805074,0.0,0.4520374529744287,0.0,1.0,0.0,0.0,0.0,0.0,0.0,0.0,0.0,1.0,0.0,0.0,0.0,0
0.4498118490515542,-0.0176694021618876,-0.3968505660399689,-0.3359184245264485,-0.3344113454296914,0.0,-0.6833142852981603,0.9016653604771054,-1.0248101112698975,1.0,-0.0713115189840851,0.0,1.0,0.0,0.0,0.0,0.0,0.0,0.0,0.0,1.0,0.0,0.0,0.0,0
1.1082235269095853,0.40704079203393,-0.5082797606410615,-0.4471219796788324,-0.4455607238659225,1.0,-1.40844244388855,-0.432951552836686,-0.2003871170026294,0.0,0.4520374529744287,0.0,0.0,0.0,0.0,0.0,1.0,0.0,0.0,0.0,0.0,0.0,0.0,0.0,0
0.4406019443125277,-0.0830040775267638,-0.2631355325186577,-0.2024741583435878,-0.2010320913062141,0.0,-0.579724548356676,-0.432951552836686,-0.0629832846247514,1.0,0.4520374529744287,0.0,1.0,0.0,0.0,0.0,1.0,0.0,0.0,0.0,0.0,1.0,0.0,0.0,0
0.756929957428126,1.3320655549974485,-0.3077072103590948,-0.3581591355569253,-0.3121814697424452,1.0,-0.6833142852981603,0.0675297896559857,0.7614397096425166,1.0,0.4520374529744287,0.0,0.0,1.0,0.0,0.0,0.0,1.0,0.0,0.0,0.0,0.0,0.0,0.0,1
0.5108895107186234,2.5988639232497093,-0.3522788881995318,-0.291437002465495,-0.289951594055199,0.0,-1.304852706947066,-0.432951552836686,3.234708692444321,0.0,-3.99642880867294,0.0,0.0,1.0,0.0,0.0,0.0,0.0,1.0,0.0,0.0,1.0,0.0,0.0,0
0.3437187098803347,-0.2127963593142701,1.5197315810988248,1.5767827240945542,1.5773579636734834,0.0,-0.4761348114151917,-0.2661244386724621,-0.8874062788920195,1.0,0.4520374529744287,0.0,1.0,0.0,0.0,0.0,0.0,0.0,0.0,0.0,1.0,0.0,0.0,0.0,0
1.383583133865585,0.549390473603883,-0.4191364049601874,-0.3581591355569253,-0.3566412211169376,0.0,0.4561728210581666,-0.432951552836686,-0.8874062788920195,1.0,0.1903629669951717,0.0,0.0,0.0,0.0,0.0,0.0,0.0,0.0,0.0,1.0,0.0,0.0,0.0,0
-0.0465165352268722,-0.4489645742924222,-0.4191364049601874,-0.3581591355569253,-0.3566412211169376,0.0,-0.4761348114151917,0.5680111321486576,0.7614397096425166,1.0,0.4520374529744287,0.0,1.0,0.0,0.0,1.0,0.0,0.0,0.0,0.0,0.0,0.0,0.0,0.0,0
1.5630797652975714,0.6051052340579294,0.0711520512846202,0.1311365071135637,0.1324160440024791,1.0,0.974121505765588,-0.432951552836686,0.6240358772646386,0.0,0.1903629669951717,0.0,0.0,0.0,0.0,1.0,0.0,0.0,0.0,0.0,0.0,0.0,0.0,0.0,0
-0.9901733016245138,0.2417620223911803,-0.0848488211569095,-0.0245484700997736,-0.0231930858082443,0.0,-0.6833142852981603,-0.2661244386724621,2.135478033421297,0.0,0.1903629669951717,1.0,0.0,0.0,0.0,0.0,0.0,1.0,0.0,0.0,0.0,0.0,0.0,0.0,0
0.232606999863464,-0.4785343272169888,-0.0179913043962539,0.0421736629916566,0.0434965412534942,0.0,-0.4761348114151917,3.070417844612017,-0.2003871170026294,1.0,0.4520374529744287,0.0,1.0,0.0,0.0,0.0,0.0,0.0,0.0,0.0,1.0,0.0,0.0,0.0,0
0.4733743149181293,-0.5113199995980404,-0.2185638546782206,-0.1579927362826343,-0.1565723399317216,0.0,0.4561728210581666,-0.432951552836686,-0.3377909493805074,1.0,-0.0713115189840851,0.0,1.0,0.0,0.0,0.0,0.0,1.0,0.0,0.0,0.0,0.0,0.0,0.0,0
0.3680532635694459,-0.5702785229671972,0.0042945345239646,0.0644143740221334,0.0657264169407405,0.0,0.3525830841166824,-0.432951552836686,-1.1622139436477756,1.0,0.4520374529744287,0.0,1.0,0.0,0.0,0.0,0.0,0.0,0.0,0.0,1.0,0.0,0.0,0.0,0
0.958553679287908,-1.1172722744402137,0.2940104404868054,-0.4026405576178788,-0.3566412211169376,0.0,0.5597625579996509,-0.0992973245082382,1.0362473743982727,1.0,-3.99642880867294,0.0,0.0,0.0,0.0,1.0,0.0,0.0,0.0,0.0,0.0,0.0,0.0,0.0,1
-0.5544262368416734,0.0124711416620249,-0.2408496935984392,-0.1802334473131111,-0.1788022156189679,1.0,-0.7869040222396445,-0.432951552836686,-0.8874062788920195,0.0,0.4520374529744287,1.0,0.0,0.0,0.0,0.0,0.0,0.0,1.0,0.0,0.0,1.0,0.0,0.0,0
-0.8723747595740488,0.7185534057071579,-0.2854213714388762,-0.2247148693740646,-0.2232619669934603,1.0,1.1813009796485563,0.0675297896559857,0.2118243801310045,0.0,0.4520374529744287,1.0,0.0,0.0,0.0,1.0,0.0,0.0,0.0,0.0,0.0,1.0,0.0,0.0,0
0.39433584871467,-0.5197132273870816,0.3385821183272425,-0.2691962914350182,-0.3566412211169376,0.0,0.3525830841166824,-0.432951552836686,0.0744205477531265,1.0,0.1903629669951717,0.0,1.0,0.0,0.0,0.0,0.0,0.0,0.0,1.0,0.0,0.0,0.0,0.0,1
-0.2381597625795534,-0.6717122422745019,-0.3745647271197503,-0.3136777134959718,-0.3121814697424452,1.0,-0.3725450744737074,3.237244958776241,1.9980742010434187,0.0,-3.7347543226936826,0.0,1.0,0.0,0.0,0.0,0.0,0.0,1.0,0.0,0.0,1.0,0.0,0.0,0
-2.140901264540893,-0.4194087430968716,-0.2854213714388762,-0.2247148693740646,-0.2232619669934603,1.0,-1.0976732330640973,-0.432951552836686,0.0744205477531265,0.0,0.4520374529744287,1.0,0.0,0.0,0.0,0.0,0.0,0.0,0.0,0.0,1.0,0.0,0.0,0.0,0
-0.8000880371992172,-0.3754300003996829,-0.5082797606410615,-0.4471219796788324,-0.4455607238659225,0.0,-0.4761348114151917,-0.432951552836686,0.2118243801310045,1.0,0.1903629669951717,1.0,0.0,0.0,0.0,0.0,0.0,1.0,0.0,0.0,0.0,0.0,0.0,0.0,0
-0.857374196166835,0.2301791436560694,0.1825812458857128,0.2423400622659476,0.2435654224387102,1.0,-0.8904937591811287,4.405034757925809,5.982785340001881,0.0,-0.0713115189840851,1.0,0.0,0.0,0.0,0.0,0.0,0.0,0.0,0.0,0.0,1.0,0.0,0.0,0
-1.2014798825350084,-3.469108256633956,0.0711520512846202,-0.4026405576178788,-0.4455607238659225,0.0,0.3525830841166824,0.2343569038202096,-0.7500024465141415,1.0,0.4520374529744287,0.0,1.0,0.0,0.0,0.0,0.0,0.0,0.0,0.0,1.0,0.0,0.0,0.0,1
-1.8410416565053855,-0.1603810486921891,-0.4414222438804059,-0.3803998465874021,-0.3788710968041838,0.0,-1.6156219177715183,-0.2661244386724621,-0.4751947817583855,0.0,0.4520374529744287,1.0,0.0,0.0,0.0,0.0,0.0,0.0,0.0,0.0,1.0,0.0,0.0,0.0,0
1.839321758336273,0.5994669337121207,-0.485993921720843,-0.4248812686483556,-0.4233308481786763,0.0,1.0777112427070723,-0.432951552836686,-0.3377909493805074,1.0,0.1903629669951717,0.0,1.0,0.0,0.0,0.0,0.0,1.0,0.0,0.0,0.0,0.0,0.0,0.0,0
0.3139381795867296,-0.6194639924035793,-0.5082797606410615,-0.4471219796788324,-0.4455607238659225,1.0,-0.1653656005907389,-0.432951552836686,-0.2003871170026294,0.0,0.4520374529744287,0.0,1.0,0.0,0.0,0.0,0.0,1.0,0.0,0.0,0.0,0.0,1.0,0.0,0
0.2113883720292201,-0.5304762990446157,-0.485993921720843,-0.4248812686483556,-0.4233308481786763,0.0,1.5956599274144936,-0.432951552836686,1.1736512067761506,1.0,0.1903629669951717,0.0,1.0,0.0,0.0,0.0,0.0,0.0,0.0,0.0,1.0,0.0,0.0,0.0,0
-0.7285458280817085,0.7845006371590213,-0.0402771433164724,0.0199329519611798,0.021266665566248,1.0,-0.6833142852981603,1.0684924746413291,-0.7500024465141415,0.0,0.4520374529744287,1.0,0.0,0.0,0.0,0.0,0.0,1.0,0.0,0.0,0.0,0.0,0.0,0.0,0
-1.3979183955617602,-0.5496882854080458,-0.5082797606410615,-0.4471219796788324,-0.4455607238659225,0.0,0.4561728210581666,-0.432951552836686,1.3110550391540288,0.0,0.4520374529744287,1.0,0.0,0.0,0.0,0.0,0.0,0.0,0.0,0.0,1.0,0.0,0.0,0.0,0
0.3172609146797149,-0.1738155174172775,2.9237394330725923,2.977947519014591,2.977840131969995,0.0,-0.7869040222396445,-0.0992973245082382,-0.0629832846247514,0.0,0.1903629669951717,0.0,1.0,0.0,0.0,0.0,0.0,1.0,0.0,0.0,0.0,0.0,1.0,0.0,0
2.1859882818642107,1.817172717484088,0.4277254740081166,-0.3581591355569253,-0.4455607238659225,1.0,-0.7869040222396445,-0.0992973245082382,0.6240358772646386,1.0,0.4520374529744287,0.0,0.0,0.0,0.0,0.0,0.0,1.0,0.0,0.0,0.0,0.0,0.0,0.0,1
-0.7991091401386611,-0.0140358308278033,-0.5082797606410615,-0.4471219796788324,-0.4455607238659225,1.0,0.1454036102337138,6.073305899568048,2.135478033421297,0.0,0.4520374529744287,1.0,0.0,0.0,0.0,0.0,0.0,0.0,0.0,0.0,1.0,0.0,0.0,0.0,0
0.3519635048413136,-0.0234051546123902,-0.0848488211569095,-0.0245484700997736,-0.0231930858082443,1.0,-0.4761348114151917,1.2353195888055533,0.7614397096425166,0.0,0.4520374529744287,0.0,1.0,0.0,0.0,0.0,0.0,0.0,0.0,0.0,1.0,0.0,0.0,0.0,0
1.657357203329085,0.9822866445979545,-0.485993921720843,-0.4248812686483556,-0.4233308481786763,0.0,-1.6156219177715183,-0.432951552836686,1.4484588715319069,0.0,0.4520374529744287,0.0,0.0,0.0,0.0,0.0,0.0,1.0,0.0,0.0,0.0,1.0,0.0,0.0,0
0.7423917719041302,0.2233574963241254,1.1854439972955466,1.2431720586374029,1.24390982836479,0.0,-0.8904937591811287,-0.432951552836686,3.372112524822199,0.0,0.4520374529744287,0.0,1.0,0.0,0.0,0.0,1.0,0.0,0.0,0.0,0.0,0.0,0.0,0.0,0
0.3759395891842229,-0.2778665218234917,0.0711520512846202,0.1311365071135637,0.1324160440024791,0.0,1.388480453531525,1.0684924746413291,-0.6125986141362635,1.0,0.4520374529744287,0.0,1.0,0.0,0.0,0.0,0.0,0.0,0.0,0.0,1.0,0.0,0.0,0.0,0
2.0636822071644243,1.3366503408992882,-0.5082797606410615,-0.4471219796788324,-0.4455607238659225,1.0,0.4561728210581666,1.7358009312982252,0.3492282125088826,0.0,-3.7347543226936826,0.0,0.0,0.0,0.0,0.0,0.0,1.0,0.0,0.0,0.0,1.0,0.0,0.0,0
1.889783212445016,0.9082926536401724,-0.4637080828006245,-0.4026405576178788,-0.40110097249143,1.0,0.974121505765588,-0.432951552836686,-0.3377909493805074,0.0,0.1903629669951717,0.0,0.0,0.0,0.0,0.0,0.0,1.0,0.0,0.0,0.0,0.0,0.0,0.0,0
0.0263768275799029,-0.5049160041436956,-0.2185638546782206,-0.1579927362826343,-0.1565723399317216,1.0,-0.4761348114151917,0.5680111321486576,0.7614397096425166,1.0,0.4520374529744287,0.0,1.0,0.0,0.0,0.0,0.0,0.0,0.0,0.0,0.0,1.0,0.0,0.0,0
-1.142453837315853,-0.1766833936426278,-0.5082797606410615,-0.4471219796788324,-0.4455607238659225,1.0,0.2489933471751981,-0.432951552836686,-0.7500024465141415,0.0,0.4520374529744287,1.0,0.0,0.0,0.0,0.0,0.0,0.0,0.0,0.0,0.0,1.0,0.0,0.0,0
0.5606891752651918,0.0058722419980942,-0.3522788881995318,-0.291437002465495,-0.289951594055199,1.0,0.5597625579996509,-0.432951552836686,0.0744205477531265,1.0,0.1903629669951717,0.0,1.0,0.0,0.0,0.0,0.0,0.0,0.0,0.0,1.0,0.0,0.0,0.0,0
-1.4390320721060963,-0.1832822933065584,-0.3299930492793133,-0.3136777134959718,-0.3121814697424452,0.0,0.5597625579996509,-0.432951552836686,-0.3377909493805074,1.0,-3.99642880867294,1.0,0.0,0.0,0.0,0.0,0.0,1.0,0.0,0.0,0.0,1.0,0.0,0.0,0
-0.8583668805099975,-0.4241282093123972,-0.4191364049601874,-0.3581591355569253,-0.3566412211169376,1.0,0.3525830841166824,-0.432951552836686,0.4866320448867606,0.0,-0.0713115189840851,1.0,0.0,0.0,0.0,0.0,0.0,0.0,0.0,0.0,1.0,0.0,0.0,0.0,0
0.136082234777375,-0.4828082980964878,-0.3299930492793133,-0.2691962914350182,-0.2677217183679528,0.0,-0.4761348114151917,0.5680111321486576,0.3492282125088826,0.0,-0.0713115189840851,0.0,1.0,0.0,0.0,0.0,0.0,1.0,0.0,0.0,0.0,0.0,0.0,0.0,0
-0.9870298012046296,0.1710117943483109,-0.485993921720843,-0.4248812686483556,-0.4233308481786763,0.0,-1.0976732330640973,-0.432951552836686,-0.6125986141362635,0.0,0.4520374529744287,1.0,0.0,0.0,0.0,0.0,0.0,1.0,0.0,0.0,0.0,1.0,0.0,0.0,0
-1.0496930003641984,1.2913351121940195,-0.4191364049601874,-0.3581591355569253,-0.3566412211169376,1.0,-0.6833142852981603,4.071380529597361,3.784324021955833,1.0,0.1903629669951717,1.0,0.0,0.0,0.0,0.0,0.0,1.0,0.0,0.0,0.0,0.0,0.0,0.0,0
-0.7109676074647747,-2.484745066083087,0.2717246015665869,-0.291437002465495,-0.3121814697424452,1.0,-0.1653656005907389,-0.2661244386724621,-0.3377909493805074,1.0,0.4520374529744287,0.0,1.0,0.0,0.0,1.0,0.0,0.0,0.0,0.0,0.0,0.0,0.0,0.0,1
1.5525724525517492,1.4143654253145803,0.4945829907687722,-0.3359184245264485,-0.3344113454296914,1.0,0.5597625579996509,-0.432951552836686,1.723266536287663,1.0,-0.0713115189840851,0.0,0.0,0.0,1.0,0.0,0.0,1.0,0.0,0.0,0.0,0.0,0.0,0.0,1
0.2321795941046213,0.2602500788337155,-0.485993921720843,-0.4248812686483556,-0.4233308481786763,0.0,1.0777112427070723,0.4011840179844336,-0.2003871170026294,1.0,0.4520374529744287,0.0,0.0,1.0,0.0,0.0,0.0,1.0,0.0,0.0,0.0,0.0,0.0,1.0,0
1.0897623555841047,-0.0054739673397895,-0.3968505660399689,-0.3359184245264485,-0.3344113454296914,0.0,-0.3725450744737074,1.7358009312982252,-0.3377909493805074,1.0,0.4520374529744287,0.0,1.0,0.0,0.0,0.0,0.0,0.0,0.0,0.0,1.0,0.0,0.0,0.0,0
-0.8525072854290715,-0.3605476718326068,0.1825812458857128,0.2423400622659476,0.2435654224387102,0.0,-2.340750076361908,-0.432951552836686,-1.1622139436477756,1.0,-0.0713115189840851,1.0,0.0,0.0,0.0,0.0,0.0,0.0,0.0,0.0,1.0,0.0,0.0,0.0,0
2.131887893906341,0.9122046595591252,-0.485993921720843,-0.4248812686483556,-0.4233308481786763,0.0,0.4561728210581666,-0.432951552836686,-1.1622139436477756,0.0,0.4520374529744287,0.0,0.0,0.0,0.0,0.0,0.0,0.0,0.0,0.0,1.0,0.0,0.0,0.0,0
-0.6320486375607347,0.6932854671203199,-0.3299930492793133,-0.2691962914350182,-0.2677217183679528,1.0,0.6633522949411351,-0.432951552836686,0.3492282125088826,0.0,0.4520374529744287,1.0,0.0,0.0,0.0,0.0,0.0,0.0,0.0,0.0,0.0,1.0,0.0,0.0,0
-0.5629054156057874,-0.2780057391160248,-0.1962780157580021,-0.1357520252521575,-0.1343424642444754,0.0,0.3525830841166824,-0.432951552836686,-0.6125986141362635,1.0,0.4520374529744287,1.0,0.0,0.0,0.0,0.0,1.0,0.0,0.0,0.0,0.0,0.0,0.0,0.0,0
0.0263768275799029,-0.5049160041436956,-0.2185638546782206,-0.1579927362826343,-0.1565723399317216,1.0,1.388480453531525,-0.432951552836686,-0.0629832846247514,1.0,0.4520374529744287,0.0,1.0,0.0,0.0,0.0,0.0,1.0,0.0,0.0,0.0,0.0,0.0,0.0,0
0.1445338389764719,0.0839452996257892,-0.3299930492793133,-0.3136777134959718,-0.3121814697424452,0.0,-1.40844244388855,-0.432951552836686,1.1736512067761506,0.0,0.1903629669951717,0.0,0.0,1.0,0.0,0.0,0.0,0.0,0.0,0.0,1.0,0.0,0.0,0.0,0
-0.4522624731953829,2.124912572700457,-0.3745647271197503,-0.3136777134959718,-0.3121814697424452,1.0,-0.2689553375322231,0.7348382463128814,0.6240358772646386,0.0,0.4520374529744287,0.0,0.0,1.0,0.0,0.0,0.0,1.0,0.0,0.0,0.0,0.0,0.0,0.0,0
1.5880761085486603,0.853454962128768,-0.4191364049601874,-0.3581591355569253,-0.3566412211169376,1.0,1.0777112427070723,-0.432951552836686,-0.4751947817583855,0.0,-0.0713115189840851,0.0,0.0,0.0,0.0,0.0,0.0,0.0,0.0,0.0,1.0,0.0,0.0,0.0,0
1.79874578581124,0.7099915422191441,-0.4414222438804059,-0.3803998465874021,-0.3788710968041838,0.0,1.1813009796485563,2.236282273790897,3.372112524822199,1.0,0.1903629669951717,0.0,0.0,0.0,0.0,0.0,0.0,1.0,0.0,0.0,0.0,0.0,0.0,0.0,0
1.2343082257686528,0.4206005563223378,-0.3299930492793133,-0.3136777134959718,-0.3121814697424452,0.0,-0.2689553375322231,-0.432951552836686,0.4866320448867606,1.0,0.1903629669951717,0.0,0.0,0.0,0.0,0.0,0.0,1.0,0.0,0.0,0.0,0.0,0.0,0.0,0
0.3166404869652628,0.5720689705502391,-0.4414222438804059,-0.3803998465874021,-0.3788710968041838,0.0,-1.304852706947066,-0.432951552836686,2.272881865799175,0.0,0.4520374529744287,0.0,0.0,1.0,0.0,0.0,0.0,0.0,0.0,0.0,1.0,0.0,0.0,0.0,0
-1.843923198556922,-0.148756404769437,-0.5082797606410615,-0.4471219796788324,-0.4455607238659225,0.0,1.0777112427070723,-0.432951552836686,1.5858627039097848,0.0,-0.0713115189840851,1.0,0.0,0.0,0.0,0.0,0.0,0.0,0.0,0.0,1.0,0.0,0.0,0.0,0
0.4706828394373323,2.57801217268022,-0.3968505660399689,-0.291437002465495,-0.40110097249143,1.0,-2.444339813303393,-0.2661244386724621,-1.5744254407814096,1.0,0.4520374529744287,0.0,0.0,1.0,0.0,0.0,0.0,1.0,0.0,0.0,0.0,0.0,0.0,0.0,1
1.1519843617022243,0.1754806694371979,-0.3968505660399689,-0.3359184245264485,-0.3344113454296914,1.0,0.7669420318826194,2.569936502119345,-1.0248101112698975,1.0,-0.0713115189840851,0.0,1.0,0.0,0.0,0.0,0.0,0.0,0.0,0.0,1.0,0.0,0.0,0.0,0
0.3661919804260894,-0.0538519764795985,0.1157237291250572,0.1756179291745173,0.1768757953769716,0.0,-0.2689553375322231,-0.432951552836686,-0.0629832846247514,0.0,0.1903629669951717,0.0,1.0,0.0,0.0,1.0,0.0,0.0,0.0,0.0,0.0,0.0,0.0,0.0,0
0.1536885945852683,0.7298717715864164,-0.3968505660399689,-0.3359184245264485,-0.3344113454296914,0.0,-2.029980865537456,-0.432951552836686,-0.6125986141362635,1.0,0.4520374529744287,0.0,0.0,1.0,0.0,0.0,0.0,0.0,0.0,0.0,1.0,0.0,0.0,0.0,0
1.8616020069264188,0.4501563875178885,-0.4191364049601874,-0.3581591355569253,-0.3566412211169376,1.0,-1.0976732330640973,0.4011840179844336,0.4866320448867606,0.0,0.4520374529744287,0.0,1.0,0.0,0.0,0.0,0.0,1.0,0.0,0.0,0.0,1.0,0.0,0.0,0
1.99119872469524,-2.940575720891466,-0.3077072103590948,-0.3136777134959718,-0.4455607238659225,0.0,0.3525830841166824,0.0675297896559857,0.8988435420203946,1.0,0.4520374529744287,0.0,0.0,0.0,0.0,0.0,0.0,1.0,0.0,0.0,0.0,0.0,0.0,0.0,1
-2.25131567651333,2.6020103303435502,0.0934378902048387,-0.291437002465495,-0.3121814697424452,1.0,-3.480237182718236,0.4011840179844336,-0.3377909493805074,1.0,0.4520374529744287,0.0,1.0,0.0,0.0,0.0,0.0,0.0,0.0,1.0,0.0,0.0,0.0,0.0,1
1.4980865153881795,0.5752848900067241,-0.3522788881995318,-0.291437002465495,-0.289951594055199,0.0,0.8705317688241037,-0.432951552836686,0.4866320448867606,1.0,0.1903629669951717,0.0,0.0,0.0,0.0,0.0,0.0,1.0,0.0,0.0,0.0,0.0,0.0,1.0,0
-1.0163553511743748,-0.5984561029668287,-0.5082797606410615,-0.4471219796788324,-0.4455607238659225,0.0,0.6633522949411351,-0.432951552836686,-0.3377909493805074,0.0,0.4520374529744287,1.0,0.0,0.0,0.0,0.0,0.0,1.0,0.0,0.0,0.0,1.0,0.0,0.0,0
1.0738104696813515,0.1429316664533734,-0.4414222438804059,-0.3803998465874021,-0.3788710968041838,1.0,-1.5120321808300343,-0.0992973245082382,-0.3377909493805074,1.0,0.1903629669951717,0.0,1.0,0.0,0.0,0.0,0.0,0.0,0.0,0.0,1.0,0.0,0.0,0.0,0
0.326898225177486,-0.283852865400633,-0.3522788881995318,-0.291437002465495,-0.289951594055199,0.0,0.974121505765588,-0.432951552836686,-0.6125986141362635,1.0,0.1903629669951717,0.0,1.0,0.0,0.0,0.0,0.0,0.0,0.0,0.0,1.0,0.0,0.0,0.0,0
-0.4633060865125528,2.1462685053683423,-0.4191364049601874,-0.3581591355569253,-0.3566412211169376,0.0,-0.4761348114151917,-0.432951552836686,0.0744205477531265,0.0,0.1903629669951717,0.0,0.0,1.0,0.0,0.0,0.0,0.0,0.0,0.0,1.0,0.0,0.0,0.0,0
1.0057399092780483,-0.7626069203708686,0.1825812458857128,-0.3359184245264485,-0.3344113454296914,0.0,0.2489933471751981,0.0675297896559857,-1.7118292731592877,1.0,0.4520374529744287,1.0,0.0,0.0,0.0,0.0,0.0,0.0,0.0,0.0,1.0,0.0,0.0,0.0,1
-0.8020320440378208,-0.2951294660920524,-0.5082797606410615,-0.4471219796788324,-0.4455607238659225,1.0,0.5597625579996509,0.7348382463128814,-0.3377909493805074,0.0,0.1903629669951717,1.0,0.0,0.0,0.0,0.0,0.0,1.0,0.0,0.0,0.0,1.0,0.0,0.0,0
0.6734691464699075,-0.0237671195727388,-0.0848488211569095,-0.0245484700997736,-0.0231930858082443,1.0,-0.994083496122613,-0.432951552836686,1.4484588715319069,0.0,0.1903629669951717,0.0,1.0,0.0,0.0,0.0,0.0,0.0,0.0,0.0,1.0,0.0,0.0,0.0,0
-0.689403732941091,-0.3547840759236766,-0.485993921720843,-0.4248812686483556,-0.4233308481786763,0.0,-0.8904937591811287,-0.432951552836686,1.4484588715319069,1.0,0.1903629669951717,1.0,0.0,0.0,0.0,0.0,0.0,0.0,0.0,0.0,1.0,0.0,0.0,0.0,0
0.4412223720269799,-0.2984428376534294,0.8511564134922687,0.9095613931802508,0.9104616930560968,1.0,-0.8904937591811287,-0.432951552836686,0.3492282125088826,0.0,0.4520374529744287,0.0,1.0,0.0,0.0,0.0,0.0,0.0,0.0,0.0,1.0,0.0,0.0,0.0,0
0.4689899590693406,-0.2550209641261751,-0.5082797606410615,-0.4471219796788324,-0.4455607238659225,1.0,-1.304852706947066,-0.432951552836686,0.4866320448867606,0.0,0.4520374529744287,0.0,1.0,0.0,0.0,0.0,0.0,0.0,0.0,0.0,1.0,0.0,0.0,0.0,0
-0.2905238616791776,-0.6752205180452668,0.4722971518485537,0.5314693056621458,0.532553806372911,1.0,0.3525830841166824,-0.432951552836686,-0.7500024465141415,0.0,0.1903629669951717,0.0,1.0,0.0,0.0,0.0,0.0,1.0,0.0,0.0,0.0,0.0,0.0,0.0,0
-1.036912189446445,0.1531084505343355,-0.485993921720843,-0.4248812686483556,-0.4233308481786763,0.0,0.3525830841166824,1.7358009312982252,-0.8874062788920195,1.0,-3.99642880867294,1.0,0.0,0.0,0.0,0.0,0.0,1.0,0.0,0.0,0.0,0.0,0.0,0.0,0
-0.2992512115291313,0.1807430830932464,0.2271529237261499,0.2868214843269012,0.2880251738132027,1.0,0.974121505765588,-0.432951552836686,0.8988435420203946,0.0,0.4520374529744287,1.0,0.0,0.0,0.0,0.0,0.0,1.0,0.0,0.0,0.0,1.0,0.0,0.0,0
0.1269412664511852,0.1755641998126782,-0.4414222438804059,-0.3803998465874021,-0.3788710968041838,0.0,0.974121505765588,-0.432951552836686,-0.0629832846247514,1.0,0.1903629669951717,0.0,0.0,1.0,0.0,0.0,0.0,1.0,0.0,0.0,0.0,0.0,0.0,0.0,0
-1.835457284684236,-0.2109965943686152,0.5614405075294279,-0.4248812686483556,-0.4455607238659225,1.0,0.0418138732922295,0.5680111321486576,0.4866320448867606,1.0,-3.99642880867294,0.0,0.0,0.0,0.0,0.0,0.0,0.0,0.0,1.0,0.0,0.0,0.0,0.0,1
-0.679380378532101,-0.3236133241353754,-0.3299930492793133,-0.2691962914350182,-0.2677217183679528,1.0,-0.0617758636492546,-0.432951552836686,1.8606703686655408,0.0,0.1903629669951717,1.0,0.0,0.0,0.0,0.0,0.0,1.0,0.0,0.0,0.0,1.0,0.0,0.0,0
-0.8383339589745258,0.6413574170221047,-0.5082797606410615,-0.4471219796788324,-0.4455607238659225,1.0,-0.2689553375322231,-0.432951552836686,0.3492282125088826,1.0,-0.0713115189840851,1.0,0.0,0.0,0.0,0.0,0.0,1.0,0.0,0.0,0.0,0.0,0.0,1.0,0
-1.1788660505129205,-0.7529176889833995,-0.2408496935984392,-0.1802334473131111,-0.1788022156189679,0.0,0.8705317688241037,-0.432951552836686,1.5858627039097848,1.0,0.1903629669951717,1.0,0.0,0.0,0.0,0.0,0.0,1.0,0.0,0.0,0.0,1.0,0.0,0.0,0
-0.4761420465604383,0.600413611301029,-0.4637080828006245,-0.4026405576178788,-0.40110097249143,1.0,-0.579724548356676,-0.432951552836686,0.3492282125088826,1.0,0.4520374529744287,1.0,0.0,0.0,0.0,0.0,0.0,1.0,0.0,0.0,0.0,0.0,0.0,0.0,0
-0.1350380534967739,-3.2433187428137096,-0.1739921768377836,-0.291437002465495,-0.3788710968041838,0.0,-1.0976732330640973,1.902628045462449,-0.3377909493805074,1.0,0.4520374529744287,0.0,1.0,0.0,0.0,0.0,0.0,0.0,0.0,0.0,1.0,0.0,0.0,0.0,1
-2.0439490936959617,1.8352988391358351,-0.3299930492793133,-0.3136777134959718,-0.3121814697424452,0.0,-0.4761348114151917,-0.0992973245082382,-0.3377909493805074,0.0,0.4520374529744287,0.0,0.0,1.0,0.0,0.0,0.0,0.0,0.0,0.0,1.0,0.0,0.0,0.0,0
-0.5628226919105402,-0.280010468127947,-0.1962780157580021,-0.1357520252521575,-0.1343424642444754,0.0,0.5597625579996509,-0.432951552836686,0.6240358772646386,1.0,0.1903629669951717,1.0,0.0,0.0,0.0,0.0,0.0,0.0,0.0,0.0,1.0,0.0,0.0,0.0,0
-0.0465165352268722,-0.4489645742924222,-0.4191364049601874,-0.3581591355569253,-0.3566412211169376,0.0,-0.8904937591811287,-0.432951552836686,0.3492282125088826,1.0,0.4520374529744287,0.0,1.0,0.0,0.0,0.0,0.0,1.0,0.0,0.0,0.0,0.0,0.0,0.0,0
-0.0996251475839173,1.5499590764507123,-0.2408496935984392,-0.1802334473131111,-0.1788022156189679,1.0,-1.0976732330640973,-0.432951552836686,-0.0629832846247514,0.0,0.4520374529744287,0.0,0.0,1.0,0.0,0.0,0.0,0.0,0.0,0.0,1.0,0.0,0.0,0.0,0
-0.5701713135062102,-0.2609376990568521,0.0711520512846202,0.1311365071135637,0.1324160440024791,1.0,-0.3725450744737074,0.2343569038202096,0.8988435420203946,1.0,0.4520374529744287,1.0,0.0,0.0,0.0,0.0,0.0,0.0,0.0,0.0,1.0,0.0,0.0,0.0,0
-0.2937914476420308,-0.7134774300211666,7.626051445238701,7.670737546445192,7.668343901978948,0.0,-2.13357060247894,-0.432951552836686,-1.5744254407814096,1.0,0.4520374529744287,0.0,1.0,0.0,0.0,0.0,0.0,1.0,0.0,0.0,0.0,0.0,0.0,0.0,0
-0.5765134634761111,-0.419673255952724,0.4722971518485537,0.5314693056621458,0.532553806372911,0.0,0.2489933471751981,0.0675297896559857,-0.3377909493805074,1.0,-3.7347543226936826,1.0,0.0,0.0,0.0,0.0,0.0,1.0,0.0,0.0,0.0,0.0,0.0,0.0,0
-0.5810632667153942,-0.2815140148867897,-0.2631355325186577,-0.2024741583435878,-0.2010320913062141,1.0,-0.0617758636492546,-0.432951552836686,0.8988435420203946,1.0,0.4520374529744287,1.0,0.0,0.0,0.0,0.0,0.0,0.0,0.0,0.0,1.0,0.0,0.0,0.0,0
-1.1063449443348554,-0.1919276871700525,-0.5082797606410615,-0.4471219796788324,-0.4455607238659225,0.0,0.8705317688241037,-0.432951552836686,0.0744205477531265,0.0,-0.0713115189840851,1.0,0.0,0.0,0.0,0.0,0.0,0.0,1.0,0.0,0.0,1.0,0.0,0.0,0
0.71448631203639,0.096057204072407,-0.0625629822366909,-0.0023077590692968,-0.0009632101209981,1.0,1.1813009796485563,-0.432951552836686,-0.3377909493805074,1.0,0.1903629669951717,0.0,1.0,0.0,0.0,0.0,0.0,0.0,0.0,0.0,1.0,0.0,0.0,0.0,0
-0.7492819010269777,0.9936189322066245,-0.2185638546782206,-0.1579927362826343,-0.1565723399317216,1.0,-1.5120321808300343,0.0675297896559857,-0.2003871170026294,0.0,0.1903629669951717,1.0,0.0,0.0,0.0,0.0,0.0,0.0,0.0,0.0,1.0,0.0,0.0,0.0,0
0.4397333455123339,-0.2594480740272231,5.731755137020127,5.780277108854666,5.77880446856302,0.0,-1.2012629700055817,-0.432951552836686,-0.0629832846247514,1.0,0.4520374529744287,0.0,1.0,0.0,0.0,0.0,0.0,0.0,0.0,0.0,1.0,0.0,0.0,0.0,0
-0.5701713135062102,-0.2609376990568521,0.0711520512846202,0.1311365071135637,0.1324160440024791,1.0,-1.40844244388855,-0.432951552836686,-0.7500024465141415,1.0,0.4520374529744287,1.0,0.0,0.0,0.0,1.0,0.0,0.0,0.0,0.0,0.0,0.0,0.0,0.0,0
-0.3208834578397093,-0.7430054177580919,-0.1962780157580021,-0.1357520252521575,-0.1343424642444754,1.0,0.5597625579996509,0.0675297896559857,-1.2996177760256535,0.0,0.4520374529744287,0.0,1.0,0.0,0.0,0.0,1.0,0.0,0.0,0.0,0.0,0.0,0.0,0.0,0
0.2521219544894602,-2.979625957417308,0.4054396350878981,-0.3359184245264485,-0.3121814697424452,0.0,0.8705317688241037,1.4021467029697772,-0.7500024465141415,1.0,-3.99642880867294,0.0,1.0,0.0,0.0,0.0,0.0,0.0,0.0,0.0,1.0,0.0,0.0,0.0,1
-0.0126549693003522,-0.7026741681240034,-0.5082797606410615,-0.4471219796788324,-0.4455607238659225,1.0,-0.7869040222396445,-0.432951552836686,-1.2996177760256535,1.0,0.4520374529744287,0.0,1.0,0.0,0.0,1.0,0.0,0.0,0.0,0.0,0.0,0.0,0.0,0.0,0
1.031704108793951,-0.0894359164397339,-0.2854213714388762,-0.2247148693740646,-0.2232619669934603,0.0,-0.3725450744737074,-0.432951552836686,0.2118243801310045,0.0,-0.0713115189840851,0.0,1.0,0.0,0.0,0.0,0.0,1.0,0.0,0.0,0.0,0.0,0.0,0.0,0
0.2422443103612351,-0.3100117946591286,-0.3299930492793133,-0.2691962914350182,-0.2677217183679528,1.0,0.8705317688241037,-0.432951552836686,-0.4751947817583855,0.0,0.4520374529744287,0.0,1.0,0.0,0.0,0.0,0.0,0.0,0.0,0.0,0.0,0.0,0.0,1.0,0
1.586008016167186,0.5947196240381676,-0.3299930492793133,-0.2691962914350182,-0.2677217183679528,1.0,0.2489933471751981,3.070417844612017,-0.6125986141362635,0.0,-0.0713115189840851,0.0,0.0,0.0,0.0,0.0,0.0,0.0,0.0,0.0,1.0,0.0,0.0,0.0,0
-0.7517911864498034,0.9320292020095424,-0.485993921720843,-0.4248812686483556,-0.4233308481786763,0.0,1.1813009796485563,-0.432951552836686,-0.7500024465141415,1.0,0.4520374529744287,1.0,0.0,0.0,0.0,0.0,0.0,0.0,0.0,0.0,1.0,0.0,0.0,0.0,0
1.596003796011061,0.5996200727338675,-0.3522788881995318,-0.291437002465495,-0.289951594055199,1.0,0.5597625579996509,0.9016653604771054,-0.2003871170026294,0.0,0.4520374529744287,0.0,0.0,0.0,0.0,0.0,0.0,0.0,0.0,0.0,1.0,0.0,0.0,0.0,0
0.2533568600912416,-0.6344437730753495,-0.107134660077128,-0.0467891811302504,-0.0454229614954905,1.0,-0.579724548356676,-0.432951552836686,1.9980742010434187,0.0,0.1903629669951717,0.0,1.0,0.0,0.0,0.0,0.0,1.0,0.0,0.0,0.0,1.0,0.0,0.0,0
-1.056641790766043,1.1421637832923204,-0.3968505660399689,-0.3359184245264485,-0.3344113454296914,1.0,0.2489933471751981,-0.432951552836686,-0.3377909493805074,0.0,-0.0713115189840851,1.0,0.0,0.0,0.0,0.0,0.0,1.0,0.0,0.0,0.0,0.0,0.0,0.0,0
1.691632387731841,0.7459235254104143,-0.5082797606410615,-0.4471219796788324,-0.4455607238659225,0.0,-1.2012629700055817,-0.432951552836686,0.4866320448867606,0.0,0.4520374529744287,0.0,0.0,0.0,0.0,1.0,0.0,0.0,0.0,0.0,0.0,1.0,0.0,0.0,0
-1.352709896102099,-0.3348203161807262,-0.5082797606410615,-0.4471219796788324,-0.4455607238659225,0.0,0.8705317688241037,1.568973817134001,0.4866320448867606,0.0,0.1903629669951717,1.0,0.0,0.0,0.0,0.0,0.0,0.0,0.0,0.0,0.0,0.0,0.0,0.0,0
-0.5261071584975991,-0.7859817959495172,-0.2185638546782206,-0.1579927362826343,-0.1565723399317216,1.0,-0.0617758636492546,-0.432951552836686,-0.4751947817583855,1.0,0.1903629669951717,0.0,1.0,0.0,0.0,0.0,0.0,0.0,0.0,0.0,1.0,0.0,0.0,0.0,0
0.1981250062224918,-0.3786041546685268,-0.2854213714388762,-0.2247148693740646,-0.2232619669934603,1.0,0.1454036102337138,-0.432951552836686,-0.2003871170026294,1.0,-0.0713115189840851,0.0,1.0,0.0,0.0,0.0,0.0,1.0,0.0,0.0,0.0,0.0,0.0,0.0,0
-0.4512697888522203,0.4663473586342216,-0.485993921720843,-0.4248812686483556,-0.4233308481786763,0.0,-0.0617758636492546,-0.432951552836686,0.4866320448867606,0.0,0.4520374529744287,1.0,0.0,0.0,0.0,0.0,0.0,0.0,1.0,0.0,0.0,1.0,0.0,0.0,0
0.136082234777375,-0.2659216781280323,-0.485993921720843,-0.4248812686483556,-0.4233308481786763,1.0,-0.4761348114151917,-0.432951552836686,-0.7500024465141415,1.0,0.1903629669951717,0.0,1.0,0.0,0.0,0.0,0.0,0.0,0.0,0.0,1.0,0.0,0.0,0.0,0
0.326898225177486,-0.283852865400633,-0.3522788881995318,-0.291437002465495,-0.289951594055199,0.0,-0.4761348114151917,0.5680111321486576,0.7614397096425166,1.0,0.4520374529744287,0.0,1.0,0.0,0.0,0.0,0.0,0.0,0.0,0.0,1.0,0.0,0.0,0.0,0
-0.9005697523752522,-0.0008937184169947,-0.3522788881995318,-0.291437002465495,-0.289951594055199,0.0,1.0777112427070723,-0.432951552836686,-0.7500024465141415,0.0,-0.0713115189840851,1.0,0.0,0.0,0.0,0.0,0.0,1.0,0.0,0.0,0.0,0.0,0.0,0.0,0
0.7061466033510047,0.7345703318770868,0.4277254740081166,-0.2691962914350182,-0.40110097249143,0.0,-0.1653656005907389,-0.2661244386724621,0.0744205477531265,1.0,-0.0713115189840851,0.0,0.0,0.0,0.0,0.0,0.0,0.0,0.0,0.0,1.0,0.0,0.0,0.0,1
-1.036912189446445,0.1531084505343355,-0.485993921720843,-0.4248812686483556,-0.4233308481786763,0.0,1.0777112427070723,-0.432951552836686,-0.4751947817583855,1.0,0.1903629669951717,1.0,0.0,0.0,0.0,0.0,0.0,0.0,0.0,0.0,1.0,0.0,0.0,0.0,0
0.0683453156418265,0.033799230871285,-0.1962780157580021,-0.1357520252521575,-0.1343424642444754,1.0,-0.6833142852981603,-0.432951552836686,-0.3377909493805074,1.0,0.1903629669951717,1.0,0.0,0.0,0.0,1.0,0.0,0.0,0.0,0.0,0.0,0.0,0.0,0.0,0
1.2278833521034067,0.8659288315359323,-0.485993921720843,-0.4248812686483556,-0.4233308481786763,0.0,0.5597625579996509,-0.432951552836686,-0.0629832846247514,0.0,0.1903629669951717,0.0,0.0,0.0,0.0,0.0,0.0,0.0,0.0,0.0,1.0,0.0,0.0,0.0,0
-0.3138519437426176,-0.1198548948487126,-0.4637080828006245,-0.4026405576178788,-0.40110097249143,0.0,0.5597625579996509,-0.432951552836686,0.7614397096425166,1.0,0.4520374529744287,1.0,0.0,0.0,0.0,1.0,0.0,0.0,0.0,0.0,0.0,0.0,0.0,0.0,0
-0.8620894467967104,0.0019323926207142,-0.4637080828006245,-0.4026405576178788,-0.40110097249143,1.0,-0.2689553375322231,-0.432951552836686,-0.4751947817583855,0.0,0.4520374529744287,1.0,0.0,0.0,0.0,1.0,0.0,0.0,0.0,0.0,0.0,0.0,0.0,0.0,0
0.2683022743682253,0.6494459417156644,-0.5082797606410615,-0.4471219796788324,-0.4455607238659225,1.0,-0.6833142852981603,-0.432951552836686,-0.3377909493805074,1.0,0.1903629669951717,0.0,0.0,1.0,0.0,0.0,0.0,1.0,0.0,0.0,0.0,0.0,0.0,1.0,0
0.2688951275175624,-0.184938979087148,2.433450976827785,2.488651876344102,2.488782866850578,0.0,-1.304852706947066,-0.432951552836686,0.4866320448867606,1.0,0.4520374529744287,0.0,1.0,0.0,0.0,0.0,0.0,0.0,0.0,0.0,1.0,0.0,0.0,0.0,0
-1.5296283056985207,-0.3934307963185502,0.2271529237261499,0.2868214843269012,0.2880251738132027,1.0,0.8705317688241037,-0.0992973245082382,-0.3377909493805074,1.0,0.4520374529744287,1.0,0.0,0.0,0.0,0.0,0.0,1.0,0.0,0.0,0.0,1.0,0.0,0.0,0
1.9181436526367133,0.8503921816940297,-0.3745647271197503,-0.3136777134959718,-0.3121814697424452,0.0,0.5597625579996509,-0.432951552836686,-0.4751947817583855,0.0,0.4520374529744287,0.0,0.0,0.0,0.0,0.0,0.0,1.0,0.0,0.0,0.0,0.0,0.0,0.0,0
0.0263768275799029,-0.5049160041436956,-0.2185638546782206,-0.1579927362826343,-0.1565723399317216,1.0,-1.719211654713003,-0.432951552836686,1.3110550391540288,1.0,0.4520374529744287,0.0,1.0,0.0,0.0,0.0,0.0,0.0,1.0,0.0,0.0,1.0,0.0,0.0,0
0.3437187098803347,-0.2127963593142701,1.5197315810988248,1.5767827240945542,1.5773579636734834,0.0,-1.304852706947066,-0.432951552836686,-0.3377909493805074,1.0,0.4520374529744287,0.0,1.0,0.0,0.0,1.0,0.0,0.0,0.0,0.0,0.0,0.0,0.0,0.0,0
1.832166158696311,0.602627166251553,-0.3968505660399689,-0.3359184245264485,-0.3344113454296914,1.0,0.974121505765588,-0.432951552836686,0.3492282125088826,1.0,0.1903629669951717,0.0,1.0,0.0,0.0,0.0,0.0,0.0,0.0,0.0,1.0,0.0,0.0,0.0,0
0.1436790274587867,-0.4182950047570027,0.5168688296889908,0.5759507277230993,0.5770135577474035,0.0,-0.2689553375322231,-0.432951552836686,-0.4751947817583855,0.0,0.1903629669951717,0.0,1.0,0.0,0.0,0.0,0.0,0.0,0.0,0.0,1.0,0.0,0.0,0.0,0
1.839321758336273,0.5994669337121207,-0.485993921720843,-0.4248812686483556,-0.4233308481786763,0.0,-0.994083496122613,4.738688986254257,4.059131686711589,1.0,-0.0713115189840851,0.0,1.0,0.0,0.0,0.0,1.0,0.0,0.0,0.0,0.0,0.0,0.0,0.0,0
0.4012254653686771,-0.1410716102238671,-0.485993921720843,-0.4248812686483556,-0.4233308481786763,0.0,-1.2012629700055817,-0.432951552836686,-0.4751947817583855,1.0,0.4520374529744287,0.0,1.0,0.0,0.0,0.0,0.0,1.0,0.0,0.0,0.0,0.0,0.0,0.0,0
0.2851641209186977,-0.373258210636998,-0.2854213714388762,-0.2247148693740646,-0.2232619669934603,0.0,1.388480453531525,-0.432951552836686,-0.6125986141362635,1.0,-3.7347543226936826,0.0,1.0,0.0,0.0,0.0,0.0,1.0,0.0,0.0,0.0,0.0,0.0,0.0,0
-0.3176020845943476,2.317686757609782,-0.3522788881995318,-0.291437002465495,-0.289951594055199,1.0,0.8705317688241037,-0.432951552836686,-0.8874062788920195,1.0,-0.0713115189840851,0.0,0.0,1.0,0.0,0.0,0.0,0.0,0.0,0.0,1.0,0.0,0.0,0.0,0
-1.2399767112499502,1.7856058038502312,-0.1517063379175651,-0.4026405576178788,-0.4455607238659225,1.0,-0.0617758636492546,-0.432951552836686,2.272881865799175,1.0,0.4520374529744287,0.0,0.0,0.0,1.0,1.0,0.0,0.0,0.0,0.0,0.0,0.0,0.0,0.0,1
0.2699153864257421,-0.1874448903519518,0.6505838632103019,0.70939499390596,0.7103928118708809,0.0,0.1454036102337138,-0.432951552836686,-0.2003871170026294,1.0,-0.0713115189840851,0.0,1.0,0.0,0.0,0.0,0.0,1.0,0.0,0.0,0.0,0.0,0.0,0.0,0
0.5606891752651918,0.0893608523035845,-0.4637080828006245,-0.4026405576178788,-0.40110097249143,0.0,-1.0976732330640973,-0.432951552836686,0.3492282125088826,0.0,0.4520374529744287,0.0,1.0,0.0,0.0,0.0,0.0,0.0,0.0,0.0,1.0,0.0,0.0,0.0,0
-2.2260463112793705,-3.70619862928922,0.316296279407024,-0.4248812686483556,-0.3344113454296914,1.0,-1.719211654713003,-0.2661244386724621,1.4484588715319069,1.0,-0.0713115189840851,0.0,0.0,0.0,0.0,0.0,0.0,1.0,0.0,0.0,0.0,0.0,0.0,0.0,1
-0.8605728457169494,-0.2702652576535999,1.4305882254179507,1.4878198799726472,1.4884384609244985,0.0,-2.13357060247894,-0.432951552836686,-1.2996177760256535,1.0,0.4520374529744287,1.0,0.0,0.0,0.0,0.0,0.0,0.0,0.0,0.0,1.0,0.0,0.0,0.0,1
-0.975407122020533,-0.6026743869292749,-0.5082797606410615,-0.4471219796788324,-0.4455607238659225,1.0,0.5597625579996509,-0.432951552836686,-0.0629832846247514,0.0,-0.0713115189840851,1.0,0.0,0.0,0.0,0.0,0.0,1.0,0.0,0.0,0.0,0.0,1.0,0.0,0
0.1962085739490032,-0.4981778871872319,-0.4414222438804059,-0.3803998465874021,-0.3788710968041838,1.0,-1.40844244388855,-0.432951552836686,-0.2003871170026294,0.0,0.1903629669951717,0.0,1.0,0.0,0.0,0.0,0.0,1.0,0.0,0.0,0.0,0.0,0.0,0.0,0
-0.8702653053449506,0.7327535695409804,-0.3745647271197503,-0.3136777134959718,-0.3121814697424452,0.0,0.7669420318826194,-0.432951552836686,-1.1622139436477756,0.0,-0.0713115189840851,1.0,0.0,0.0,0.0,0.0,0.0,1.0,0.0,0.0,0.0,0.0,0.0,1.0,0
-0.9393395908871592,0.3563656975681167,-0.3299930492793133,-0.3136777134959718,-0.3121814697424452,0.0,-0.3725450744737074,0.7348382463128814,0.4866320448867606,0.0,-0.0713115189840851,1.0,0.0,0.0,0.0,0.0,0.0,1.0,0.0,0.0,0.0,1.0,0.0,0.0,0
1.4380566871944052,0.2032823627472672,-0.0625629822366909,-0.0023077590692968,-0.0009632101209981,1.0,0.6633522949411351,-0.432951552836686,-1.1622139436477756,1.0,-0.0713115189840851,0.0,1.0,0.0,0.0,0.0,0.0,0.0,0.0,0.0,1.0,0.0,0.0,0.0,0
-0.7648615303009221,0.7650241379399366,-0.485993921720843,-0.4248812686483556,-0.4233308481786763,0.0,0.5597625579996509,-0.432951552836686,-0.7500024465141415,1.0,-0.0713115189840851,1.0,0.0,0.0,0.0,0.0,0.0,1.0,0.0,0.0,0.0,0.0,0.0,0.0,0
1.3185071602609462,0.6987149415275268,-0.5082797606410615,-0.4471219796788324,-0.4455607238659225,1.0,1.2848907165900407,-0.432951552836686,1.3110550391540288,1.0,-0.0713115189840851,0.0,0.0,0.0,0.0,0.0,0.0,0.0,0.0,0.0,1.0,0.0,0.0,0.0,0
0.1565563493542959,-0.2078959106185701,2.6785952049501884,2.7332996976793464,2.7333114994102865,0.0,-0.0617758636492546,-0.432951552836686,-0.7500024465141415,1.0,0.4520374529744287,0.0,1.0,0.0,0.0,0.0,0.0,0.0,0.0,0.0,1.0,0.0,0.0,0.0,0
0.7171610448498081,0.0081832490533122,-0.3522788881995318,-0.291437002465495,-0.289951594055199,1.0,-0.1653656005907389,-0.432951552836686,-1.2996177760256535,0.0,0.1903629669951717,0.0,1.0,0.0,0.0,0.0,0.0,0.0,0.0,0.0,1.0,0.0,0.0,0.0,0
-0.9796673923264508,0.3979638245638209,-0.3299930492793133,-0.1802334473131111,-0.1788022156189679,1.0,-0.4761348114151917,-0.432951552836686,-0.7500024465141415,1.0,0.1903629669951717,1.0,0.0,0.0,0.0,0.0,1.0,0.0,0.0,0.0,0.0,0.0,0.0,0.0,0
1.794168408006842,0.9756320580171688,0.0488662123644016,0.108895796083087,0.1101861683152329,0.0,1.0777112427070723,-0.432951552836686,-0.8874062788920195,0.0,0.4520374529744287,0.0,0.0,0.0,0.0,0.0,0.0,0.0,0.0,0.0,1.0,0.0,0.0,0.0,0
-1.71088970929601,-2.204689536786661,-0.4414222438804059,-0.3803998465874021,-0.3788710968041838,0.0,-0.2689553375322231,-0.432951552836686,-0.2003871170026294,0.0,0.4520374529744287,0.0,0.0,0.0,1.0,0.0,0.0,1.0,0.0,0.0,0.0,0.0,0.0,0.0,0
1.15664446320187,0.3032821439419958,0.4054396350878981,0.4647471725707154,0.4658641793111724,0.0,0.1454036102337138,-0.2661244386724621,0.0744205477531265,1.0,0.1903629669951717,0.0,1.0,0.0,0.0,0.0,1.0,0.0,0.0,0.0,0.0,0.0,0.0,0.0,0
1.0549908290096697,0.6722079690375007,0.6728697021305204,0.7316357049364367,0.732622687558127,1.0,-1.2012629700055817,-0.432951552836686,-1.0248101112698975,1.0,0.1903629669951717,0.0,0.0,0.0,0.0,0.0,0.0,0.0,0.0,0.0,1.0,0.0,0.0,0.0,0
-1.6102976958597106,-0.1968420575949662,-0.4414222438804059,-0.3803998465874021,-0.3788710968041838,1.0,-0.2689553375322231,0.7348382463128814,2.272881865799175,0.0,0.4520374529744287,1.0,0.0,0.0,0.0,0.0,0.0,1.0,0.0,0.0,0.0,1.0,0.0,0.0,0
0.3680532635694459,-0.5702785229671972,0.0042945345239646,0.0644143740221334,0.0657264169407405,0.0,0.4561728210581666,-0.432951552836686,-0.4751947817583855,1.0,0.4520374529744287,0.0,1.0,0.0,0.0,0.0,0.0,0.0,0.0,0.0,1.0,0.0,0.0,0.0,0
-0.7551828579555273,0.9079863755966788,-0.4637080828006245,-0.4026405576178788,-0.40110097249143,1.0,0.974121505765588,-0.432951552836686,0.4866320448867606,0.0,0.1903629669951717,1.0,0.0,0.0,0.0,0.0,0.0,0.0,0.0,0.0,1.0,0.0,0.0,0.0,0
-0.4891158794338013,0.2210604109981211,-0.485993921720843,-0.4248812686483556,-0.4233308481786763,1.0,-0.3725450744737074,-0.432951552836686,0.6240358772646386,1.0,-3.99642880867294,1.0,0.0,0.0,0.0,0.0,0.0,1.0,0.0,0.0,0.0,1.0,0.0,0.0,0
1.4980865153881795,0.5752848900067241,-0.1294204989973465,-0.0690298921607272,-0.0676528371827368,0.0,0.6633522949411351,-0.432951552836686,-0.3377909493805074,1.0,-3.99642880867294,0.0,0.0,0.0,0.0,0.0,0.0,1.0,0.0,0.0,0.0,0.0,0.0,0.0,0
0.4192316563703959,-0.1362268484454178,-0.4191364049601874,-0.3581591355569253,-0.3566412211169376,0.0,-1.5120321808300343,-0.0992973245082382,-0.3377909493805074,0.0,0.1903629669951717,0.0,1.0,0.0,0.0,0.0,1.0,0.0,0.0,0.0,0.0,0.0,0.0,0.0,0
-0.3606459806947789,-0.6517067173439103,1.6311607756999174,1.687986279246938,1.6885073421097143,0.0,-2.6515192871863613,-0.432951552836686,-0.2003871170026294,0.0,-3.7347543226936826,0.0,1.0,0.0,0.0,0.0,0.0,1.0,0.0,0.0,0.0,1.0,0.0,0.0,0
-0.6244656321619295,0.3954300698403917,-0.5082797606410615,-0.4471219796788324,-0.4455607238659225,1.0,-0.579724548356676,0.5680111321486576,1.723266536287663,0.0,-0.0713115189840851,1.0,0.0,0.0,0.0,0.0,0.0,1.0,0.0,0.0,0.0,1.0,0.0,0.0,0
0.7109843422704016,-0.2290987042647087,-0.107134660077128,-0.0467891811302504,-0.0454229614954905,1.0,-1.2012629700055817,-0.432951552836686,-0.2003871170026294,0.0,0.1903629669951717,0.0,1.0,0.0,0.0,0.0,0.0,0.0,0.0,0.0,1.0,0.0,0.0,0.0,0
-0.020665380458098,-0.6890169517309017,-0.5082797606410615,-0.4471219796788324,-0.4455607238659225,1.0,0.7669420318826194,-0.432951552836686,-0.6125986141362635,1.0,0.1903629669951717,0.0,1.0,0.0,0.0,1.0,0.0,0.0,0.0,0.0,0.0,0.0,0.0,0.0,0
0.6680921062779562,0.0702323963156346,0.2494387626463684,0.309062195357378,0.3102550495004489,0.0,-0.994083496122613,-0.432951552836686,0.4866320448867606,0.0,0.1903629669951717,0.0,1.0,0.0,0.0,0.0,0.0,0.0,0.0,0.0,1.0,0.0,0.0,0.0,0
-0.1896836771571366,-0.4315067258142757,-0.3968505660399689,-0.3359184245264485,-0.3344113454296914,1.0,-1.0976732330640973,0.0675297896559857,-1.2996177760256535,0.0,0.1903629669951717,0.0,1.0,0.0,0.0,0.0,0.0,0.0,1.0,0.0,0.0,1.0,0.0,0.0,0
-0.5629054156057874,-0.2780057391160248,-0.1962780157580021,-0.1357520252521575,-0.1343424642444754,0.0,0.7669420318826194,0.4011840179844336,0.2118243801310045,1.0,0.4520374529744287,1.0,0.0,0.0,0.0,0.0,0.0,0.0,0.0,0.0,1.0,0.0,0.0,0.0,0
0.4059407159985526,-0.225339837367503,0.4500113129283352,0.509228594631669,0.5103239306856648,0.0,-0.2689553375322231,-0.432951552836686,-0.0629832846247514,1.0,0.1903629669951717,0.0,1.0,0.0,0.0,0.0,0.0,0.0,0.0,0.0,1.0,0.0,0.0,0.0,0
1.1749539744194626,0.7606805584141711,-0.5082797606410615,-0.4471219796788324,-0.4455607238659225,1.0,-1.304852706947066,-0.432951552836686,-0.2003871170026294,1.0,0.1903629669951717,0.0,0.0,0.0,0.0,0.0,0.0,0.0,0.0,0.0,1.0,0.0,0.0,0.0,0
-0.6678266357607432,1.196138327590297,-0.5082797606410615,-0.4471219796788324,-0.4455607238659225,1.0,-0.8904937591811287,-0.432951552836686,1.4484588715319069,1.0,0.1903629669951717,1.0,0.0,0.0,0.0,0.0,0.0,1.0,0.0,0.0,0.0,1.0,0.0,0.0,0
-0.6839439690539906,-0.398247714638572,-0.485993921720843,-0.4248812686483556,-0.4233308481786763,0.0,-1.40844244388855,-0.432951552836686,0.8988435420203946,1.0,0.1903629669951717,1.0,0.0,0.0,0.0,0.0,0.0,1.0,0.0,0.0,0.0,0.0,0.0,1.0,0
-0.3280390574796718,0.1704827686370018,-0.485993921720843,-0.4248812686483556,-0.4233308481786763,0.0,-0.579724548356676,-0.432951552836686,0.4866320448867606,1.0,0.4520374529744287,1.0,0.0,0.0,0.0,0.0,0.0,1.0,0.0,0.0,0.0,1.0,0.0,0.0,0
0.2807935523525155,0.3509919100779627,-0.485993921720843,-0.4248812686483556,-0.4233308481786763,0.0,-0.8904937591811287,-0.432951552836686,-0.3377909493805074,0.0,0.1903629669951717,0.0,0.0,1.0,0.0,0.0,0.0,1.0,0.0,0.0,0.0,1.0,0.0,0.0,0
-0.1252419185494584,-0.3408484249455087,-0.3522788881995318,-0.291437002465495,-0.289951594055199,1.0,-0.0617758636492546,-0.432951552836686,0.0744205477531265,1.0,0.1903629669951717,0.0,1.0,0.0,0.0,0.0,0.0,0.0,0.0,0.0,1.0,0.0,0.0,0.0,0
-0.6192678266430792,0.7032395035332687,-0.485993921720843,-0.4248812686483556,-0.4233308481786763,0.0,-0.1653656005907389,-0.432951552836686,-0.3377909493805074,0.0,0.4520374529744287,1.0,0.0,0.0,0.0,0.0,0.0,1.0,0.0,0.0,0.0,1.0,0.0,0.0,0
-0.1263311138703768,-0.4492847740651296,-0.4414222438804059,-0.3803998465874021,-0.3788710968041838,0.0,0.2489933471751981,1.902628045462449,2.685093362932809,1.0,0.1903629669951717,0.0,1.0,0.0,0.0,0.0,0.0,1.0,0.0,0.0,0.0,0.0,0.0,0.0,0
-1.2221208378697306,-2.887355322141303,-0.3077072103590948,-0.291437002465495,-0.3344113454296914,0.0,0.3525830841166824,-0.432951552836686,-0.8874062788920195,1.0,0.1903629669951717,0.0,1.0,0.0,0.0,0.0,0.0,0.0,0.0,1.0,0.0,0.0,0.0,0.0,1
1.4980865153881795,0.5752848900067241,-0.3299930492793133,-0.2691962914350182,-0.2677217183679528,0.0,1.4920701904730094,3.737726301268913,-0.0629832846247514,1.0,0.1903629669951717,0.0,0.0,0.0,0.0,0.0,0.0,0.0,0.0,0.0,1.0,0.0,0.0,0.0,0
0.2541703097613033,-0.3082437350446314,-0.5082797606410615,-0.4471219796788324,-0.4455607238659225,0.0,1.2848907165900407,-0.432951552836686,-1.0248101112698975,0.0,0.1903629669951717,0.0,1.0,0.0,0.0,0.0,0.0,1.0,0.0,0.0,0.0,0.0,0.0,0.0,0
2.1321636395571977,0.8550002740754498,-0.4414222438804059,-0.3803998465874021,-0.3788710968041838,0.0,2.0100188751804304,-0.432951552836686,-1.0248101112698975,0.0,0.1903629669951717,0.0,0.0,0.0,0.0,0.0,1.0,0.0,0.0,0.0,0.0,1.0,0.0,0.0,0
-0.881115896706511,-0.3247131407460306,-0.3522788881995318,-0.291437002465495,-0.289951594055199,0.0,-0.4761348114151917,0.5680111321486576,0.8988435420203946,0.0,0.4520374529744287,1.0,0.0,0.0,0.0,1.0,0.0,0.0,0.0,0.0,0.0,0.0,0.0,0.0,0
0.2735965908648314,0.2388941461660279,-0.5082797606410615,-0.4471219796788324,-0.4455607238659225,1.0,-0.994083496122613,4.405034757925809,5.570573842868247,1.0,-0.0713115189840851,0.0,0.0,1.0,0.0,1.0,0.0,0.0,0.0,0.0,0.0,0.0,0.0,1.0,0
0.3427260255372701,-0.4440502038675086,-0.3522788881995318,-0.291437002465495,-0.289951594055199,1.0,0.4561728210581666,-0.2661244386724621,0.0744205477531265,0.0,0.1903629669951717,0.0,1.0,0.0,0.0,1.0,0.0,0.0,0.0,0.0,0.0,0.0,0.0,0.0,0
-1.3331181676079782,0.1705384555538568,-0.4637080828006245,-0.4026405576178788,-0.40110097249143,1.0,-1.719211654713003,-0.432951552836686,0.0744205477531265,0.0,-0.0713115189840851,1.0,0.0,0.0,0.0,1.0,0.0,0.0,0.0,0.0,0.0,0.0,0.0,0.0,0
2.0497570517956203,0.7124556882961088,-0.4191364049601874,-0.3581591355569253,-0.3566412211169376,1.0,-0.1653656005907389,-0.432951552836686,-0.6125986141362635,0.0,0.4520374529744287,0.0,0.0,0.0,0.0,0.0,0.0,0.0,1.0,0.0,0.0,1.0,0.0,0.0,0
0.0686072740101747,1.3923094144362818,-0.4414222438804059,-0.3803998465874021,-0.3788710968041838,0.0,-0.3725450744737074,-0.432951552836686,-0.6125986141362635,1.0,0.4520374529744287,0.0,0.0,1.0,0.0,0.0,0.0,0.0,0.0,0.0,1.0,0.0,0.0,0.0,0
-0.0828046628809706,-0.5980523728186411,-0.3522788881995318,-0.291437002465495,-0.289951594055199,1.0,-1.719211654713003,-0.432951552836686,-0.0629832846247514,1.0,0.4520374529744287,0.0,1.0,0.0,0.0,0.0,0.0,1.0,0.0,0.0,0.0,0.0,0.0,0.0,0
-1.6238781691649191,0.2833183841990453,-0.4637080828006245,-0.4026405576178788,-0.40110097249143,0.0,1.1813009796485563,-0.432951552836686,0.6240358772646386,1.0,0.4520374529744287,1.0,0.0,0.0,0.0,0.0,0.0,1.0,0.0,0.0,0.0,0.0,0.0,0.0,1
1.1989989951751103,0.798589427158936,-0.2631355325186577,-0.2024741583435878,-0.2010320913062141,1.0,0.2489933471751981,3.070417844612017,-0.6125986141362635,0.0,-0.0713115189840851,0.0,0.0,0.0,0.0,0.0,0.0,0.0,0.0,0.0,1.0,0.0,0.0,0.0,0
-1.8402006322702087,-0.0773100902641002,-0.2631355325186577,-0.2024741583435878,-0.2010320913062141,1.0,1.1813009796485563,0.7348382463128814,0.7614397096425166,0.0,0.4520374529744287,1.0,0.0,0.0,0.0,0.0,0.0,0.0,0.0,0.0,0.0,1.0,0.0,0.0,0
0.2692811714287814,-0.1858995784054679,2.433450976827785,2.488651876344102,2.488782866850578,0.0,1.1813009796485563,-0.2661244386724621,-1.0248101112698975,1.0,0.1903629669951717,0.0,1.0,0.0,0.0,0.0,0.0,1.0,0.0,0.0,0.0,1.0,0.0,0.0,0
-0.144295943024374,-0.5035795181358135,0.0934378902048387,0.1533772181440405,0.1546459196897253,0.0,-1.2012629700055817,-0.432951552836686,-0.2003871170026294,1.0,0.4520374529744287,0.0,1.0,0.0,0.0,0.0,0.0,0.0,0.0,0.0,1.0,0.0,0.0,0.0,0
0.6495895731047541,-0.0169454722407948,-0.3968505660399689,-0.3359184245264485,-0.3344113454296914,0.0,-1.9263911285959716,-0.432951552836686,0.4866320448867606,0.0,0.1903629669951717,0.0,1.0,0.0,0.0,1.0,0.0,0.0,0.0,0.0,0.0,0.0,0.0,0.0,0
0.3381486477328719,-0.4599766621281871,0.1380095680452757,0.1978586402049941,0.1991056710642178,1.0,-1.6156219177715183,-0.432951552836686,-1.2996177760256535,0.0,0.4520374529744287,0.0,1.0,0.0,0.0,0.0,0.0,0.0,0.0,0.0,1.0,0.0,0.0,0.0,0
0.2417755427547688,-0.202188001626495,-0.0402771433164724,0.0199329519611798,0.021266665566248,1.0,-0.4761348114151917,-0.432951552836686,-1.1622139436477756,1.0,-0.0713115189840851,0.0,1.0,0.0,0.0,0.0,0.0,1.0,0.0,0.0,0.0,0.0,0.0,0.0,0
-0.5991108195646386,-0.3027585737205695,-0.4191364049601874,-0.3581591355569253,-0.3566412211169376,1.0,-0.0617758636492546,-0.432951552836686,-0.3377909493805074,1.0,0.4520374529744287,1.0,0.0,0.0,0.0,0.0,0.0,0.0,1.0,0.0,0.0,1.0,0.0,0.0,0
-0.784411896947419,0.1351354980738957,-0.0402771433164724,0.0199329519611798,0.021266665566248,1.0,1.4920701904730094,-0.0992973245082382,-0.0629832846247514,0.0,0.4520374529744287,1.0,0.0,0.0,0.0,0.0,0.0,1.0,0.0,0.0,0.0,0.0,0.0,0.0,0
0.2896449877453401,0.3694938882497116,-0.3968505660399689,-0.3359184245264485,-0.3344113454296914,0.0,1.1813009796485563,-0.432951552836686,0.6240358772646386,1.0,-0.0713115189840851,0.0,0.0,1.0,0.0,0.0,1.0,0.0,0.0,0.0,0.0,1.0,0.0,0.0,0
1.586008016167186,0.5947196240381676,-0.4191364049601874,-0.3581591355569253,-0.3566412211169376,0.0,-1.304852706947066,-0.432951552836686,0.4866320448867606,1.0,0.4520374529744287,0.0,0.0,0.0,0.0,1.0,0.0,0.0,0.0,0.0,0.0,0.0,0.0,0.0,0
1.9893753372420524,-3.633630030078033,-0.0402771433164724,-0.3136777134959718,-0.3566412211169376,0.0,0.4561728210581666,1.2353195888055533,-0.2003871170026294,1.0,0.4520374529744287,1.0,0.0,0.0,0.0,0.0,0.0,1.0,0.0,0.0,0.0,0.0,0.0,0.0,1
1.189017002613744,0.4169252198008102,-0.485993921720843,-0.4248812686483556,-0.4233308481786763,0.0,-0.3725450744737074,0.2343569038202096,0.7614397096425166,0.0,0.4520374529744287,0.0,0.0,0.0,0.0,0.0,0.0,0.0,0.0,0.0,1.0,0.0,0.0,0.0,0
1.832166158696311,0.602627166251553,-0.3968505660399689,-0.3359184245264485,-0.3344113454296914,1.0,0.8705317688241037,-0.432951552836686,0.4866320448867606,1.0,-0.0713115189840851,0.0,1.0,0.0,0.0,0.0,0.0,0.0,0.0,0.0,1.0,0.0,0.0,0.0,0
-1.2450371121472803,-3.746347095114703,0.2048670848059313,-0.3803998465874021,-0.4455607238659225,1.0,0.2489933471751981,0.4011840179844336,-0.2003871170026294,1.0,0.1903629669951717,0.0,0.0,1.0,0.0,0.0,0.0,1.0,0.0,0.0,0.0,0.0,0.0,0.0,1
-0.0126549693003522,-0.7026741681240034,-0.4414222438804059,-0.3803998465874021,-0.3788710968041838,1.0,-0.4761348114151917,3.070417844612017,-0.2003871170026294,1.0,0.4520374529744287,0.0,1.0,0.0,0.0,0.0,0.0,0.0,0.0,0.0,1.0,0.0,0.0,0.0,0
0.0978225257195578,-0.5303927686691353,-0.3968505660399689,-0.3359184245264485,-0.3344113454296914,0.0,0.0418138732922295,-0.2661244386724621,1.723266536287663,0.0,0.1903629669951717,0.0,1.0,0.0,0.0,0.0,0.0,0.0,0.0,0.0,1.0,0.0,0.0,0.0,0
-2.8572207489784325,-1.3538001660345849,-0.4346572244229878,-0.44385649284914386,-0.3805030447707493,0.0734123748385056,0.10265202207439295,0.17775436140023726,-0.14995140876876945,1.0,0.1903629669951717,0.0,0.0,0.0,0.0,0.0,0.0,0.0734123748385056,0.0,0.0,0.9265876251614944,0.0,0.0,0.0,1
-1.164454781767523,-0.6068359594759978,-0.44247641401554766,-0.42523194714328955,-0.37992261975296315,1.0,-0.6356027724574901,0.15751942711038353,0.7592732065540857,0.4921162930795382,0.31913724502877727,1.0,0.0,0.0,0.0,0.5078837069204618,0.0,0.4921162930795382,0.0,0.0,0.0,0.0,0.0,0.0,1
-0.8360961492017551,2.031988372462523,0.3896439214458658,-0.36964621318772406,-0.31718912348324707,1.0,-0.34579360622320376,-0.09379577447638013,0.6640508880985492,1.0,0.1903629669951717,0.0,1.0,0.0,0.0,0.25824438829895835,0.0,0.7417556117010417,0.0,0.0,0.0,0.0,0.0,0.0,1
0.019700307537844686,-1.554268781761762,0.30831462583164954,-0.37858214691343445,-0.39452806994219086,0.4591357562382613,-1.3693469242025815,0.6089147153043029,0.27491139261985686,1.0,0.4520374529744287,0.0,0.0,0.0,1.0,1.0,0.0,0.0,0.0,0.0,0.0,0.0,0.0,0.0,1
-0.23052348514824275,-0.9612652747953665,0.3844887686001979,-0.4021964678947803,-0.37753947669658894,0.019967424714522952,1.3781383521636434,0.06419868181357044,-0.3130985432740774,1.0,0.4468124873759264,0.0,0.980032575285477,0.0,0.019967424714522952,0.0,0.0,0.0,0.0,0.0,1.0,0.0,0.0,0.0,1
-2.217975672955307,2.5717482316739333,-0.12337745055140942,-0.35783077788020784,-0.3566412211169376,1.0,-0.01839258189397197,-0.014652265349925142,0.6301216903184366,1.0,-0.0713115189840851,0.0,0.0,0.0,0.4926180939928696,1.0,0.0,0.0,0.0,0.0,0.0,0.0,0.0,0.0,1
-1.7277158417344698,0.015266868506774584,0.059868589299978736,-0.38070554892225367,-0.3344113454296914,1.0,1.351577443792418,-0.15414200692934477,0.4414603137328583,1.0,0.10074029828958829,0.0,0.0,1.0,0.0,0.0,0.0,0.3287516102875082,0.0,0.6712483897124918,0.0,0.0,0.0,0.0,1
-2.732969695106475,-1.3123616152870605,-0.23867076684448477,-0.3982014256998643,-0.40331945711095335,0.36659914568327423,0.5355006911281717,-0.11594624293224592,0.2025899035040737,1.0,0.28629261000227724,0.0,0.0,0.0,0.36659914568327423,0.0,0.0,0.0,0.0,0.0,1.0,0.0,0.0,0.0,1
-0.9303779613661239,2.145907839250671,0.4455379189611186,-0.3750588372749213,-0.3681942822996317,1.0,-0.21511884354450486,-0.2661244386724621,1.5307010851767344,1.0,0.1903629669951717,0.0,0.24014561877819307,0.0,0.7598543812218069,0.0,0.0,0.24014561877819307,0.0,0.7598543812218069,0.0,0.0,0.0,0.0,1
2.01428589120395,1.0257446625632334,-0.39884827003801093,-0.31536496785424684,-0.3017566205267336,0.07586332810866392,-0.18894158719758491,1.4930374565384288,1.3442197513411986,1.0,0.1903629669951717,0.0,0.0,0.0,1.0,0.0,0.0,0.9241366718913361,0.0,0.07586332810866392,0.0,0.0,0.0,0.0,1
1.9238044567370296,0.5982667511025653,-0.3430759884521264,-0.391175051007067,-0.3451813003302152,0.8711202780893508,0.42947158807853497,-0.2876250707531034,0.7968568450551534,1.0,0.15663843201105299,0.0,1.0,0.0,0.0,0.12887972191064923,0.0,0.8711202780893508,0.0,0.0,0.0,0.0,0.0,0.0,1
1.2287035724724322,-0.17200033253756253,0.04709866864522198,-0.32737493301770415,-0.3760246537218834,0.0,0.2622575819492854,-0.28748595646652425,0.3140402345232055,1.0,0.4185311238833709,0.8719541610422276,0.12804583895777244,0.0,0.0,0.8719541610422276,0.0,0.0,0.0,0.12804583895777244,0.0,0.0,0.0,0.0,1
0.5748447273497825,0.38593458103850764,-0.10854577387104572,-0.35281054408223855,-0.34651088713692907,1.0,1.1747417961585505,1.6238716775457338,0.11616457222734944,1.0,-0.03156245974039088,0.8480973064877056,0.15190269351229435,0.0,0.0,0.0,0.0,0.0,0.0,0.0,1.0,0.0,0.0,0.0,1
0.13731072915818673,1.952494795513586,-0.19811453802877693,-0.43168390452846417,-0.38812942917420856,1.0,0.34673859436486765,-0.28928457525314166,-0.41796862507774263,1.0,0.22669049603815966,0.0,0.0,0.8611728273505899,0.13882717264941014,0.0,0.0,0.0,0.0,1.0,0.0,0.0,0.0,0.0,1
-0.7563468013517368,-3.4692221584149787,-0.09691950809483635,-0.41861495966703466,-0.413627484749222,0.0,0.3525830841166824,0.1145332439242693,-0.40458614194008924,1.0,0.3580635364186404,0.0,0.6408747448032146,0.0,0.0,0.0,0.0,0.0,0.0,0.0,1.0,0.0,0.0,0.0,1
1.3448077475616698,-3.2257957264481005,-0.1861674026893578,-0.2732414338343383,-0.30813829807626636,1.0,1.5956599274144936,0.11298678540319035,0.6865602099239958,1.0,0.1903629669951717,0.8181199156008552,0.0,0.18188008439914483,0.0,0.0,0.0,0.8181199156008552,0.0,0.18188008439914483,0.0,0.0,0.0,0.0,1
-1.590511401777764,0.36349840879356304,0.09619367199168224,0.048497013332925665,0.034448529477762,1.0,-0.8073795575688202,-0.432951552836686,2.9921444491714104,0.3456672833238632,0.4520374529744287,0.6543327166761368,0.0,0.0,0.3456672833238632,0.3456672833238632,0.0,0.0,0.0,0.0,0.6543327166761368,0.0,0.0,0.0,1
-0.6417335465891723,-3.165364558536306,0.33096591791751584,-0.3627501338574781,-0.28607676490613176,0.0,1.0028696124370327,-0.3640775859419627,-0.6267802821609921,1.0,0.21737080678011783,0.0,1.0,0.0,0.0,0.8967884099060118,0.0,0.0,0.0,0.0,0.10321159009398817,0.0,0.0,0.0,1
0.14190736342976085,-2.707365952032563,-0.3382345352851809,-0.4237230453791135,-0.4034162904916546,0.5260383597371276,0.625043960648177,-0.27481224749749195,0.5009431265536213,1.0,0.32801378438475604,0.0,0.5260383597371276,0.0,0.0,0.0,0.0,0.0,0.0,0.0,1.0,0.0,0.0,0.0,1
0.6799432088128347,1.0771818554979293,0.31671330336708897,-0.4322750209202276,-0.3269617700341743,0.3324422614789728,0.3520292487227473,-0.37749116972792063,-0.8877735889551591,1.0,0.10337130910487981,0.0,0.0,0.0,0.3324422614789728,0.0,0.0,0.0,0.0,0.0,1.0,0.0,0.0,0.0,1
-0.7868023036118598,-1.6380326736362731,0.3677926245982703,-0.34666158617631204,-0.34897992248642856,0.0,1.1207219016180157,-0.3754562991852487,-1.1575533118378558,1.0,0.14527125327447346,0.0,0.0,1.0,0.0,1.0,0.0,0.0,0.0,0.0,0.0,0.0,0.0,0.0,1
0.44447027747089385,2.395100746688058,0.1363019312171808,-0.35730164703473627,-0.3250051526948631,0.19228901880867078,-0.10560809396535994,-0.2661244386724621,-0.9191251188359246,1.0,0.1903629669951717,0.0,0.0,0.19228901880867078,0.8077109811913292,0.8077109811913292,0.0,0.0,0.0,0.19228901880867078,0.0,0.0,0.0,0.0,1
1.0183355734276105,-3.2000549083705843,-0.10804545147613498,-0.4398504030020468,-0.376145584026843,1.0,0.4033859146151665,0.07434778296760743,-0.172309594507654,1.0,0.1903629669951717,0.04086861626647886,0.0,0.0,0.9591313837335211,0.0,0.0,1.0,0.0,0.0,0.0,0.0,0.0,0.0,1
1.740322761955692,0.5982735706654052,-0.43735406557540196,-0.39512608577647207,-0.34913041021431496,1.0,0.26367349487594227,-0.2097585405655014,0.7614397096425166,1.0,0.2345689627884537,0.0,0.8310649369278355,0.16893506307216455,0.0,0.0,0.0,1.0,0.0,0.0,0.0,0.0,0.0,0.0,1
-0.8878409673415261,-0.9616257860868316,0.48693707448468426,-0.3716603214864171,-0.3282183168253432,0.7214096609680414,-0.9126719706579866,0.021053367361251296,0.11955193103022191,1.0,0.3062374854444794,0.0,0.0,0.2785903390319586,0.7214096609680414,1.0,0.0,0.0,0.0,0.0,0.0,0.0,0.0,0.0,1
-2.493593290132312,2.5555880395545674,-0.40848050284368415,-0.3477289416169401,-0.3723809053601829,1.0,-0.4880422008461113,-0.0210606551501185,1.255144644594475,1.0,0.02132673598802902,0.0,0.0,0.0,0.17701048427674682,1.0,0.0,0.0,0.0,0.0,0.0,0.0,0.0,0.0,1
2.232214320188362,2.6361430247470823,0.16370810297390054,-0.3378912319474103,-0.30375451814514076,1.0,-0.7869040222396445,-0.0992973245082382,-0.1272587085235442,1.0,-3.363375283878719,0.9112974662429444,0.0,0.0,0.0,0.0,0.0,0.08870253375705561,0.0,0.0,0.9112974662429444,0.0,0.0,0.0,1
-0.8109785846675082,-0.18671556152985663,1.3042300606245836,1.2597625383026911,1.2578105049774433,0.12063587110060081,-2.0335974972547954,-0.432951552836686,-1.3161936070371199,1.0,0.4520374529744287,0.8793641288993992,0.12063587110060081,0.0,0.0,0.0,0.0,0.0,0.0,0.0,1.0,0.0,0.0,0.0,1
-2.064816089947093,-0.9215775131874506,-0.22161997632518482,-0.37015179915860713,-0.39761344004769744,1.0,0.48867615787425356,-0.1761677166472842,0.19162479218803252,1.0,0.4520374529744287,0.46077876803272577,0.0,0.0,0.0,0.5392212319672742,0.0,0.0,0.0,0.0,0.46077876803272577,0.0,0.0,0.0,1
1.17465033300883,0.4782112977278728,0.5253597085726057,-0.4425329710719254,-0.3651107780734397,0.0,0.1454036102337138,1.1559091115770574,-0.806704533829609,1.0,0.39804518327040417,0.7936662815942075,0.0,0.0,0.0,0.0,0.0,0.0,0.0,0.0,1.0,0.0,0.0,0.0,1
0.4489625052734641,2.2771379169248185,-0.4212047443803923,-0.3319451060489058,-0.40110097249143,0.6357301389519245,-2.066993622486581,-0.3268945283681154,-1.324165066142596,1.0,0.4520374529744287,0.0,0.0,1.0,0.0,0.0,0.0,0.6357301389519245,0.0,0.0,0.36426986104807546,0.0,0.0,0.0,1
1.4763425990081545,1.576276878808616,0.06252230450250812,-0.3581591355569253,-0.37932688984194257,1.0,-0.7354631479578149,-0.016453860861159533,0.6922682473418471,1.0,0.4520374529744287,0.0,0.0,0.4965827291451431,0.0,0.0,0.0,1.0,0.0,0.0,0.0,0.0,0.0,0.0,1
-2.1270802769344974,1.9866657941289039,0.4653973408705211,-0.2691962914350182,-0.3291112832301465,0.0,0.8605817970684844,-0.007871752322047176,-0.21358499057234437,1.0,0.009704255090845437,0.0,0.3096051713706347,0.0,0.6903948286293653,0.3096051713706347,0.0,0.0,0.0,0.6903948286293653,0.0,0.0,0.0,0.0,1
-0.8058692673871473,-0.28584350943111086,1.3859069205964512,1.414376164828219,1.4124088145194462,0.0,-2.076557923332492,-0.432951552836686,-1.2726095826599433,1.0,0.4314634850031003,0.9606878601589011,0.0,0.0,0.0,0.0,0.0,0.039312139841098936,0.0,0.0,0.9606878601589011,0.0,0.0,0.0,1
-0.7748276099231071,-2.31621202183492,0.24457426245917663,-0.3092164581423892,-0.42326531438389103,0.0,0.43539379704795705,-0.29958822295381937,-0.11851191172220477,1.0,0.1903629669951717,0.0,0.20058960109095736,0.0,0.0,0.0,0.0,0.0,0.0,1.0,0.0,0.0,0.0,0.0,1
-0.7076257979936893,-3.312385118237057,-0.4020342000920219,-0.3550565130554002,-0.3452683820820046,0.6279003894909078,0.5404750366208814,0.02485528389748895,1.0362473743982727,1.0,-3.8321232970067314,0.6279003894909078,0.37209961050909224,0.0,0.0,0.0,0.0,0.0,0.0,0.0,1.0,0.0,0.0,0.0,1
-0.715905931490107,-2.5327132291432513,0.2954114935782992,-0.291437002465495,-0.31763394909204423,1.0,-0.038324651408128185,-0.2524848153155712,-0.31532294073794664,1.0,0.4520374529744287,0.0,1.0,0.0,0.0,0.9182409680511281,0.0,0.0,0.0,0.08175903194887191,0.0,0.0,0.0,0.0,1
-1.0447815279513328,-3.469148353006086,0.011986516480816223,-0.40826396019651173,-0.43431939798465463,0.0,0.3525830841166824,0.19217587720233575,-0.6284069757186499,1.0,0.4189562044207792,0.0,0.8735786241067772,0.0,0.0,0.0,0.0,0.0,0.0,0.0,1.0,0.0,0.0,0.0,1
-1.1071329230940763,-3.658082733659085,-0.30113956505867595,-0.3207171297932008,-0.3156994631416612,0.9208724005318132,1.3229059958217602,-0.0992973245082382,1.0362473743982727,1.0,-3.755459996611293,0.9208724005318132,0.0,0.0,0.0,0.07912759946818682,0.0,0.0,0.0,0.0,0.9208724005318132,0.0,0.0,0.0,1
-2.6956206376742244,2.702667902293209,-0.42151170197869137,-0.3386352590373747,-0.3566412211169376,1.0,-0.5101270006195093,0.05734032987436046,0.98589329985099,1.0,-0.0713115189840851,0.0,0.0,0.0,0.06107795985486375,1.0,0.0,0.0,0.0,0.0,0.0,0.0,0.0,0.0,1
-2.1163987673458573,-1.3352758744921687,0.18468193423798163,-0.31845993754093804,-0.4110209367808974,0.0,-0.9319908313719723,-0.29437945578575986,0.6938509248014775,1.0,0.1903629669951717,0.0,0.0,0.7231223518527963,0.0,0.0,0.0,0.0,0.0,0.0,1.0,0.0,0.0,0.0,1
-1.5592708341205546,2.345284044194775,0.2530667260950079,-0.3760896252532034,-0.35233309965838994,1.0,0.3790825319871532,-0.13162820572908163,0.26508175386372745,1.0,-0.020599338490496638,0.0,0.19379872020693867,0.0,0.8062012797930613,0.8062012797930613,0.0,0.19379872020693867,0.0,0.0,0.0,0.0,0.0,0.0,1
0.27644952137143414,1.8591413131477754,-0.112434629988715,-0.4471219796788324,-0.37327494101594366,1.0,0.30186988493806155,-0.2661244386724621,-0.5097848650636644,1.0,0.12448895087605653,0.0,0.0,0.7482596903836584,0.25174030961634164,0.0,0.0,0.0,0.0,0.7482596903836584,0.25174030961634164,0.0,0.0,0.0,1
-0.6019744389292309,-3.0112684955965348,0.344419134388378,-0.3458474995452627,-0.27592547701190523,0.18452101935637732,0.8483374364434525,-0.4021684436748207,-0.5618908237085858,1.0,0.23864740988762026,0.0,1.0,0.0,0.0,1.0,0.0,0.0,0.0,0.0,0.0,0.0,0.0,0.0,1
2.1683103647938364,-2.074216584980031,0.4867921027624091,-0.30902163569121416,-0.4362531049999541,0.7906506766632897,-0.42791945902338313,0.30420719074920244,-0.34421411366352705,1.0,0.4520374529744287,0.0,0.0,1.0,0.0,0.0,0.0,0.0,0.0,0.7906506766632897,0.2093493233367103,0.0,0.0,0.0,1
0.2608853611917231,-2.5899482480661082,-0.15574265743110782,-0.39192301671621077,-0.36815877732884955,0.0,-0.23808292875172654,0.6669904463294756,0.3744916471341212,1.0,-3.99642880867294,0.0,1.0,0.0,0.0,0.0,0.0,0.0,0.0,0.0,1.0,0.0,0.0,0.0,1
-0.9883419404164803,-3.0784629248987794,0.22670247029500146,-0.33454154527052493,-0.3573293253473641,1.0,1.7398217135778087,-0.0992973245082382,0.6027698657794102,1.0,0.19846284678443749,0.0,1.0,0.0,0.0,0.0,0.0,0.0,0.0,1.0,0.0,0.0,0.0,0.0,1
0.1728125202243357,0.40280515090790847,0.755450239168897,0.332784119759872,0.3889403237912752,0.0,-1.4931221110225317,-0.3298098934840252,-0.9598154760489653,1.0,0.4520374529744287,0.38174522846970405,0.0,0.0,0.618254771530296,0.0,0.0,0.0,0.0,0.618254771530296,0.38174522846970405,0.0,0.0,0.0,1
-2.4442670315131596,-0.9281638682079932,-0.22290432341929084,-0.34174933225117976,-0.4455607238659225,1.0,0.5386175426952869,-0.32766923653770785,0.0317066971751937,1.0,0.4520374529744287,0.6310863604302276,0.0,0.0,0.3689136395697724,0.0,0.0,0.0,0.0,0.0,1.0,0.0,0.0,0.0,1
1.6438917120821377,1.4954312972996908,0.4929131002060584,-0.33425191542213367,-0.3191321645713307,0.4625347161331479,-0.0384897502480232,-0.35578822094342444,1.2904635448163064,1.0,0.04972201510761784,0.0,0.5374652838668521,0.0,0.0,0.5374652838668521,0.0,0.0,0.0,0.0,0.4625347161331479,0.0,0.0,0.0,1
0.5863100399805834,0.7510379117505585,0.4497858638668537,-0.4192648427565911,-0.3402499180059627,0.25252906186624346,-0.22082825700954167,-0.432951552836686,-1.128905493931534,1.0,0.25644337945384493,0.0,0.25252906186624346,0.0,0.0,0.0,0.0,0.0,0.0,0.0,1.0,0.0,0.0,0.0,1
1.5377634332849894,-3.134725850293639,-0.3046500548076889,-0.44385853761818383,-0.28913613101513097,0.9633167971094021,0.7783420418954439,-0.27224419154900126,-1.6715059718707805,1.0,-0.0617124607236151,0.0,1.0,0.0,0.0,1.0,0.0,0.0,0.0,0.0,0.0,0.0,0.0,0.0,1
2.12981159798601,-0.6555697134700312,0.17132970772738676,-0.39119500585292416,-0.3121814697424452,0.0,0.893652336400555,-0.3908382259033382,-1.8118685380132558,1.0,0.2564192746485676,0.25243694434402075,0.0,0.7475630556559792,0.0,0.0,0.0,0.0,0.0,1.0,0.0,0.0,0.0,0.0,1
1.738229341581641,1.5513756323927843,0.4786853968039445,-0.32005302252307993,-0.2868383275824049,0.28665041411544756,0.33807547015235834,-0.432951552836686,1.2331817016591142,1.0,-0.0713115189840851,0.0,0.7133495858845524,0.0,0.28665041411544756,0.7133495858845524,0.0,0.28665041411544756,0.0,0.0,0.0,0.0,0.0,0.0,1
-1.2710010262582987,-0.15117373668480305,0.2392279627439921,-0.40030988317690996,-0.32975226748751746,1.0,1.0293240340070664,-0.0992973245082382,0.4434350985604331,1.0,-0.043889822101742165,0.0,0.0,1.0,0.0,0.0,0.0,0.10479316231280067,0.0,0.8952068376871993,0.0,0.0,0.0,0.0,1
-1.3632500721340381,-2.885716767979457,0.15717250783761533,-0.3147165719586504,-0.40162014866458257,1.0,-0.37012574815988486,-0.2622282107345094,0.0073231568632509125,1.0,0.4520374529744287,0.5116774421156661,0.0,0.4883225578843339,0.0,0.0,0.0,0.0,0.0,1.0,0.0,0.0,0.0,0.0,1
-2.3592354332464778,1.8087238529700687,0.36270708923030515,-0.36427990385039216,-0.39355542857446785,1.0,1.2715842066264078,-0.276839238817598,0.5244463494504453,1.0,0.17355640749556395,0.0,0.0,0.0,0.5321134852653157,0.0,0.0,0.5321134852653157,0.0,0.0,0.46788651473468434,0.0,0.0,0.0,1
-0.9158160204089214,-0.3450983550839952,1.2992252254368761,1.2875990142525602,1.288315139828728,0.0,-1.9892456364706366,-0.432951552836686,-1.240714395698731,1.0,0.39594909101703074,1.0,0.0,0.0,0.0,0.0,0.0,0.0,0.0,0.10717201133977605,0.892827988660224,0.0,0.0,0.0,1
0.23175480484660177,1.7183958731123319,-0.06550218504162406,-0.4471219796788324,-0.36658714241235957,1.0,0.48885805558096823,-0.2661244386724621,-0.5511224402814638,1.0,0.04576488212520509,0.0,0.0,0.44741236682345464,0.5525876331765454,0.0,0.0,0.0,0.0,0.44741236682345464,0.5525876331765454,0.0,0.0,0.0,1
-1.5529544719894264,-2.5062945031027835,-0.16188298196484802,-0.3538065483699439,-0.3344113454296914,0.0,0.20733492085993438,0.03488112304828339,-1.0158466364446763,1.0,0.1903629669951717,0.0,0.5326172664550232,0.0,0.46738273354497684,0.0,0.0,0.46738273354497684,0.0,0.5326172664550232,0.0,0.0,0.0,0.0,1
0.24051994860316,1.7480556106364815,0.052927461806135195,-0.4201583976550614,-0.34586104280968955,0.7575294963652703,0.5408849306943018,-0.2661244386724621,-0.7125477434502816,1.0,-0.007863174580335697,0.0,0.0,0.0,1.0,0.24247050363472966,0.0,0.0,0.0,0.0,0.7575294963652703,0.0,0.0,0.0,1
-1.2165634003655281,-3.0439883618383883,-0.2057019186790441,-0.3213778069477805,-0.36433756319787775,0.0,0.3525830841166824,-0.2532832679265385,-0.8504112271177725,1.0,0.26081705105724534,0.0,1.0,0.0,0.0,0.0,0.0,0.0,0.0,0.730756769050619,0.26924323094938096,0.0,0.0,0.0,1
0.6517630655328088,-1.727699631422907,-0.08313208560324184,-0.34976806750894013,-0.3952388435984276,0.0,-1.3557011119972506,0.816727562038895,0.15998409022494894,1.0,0.2545861740773962,0.0,0.37728416310462265,0.0,0.6227158368953774,1.0,0.0,0.0,0.0,0.0,0.0,0.0,0.0,0.0,1
0.7246838014600208,1.3112756030045065,-0.3099437277621461,-0.3586055332667353,-0.3117352895109522,1.0,-0.6749976049065796,0.06418136965290823,0.7476504121671469,1.0,0.44678533261295417,0.0,0.0,1.0,0.0,0.0,0.0,1.0,0.0,0.0,0.0,0.0,0.0,0.0,1
1.4587589553776672,-3.5617549724093664,0.2264004980171666,-0.38756311623807466,-0.41617106836631024,0.0,0.03132152680162453,0.01943075291355817,-1.113319934630293,1.0,0.1903629669951717,0.0,0.0,0.0,0.6779208344168217,0.6779208344168217,0.0,0.0,0.0,0.0,0.3220791655831783,0.0,0.0,0.0,1
-2.0812552605344155,-3.560983965833139,0.25503642849598296,-0.4107730065836145,-0.35321319706908805,1.0,-1.4125578468109783,-0.23084917786945194,1.1579212064320108,1.0,0.03934957810023318,0.21144800699654465,0.0,0.0,0.0,0.0,0.0,0.7885519930034554,0.0,0.21144800699654465,0.0,0.0,0.0,0.0,1
1.3267285383707603,-3.1146102627162495,-0.17282163921404378,-0.40341933584062073,-0.4007117730846358,0.6725026478220854,0.3525830841166824,0.0675297896559857,0.15960801326019514,1.0,0.2760606682858952,0.0,0.0,0.0,0.6725026478220854,0.0,0.0,1.0,0.0,0.0,0.0,0.0,0.0,0.0,1
0.12900282138359162,-1.6351863243433202,-0.29716373934424184,-0.3305912345940768,-0.3121814697424452,0.11976213181925122,-0.9860180834877289,0.3212657346341894,0.025053220095997336,1.0,-0.00863413041691996,0.0,1.0,0.0,0.0,1.0,0.0,0.0,0.0,0.0,0.0,0.0,0.0,0.0,1
0.7671125609224636,0.9206058664900993,0.25075322837403835,-0.3828345977021866,-0.3021194187566837,0.0,-1.131693983635367,-0.2843874565063357,-0.7650444176813075,1.0,0.4520374529744287,0.0,0.0,0.10947271926010504,0.890527280739895,0.0,0.0,0.0,0.0,0.890527280739895,0.10947271926010504,0.0,0.0,0.0,1
-0.4216246998572435,2.016993516659576,0.4270114862682752,-0.38456297201565987,-0.2948248860755095,1.0,-0.3110549883595933,0.12998482539187012,0.8944414348313299,1.0,0.1903629669951717,0.0,1.0,0.0,0.0,0.5935924535540487,0.0,0.40640754644595134,0.0,0.0,0.0,0.0,0.0,0.0,1
1.5288378680987518,-0.044767190778777166,-0.31236443385261514,-0.43284799449831723,-0.3113521407164298,1.0,0.5265208516546962,-0.03953907842224813,0.48150592596104363,1.0,0.1903629669951717,0.0,1.0,0.0,0.0,0.0,0.0,0.3208976808555104,0.0,0.0,0.6791023191444896,0.0,0.0,0.0,1
-1.059777121286059,2.05004640861743,0.2340085702115178,-0.3722260802340679,-0.3484714369008563,0.7891712386073383,-0.41622446633843696,-0.2661244386724621,0.6894128034225911,1.0,0.24553147476223988,0.0,1.0,0.0,0.0,0.0,0.0,0.7891712386073383,0.0,0.0,0.2108287613926617,0.0,0.0,0.0,1
2.1793427878153993,2.3582190777070604,-0.17302010353315395,-0.31374700670289535,-0.3453531346525519,0.5015578010709427,-0.7352705259720486,-0.18245099813324284,0.1420522247559161,1.0,-1.7783102297667084,1.0,0.0,0.0,0.0,0.4984421989290573,0.0,0.0,0.0,0.0,0.5015578010709427,0.0,0.0,0.0,1
1.171717338252101,-3.257839920711278,-0.38718368078237714,-0.2991696785056477,-0.29574827565184814,0.9130797119125763,1.5326315789695137,-0.432951552836686,1.645578607382791,1.0,0.1903629669951717,0.0,0.0,0.9130797119125763,0.0,0.0,0.0,0.0,0.0,1.0,0.0,0.0,0.0,0.0,1
-2.0661431077120316,-0.9209885778234689,-0.22265678449364001,-0.37010476694609035,-0.39780147724419035,1.0,0.486923676304499,-0.17652050430214772,0.18900969341149176,1.0,0.4520374529744287,0.4628934581814522,0.0,0.0,0.0,0.5371065418185478,0.0,0.0,0.0,0.0,0.4628934581814522,0.0,0.0,0.0,1
-0.005913709976875944,1.9665939010750584,0.29735289829591266,-0.3658847684027889,-0.3044596007098627,0.5868411180208791,0.030637801762560923,0.12547960209685788,1.7981169581899474,1.0,0.2984761050648227,0.0,0.5868411180208791,0.4131588819791209,0.0,1.0,0.0,0.0,0.0,0.0,0.0,0.0,0.0,0.0,1
0.08553355747444294,-3.027562711352671,-0.3684850916710981,-0.4301371583955348,-0.37361776764822474,0.0,0.48443237364133823,0.07057306709958439,0.10689160467340214,1.0,0.1903629669951717,0.0,0.0,0.25456052581567,0.0,0.0,0.0,0.0,0.0,0.0,1.0,0.0,0.0,0.0,1
-1.601095842440941,1.698218921414872,0.41153173246573815,-0.30759795235998233,-0.2965089325236494,0.4316595462296794,-0.07817388397735092,0.20794855015397845,-0.4504738324343306,1.0,0.1903629669951717,0.0,1.0,0.0,0.0,0.5683404537703206,0.0,0.4316595462296794,0.0,0.0,0.0,0.0,0.0,0.0,1
-2.565120304644027,0.6731840031490668,-0.37556782639829067,-0.3302434712311348,-0.3485918167861245,1.0,1.6199536043229337,-0.28740829241204385,0.31416816742880144,1.0,0.3852684326642145,0.0,0.0,0.8724196972044362,0.12758030279556376,0.0,0.0,1.0,0.0,0.0,0.0,0.0,0.0,0.0,1
-0.8497417591759504,-3.469198260276457,-0.06165581536283889,-0.4152633134544413,-0.4203275114301571,0.0,0.3525830841166824,0.13967387295272987,-0.4770591675614025,1.0,0.3777805386912494,0.0,0.7162240942012755,0.0,0.0,0.0,0.0,0.0,0.0,0.0,1.0,0.0,0.0,0.0,1
0.8526980271550023,0.8157937546382946,0.45611396470390764,-0.3683548096069679,-0.34446656699517136,0.0,0.03256881151757994,-0.37237958112438235,-0.6256989193200329,1.0,0.09535359371689069,0.0,0.0,0.0,0.0,0.0,0.0,0.0,0.0,0.0,1.0,0.0,0.0,0.0,1
-2.2132559358402806,1.4212583418509261,0.45374057909610643,-0.3919966134639071,-0.3580249925542785,1.0,1.712146229428856,0.25512630431549965,0.5497240941985797,1.0,0.4520374529744287,0.0,0.0,0.3540827586683988,0.0,0.0,0.0,0.0,0.0,0.3540827586683988,0.6459172413316012,0.0,0.0,0.0,1
1.832927241885514,-3.2801813019193258,0.35791613381731924,-0.3517612595057919,-0.43287239310815545,0.4292216953310881,-0.40234422505899914,0.2343569038202096,-0.6709498760005688,1.0,0.3026793334920794,0.0,0.0,0.4292216953310881,0.5707783046689119,0.5707783046689119,0.0,0.0,0.0,0.4292216953310881,0.0,0.0,0.0,0.0,1
-0.2276627899767671,-0.8495380138461905,0.4069615389878094,-0.39472071323828595,-0.3551231389561503,0.35609672589784624,1.2040406227241163,0.00812320051111936,0.10257054413970207,1.0,0.3588560252662134,0.0,0.6439032741021538,0.0,0.35609672589784624,0.0,0.0,0.0,0.0,0.0,1.0,0.0,0.0,0.0,1
-2.756321080042032,2.7195903850978964,-0.4561951079686526,-0.3353186036166221,-0.3560416924309266,1.0,-0.6188372396038608,0.07202903391416521,1.0177188094532046,1.0,-0.06425428830277474,0.0,0.013484751207020307,0.0,0.0,0.9865152487929797,0.0,0.0,0.0,0.013484751207020307,0.0,0.0,0.0,0.0,1
-1.4511683545426426,0.9288084430855135,-0.0023504770577551792,-0.13083725958562847,-0.15636269083612925,1.0,-0.5109903739930757,-0.432951552836686,2.7062262709209746,0.6057748193568872,0.4520374529744287,0.39422518064311285,0.0,0.0,0.6057748193568872,0.6057748193568872,0.0,0.0,0.0,0.0,0.39422518064311285,0.0,0.0,0.0,1
-1.9472751451637875,-3.0542871291911466,-0.23751441251597874,-0.291437002465495,-0.3110456824151006,0.23722679173599448,1.8625733094720067,-0.22654857760470878,-0.3774071707766824,1.0,0.4520374529744287,0.0,1.0,0.0,0.0,0.0,0.0,0.7627732082640055,0.0,0.23722679173599448,0.0,0.0,0.0,0.0,1
-1.729320638613687,-0.9637592036553954,0.03605084358004278,-0.3826635611489199,-0.35437860940344545,1.0,0.902162627516108,-0.0992973245082382,0.7334691060286368,1.0,0.3987697005651448,0.0,0.0,0.10178247262040374,0.0,0.8982175273795963,0.0,0.0,0.0,0.10178247262040374,0.0,0.0,0.0,0.0,1
-0.2137853537918575,-0.8976770156514192,0.280955971567321,-0.38564207790304805,-0.36527893815727513,0.15285913918433203,1.3726458155143182,-0.008973357535262946,-0.40080124399423944,1.0,0.4120381163011369,0.15285913918433203,0.847140860815668,0.0,0.0,0.0,0.0,0.0,0.0,0.0,1.0,0.0,0.0,0.0,1
1.0608427406741276,0.4815106216709475,-0.22764864555796557,-0.3530484727738404,-0.3843387065304889,0.7540422716154919,-1.0245870467442273,0.11125964972188306,-0.6508375375110993,1.0,0.12600210484752988,0.0,0.0,0.0,0.0,0.0,0.0,0.0,0.0,0.0,0.24595772838450813,0.0,0.0,0.0,1
2.175644399755863,1.846283553729226,0.28090778672849603,-0.34743813158498743,-0.4384168699602906,0.8393186267404443,-0.7702590810522907,-0.12610333430907436,0.6019576407870354,1.0,0.40999123722029335,0.16068137325955567,0.0,0.0,0.0,0.16068137325955567,0.0,0.8393186267404443,0.0,0.0,0.0,0.0,0.0,0.0,1
-0.9477789499835423,-2.887200130735522,-0.15852511751817006,-0.3845492298571432,-0.3551481541896914,1.0,1.8816914648007503,-0.16154620094961158,1.2085149427540882,1.0,0.026328141254525095,0.0,1.0,0.0,0.0,0.0,0.0,0.0,0.0,0.8134329759486942,0.18656702405130576,0.0,0.0,0.0,1
0.4312876938322606,0.32905893043042267,-0.3555039721004195,-0.3581591355569253,-0.2962892242142977,1.0,-0.3130302682321574,1.0216538689269203,1.940207672925626,1.0,0.4520374529744287,0.0,0.0,0.2850951686938471,0.7149048313061529,0.0,0.0,1.0,0.0,0.0,0.0,0.0,0.0,0.0,1
0.15187655382541115,-0.6061076010262268,0.06280418933521288,-0.41035246168440975,-0.4271849216495296,1.0,-0.9761237709934301,1.947048108037897,0.7376175132158861,0.8266264047052452,0.406670006543298,0.17337359529475482,0.0,0.8266264047052452,0.0,1.0,0.0,0.0,0.0,0.0,0.0,0.0,0.0,0.0,1
-2.130977166132584,1.3553349738667457,0.41563938850699433,-0.4356419278826441,-0.3344113454296914,1.0,1.5134582754854382,-0.11651965079978074,0.9653232429471122,1.0,0.4520374529744287,0.0,0.0,0.10323457537357483,0.0,0.0,0.0,0.10323457537357483,0.0,0.0,0.8967654246264252,0.0,0.0,0.0,1
0.4193535934967264,-0.41907735930550094,0.3457344236543671,-0.2691962914350182,-0.36020839350089845,0.0,0.31102612108208505,-0.4195663885893679,0.0744205477531265,1.0,0.16936784284097103,0.0,0.9197662543383578,0.0,0.0,0.0,0.0,0.0,0.0,0.9197662543383578,0.08023374566164221,0.0,0.0,0.0,1
-1.935026616244885,2.556522661709419,-0.02716697820431041,-0.32752382267314756,-0.39892143191915636,0.5245113895702547,0.6090182980727401,-0.01997293181228689,-0.572183107769942,1.0,0.05311171873910958,0.0,0.0,0.0,1.0,1.0,0.0,0.0,0.0,0.0,0.0,0.0,0.0,0.0,1
0.8418112017684173,0.8097599325303314,0.4540050766892329,-0.3609886479900442,-0.3486737515281271,0.0,0.01786491218527722,-0.3644862345278465,-0.5736893366770939,1.0,0.08297258824513402,0.0,0.0,0.0,0.0,0.0,0.0,0.0,0.0,0.0,1.0,0.0,0.0,0.0,1
-1.6166397386269438,0.2903543421821616,-0.4593883024442356,-0.4018567334392928,-0.40110097249143,0.0,1.1922533462824518,-0.40355430794949165,0.6191933861275262,1.0,0.4474263866117447,0.9823786169086064,0.0,0.0,0.0,0.0,0.0,0.9823786169086064,0.0,0.0,0.017621383091393605,0.0,0.0,0.0,1
0.05892788776749196,-3.2749498135956046,-0.3843661614073922,-0.43964650513695785,-0.3641130537189316,0.0,0.41061348613068854,-0.024532817616942246,0.16564065653110288,1.0,0.1903629669951717,0.0,0.0,0.11203890216805235,0.0,0.0,0.0,0.0,0.0,0.0,1.0,0.0,0.0,0.0,1
0.5042637146535419,-1.65255505562718,-0.18836726544910096,-0.3447670159366821,-0.3652471527920155,0.0,-1.2625282604474772,0.6666764237559522,0.1290874317950078,1.0,0.13690579976444245,0.0,0.6021444009542584,0.0,0.39785559904574164,1.0,0.0,0.0,0.0,0.0,0.0,0.0,0.0,0.0,1
0.7078815059533656,1.3004427174568431,-0.3111090953907408,-0.3588381348283335,-0.3115028012693712,1.0,-0.6706640861543922,0.0624366301426314,0.7404653122985143,1.0,0.44404864429459145,0.0,0.0,1.0,0.0,0.0,0.0,1.0,0.0,0.0,0.0,0.0,0.0,0.0,1
0.1371045152978394,-3.425982057060278,-0.31892111630562536,-0.4381483282328816,-0.3566412211169376,0.0,0.42224349136241607,-0.1441714406337573,0.4890219250762433,1.0,0.1903629669951717,0.0,0.0,0.0,0.0,0.0,0.0,0.0,0.0,0.13449287410601973,0.8655071258939803,0.0,0.0,0.0,1
-1.0915033191102768,-2.697884427852303,0.2899337381259719,-0.27326473864443884,-0.3666717014366151,1.0,-0.41928644326634795,-0.4024342143331165,-0.1132532816257864,1.0,0.4520374529744287,0.0,0.18292792905072008,0.8170720709492799,0.0,0.18292792905072008,0.0,0.0,0.0,0.8170720709492799,0.0,0.0,0.0,0.0,1
1.3021731719399348,-0.05880470508701954,-0.29257792134377175,-0.42991415292808377,-0.31288418519359246,0.7420971729550602,0.6131947300197518,-0.0615457634561211,0.17204402842356373,0.7420971729550602,0.1228763772955899,0.0,0.7420971729550602,0.0,0.0,0.0,0.0,0.0,0.0,0.0,1.0,0.0,0.0,0.0,1
-1.491573648788615,0.28552914674563407,-0.4560913363085449,-0.39883989616804105,-0.38210692337055707,0.17088758739006582,0.9334701765083309,-0.3759341867351434,0.5301134396118202,1.0,0.4073205313838979,0.8291124126099342,0.0,0.17088758739006582,0.0,0.0,0.0,1.0,0.0,0.0,0.0,0.0,0.0,0.0,1
0.37884558779477806,1.8265578099225372,-0.36032418923821474,-0.41737977840517876,-0.3937349524622239,0.331356780075569,-0.8935650186614685,-0.37767225745792943,-0.7508172044916889,1.0,0.36532983787241247,0.0,0.0,1.0,0.0,0.0,0.0,0.0,0.0,0.331356780075569,0.668643219924431,0.0,0.0,0.0,1
1.1737763323710835,0.5837783618355549,-0.38003954600251294,-0.37254620549926903,-0.3804410597864123,0.0,0.7010987275103863,-0.42116955291213837,-0.30867892012520753,0.07062401087241421,-0.0713115189840851,0.0,0.0,0.0,0.0,0.0,0.0,0.0,0.0,0.0,1.0,0.0,0.0,0.0,1
-0.9545080276600464,2.0572236474463494,0.09416436646406992,-0.38773286080031044,-0.3639706627945164,0.5567628930139298,-0.46437470510449047,-0.2661244386724621,0.9129493849505477,1.0,0.3063468091326845,0.0,1.0,0.0,0.0,0.0,0.0,0.5567628930139298,0.0,0.0,0.4432371069860702,0.0,0.0,0.0,1
-1.2055180073926797,-2.129695845357864,0.220855296002709,-0.36131590540908715,-0.39794574057053317,0.0,0.2786667058306345,0.09120865512908721,-0.4553379761268642,1.0,0.1903629669951717,0.0,0.0,0.0,0.42838731053010015,0.0,0.0,0.42838731053010015,0.0,0.5716126894698998,0.0,0.0,0.0,0.0,1
0.22772182441191882,-1.8140237278090485,-0.2854213714388762,-0.38662678070407525,-0.42955474862577225,0.2799790936602842,0.8705317688241037,0.28776250681869653,0.06890428617962585,1.0,0.26362635241366483,0.0,0.2799790936602842,0.7200209063397158,0.0,0.0,0.0,0.0,0.0,0.0,1.0,0.0,0.0,0.0,1
-1.0693442444218777,-2.6854730538552114,0.2888733971259489,-0.27432293249837914,-0.3634986664836588,1.0,-0.4045003121737905,-0.3944967240866369,-0.12632839336397425,1.0,0.4520374529744287,0.0,0.2305070668080631,0.7694929331919369,0.0,0.2305070668080631,0.0,0.0,0.0,0.7694929331919369,0.0,0.0,0.0,0.0,1
2.176018722161793,2.1019434635911938,-0.37728944930785274,-0.36375990274050196,-0.34688522326522225,0.0,-0.2622446641388538,-0.40174758404237565,-0.29529108663949016,1.0,0.1903629669951717,0.18704374855752337,0.0,0.8129562514424766,0.0,0.18704374855752337,0.0,0.0,0.0,0.0,0.8129562514424766,0.0,0.0,0.0,1
-1.039021821917334,-2.7903992147849612,0.03648915746211254,-0.3588032774971056,-0.370388091368737,0.6763207635957563,1.577131060881337,-0.15329579743243776,0.9107821312662345,1.0,0.013387078824153714,0.0,0.6763207635957563,0.0,0.0,0.0,0.0,0.0,0.0,1.0,0.0,0.0,0.0,0.0,1
-0.9579788362863171,-2.5019538624177224,0.33193527225399305,-0.288120309221224,-0.4072432942339869,0.5745635613835832,-0.07949717256082295,-0.36197721952200423,-0.004526687525659934,1.0,0.3407115915826321,0.0,0.0,0.5745635613835832,0.0,0.0,0.0,0.0,0.0,1.0,0.0,0.0,0.0,0.0,1
1.8720743314167587,-3.190716697770454,0.3804401373919415,-0.3475465607411473,-0.4342766082502111,0.492389621315545,-0.4219748715666062,0.2343569038202096,-0.6188727853188096,1.0,0.31920876805443793,0.0,0.0,0.492389621315545,0.507610378684455,0.507610378684455,0.0,0.0,0.0,0.492389621315545,0.0,0.0,0.0,0.0,1
-1.3409184149467301,1.9388606429897615,-0.05986716567953729,-0.3972491928082598,-0.4240057709980591,1.0,0.08889109882834789,-0.3520705206284269,1.7732614722062556,1.0,0.3251725687222581,0.0,0.0,0.0,1.0,1.0,0.0,0.0,0.0,0.0,0.0,0.0,0.0,0.0,1
-0.7552404833366408,2.1146741949251733,-0.21781657879421387,-0.41977316337899134,-0.3985481641531594,0.0,-0.5202449660270289,-0.2852823347434862,1.511574950801,1.0,0.4219875858893076,0.0,0.8851631752607965,0.0,0.0,0.0,0.0,0.11483682473920354,0.0,0.0,0.8851631752607965,0.0,0.0,0.0,1
-1.7165632177189125,-0.5307733915845189,-0.17793630474708877,-0.389059933704517,-0.373952957220193,0.6106200424416326,0.9915390709453764,-0.22921559377393905,0.7079374112228615,1.0,0.4520374529744287,0.3893799575583674,0.0,0.0,0.0,0.6106200424416326,0.0,0.3893799575583674,0.0,0.0,0.0,0.0,0.0,0.0,1
0.4659224243067812,-2.00175616272025,-0.26086083112703656,-0.4184619199191724,-0.38826852985528604,0.0,-0.47190547601306443,0.13805409930681908,1.0362473743982727,1.0,-3.99642880867294,0.0,0.7113694467597442,0.0,0.0,0.28863055324025577,0.0,0.0,0.0,0.0,0.7113694467597442,0.0,0.0,0.0,1
-0.682911553033791,-0.31116066792776237,0.7699657751961194,0.4536477741703595,0.4418493349655368,0.0,-0.9895746277863526,-0.23901896259292482,-0.8204316211378422,1.0,0.14784702732990956,0.4187617785773877,0.0,0.5812382214226123,0.0,0.5812382214226123,0.0,0.0,0.0,0.0,0.4187617785773877,0.0,0.0,0.0,1
0.29091620807313945,1.9046974849730325,-0.1276256196623461,-0.4471219796788324,-0.3754396328328925,1.0,0.24134596864668093,-0.2661244386724621,-0.4964048104133161,1.0,0.14997018282143243,0.0,0.0,0.8456372847257977,0.1543627152742023,0.0,0.0,0.0,0.0,0.8456372847257977,0.1543627152742023,0.0,0.0,0.0,1
-0.12073229094664495,-2.444802345312525,-0.016945272945020462,-0.35983696573577023,-0.3352498518121745,0.4811401018548175,0.9584919706647668,-0.0992973245082382,1.0362473743982727,1.0,-3.8705267198360733,0.4811401018548175,0.0,0.0,0.0,0.5188598981451825,0.0,0.0,0.0,0.0,0.4811401018548175,0.0,0.0,0.0,1
1.267800648631662,0.17480537834708654,-0.3476725143385363,-0.41158647667703613,-0.33730918156705,0.46741056744841414,0.6701041564313173,-0.1990212845448422,-0.0166709330738537,0.46741056744841414,0.05099790099425139,0.0,0.46741056744841414,0.0,0.0,0.0,0.0,0.0,0.0,0.0,1.0,0.0,0.0,0.0,1
-2.2120258014918885,2.694408470331344,-0.27998886650547994,-0.2749592529702426,-0.4409526007409786,0.05182353682242691,0.6579839083943226,0.05888421856211683,-1.3515725776022012,1.0,0.17680206963553605,0.0,0.0,0.0,1.0,1.0,0.0,0.0,0.0,0.0,0.0,0.0,0.0,0.0,1
-0.1746206612361625,0.6867290118922961,-0.47849241299715684,-0.4173949501654224,-0.4158481769186302,0.0,0.6643688038941101,-0.432951552836686,-1.0697125080105074,0.0,0.01676923249072783,0.6633957218060794,0.3366042781939206,0.0,0.0,0.0,0.0,1.0,0.0,0.0,0.0,0.0,0.0,0.0,1
0.25399308758140504,-2.896423284994034,0.28561788153689044,-0.34787633647866695,-0.32413355597802423,0.0,0.6338240913959938,1.2451786143844585,-0.5099042539038987,1.0,-3.99642880867294,0.0,1.0,0.0,0.0,0.0,0.0,0.0,0.0,0.0,1.0,0.0,0.0,0.0,1
-1.7163982357470562,2.398753262927084,0.2271529237261499,-0.3747618289680028,-0.3622764919781077,1.0,0.5925875405993927,-0.12044265137666768,0.20311641631121136,1.0,-0.0713115189840851,0.0,0.0,0.0,1.0,0.9366250295272323,0.0,0.06337497047276774,0.0,0.0,0.0,0.0,0.0,0.0,1
-0.7178744410962734,2.0797145177212406,-0.23749352394212755,-0.4235415192269854,-0.40020824134782856,0.010039767610054762,-0.6088450211556942,-0.25942481684340246,1.4305253384364442,1.0,0.4520374529744287,0.0,1.0,0.0,0.0,0.0,0.0,0.0,0.0,0.010039767610054762,0.9899602323899452,0.0,0.0,0.0,1
-2.0535484451262196,1.137522658599058,0.15898397171674827,-0.3129451386124327,-0.40110097249143,0.677646155025277,2.0134309621128916,1.0092200838708547,-0.11632768097415092,1.0,0.367685676287231,0.0,0.0,0.677646155025277,0.0,0.0,0.0,0.0,0.0,0.677646155025277,0.32235384497472297,0.0,0.0,0.0,1
-0.745663885761519,-0.7788958451720278,0.32619899334545066,-0.31680816752103297,-0.32908733947692625,0.0,-0.7227043975777049,0.09924788718293084,0.36856825876625,1.0,-3.7845053293461923,0.8098744458546349,0.19012555414536514,0.0,0.0,0.0,0.0,0.0,0.0,0.8098744458546349,0.19012555414536514,0.0,0.0,0.0,1
1.5699874570031471,-0.0321956667200769,0.038343818211589886,-0.32459164608802393,-0.3618892065032315,0.0,0.19623703029202688,-0.2661244386724621,0.03433079591510274,1.0,0.4520374529744287,1.0,0.0,0.0,0.0,0.7453593452362361,0.0,0.0,0.0,0.25464065476376385,0.0,0.0,0.0,0.0,1
1.3172552181201542,-3.337675270432187,-0.08584072298999117,-0.4046203441647659,-0.3717909419124954,0.6815027222239293,0.3855761333380844,0.43946766169978735,-0.2003871170026294,1.0,0.2737055784430176,0.31849727777607073,0.0,0.0,0.6815027222239293,0.0,0.0,1.0,0.0,0.0,0.0,0.0,0.0,0.0,1
-1.4802557872910862,-3.736720611541581,0.2315847012662039,-0.39106525235010703,-0.41891019952633624,1.0,-0.2229273783033594,0.24118204121809933,0.19496021438060174,1.0,0.12762071547965909,0.0,0.0,0.7602278598896866,0.0,0.0,0.0,1.0,0.0,0.0,0.0,0.0,0.0,0.0,1
-1.162722978801176,0.2910241271330091,-0.437159464744968,-0.38939312850946267,-0.3348960967003287,0.5956387406078443,0.3174721333244265,-0.23421416847664725,0.2966636945756362,1.0,0.296173991696539,0.4043612593921557,0.0,0.5956387406078443,0.0,0.0,0.0,1.0,0.0,0.0,0.0,0.0,0.0,0.0,1
-1.406814671143583,0.4943102067680203,-0.3341680354212544,-0.37913551503372067,-0.40110097249143,0.0,1.5097366813787898,0.4486026423616847,0.4788209636387717,1.0,0.3137624237340916,0.47157618855015837,0.0,0.0,0.0,0.0,0.0,0.47157618855015837,0.0,0.0,0.5284238114498416,0.0,0.0,0.0,1
-1.9440342954360608,-3.4233615356943035,0.1969794158522835,-0.3974023643621252,-0.3710320347273539,1.0,-1.1219367672974196,-0.19741820747051742,0.8825736721934735,1.0,0.14422500004534244,0.41184091414726853,0.0,0.0,0.0,0.0,0.0,0.5881590858527315,0.0,0.41184091414726853,0.0,0.0,0.0,0.0,1
-2.4420350654752747,-0.9196462320614571,-0.23719961795914518,-0.3426409789491531,-0.4455607238659225,1.0,0.5116231087516959,-0.3243251248033053,0.0041635864219604635,1.0,0.4520374529744287,0.6511317334570047,0.0,0.0,0.3488682665429953,0.0,0.0,0.0,0.0,0.0,1.0,0.0,0.0,0.0,1
1.958438255945045,0.8055503695696684,-0.17055236359592,-0.334351102587594,-0.43459481532530964,0.9295291442478258,-0.4542346391869647,0.6385498291355687,0.17125020426610016,1.0,0.1903629669951717,0.0,0.0,0.0,1.0,0.0,0.0,0.07047085575217416,0.0,0.9295291442478258,0.0,0.0,0.0,0.0,1
1.4653651255025095,1.3745652396375982,0.5130940410947369,-0.35439199075136113,-0.37134047778676194,1.0,-0.21463025556134985,-0.29438171406666247,1.6091362464101855,1.0,0.14604038759316362,0.0,0.0,0.0,0.16938059221227086,0.0,0.0,0.16938059221227086,0.0,0.0,0.8306194077877291,0.0,0.0,0.0,1
-0.6663961844523902,-2.2043246108013226,0.3893890332511077,-0.31289988712226263,-0.44322838158107536,0.03497308933348742,0.48877849917494953,-0.2602899791055488,0.06961511124861143,1.0,0.19951453216961862,0.0,0.03497308933348742,0.0,0.0,0.0,0.0,0.0,0.0,1.0,0.0,0.0,0.0,0.0,1
-1.6797069262444126,-1.0125022136660138,-0.0427966197901327,-0.3831643052168347,-0.3511149974642305,1.0,0.7160207686230102,-0.12003347160095722,0.7785186245033601,1.0,0.4520374529744287,0.12429722348554473,0.0,0.0,0.0,0.8757027765144553,0.0,0.12429722348554473,0.0,0.0,0.0,0.0,0.0,0.0,1
-1.8141001586282473,2.4963273857652437,0.0832046654268706,-0.3504713530229102,-0.3805723513954084,0.7308674752036443,0.5876419254457028,-0.05439872206873074,-0.2319337037636382,1.0,-0.0008864038976991451,0.0,0.0,0.0,1.0,1.0,0.0,0.0,0.0,0.0,0.0,0.0,0.0,0.0,1
-2.194374154394624,2.1844484120879364,0.4709230172013731,-0.2691962914350182,-0.35115848519773474,0.0,1.1174280210701486,-0.21469202042630908,0.12710180477641808,1.0,-0.055176789717014396,0.0,0.06165954317896216,0.0,0.9383404568210378,0.06165954317896216,0.0,0.0,0.0,0.9383404568210378,0.0,0.0,0.0,0.0,1
1.4661643682640297,-0.8476727448742465,0.2048670848059313,-0.27322704368877593,-0.4375031468033603,0.0,0.5694828666951384,-0.2515440163193804,-2.12492513875637,1.0,0.4520374529744287,0.0,0.8187669338343398,0.18123306616566015,0.0,0.0,0.0,0.0,0.0,0.0,1.0,0.0,0.0,0.0,1
-2.213189308777456,2.265278398088927,0.42042977323194114,-0.2691962914350182,-0.36255403614585496,0.0,1.1468593254279809,-0.2439376778974778,0.10218227643077343,1.0,-0.05391114240134437,0.0,0.0,0.0,1.0,0.0664962673667775,0.0,0.0,0.0,0.9335037326332225,0.0,0.0,0.0,0.0,1
-1.641129424855201,-0.031240044600372552,0.1143692565677864,-0.38536757512518705,-0.3344113454296914,1.0,1.3153871988466814,-0.14248541950388566,0.45106102997571795,1.0,0.06417272307125005,0.0,0.0,1.0,0.0,0.0,0.0,0.25887935070994095,0.0,0.741120649290059,0.0,0.0,0.0,0.0,1
-0.17873583820795905,-0.5814589700845101,0.13706493228381528,-0.3425437644855462,-0.30272205994685375,1.0,1.0468526418929904,-0.24127616956320144,0.1972152416735028,1.0,0.1903629669951717,0.4255268868200881,0.0,0.0,0.5744731131799119,0.0,0.0,0.0,0.0,0.0,1.0,0.0,0.0,0.0,1
1.557058899918145,-3.0937645502218594,-0.2348186323988783,-0.4400862987399198,-0.3075322272050154,0.8418287767582721,0.7505571164752961,-0.2925116873897048,-1.6466292764233568,1.0,-0.029922145445595683,0.0,0.8418287767582721,0.0,0.0,0.8418287767582721,0.0,0.0,0.0,0.0,0.15817122324172794,0.0,0.0,0.0,1
0.7962434860193811,0.8066800317819728,0.3510418970112009,-0.36485666139446077,-0.3054872068397659,0.0,-0.9673623795264668,-0.2661244386724621,-0.6347708852600437,1.0,0.3788877233588619,0.0,0.0,0.0,0.8602276233737105,0.0,0.0,0.0,0.0,0.8602276233737105,0.1397723766262895,0.0,0.0,0.0,1
1.4584678043118189,-0.12924847864728445,-0.2864760906943774,-0.4380151785679986,-0.30360514067461014,1.0,0.538554352691894,-0.0007801374190113952,0.43362138039931064,1.0,0.1903629669951717,0.0,1.0,0.0,0.0,0.0,0.0,0.2047326881401098,0.0,0.0,0.7952673118598902,0.0,0.0,0.0,1
0.14151599478617954,-1.8084661927841204,-0.15061835214389474,-0.4026405576178788,-0.4321142730864806,0.7983726799522555,0.9749643740439152,-0.33204084101599124,0.5398047777493882,1.0,0.4520374529744287,0.0,1.0,0.0,0.0,0.0,0.0,0.0,0.0,0.0,1.0,0.0,0.0,0.0,1
-0.6090706848783707,-3.120757493345638,0.3936928470768352,-0.3472396619558362,-0.2859119746948712,0.1636559428657045,1.128570470918179,-0.3783470555084648,-0.5226507991716121,1.0,0.23318755172200556,0.0,1.0,0.0,0.0,0.8363440571342955,0.0,0.0,0.0,0.1636559428657045,0.0,0.0,0.0,0.0,1
1.4530496385651455,-0.8533709467735477,0.2048670848059313,-0.27284967957899214,-0.43825750733057794,0.0,0.5782710409603623,-0.2685276186884194,-2.1505701832410637,1.0,0.4520374529744287,0.0,0.8357342020690071,0.16426579793099294,0.0,0.0,0.0,0.0,0.0,0.0,1.0,0.0,0.0,0.0,1
-2.5363975252627484,2.226841695010657,0.1279763337263129,-0.28731301240041585,-0.4455607238659225,0.8145747202313821,1.0008786188929433,-0.34014965988600887,-0.20583903690630478,1.0,-0.02279045421307213,0.0,0.0,0.0,1.0,0.1854252797686179,0.0,0.8145747202313821,0.0,0.0,0.0,0.0,0.0,0.0,1
0.06703122714677295,-0.16921216193881683,-0.21826912415242258,-0.30632950619888755,-0.312279466546203,1.0,1.2848907165900407,0.3490069879591169,-0.47398333671149945,1.0,0.10275362181642332,1.0,0.0,0.0,0.0,0.0,0.0,0.0,0.0,0.0,1.0,0.0,0.0,0.0,1
-1.5374923566020133,-0.6072050207648413,0.16749185973992847,-0.39203319354972566,-0.34501354174802346,1.0,1.03308439808916,-0.0992973245082382,0.6176973217472373,1.0,0.17829170065446676,0.0,0.0,0.5230654247691193,0.0,0.4769345752308807,0.0,0.0,0.0,0.5230654247691193,0.0,0.0,0.0,0.0,1
-2.2311684974981203,2.538761010462305,-0.02781786744968051,-0.2691962914350182,-0.41365369564648313,0.0,0.8492080722258304,-0.05219551862496487,-0.845365404092589,1.0,0.09646618450846631,0.0,0.0,0.0,1.0,0.6411695158764975,0.0,0.0,0.0,0.3588304841235025,0.0,0.0,0.0,0.0,1
-1.5705989492520085,2.3420776201642033,0.13957887678442138,-0.3749375520144531,-0.36756048796568025,1.0,0.6869701947369174,-0.14026988330239126,0.17807814751858503,1.0,-0.0070445482615638655,0.0,0.0,0.0,1.0,0.8772005408131083,0.0,0.0,0.0,0.12279945918689172,0.0,0.0,0.0,0.0,1
1.8962042455357566,1.6402884598288408,0.4627093478043115,-0.3581591355569253,-0.41938870600970296,1.0,-0.6242908804721111,-0.1647678092474253,1.0015001095693656,1.0,0.34934458121453627,0.0,0.0,0.0,0.0,0.0,0.0,0.6075548925773646,0.0,0.0,0.3924451074226354,0.0,0.0,0.0,1
1.973138480987072,0.756096998448383,-0.4064867879032254,-0.38224576327017823,-0.36479516443997384,1.0,0.7791458899991883,-0.1743358799252885,0.48424037099709727,1.0,0.1903629669951717,0.0,0.8165994394715771,0.0,0.1834005605284229,0.0,0.0,1.0,0.0,0.0,0.0,0.0,0.0,0.0,1
-0.7263468560221664,-0.3011624037630406,0.9314772437492709,0.7064860715802417,0.6977233923013572,0.0,-1.269263078927318,-0.2864323337856063,-0.937584859814911,1.0,0.22221665002310895,0.5608650914297816,0.0,0.4391349085702184,0.0,0.4391349085702184,0.0,0.0,0.0,0.0,0.5608650914297816,0.0,0.0,0.0,1
0.6090215697742549,1.4165849043728411,-0.1108861236870633,-0.41102406974726613,-0.3675832612629674,0.0,-0.8227288296032893,-0.432951552836686,-0.9391998880884944,1.0,0.3534007131619217,0.0,0.0,0.6230555705750924,0.0,0.0,0.0,0.0,0.0,0.0,1.0,0.0,0.0,0.0,1
1.1844447534383202,1.3762869389556134,0.12337953246610528,-0.34620875193916917,-0.32412603131125434,1.0,-0.015383969428231281,-0.20138895256053976,1.278248706284209,1.0,0.17083147119208897,0.0,0.0,0.46267978566960644,0.5373202143303936,0.0,0.0,1.0,0.0,0.0,0.0,0.0,0.0,0.0,1
0.3976348714267911,1.3140953889356963,0.14534016843650377,-0.4404191214685683,-0.34324203576182677,0.6986221258358579,0.579624103654736,-0.31640243969221454,-0.7368300388484165,1.0,0.007551381323337922,0.0,0.0,0.0,0.6986221258358579,0.0,0.0,0.0,0.0,0.0,1.0,0.0,0.0,0.0,1
0.5696384546724396,0.9300500367429752,0.3208554767391592,-0.3141030661734416,-0.3898797482848121,0.2523906198237489,0.06994010063562384,-0.2661244386724621,-0.0989766443469291,1.0,-0.0713115189840851,0.0,0.0,0.0,0.2523906198237489,0.0,0.0,0.0,0.0,0.0,1.0,0.0,0.0,0.0,1
-1.3089886064384124,2.111099699173309,-0.12748046138450975,-0.3582801423767993,-0.4008590767571235,1.0,1.074893197766491,-0.2652167690154036,0.07516813180166544,1.0,0.1889392536369467,0.0,0.0,0.0,1.0,0.5027203900924792,0.0,0.0,0.0,0.49727960990752085,0.0,0.0,0.0,0.0,1
-2.2027830622994258,1.6111500510347463,0.44959311833845766,-0.4109699515262525,-0.3602216421602622,1.0,1.3958507824540818,-0.17677607211551863,0.8128989747184927,1.0,0.3305091776936261,0.0,0.0,0.0,0.2322126951468173,0.0,0.0,0.2322126951468173,0.0,0.0,0.7677873048531827,0.0,0.0,0.0,1
-1.5862293592780174,2.355877837591445,0.1555348474542403,-0.3759327807955768,-0.36557100012471755,1.0,0.6637929933668886,-0.13280469276686713,0.1842267031304884,1.0,-0.018753975148835478,0.0,0.0,0.0,1.0,0.8995745732745685,0.0,0.0,0.0,0.10042542672543153,0.0,0.0,0.0,0.0,1
-1.6582291739654045,-2.3850369886854668,-0.1154801963897662,-0.3736531863181653,-0.3344113454296914,0.0,0.16111544520081775,0.183750344460625,-1.0567176935819684,1.0,0.1903629669951717,0.0,0.3838912213732114,0.0,0.6161087786267886,0.0,0.0,0.6161087786267886,0.0,0.3838912213732114,0.0,0.0,0.0,0.0,1
0.7717204335243618,-2.353965088591906,0.01741691624638031,-0.3924888487012272,-0.4112477356466653,0.0,0.7579187730309253,0.023935000856533994,-0.7978770867388094,1.0,0.1903629669951717,0.0,0.0,0.4564471388860114,0.0,0.0,0.0,0.0,0.0,0.0,1.0,0.0,0.0,0.0,1
-1.20341038751514,-3.414698132730678,0.03571814430155318,-0.3922399238512388,-0.4351651571331791,0.0,0.3525830841166824,0.17194495253358405,-0.7628535369018257,1.0,0.4275635906863515,0.0,1.0,0.0,0.0,0.0,0.0,0.0,0.0,0.09352788903545306,0.9064721109645469,0.0,0.0,0.0,1
1.8085818881952562,-0.6988962006964341,0.2048670848059313,-0.28307978831638525,-0.41780725776907496,0.0,0.3400290460130863,0.19188738762325347,-1.4553488125495222,1.0,0.4520374529744287,0.0,0.3757620040860079,0.6242379959139921,0.0,0.0,0.0,0.0,0.0,0.0,1.0,0.0,0.0,0.0,1
-2.2147661752787493,2.289264217295674,0.38111617016250243,-0.2691962914350182,-0.36703573676905593,0.0,1.1207537932187845,-0.2271209131068054,0.019077514641471477,1.0,-0.04072228426974169,0.0,0.0,0.0,1.0,0.11689804070836407,0.0,0.0,0.0,0.8831019592916359,0.0,0.0,0.0,0.0,1
1.6152142905181262,-3.18020857777488,-0.2978116508475922,-0.4431074506227419,-0.29797674052982726,0.9398321236134751,0.7046142870105409,-0.23601153912360104,-1.6704927891515529,1.0,-0.05556712085817775,0.0,0.9398321236134751,0.0,0.06016787638652488,1.0,0.0,0.0,0.0,0.0,0.0,0.0,0.0,0.0,1
-1.6263941716510404,-3.0721611014726653,-0.2621699127660654,-0.34727969614495335,-0.3178593380305209,0.6277080530714179,2.0750429872741494,-0.16140571564091394,0.6460486156257148,1.0,0.12352708870942192,0.0,1.0,0.0,0.0,0.0,0.0,0.37229194692858214,0.0,0.6277080530714179,0.0,0.0,0.0,0.0,1
-0.05871201407293593,1.9469423271291761,0.190675611417169,-0.3434718694882616,-0.3268615803937864,0.3349056146570861,0.21332332940029108,-0.04263908982991296,2.1789028986065317,1.0,0.36440119840746854,0.0,0.3349056146570861,0.6650943853429139,0.0,1.0,0.0,0.0,0.0,0.0,0.0,0.0,0.0,0.0,1
0.5406704200804907,0.08453346978655354,-0.38077231707467274,-0.3519641157114814,-0.289951594055199,0.8607279273366127,-0.1653656005907389,1.4253810609358801,2.276330082486935,1.0,0.4155935049489711,0.0,0.0,0.0,1.0,0.0,0.0,1.0,0.0,0.0,0.0,0.0,0.0,0.0,1
-0.6783174787929331,-2.169354168401532,0.4015150819818583,-0.32742079223096127,-0.4455607238659225,0.20597481072970403,0.5628572033584769,-0.09431352234966839,0.18762746122340407,1.0,0.24426131971754175,0.0,0.0,0.0,0.20597481072970403,0.0,0.0,0.20597481072970403,0.0,0.794025189270296,0.0,0.0,0.0,0.0,1
-1.0284560699476515,0.0054830243278253255,-0.4530043944113062,-0.40574940273140014,-0.3490717418965494,1.0,-0.5050947171538334,0.15423133837501318,0.2832343851938772,0.6200727559285135,0.1903629669951717,0.3799272440714865,0.0,0.6200727559285135,0.0,0.3799272440714865,0.0,0.6200727559285135,0.0,0.0,0.0,0.0,0.0,0.0,1
0.39674149006849835,-1.0645227614292319,-0.017905888140104964,-0.35964753251174447,-0.3833341122941427,0.0,-0.876628856318721,-0.04379485448209314,-0.29207744455704465,1.0,-0.0713115189840851,0.0,0.4665389080236785,0.0,0.0,0.4665389080236785,0.0,0.5334610919763215,0.0,0.0,0.0,0.0,0.0,0.0,1
2.0855234701243677,-0.7384333578847888,0.13865568633966024,-0.30087662005971083,-0.39402470842661397,0.10610741694904235,0.1454036102337138,0.4972047555045425,-0.8436675816944721,1.0,0.4520374529744287,0.0,0.0,0.8938925830509576,0.10610741694904235,0.0,0.0,0.0,0.0,0.0,1.0,0.0,0.0,0.0,1
-0.9491584427350795,0.19059510474946031,-0.26366388452832945,-0.38510159492359425,-0.2993505094840307,1.0,0.03763289235903522,-0.0992973245082382,0.16156320781248812,1.0,0.1350442509077694,0.0,0.0,1.0,0.0,0.0,0.0,0.7885972112245307,0.0,0.21140278877546925,0.0,0.0,0.0,0.0,1
1.4814138115541737,-3.7836248303535287,0.15754425767438476,-0.39051991809955744,-0.41658742073600213,0.15167487973275118,-0.17468357217934138,0.209053421343189,-0.899765852765495,1.0,0.1903629669951717,0.0,0.0,0.0,1.0,0.8483251202672488,0.0,0.15167487973275118,0.0,0.0,0.0,0.0,0.0,0.0,1
-1.2642272829378112,-3.6299966202246425,-0.2828090102918415,-0.3344764747909622,-0.3191110125585116,1.0,1.6145189025440994,-0.0992973245082382,1.1219109879020028,1.0,-2.592778356670606,0.6882779322044518,0.31172206779554823,0.0,0.0,0.0,0.0,0.0,0.0,0.31172206779554823,0.6882779322044518,0.0,0.0,0.0,1
0.45953659109692124,2.3101266685599664,0.03873341650606599,-0.3524981499849243,-0.33427700049327047,0.0,-0.4742566961050934,-0.30757916476885977,-0.9906667511551076,1.0,0.25538623492754975,0.0,0.0,0.24848913981446574,0.7515108601855343,0.7515108601855343,0.0,0.0,0.0,0.0,0.24848913981446574,0.0,0.0,0.0,1
0.6612858059415088,0.3758118549810744,0.3934872439362161,-0.2976703740108849,-0.41248505666216584,0.0,-0.29798828156717977,-0.30884113975361294,-0.10149325572226409,1.0,-0.0713115189840851,0.0,0.0,0.0,0.0,0.0,0.0,0.25605370742732303,0.0,0.0,0.743946292572677,0.0,0.0,0.0,1
0.4686833995558838,2.5503155460206166,-0.39909246135734183,-0.29516592842102896,-0.40110097249143,0.9664675652642206,-2.409603652370524,-0.27171855799033234,-1.5513880155731237,1.0,0.4520374529744287,0.0,0.0,1.0,0.0,0.0,0.0,0.9664675652642206,0.0,0.0,0.03353243473577938,0.0,0.0,0.0,1
2.099996364462946,0.46834426751475877,0.01339976843380622,-0.31056892092550364,-0.3695492627651228,0.4301103151286835,-0.18096119870776656,0.09264587455345391,-0.4737146393844541,1.0,0.3394885573487542,0.5698896848713165,0.0,0.0,0.4301103151286835,0.0,0.0,0.0,0.0,1.0,0.0,0.0,0.0,0.0,1
0.7434288028450964,-1.7743993823321333,-0.017732066591240825,-0.3528760478286843,-0.4138776405465053,0.0,-1.413604811802609,0.9099791468306987,0.1791852932036975,1.0,0.3277204503591448,0.0,0.23754131425930947,0.0,0.7624586857406905,1.0,0.0,0.0,0.0,0.0,0.0,0.0,0.0,0.0,1
-0.35751140172193197,-0.5822764669146875,0.4335330259169551,-0.38314066644920886,-0.31492095431762845,1.0,0.9088292146341087,-0.0992973245082382,0.8480449206516453,1.0,0.15811567833982149,0.0,0.0,0.12323436323825054,0.8767656367617495,0.0,0.0,0.0,0.0,0.12323436323825054,0.8767656367617495,0.0,0.0,0.0,1
-1.8427855648096028,1.77182836921369,0.37377552543404136,-0.30723699804497157,-0.29813945736327446,0.34208174871590746,0.2871482436815689,0.33973708836255334,-0.6921805110468563,1.0,0.10084890123705131,0.0,0.6579182512840925,0.0,0.34208174871590746,1.0,0.0,0.0,0.0,0.0,0.0,0.0,0.0,0.0,1
0.9850507209365749,0.8103006648534539,0.30897648428249974,-0.416930539377159,-0.32410175343387865,0.0,0.25649906296914204,-0.432951552836686,-0.9020104545318133,0.8212573046720129,0.1435905640726738,0.0,0.0,0.0,0.0,0.0,0.0,0.0,0.0,0.0,1.0,0.0,0.0,0.0,1
-0.7196897999658655,2.085906065031372,-0.16195301938251166,-0.41996021166351466,-0.39864164273185165,0.11063173695520723,-0.5338832982423983,-0.2661244386724621,1.4940625454527072,1.0,0.4230879500736825,0.0,0.8893682630447928,0.0,0.11063173695520723,0.0,0.0,0.0,0.0,0.11063173695520723,0.8893682630447928,0.0,0.0,0.0,1
-1.1529088597666388,-2.9156221415175616,-0.17425157013313874,-0.291437002465495,-0.3412380383632978,0.1535477082654818,0.5116427511885726,-0.38171971072376504,-0.760818017480914,1.0,0.23054248462883456,0.0,1.0,0.0,0.0,0.0,0.0,0.0,0.0,1.0,0.0,0.0,0.0,0.0,1
1.57347587224164,-3.792063059292604,0.13667848177669872,-0.38890616208316503,-0.4063265054876366,0.12748866233198242,-0.1368901675923054,0.17055120694370413,-1.1123972652156155,1.0,0.15700243681126716,0.0,0.12748866233198242,0.0,0.8725113376680176,1.0,0.0,0.0,0.0,0.0,0.0,0.0,0.0,0.0,1
-0.9492770797661221,-3.0771997042064188,0.28697021009259743,-0.3267808097672318,-0.36120780264162416,1.0,1.676564654966929,-0.0992973245082382,0.48290467815542887,1.0,0.24411755788747713,0.0,1.0,0.0,0.0,0.0,0.0,0.0,0.0,1.0,0.0,0.0,0.0,0.0,1
0.4231424754824074,1.9194738870642867,-0.45015575432076843,-0.3800990816467016,-0.40110097249143,0.20270463422044638,-1.6184236412457085,-0.39913492368197434,-1.026668246805246,1.0,0.4520374529744287,0.0,0.0,1.0,0.0,0.0,0.0,0.20270463422044638,0.0,0.0,0.7972953657795536,0.0,0.0,0.0,1
-1.5300239146191053,-0.9389670360556108,0.10129498005185289,-0.37706557640730554,-0.3888690341241288,0.14991742734877378,-0.6626647673436161,-0.4079412610691654,-0.7088039883982342,1.0,0.007147612497560851,1.0,0.0,0.0,0.0,0.0,0.0,0.0,0.0,0.8500825726512262,0.14991742734877378,0.0,0.0,0.0,1
-1.187792016621378,-0.824572127250954,0.22530332347149132,-0.3600049904485909,-0.3635824067527357,0.0,-0.6444154718859391,-0.35646085546711903,-0.6870024059482605,1.0,-0.0713115189840851,0.7707486047673585,0.0,0.22925139523264149,0.0,0.22925139523264149,0.0,0.0,0.0,0.7707486047673585,0.0,0.0,0.0,0.0,1
-0.3690329536114124,-1.7137313613360274,0.3707741271250865,-0.30132311276431795,-0.42086356035762623,0.0,0.42740103768183146,-0.312460241153972,0.0744205477531265,1.0,0.1903629669951717,0.0,0.2777474316069337,0.0,0.0,0.0,0.0,0.0,0.0,1.0,0.0,0.0,0.0,0.0,1
-0.9658771229311922,2.0683324181906046,0.2975989736462949,-0.3866264330771723,-0.3975417557728388,1.0,-0.1363642590583199,-0.3128299353519017,1.9760745270786009,1.0,0.2636222623874502,0.0,0.0,0.0,1.0,0.27996346345392564,0.0,0.0,0.0,0.7200365365460744,0.0,0.0,0.0,0.0,1
-2.0008548780333943,-0.9499637342421772,-0.17164663856849793,-0.3724187147878014,-0.38855019516107314,1.0,0.5731443903421757,-0.15916362932498468,0.31767049514761647,1.0,0.4520374529744287,0.3588523671147027,0.0,0.0,0.0,0.6411476328852973,0.0,0.0,0.0,0.0,0.3588523671147027,0.0,0.0,0.0,1
-1.2399260936452583,-0.8410947165546487,-0.2586142607656454,-0.3958337534108437,-0.32578844580921457,1.0,0.007900527064514717,-0.21506674087743669,0.8567908853849632,1.0,0.4520374529744287,0.6939484444671,0.0,0.0,0.0,0.3060515555329,0.0,0.6939484444671,0.0,0.0,0.0,0.0,0.0,0.0,1
1.8483330174341481,1.611067848669293,0.4684885515989516,-0.3581591355569253,-0.4150651875283247,1.0,-0.5974278037460713,-0.1755832860023978,1.063855774822013,1.0,0.3323801067365323,0.0,0.0,0.0,0.0,0.0,0.0,0.5427244433475962,0.0,0.0,0.4572755566524038,0.0,0.0,0.0,1
0.23279074180779444,-1.9484548232661647,-0.2854213714388762,-0.3970403675109833,-0.43996326208825537,0.7482009410930472,0.8705317688241037,-0.18091009075639986,0.519252619861808,1.0,0.3861480636648912,0.0,0.7482009410930472,0.25179905890695276,0.0,0.0,0.0,0.0,0.0,0.0,1.0,0.0,0.0,0.0,1
1.4797316276374433,-3.155103550066019,-0.39519749252084635,-0.2991255271614092,-0.3437450467833974,0.6543040064960806,1.1659332430689409,-0.25993715791350647,1.3483629321842021,1.0,0.28082278840039837,0.0,0.0,0.6543040064960806,0.0,0.0,0.0,0.34569599350391944,0.0,0.6543040064960806,0.0,0.0,0.0,0.0,1
-0.6823455185030289,-2.3360737481856213,0.41553025588700787,-0.30963885115279693,-0.4334500398571722,0.18159771680142567,0.6254777584718711,-0.23582901563966827,0.04946832551353807,1.0,0.23788245619419143,0.0,0.18159771680142567,0.0,0.0,0.0,0.0,0.0,0.0,1.0,0.0,0.0,0.0,0.0,1
2.186832283679897,0.2788151406364566,0.11148623948165831,-0.29550925168625725,-0.3243922655871889,0.09154943866637166,-0.005604038050720461,-0.18975979539213517,-0.7993515728183989,1.0,0.4280813006697164,0.9084505613336283,0.0,0.0,0.09154943866637166,0.0,0.0,0.0,0.0,1.0,0.0,0.0,0.0,0.0,1
-1.032616205498802,-3.079894599474343,0.15839786499784447,-0.343337195765273,-0.3529336426549632,1.0,1.8115142714070243,-0.0992973245082382,0.7386193991619828,1.0,0.14671995693454726,0.0,1.0,0.0,0.0,0.0,0.0,0.0,0.0,1.0,0.0,0.0,0.0,0.0,1
-1.3752583766005175,-0.1304895468811853,-0.427974842380881,-0.4026405576178788,-0.36545746383658106,0.4008514167636399,0.5584395874210555,-0.36607866776936737,0.7341929190194908,1.0,0.4520374529744287,1.0,0.0,0.0,0.0,0.0,0.0,1.0,0.0,0.0,0.0,0.0,0.0,0.0,1
-1.6029363073795575,-2.448724422051348,-0.13985208235910493,-0.36322924320884153,-0.3344113454296914,0.0,0.18539105228703373,0.10556056245421508,-1.0352512076447251,1.0,0.1903629669951717,0.0,0.4620058036441327,0.0,0.5379941963558673,0.0,0.0,0.5379941963558673,0.0,0.4620058036441327,0.0,0.0,0.0,0.0,1
-1.3553250619541672,-0.9389462216500458,0.22131477483145257,-0.3757100225466605,-0.37535544238295543,0.0,-0.7814431172575989,-0.4065678478738771,-0.6992981483416439,1.0,-0.2644359891187831,1.0,0.0,0.0,0.0,0.0,0.0,0.0,0.0,1.0,0.0,0.0,0.0,0.0,1
2.0019991748494106,2.412025393781984,0.1824379087297237,-0.3256864917979798,-0.3069965071938752,0.8466485968839198,-0.691590233189231,-0.12488049654312842,-0.15824497602528084,1.0,-3.172960228509309,0.8466485968839198,0.0,0.0,0.0,0.0,0.0,0.0,0.0,0.0,1.0,0.0,0.0,0.0,1
1.257678903763667,-3.172685618113642,-0.1993468132137822,-0.4471219796788324,-0.3420788592147535,1.0,0.5240324555391374,-0.07052637644778204,-0.8257767918524641,1.0,0.08208987097461638,0.0,0.41377016798320276,0.0,0.5862298320167972,0.41377016798320276,0.0,0.5862298320167972,0.0,0.0,0.0,0.0,0.0,0.0,1
-1.937014120983515,2.324641978574452,0.3511686134271449,-0.3241432269841068,-0.3566412211169376,0.494111321115534,0.8741918090035519,-0.1836932728948854,0.2118243801310045,1.0,-0.0713115189840851,0.0,0.0,0.0,1.0,0.494111321115534,0.0,0.0,0.0,0.505888678884466,0.0,0.0,0.0,0.0,1
-1.6949938088770504,0.9434430896755621,-0.0020871466223058577,-0.33223453334148434,-0.40110097249143,0.38854576456535217,1.92358746192062,1.105679651559214,0.08228982698152204,1.0,0.29203548021722764,0.0,0.0,0.38854576456535217,0.0,0.0,0.0,0.0,0.0,0.38854576456535217,0.6114542354346478,0.0,0.0,0.0,1
-2.573521771498692,2.1112444039784584,0.21423770326385233,-0.29224256919563124,-0.4455607238659225,1.0,1.0870913885968863,-0.432951552836686,0.07193213909107517,1.0,-0.0618335728994685,0.0,0.0,0.0,1.0,0.0,0.0,0.9818898161791595,0.0,0.01811018382084051,0.0,0.0,0.0,0.0,1
-2.2151096338258354,2.2944885876584538,0.3725532430029293,-0.2691962914350182,-0.36801189954710756,0.0,1.1150677264806532,-0.22345804018956467,0.0009764003640915231,1.0,-0.037849608588009315,0.0,0.0,0.0,1.0,0.12787609105584852,0.0,0.0,0.0,0.8721239089441515,0.0,0.0,0.0,0.0,1
0.40445721735030504,1.7673111963005212,-0.4425288684898526,-0.4056600329449477,-0.3995919703496039,0.06788171751638761,-1.302964704978669,-0.421627041798916,-0.8594246544865869,1.0,0.43427453943593886,0.0,0.0,1.0,0.0,0.0,0.0,0.0,0.0,0.06788171751638761,0.9321182824836124,0.0,0.0,0.0,1
-1.2153189210515891,-3.3111564992300724,0.24363257209504782,-0.3320411105847231,-0.41655961805796127,1.0,-0.06634082664082391,0.03844613784645534,-0.14063474985381963,1.0,0.3041565176489014,0.0,0.0,1.0,0.0,0.0,0.0,0.5651331835892089,0.0,0.43486681641079106,0.0,0.0,0.0,0.0,1
-0.8254808362744085,-3.4692044682228995,-0.07081615710425199,-0.4161339603528533,-0.4185870659657415,0.0,0.3525830841166824,0.1331431685467837,-0.4582330710782333,1.0,0.3726587132401834,0.0,0.6966508238768923,0.0,0.0,0.0,0.0,0.0,0.0,0.0,1.0,0.0,0.0,0.0,1
1.9566352112347598,-3.6533506112045693,-0.02127831393617191,-0.3188487200997285,-0.3618097084832777,0.0,0.39997494004164336,1.1577443613007536,-0.2642804092300095,1.0,0.43175751838092324,0.9224993811772957,0.0,0.0,0.07750061882270431,0.07750061882270431,0.0,0.9224993811772957,0.0,0.0,0.0,0.0,0.0,0.0,1
1.5218352269037083,1.400337392013014,0.501107423406527,-0.34242964546157195,-0.3474274429601746,1.0,0.28681890227670853,-0.38411101906041323,1.6830400026701424,1.0,0.005296660896541544,0.0,0.0,0.0,0.7072386343133986,0.0,0.0,0.7072386343133986,0.0,0.0,0.2927613656866014,0.0,0.0,0.0,1
-0.24031351012452506,1.9600889707465237,0.11345596261360068,-0.32385544381893655,-0.3600321450783731,0.15253904291426135,0.3613639450854019,-0.2661244386724621,2.5593366684307703,1.0,0.41212187732807154,0.0,0.0,0.8474609570857387,0.15253904291426135,0.8474609570857387,0.0,0.0,0.0,0.15253904291426135,0.0,0.0,0.0,0.0,1
-0.5671141854299409,2.1344345478420363,0.011095134948625449,-0.34194865792130985,-0.36606027819766856,0.0,0.2367119345113429,-0.3368110287836237,2.393995347251834,1.0,0.3411629274176515,0.0,0.0,0.5762883601668132,0.0,0.5762883601668132,0.0,0.4237116398331868,0.0,0.0,0.0,0.0,0.0,0.0,1
-0.01625544693301817,-0.413467424239981,0.12571796326421547,-0.37165290958136876,-0.3034387941138717,1.0,0.4631289199416657,0.49119802019719105,1.4932710002994622,1.0,0.2932756050763138,0.0,0.0,0.0,1.0,0.0,0.0,0.3932849536171441,0.0,0.0,0.6067150463828559,0.0,0.0,0.0,1
-0.25141998954995365,2.0308840051158796,0.16982970155194166,-0.4120735253174773,-0.3242919509571547,0.575869328697614,-0.400762091539311,0.11815803429678529,1.2902055661080505,1.0,0.30134714239626076,0.0,1.0,0.0,0.0,0.575869328697614,0.0,0.0,0.0,0.0,0.424130671302386,0.0,0.0,0.0,1
-2.597620802459237,-1.1522636649844498,0.29763565946249987,-0.3371243838795196,-0.43384310010848337,1.0,1.2519720920262911,0.09466741826819813,0.7902028258090623,1.0,0.3830716338046579,0.0,0.0,0.0,0.7364442356247228,0.0,0.0,0.26355576437527717,0.0,0.0,0.7364442356247228,0.0,0.0,0.0,1
0.8066022977202116,0.8646082055697308,0.408710554230876,-0.2735754642107879,-0.3938059069780917,0.06563298523098515,-0.2061590226393113,-0.25517507715239374,0.05638410035085045,1.0,-0.3117542064145158,0.06563298523098515,0.0,0.0,0.0,0.0,0.0,0.0,0.0,0.0,1.0,0.0,0.0,0.0,1
1.0953981038212566,-0.6889069502425066,0.179263709621809,-0.3326076061344304,-0.3327567427243922,0.0,0.23357267083889707,0.04269540926655735,-1.6504662437021267,1.0,0.4520374529744287,1.0,0.0,0.0,0.0,0.0,0.0,0.0,0.0,0.07443148709322367,0.9255685129067763,0.0,0.0,0.0,1
-0.45146321083789365,1.6694052838617448,-0.2649525823007316,-0.386053365429254,-0.40547231114100213,1.0,1.2220412723215484,-0.3577393215537219,-0.3107715142957964,1.0,0.2160911314316536,0.0,0.0,0.0,1.0,0.0,0.0,0.0,0.0,0.5491606285958679,0.4508393714041321,0.0,0.0,0.0,1
1.4624754512160876,1.4050459488269207,0.40373321619586605,-0.3384369191816486,-0.3318940777475847,1.0,0.41899896543471205,-0.3762780236330581,1.6143511460011517,1.0,-0.012048504106734775,0.0,0.0,0.11323804584075525,0.8867619541592447,0.0,0.0,1.0,0.0,0.0,0.0,0.0,0.0,0.0,1
-1.0153517347093755,-0.7535653702821278,-0.3688216749512164,-0.4023034151044316,-0.31285542626771523,1.0,-0.3537015199316267,-0.2635955396411587,0.8967606646635656,1.0,0.4520374529744287,0.9848411989623346,0.0,0.0,0.0,0.015158801037665426,0.0,0.9848411989623346,0.0,0.0,0.0,0.0,0.0,0.0,1
0.3953955585169407,1.788273259589423,-0.4134440046677561,-0.40980659982950446,-0.39751969698014566,0.1611019135540659,-1.1581148712010187,-0.40607538551212696,-0.8209982179148048,1.0,0.40988119255489386,0.0,0.0,1.0,0.0,0.0,0.0,0.0,0.0,0.1611019135540659,0.8388980864459341,0.0,0.0,0.0,1
1.3551524441687337,1.287677445022642,0.5057559799583566,-0.34706878888122006,-0.38164233271017123,0.8753373187967332,-0.34671752576917436,-0.2661244386724621,1.3974422722396491,1.0,0.15774192397051087,0.0,0.0,0.0,0.0,0.0,0.0,0.0,0.0,0.0,1.0,0.0,0.0,0.0,1
-1.8253401633271977,-1.0278578100569025,-0.03451577664680916,-0.37863931377297855,-0.3636799215531466,1.0,0.8049320203725073,-0.11250304479385487,0.6635500514127981,1.0,0.4520374529744287,0.07915811738262768,0.0,0.0,0.0,0.9208418826173723,0.0,0.0,0.0,0.0,0.07915811738262768,0.0,0.0,0.0,1
1.8457615901991034,-2.2731477319231783,-0.37854384290793763,-0.389080638833572,-0.3401957208253262,1.0,0.17235841349194228,-0.07759251004879604,-0.4394413048404505,1.0,0.41799265039300476,0.0,0.0,0.0,1.0,0.0,0.0,0.13010363793787172,0.0,0.0,0.8698963620621283,0.0,0.0,0.0,1
1.1960184558469367,-3.208157198666176,-0.11869740144391877,-0.3548073612775926,-0.344269980269009,1.0,0.9975386583517295,0.15408604544490107,0.15606457016044406,1.0,0.1903629669951717,0.5188380571260721,0.0,0.0,0.4811619428739279,0.0,0.0,1.0,0.0,0.0,0.0,0.0,0.0,0.0,1
1.5410181775547835,-3.1850011765736763,0.14420182434243675,-0.3662792579192606,-0.3829291799840018,0.0,0.578672954755724,0.2489118425903476,-0.8503352039006538,1.0,0.2973157572537132,0.40872456425507075,0.0,0.0,0.0,0.0,0.0,0.40872456425507075,0.0,0.0,0.5912754357449292,0.0,0.0,0.0,1
2.1618337707055817,2.0749323510018503,-0.4056315481226201,-0.34490343123878425,-0.36102068694741574,0.0,-0.3720285262549776,-0.36638708320630975,-0.09142327727214516,1.0,0.1903629669951717,0.39900270387013026,0.0,0.6009972961298697,0.0,0.39900270387013026,0.0,0.0,0.0,0.0,0.6009972961298697,0.0,0.0,0.0,1
0.4667109490231087,2.466304759898523,0.18534053981721169,-0.34200811344942916,-0.3158335030127761,0.05476163882203133,-0.14834736931056253,-0.2661244386724621,-0.9947122751041364,1.0,0.1903629669951717,0.0,0.0,0.05476163882203133,0.9452383611779687,0.9452383611779687,0.0,0.0,0.0,0.05476163882203133,0.0,0.0,0.0,0.0,1
-0.6947522136039381,-2.380215340093016,0.3090753602356975,-0.29889202745515436,-0.35688982781742246,0.6648027583540991,0.04297236392292114,-0.2661244386724621,-0.19961879256658613,1.0,0.36432488706507277,0.0,0.6648027583540991,0.0,0.0,0.6648027583540991,0.0,0.0,0.0,0.3351972416459009,0.0,0.0,0.0,0.0,1
-0.05127111112982341,-2.230745077629003,-0.2546663374213271,-0.3982558781374922,-0.423648007216745,1.0,1.115600081607937,-0.36717277236104084,0.8697944764533788,1.0,0.3488610079730317,0.0,1.0,0.0,0.0,0.0,0.0,0.0,0.0,0.19714655140198856,0.8028534485980114,0.0,0.0,0.0,1
0.03887737277797303,-3.461385218393541,-0.3963344234471923,-0.4468129212234367,-0.3569501290036559,0.0,0.3549822343394509,-0.09620633638583742,0.20991500699351973,1.0,0.1903629669951717,0.0,0.0,0.004632023004602859,0.0,0.0,0.0,0.0,0.0,0.0,1.0,0.0,0.0,0.0,1
-0.6335181218723955,-1.5945769593408843,0.3831537961676796,-0.3729936529698975,-0.3640548662454313,0.0,1.388480453531525,-0.26604143966850813,-0.9788493260291755,1.0,0.27763119132195985,0.0,0.3334991716911442,0.6665008283088558,0.0,0.6665008283088558,0.0,0.0,0.0,0.0,0.3334991716911442,0.0,0.0,0.0,1
1.3424448850182704,-3.6138583821426766,0.08063775764774879,-0.40696651115401794,-0.40562836705651645,0.3981686935909433,-0.021478196167701524,0.16793156971789341,-0.6965506846761657,1.0,0.1903629669951717,0.0,0.0,0.0,1.0,0.6018313064090567,0.0,0.3981686935909433,0.0,0.0,0.0,0.0,0.0,0.0,1
0.013715042982457182,0.8528951879296028,-0.3592548457426461,-0.3684477862734109,-0.30189783150338173,1.0,-0.49163001409962226,-0.009645166905561386,0.44362162448658177,1.0,0.33098568516146554,0.0,0.0,1.0,0.0,0.0,0.0,1.0,0.0,0.0,0.0,0.0,0.0,0.0,1
0.8517641955736248,1.2613017630813235,-0.3202098041199928,-0.36172407170908427,-0.3157446691107958,1.0,-0.591990793553625,0.04078927719532621,0.7614397096425166,1.0,0.4310657125951134,0.0,0.08014438358723952,0.9198556164127605,0.0,0.0,0.0,1.0,0.0,0.0,0.0,0.0,0.0,0.0,1
-2.1009251393518316,-0.8524804780967534,0.2580273678905608,-0.3444896382049977,-0.4070645818682675,1.0,1.3167246726373114,-0.31739174735186226,0.7560757411565646,1.0,0.27077763288105366,0.0,0.0,0.34634599436596125,0.6536540056340387,0.0,0.0,0.0,0.0,0.34634599436596125,0.6536540056340387,0.0,0.0,0.0,1
0.3438986340627412,0.8532895273578651,-0.053920248475655956,-0.37450085404881184,-0.3566412211169376,1.0,1.1051867620128613,1.150172426971444,-0.16394295022846017,1.0,-0.0713115189840851,0.6530467981037723,0.0,0.0,0.3469532018962277,0.0,0.0,0.0,0.0,0.0,1.0,0.0,0.0,0.0,1
-1.639827233059276,2.031197481494422,-0.2336064065369489,-0.3851260809579231,-0.42221946537561217,1.0,-0.19773674692815013,-0.3015758250880021,1.948266855262002,1.0,0.3146590010322725,0.0,0.0,0.0,0.7375012481097484,1.0,0.0,0.0,0.0,0.0,0.0,0.0,0.0,0.0,1
-1.9213898018752253,2.54973447143113,-0.014720424773925628,-0.33011160385676497,-0.3968522155550291,0.5477820591101928,0.6066076955366457,-0.023855110456304077,-0.533813357648502,1.0,0.04702237824885312,0.0,0.0,0.0,1.0,1.0,0.0,0.0,0.0,0.0,0.0,0.0,0.0,0.0,1
2.15270552124682,0.3533006248168521,0.07293797828359537,-0.30142774439161407,-0.3421390934987157,0.22460482293998196,-0.07451989932847738,-0.07877356648024372,-0.6713753347944618,1.0,0.3932641013831469,0.775395177060018,0.0,0.0,0.22460482293998196,0.0,0.0,0.0,0.0,1.0,0.0,0.0,0.0,0.0,1
-2.3945207708793097,-1.3518382814419954,-0.07471101100104438,-0.3666213673822246,-0.398986445203439,0.0,-0.5674713026633063,-0.1589077467748395,0.35911519391979424,1.0,0.1903629669951717,0.0,0.0,0.4524395161326934,0.0,0.0,0.0,0.0,0.0,0.0,1.0,0.0,0.0,0.0,1
-0.6645676656683858,-0.32608277705030475,1.2704932652026766,1.2246680158746341,1.2160210983379578,0.0,-1.9292918188538732,-0.432951552836686,-1.2028463039380868,1.0,0.378320076165521,0.8591429796202001,0.0,0.0,0.0,0.0,0.0,0.14085702037979986,0.0,0.0,0.8591429796202001,0.0,0.0,0.0,1
-1.4005947301078925,-0.571530854302487,-0.4178683253563511,-0.43535306368956783,-0.4298764807343972,1.0,-0.579871773135755,0.450306604408829,0.6482721251921787,0.1763869865062233,0.23651894102261783,0.8236130134937767,0.0,0.0,0.0,1.0,0.0,0.0,0.0,0.0,0.0,0.0,0.0,0.0,1
-0.17096537743950074,-0.5717922076207249,0.08109457746902776,-0.3357732169470994,-0.3010302476897274,1.0,1.0783875706772563,-0.26666903819952764,0.07172925638224104,1.0,0.1903629669951717,0.5016322272605203,0.0,0.0,0.49836777273947974,0.0,0.0,0.0,0.0,0.0,1.0,0.0,0.0,0.0,1
-0.521081743140396,0.6081494619833114,-0.16254722415478964,-0.34884193569118205,-0.3824756511620103,0.4189254495045479,1.585857515736116,1.5148720839687293,0.23410428802378236,1.0,0.08074086533244001,0.4189254495045479,0.0,0.0,0.0,0.0,0.0,0.0,0.0,0.0,1.0,0.0,0.0,0.0,1
1.4243843522099318,-0.09126240373338815,0.015680917717120657,-0.3321306491116385,-0.373192201703637,0.0,0.23135116575950881,-0.2661244386724621,0.24392371668553048,1.0,0.4520374529744287,1.0,0.0,0.0,0.0,0.9148459010681,0.0,0.0,0.0,0.08515409893189996,0.0,0.0,0.0,0.0,1
0.41696123328837725,2.3070299192950734,0.07564705182379997,-0.3762179144737524,-0.33634938372398276,0.3623938991166331,-0.05274473455466651,-0.2661244386724621,-0.8256328689939476,1.0,0.1903629669951717,0.0,0.0,0.3623938991166331,0.6376061008833669,0.6376061008833669,0.0,0.0,0.0,0.3623938991166331,0.0,0.0,0.0,0.0,1
0.0800893504538502,-1.2197974065968533,-0.2854213714388762,-0.3430877933702758,-0.36739003516806457,0.41941164972195655,1.0443187386836694,0.14819572112883556,-0.43090218906552946,1.0,0.1903629669951717,0.41941164972195655,0.0,0.5805883502780435,0.0,0.0,0.0,0.0,0.0,0.0,1.0,0.0,0.0,0.0,1
0.5207036267500982,-1.9034004647173348,-0.19915846215854088,-0.41670256494038727,-0.38475153416081037,0.0,-0.3571827196834553,0.11166032857718827,1.0362473743982727,1.0,-3.99642880867294,0.0,0.6322642879195304,0.0,0.0,0.3677357120804696,0.0,0.0,0.0,0.0,0.6322642879195304,0.0,0.0,0.0,1
1.6102505081130483,-3.135734550015083,-0.3270748397765593,-0.4471219796788324,-0.2911159466238018,1.0,0.7615162266291108,-0.2617554178641013,-1.692037759459717,1.0,-0.0678850337871552,0.0,0.9869055434116664,0.0,0.013094456588333636,0.9869055434116664,0.0,0.013094456588333636,0.0,0.0,0.0,0.0,0.0,0.0,1
1.9899888389763836,-3.4004431558739774,-0.13025736647538042,-0.3136777134959718,-0.3865593106908284,0.0,0.42131874593473717,0.842401964051612,0.16946291929206037,1.0,0.4520374529744287,0.6635373720167106,0.0,0.0,0.0,0.0,0.0,1.0,0.0,0.0,0.0,0.0,0.0,0.0,1
0.7957281203227115,0.7056838591291307,0.27298591970119557,-0.2889945238959266,-0.39714325508005677,0.0,0.0006186901767043229,-0.2958256652427801,0.0010320753061122123,0.8219640331302486,-0.0713115189840851,0.0,0.0,0.0,0.0,0.0,0.0,0.0,0.0,0.0,1.0,0.0,0.0,0.0,1
-0.56581966628922,-0.4016475821529595,0.2974807630231693,-0.2940344739245051,-0.3139122737488411,0.0,-0.10487486700241933,-0.11228637769203859,-0.5072893071960914,1.0,-0.06112461431856914,0.0,0.0,1.0,0.0,1.0,0.0,0.0,0.0,0.0,0.0,0.0,0.0,0.0,1
0.5611082993377599,-3.001684714201347,0.2123989083230284,-0.37048075228052385,-0.3698602369460521,0.0,0.8089320373803098,-0.4081505789818525,1.9460526093987454,1.0,0.1903629669951717,0.0,0.0,0.0,0.0,0.0,0.0,0.0,0.0,1.0,0.0,0.0,0.0,0.0,1
0.7633480437389986,1.6745271411647695,-0.4153310589076033,-0.3283231437538045,-0.3918839297640449,1.0,-1.971880970332159,-0.05861280059971363,-1.289570722799347,1.0,0.3435408985235599,0.0,0.0,0.5853758762729763,0.0,0.0,0.0,0.5853758762729763,0.0,0.0,0.0,0.0,0.0,0.0,1
-0.4622351365762797,-0.36844082927735927,0.2940104404868054,-0.2990299516826319,-0.32356534481046106,0.0,-0.2095723489122875,-0.12777460214910727,-0.486922153244571,1.0,-0.0713115189840851,0.0,0.0,0.9146503319213561,0.0,0.9146503319213561,0.0,0.08534966807864386,0.0,0.0,0.0,0.0,0.0,0.0,1
-1.6209293114896055,0.28535383665620184,-0.4637777427204909,-0.40271007647932716,-0.4011704574843242,0.0,1.1793582070744144,-0.432951552836686,0.6184525101842449,0.9968742518459474,0.450401595891404,1.0,0.0,0.0,0.0,0.0,0.0,1.0,0.0,0.0,0.0,0.0,0.0,0.0,1
0.7300980422326762,-2.306765714672663,-0.00562544376938745,-0.39156902069312655,-0.4121671155282574,0.0,0.7664872707970248,0.06533266622125466,-0.7524152691671155,1.0,0.1903629669951717,0.0,0.0,0.4978049896687574,0.0,0.0,0.0,0.0,0.0,0.0,1.0,0.0,0.0,0.0,1
-1.7787611457715087,0.4266281865207967,0.3253134637357365,-0.3576459330759475,-0.3613949677282095,1.0,1.558526616214155,0.305707174940389,0.15305814934035233,1.0,0.14044331624048184,0.0,0.0,1.0,0.0,0.0,0.0,0.0,0.0,1.0,0.0,0.0,0.0,0.0,1
0.6491656587743299,1.2625870535046972,-0.3151814882111657,-0.3596509641074636,-0.3106903679885621,1.0,-0.6555205467076458,0.05633961450497253,0.7153568843646265,1.0,0.4344852502325127,0.0,0.0,1.0,0.0,0.0,0.0,1.0,0.0,0.0,0.0,0.0,0.0,0.0,1
1.1008080510912852,-3.2379331424396867,-0.2853967048300141,-0.3136812301616879,-0.3066266370349704,0.7499604703991778,1.414349223740242,-0.432951552836686,1.757644651975359,1.0,0.1903629669951717,0.0,0.0,0.7499604703991778,0.0,0.0,0.0,0.0,0.0,1.0,0.0,0.0,0.0,0.0,1
0.6267951885533982,0.3405172684114101,-0.11759427681017762,-0.3592606727250473,-0.3426426953952199,1.0,1.132682260390815,1.5174306576887182,0.13210421361089636,1.0,-0.016384580806626657,0.7900944069044142,0.20990559309558576,0.0,0.0,0.0,0.0,0.0,0.0,0.0,1.0,0.0,0.0,0.0,1
1.1038709157019317,-3.1729799609383305,-0.1275821712343113,-0.4335179091427581,-0.38566981822192653,0.8980542894407137,0.3525830841166824,0.0675297896559857,-0.08832526639997473,1.0,0.21703955840356304,0.0,0.0,0.0,0.8980542894407137,0.0,0.0,1.0,0.0,0.0,0.0,0.0,0.0,0.0,1
0.3337897792524661,1.9307840589531395,-0.21571026369263482,-0.4379970767491199,-0.3834313255106252,0.7948603595179928,-0.17335181067331284,-0.30034729289476175,-0.5597557000829291,1.0,0.2440427769722705,0.0,0.0,1.0,0.0,0.0,0.0,0.0,0.0,0.7948603595179928,0.20513964048200717,0.0,0.0,0.0,1
-1.762164979162038,2.382697747329275,0.273898917820665,-0.3591946941256977,-0.3566412211169376,0.8093122793363334,0.6782823029287736,-0.13110920665311132,0.2118243801310045,1.0,-0.0713115189840851,0.0,0.0,0.0,1.0,0.8093122793363334,0.0,0.0,0.0,0.19068772066366657,0.0,0.0,0.0,0.0,1
0.47320903985518387,2.467515121749,0.1804308844984273,-0.33835709632905664,-0.3154314480331384,0.0,-0.2107996463229322,-0.2722219142832207,-1.0197880468354308,1.0,0.1999270825420345,0.0,0.0,0.03654966784809488,0.9634503321519051,0.9634503321519051,0.0,0.0,0.0,0.0,0.03654966784809488,0.0,0.0,0.0,1
-0.984153814801114,-2.984543280684654,0.15114459949646547,-0.291437002465495,-0.3578831177924771,0.5279330548900008,0.8994675469043758,-0.25680445679828273,-0.45216612900693903,1.0,0.3285095777649715,0.0,1.0,0.0,0.0,0.0,0.0,0.0,0.0,1.0,0.0,0.0,0.0,0.0,1
1.7689058915239346,1.5625855085710492,0.4780773080537341,-0.3581591355569253,-0.40789167933950876,1.0,-0.5528570446060272,-0.19352814073169033,1.167315232029269,1.0,0.30423293976799254,0.0,0.0,0.0,0.0,0.0,0.0,0.4351588667373836,0.0,0.0,0.5648411332626164,0.0,0.0,0.0,1
-0.855583265326971,-0.45420354912538313,0.502225108149321,-0.29874403677415384,-0.31510285951458594,0.0,-0.60163339722017,0.056567806964496134,0.26599609339775504,1.0,-3.751948597140493,0.9342913605716476,0.0,0.0,0.0,0.06570863942835237,0.0,0.0,0.0,0.9342913605716476,0.0,0.0,0.0,0.0,1
1.2205763862894758,-2.9603571567246334,-0.17717043534634364,-0.4321447034446063,-0.36889111045200423,1.0,0.3060770138422986,0.030081709739648826,-0.2620738484608325,1.0,0.24910166251304355,0.0,0.0,0.0,1.0,0.0,0.0,0.7755276166950106,0.0,0.0,0.22447238330498942,0.0,0.0,0.0,1
0.3579116265966194,1.8749837137876795,-0.29313324529495843,-0.4269590477048875,-0.38894765125104913,0.5467111652519724,-0.5589374570171879,-0.3417453068563393,-0.6620456509638304,1.0,0.3089770898279982,0.0,0.0,1.0,0.0,0.0,0.0,0.0,0.0,0.5467111652519724,0.4532888347480276,0.0,0.0,0.0,1
-0.9214870284313637,2.241144822897757,-0.14545543697855257,-0.40372547148201926,-0.39052822730293746,0.0,-0.33338311392084513,-0.3454690375089657,1.7098612703743103,1.0,0.32758252117399034,0.0,0.52439026932758,0.0,0.0,0.0,0.0,0.47560973067241996,0.0,0.0,0.52439026932758,0.0,0.0,0.0,1
-0.7214660174671894,-2.44687416488821,0.37333102858738115,-0.3581591355569253,-0.3174488168289137,0.0,1.2515049625047139,-0.432951552836686,-0.9968053230320868,1.0,0.1903629669951717,0.0,0.44076274693822814,0.5592372530617719,0.0,1.0,0.0,0.0,0.0,0.0,0.0,0.0,0.0,0.0,1
2.216384887516398,2.355698586738989,0.2541170013032119,-0.34483167995506603,-0.3523139852182905,1.0,-0.7869040222396445,-0.0992973245082382,0.1300111656359223,1.0,-2.056842835429289,0.599236939124674,0.0,0.0,0.0,0.0,0.0,0.400763060875326,0.0,0.0,0.599236939124674,0.0,0.0,0.0,1
1.211186508584595,-3.2088488576759016,-0.11960671435392066,-0.34754758856182155,-0.34154889182053094,1.0,1.048259020541443,0.16089297109804584,0.18409651437224295,1.0,0.1903629669951717,0.5596403313082179,0.0,0.0,0.4403596686917821,0.0,0.0,1.0,0.0,0.0,0.0,0.0,0.0,0.0,1
1.1697761743385444,-2.7372346145742776,0.3063211927140566,-0.3957352507177886,-0.3907480583853382,0.0,0.6472709987024413,-0.38115498837515566,-1.4062707996764745,1.0,0.23098537855238432,0.0,0.0,0.0,0.1552402459307125,0.0,0.0,0.1552402459307125,0.0,0.0,0.8447597540692875,0.0,0.0,0.0,1
0.7444661809471249,0.06775159642710313,-0.3177489263947566,-0.37836329174591765,-0.39301249304158403,0.0,0.7763023329227978,-0.432951552836686,-0.7124229224602688,0.18192813049527112,0.1903629669951717,0.0,1.0,0.0,0.0,0.0,0.0,0.8180718695047289,0.0,0.18192813049527112,0.0,0.0,0.0,0.0,1
-1.3551063913177406,-3.411036397294891,-0.005853533379149567,-0.387270627301403,-0.4240533046245064,0.0,0.5816645426885281,0.16518318587326386,-0.7120200757891991,1.0,0.4520374529744287,0.0,1.0,0.0,0.0,0.0,0.0,0.1382143789864827,0.0,0.0,0.8617856210135173,0.0,0.0,0.0,1
-1.3317897300330208,-0.9346837710466251,0.2096705333306524,-0.3756061248446155,-0.3752775570694816,0.0,-0.7534127116229019,-0.41497274893604824,-0.7351945624966421,1.0,-0.0713115189840851,0.9461154621336327,0.0,0.053884537866367266,0.0,0.053884537866367266,0.0,0.0,0.0,0.9461154621336327,0.0,0.0,0.0,0.0,1
-1.2144153769463646,-3.104529112360495,-0.16627551842862753,-0.3329503256073092,-0.37590444389864036,0.0,0.3525830841166824,-0.18383908913440314,-0.8361121481728161,1.0,0.2880484904439439,0.0,1.0,0.0,0.0,0.0,0.0,0.0,0.0,0.626690683720247,0.37330931627975295,0.0,0.0,0.0,1
-1.0837288235774691,-2.7783507399605787,-0.150829133830299,-0.291437002465495,-0.3283927250027261,0.27074467314355377,0.21235123677043802,-0.3877840003408109,-0.7386008561487386,1.0,0.26120994017163307,0.0,1.0,0.0,0.0,0.27074467314355377,0.0,0.0,0.0,0.7292553268564462,0.0,0.0,0.0,0.0,1
0.5467021173116964,-0.2640660728950495,0.05296644027085995,-0.316702511148251,-0.3724689129137367,0.0,0.5369730524512754,-0.432951552836686,-0.2679902418575135,0.6439995432390158,0.1903629669951717,0.0,1.0,0.0,0.0,0.0,0.0,0.35600045676098424,0.0,0.6439995432390158,0.0,0.0,0.0,0.0,1
0.39556295561168064,-0.40435387018524827,-0.04514335157131755,-0.3844594804425304,-0.36881418930283444,1.0,-0.6553581740182336,1.8953425626678893,1.4353794080346016,1.0,0.4520374529744287,0.0,0.0,0.5912658289019036,0.4087341710980964,0.5912658289019036,0.0,0.4087341710980964,0.0,0.0,0.0,0.0,0.0,0.0,1
1.4300486040256406,1.3655762788183439,0.49593584906733135,-0.3581591355569253,-0.37717809021273874,1.0,-0.38043437218798165,-0.2576541737645382,1.5649336085627494,1.0,0.19700592856347904,0.0,0.0,0.02538635566034486,0.0,0.0,0.0,0.02538635566034486,0.0,0.0,0.9746136443396551,0.0,0.0,0.0,1
0.4430259079378455,-0.32385359177427175,0.35250208485474915,-0.2691962914350182,-0.36358372677231965,0.0,0.27170405169721656,-0.4069010656488365,0.0744205477531265,1.0,0.14950181634504797,0.0,0.8438474026338096,0.0,0.0,0.0,0.0,0.0,0.0,0.8438474026338096,0.15615259736619036,0.0,0.0,0.0,1
0.7172686207205452,1.0458583200191187,0.3393714115562663,-0.431198248231191,-0.3248092738313411,0.28402777115260247,0.32193778282035884,-0.3855680194328007,-0.907730598495554,1.0,0.11604014597498048,0.0,0.0,0.0,0.28402777115260247,0.0,0.0,0.0,0.0,0.0,1.0,0.0,0.0,0.0,1
-2.622058800141861,-1.1393041784409608,0.3183669168077515,-0.3440208096855335,-0.43039656712345586,1.0,1.2118205578586958,0.2498572609429779,0.7582480694787398,1.0,0.36278655079393635,0.0,0.0,0.0,0.6589239419101514,0.0,0.0,0.34107605808984864,0.0,0.0,0.6589239419101514,0.0,0.0,0.0,1
-1.204095563022033,-3.0611879237486077,-0.11553178973807662,-0.3785919441693403,-0.33742304815456636,0.9729040074965165,2.0686987443522455,-0.1038176707430098,1.2775472002454809,1.0,-0.06422118907363826,0.0,0.9729040074965165,0.0,0.0,0.0,0.0,0.0,0.0,1.0,0.0,0.0,0.0,0.0,1
-0.6242334014173203,-1.8182493308243692,0.4673503160029433,-0.3803998465874021,-0.41595424247113,1.0,0.9511274679026211,0.41988723134838657,0.685035528726219,1.0,0.39395300159891977,0.0,0.0,0.0,1.0,0.0,0.0,0.7780278380670506,0.0,0.0,0.22197216193294944,0.0,0.0,0.0,1
1.846393959003815,-0.6165843807659085,0.1997173891106473,-0.301715538020178,-0.38569068048360444,0.0,0.1693405876260791,0.45236250773603853,-1.0779096545948572,1.0,0.4520374529744287,0.2310747965880714,0.0,0.7689252034119286,0.0,0.0,0.0,0.0,0.0,0.0,1.0,0.0,0.0,0.0,1
-2.400062498724772,2.621657157789958,-0.23703157339450356,-0.350513101879695,-0.3566412211169376,1.0,-0.20585056018547754,0.012792602934220493,0.7657482076351181,1.0,-0.0713115189840851,0.0,0.0,0.0,0.3281072564012716,1.0,0.0,0.0,0.0,0.0,0.0,0.0,0.0,0.0,1
0.7252632337138201,1.3116491783463724,-0.30990353970621803,-0.3585975119313754,-0.31174330693843694,1.0,-0.6751470476143612,0.06424153752380014,0.7478981925141241,1.0,0.4468797081391807,0.0,0.0,1.0,0.0,0.0,0.0,1.0,0.0,0.0,0.0,0.0,0.0,0.0,1
-0.09565124109366599,-3.0638646506058658,-0.19487350063266878,-0.29606790024091817,-0.3719281342977061,0.0,-1.0976732330640973,1.7463148368325052,-0.29487619493618655,1.0,0.3975523336207433,0.0,1.0,0.0,0.0,0.10410858198457384,0.0,0.0,0.0,0.0,0.8958914180154262,0.0,0.0,0.0,1
0.5824366640524392,-0.47137848033197915,0.2226471331378462,-0.3047963596515101,-0.34329769946942285,0.20008391462681063,0.3940363642815098,-0.3328132866330707,0.1294051410869104,1.0,0.1903629669951717,0.0,1.0,0.0,0.0,0.0,0.0,0.0,0.0,0.7999160853731894,0.20008391462681063,0.0,0.0,0.0,1
-1.9747512871572603,2.5078114662821993,0.03375262652572272,-0.3152627638742024,-0.32805757231080207,0.8214553379456664,-2.9623661346318264,0.28203965510462925,-0.018865578761086466,1.0,0.4520374529744287,0.0,1.0,0.0,0.0,0.0,0.0,0.0,0.0,0.8214553379456664,0.1785446620543336,0.0,0.0,0.0,1
1.4840401707704112,1.3830882651027505,0.5091299853841588,-0.3504359620874505,-0.36343227509545334,1.0,-0.04879762041792979,-0.3240558033818285,1.6335767194990716,1.0,0.09949548326301473,0.0,0.0,0.0,0.3472538921481253,0.0,0.0,0.3472538921481253,0.0,0.0,0.6527461078518747,0.0,0.0,0.0,1
-1.8819301329965485,2.346161690670555,0.2271529237261499,-0.35921042896461985,-0.37782031557098283,1.0,0.6831290161627587,-0.17876801651950738,0.17909715320876327,1.0,-0.0713115189840851,0.0,0.0,0.0,1.0,0.7618172189532735,0.0,0.23818278104672652,0.0,0.0,0.0,0.0,0.0,0.0,1
-0.582773111296493,-0.4965011277085366,0.30287497993095325,-0.2980719443079812,-0.31660260934085893,0.0,-0.010848984835208159,-0.1324763656732636,-0.5571765525311523,1.0,-0.04529024364872206,0.0,0.0,1.0,0.0,1.0,0.0,0.0,0.0,0.0,0.0,0.0,0.0,0.0,1
0.9164335622943113,0.2893236874737639,-0.458288786522134,-0.39723223518721207,-0.39569528491491684,0.0,0.8453416255269859,-0.432951552836686,-0.7537551150078182,0.0,0.12673100891093989,0.0,0.7568278090005459,0.0,0.0,0.0,0.0,0.7568278090005459,0.0,0.0,0.24317219099945409,0.0,0.0,0.0,1
0.9804997725954283,1.0041593157253692,-0.4290432150414402,-0.3556919229385781,-0.38504506838326996,1.0,-1.6213259571063254,0.09535668502072125,-1.0782142185975134,1.0,0.26303862484128404,0.0,0.0,0.27773306814434084,0.0,0.0,0.0,0.27773306814434084,0.0,0.0,0.0,0.0,0.0,0.0,1
1.3506174202366619,0.796489316326265,-0.4285585428107982,-0.3803998465874021,-0.37245539765372815,0.0,0.632406747705247,-0.432951552836686,-0.3576188076883671,0.14430353189371425,-0.03355096645080613,0.0,0.0,0.14430353189371425,0.0,0.0,0.0,0.0,0.0,0.0,1.0,0.0,0.0,0.0,1
-2.38909046988829,-1.1714644009321278,0.1893159962250208,-0.32500580628861403,-0.43046395864656406,1.0,1.3005430556945503,-0.37630369276328623,0.8755151007502641,1.0,0.4520374529744287,0.0,0.0,0.0,0.8302198645669916,0.1697801354330084,0.0,0.0,0.0,0.0,0.8302198645669916,0.0,0.0,0.0,1
2.0460382311885135,1.196392570459869,0.07843443431629385,-0.3447520686347574,-0.4455607238659225,1.0,-0.5995672234671896,0.30296720398942806,0.292718704260919,1.0,0.29429576294750787,0.0,0.0,0.0,0.6028164703815452,0.0,0.0,0.3971835296184548,0.0,0.6028164703815452,0.0,0.0,0.0,0.0,1
1.5688141221589689,1.4461028387524877,0.502074827325765,-0.3433950904284205,-0.3419789660402646,0.6680851365706462,-0.16624723413601478,-0.3214968374865937,1.403437206876292,1.0,0.10350931571842033,0.0,0.33191486342935383,0.0,0.0,0.33191486342935383,0.0,0.0,0.0,0.0,0.6680851365706462,0.0,0.0,0.0,1
-1.1619003786714226,-0.8106836765032964,-0.29690452830995523,-0.3980815611377497,-0.3212950205523081,1.0,-0.11773384360258271,-0.23192750021925393,0.8706779142529817,1.0,0.4520374529744287,0.795015704584179,0.0,0.0,0.0,0.20498429541582097,0.0,0.795015704584179,0.0,0.0,0.0,0.0,0.0,0.0,1
-0.4546085019706939,1.8811814774149005,-0.00993117550341989,-0.33975696932787314,-0.3827077715237404,0.29314773026101326,0.3043373397445089,-0.31502942853569926,2.5642544981605897,1.0,0.4520374529744287,0.0,0.0,0.7068522697389867,0.29314773026101326,1.0,0.0,0.0,0.0,0.0,0.0,0.0,0.0,0.0,1
-1.759931562578147,-0.9116958103571754,-0.044220573730962554,-0.38270541169188477,-0.3612501048519289,0.8963358185211198,0.9027474046930581,-0.13388531698487416,0.7471958538270026,1.0,0.4520374529744287,0.10366418147888024,0.0,0.0,0.0,0.8963358185211198,0.0,0.10366418147888024,0.0,0.0,0.0,0.0,0.0,0.0,1
-1.9432319248507355,1.446319335357437,0.4503010717013484,-0.2691962914350182,-0.2688778429413078,0.0,0.15887226859581824,0.5571657652592573,-1.144348802461184,1.0,0.18696069534375823,0.0,0.986998076489264,0.0,0.013001923510736035,0.986998076489264,0.0,0.0,0.0,0.013001923510736035,0.0,0.0,0.0,0.0,1
-1.3462800069034333,-0.1619185151624787,0.2495992523345716,-0.4026405576178788,-0.34011387746297306,0.9144914691455319,1.1813009796485563,-0.127827607385985,0.49838124472716655,1.0,-0.026560717267716367,0.08550853085446808,0.0,0.9144914691455319,0.0,0.0,0.0,0.08550853085446808,0.0,0.9144914691455319,0.0,0.0,0.0,0.0,1
-1.298621477289517,-0.9228836831451537,0.08441117531222414,-0.38502338471531283,-0.3650072399772338,0.20788625514602732,-0.7007644923023355,-0.39827048881626675,-0.4072300286451473,1.0,0.03748553893089361,1.0,0.0,0.0,0.0,0.0,0.0,0.20788625514602732,0.0,0.7921137448539727,0.0,0.0,0.0,0.0,1
-1.0041649560420343,-1.1786016115996691,0.5543449984686637,-0.3996900822210822,-0.3338215378358677,0.9734677961261803,-1.1737783298079136,0.06310349865129952,0.32735445354671855,1.0,0.43815185135327145,0.0,0.0,0.026532203873819715,0.9734677961261803,1.0,0.0,0.0,0.0,0.0,0.0,0.0,0.0,0.0,1
-1.129379529113652,-2.814307555161766,-0.20257774745748913,-0.291437002465495,-0.3303780582623838,0.18143543508979731,0.25860883915260313,-0.40268320279352476,-0.7876865824500761,1.0,0.23783999121071725,0.0,1.0,0.0,0.0,0.18143543508979731,0.0,0.0,0.0,0.8185645649102027,0.0,0.0,0.0,0.0,1
-1.3255579093210854,-0.5983822649250181,-0.12367347468605996,-0.11516354083793473,-0.06192024454986189,1.0,-0.7180859945911593,-0.33568441178230785,1.9300939163915123,0.5830415609696922,0.4520374529744287,1.0,0.0,0.0,0.0,0.0,0.0,0.5830415609696922,0.0,0.0,0.4169584390303078,0.0,0.0,0.0,1
-0.46258843987734966,-1.4914975124983605,0.46990983143134135,-0.3101825657672475,-0.3121814697424452,0.0,-0.028485410249758925,0.629970122562397,-0.19351305803573457,1.0,-3.845030375349014,0.578575449407502,0.42142455059249795,0.0,0.0,0.0,0.0,0.0,0.0,0.578575449407502,0.42142455059249795,0.0,0.0,0.0,1
-0.7809091732028113,2.1506308315034746,0.42685103363665067,-0.37323867420940454,-0.3764852022837001,0.8926717110769748,-0.09865694529524416,-0.2661244386724621,1.9491542779890436,1.0,0.21844804183013747,0.0,0.0,0.10732828892302515,0.8926717110769748,0.10732828892302515,0.0,0.0,0.0,0.8926717110769748,0.0,0.0,0.0,0.0,1
1.3755089376265826,0.8553995310702567,-0.3885327399801089,-0.36415910662688844,-0.38292930373264467,0.1825564382615591,1.0316956597134685,-0.31113009776758527,-0.4130428121076885,0.1825564382615591,-0.02354115683978769,0.0,0.0,0.0,0.1825564382615591,0.0,0.0,0.1825564382615591,0.0,0.0,0.8174435617384409,0.0,0.0,0.0,1
-0.9629450558186967,-2.4622603380034405,0.2612708131264868,-0.3288822353846024,-0.437962166629935,0.34181735169787597,0.20831143424724216,-0.2091000363174479,0.0744205477531265,1.0,0.2798078467995043,0.34181735169787597,0.0,0.0,0.0,0.0,0.0,0.0,0.0,1.0,0.0,0.0,0.0,0.0,1
-0.07453086891864846,1.9410545358248548,0.15871412050641817,-0.3367567599658898,-0.3335734184147927,0.2594234334312925,0.2680575844789369,-0.09300898768879343,2.292989849349853,1.0,0.38415295938032124,0.0,0.2594234334312925,0.7405765665687075,0.0,1.0,0.0,0.0,0.0,0.0,0.0,0.0,0.0,0.0,1
-1.3883818136350445,-0.10864662652514545,-0.4298610274100422,-0.4026405576178788,-0.36733891235963206,0.3796924081672669,0.5913174294376686,-0.36960856411207627,0.7283782612785745,1.0,0.4520374529744287,1.0,0.0,0.0,0.0,0.0,0.0,1.0,0.0,0.0,0.0,0.0,0.0,0.0,1
-1.1818406431827366,-2.1315799914111015,0.22793324059714384,-0.35923837245223694,-0.40002226138426306,0.0,0.28640786454421957,0.07562512332124838,-0.4322348576344516,1.0,0.1903629669951717,0.0,0.0,0.0,0.40970505748519226,0.0,0.0,0.40970505748519226,0.0,0.5902949425148077,0.0,0.0,0.0,0.0,1
-2.8377202523748957,-1.1230707306843173,0.22575195038020507,-0.414564409564517,-0.3951419510796669,0.7319363591771237,0.6483826325327575,1.1664912646364816,0.3024671870356097,1.0,0.1903629669951717,0.0,0.0,0.0,0.0,0.0,0.0,0.7319363591771237,0.0,0.0,0.26806364082287626,0.0,0.0,0.0,1
0.4456808742799606,-0.5748967358080839,0.3218298045319177,-0.31099226909010075,-0.39006171333865547,0.0,-0.03676007353409538,-0.432951552836686,-0.18379635457157334,1.0,0.09201232565185156,0.0,0.624148907849134,0.0,0.0,0.0,0.0,0.375851092150866,0.0,0.624148907849134,0.0,0.0,0.0,0.0,1
-0.746639710687439,-2.8312442539262013,0.44282743980309913,-0.291437002465495,-0.3515675864048197,1.0,0.7523177732624893,-0.1675982889485098,-0.17549274468722198,1.0,0.4520374529744287,0.0,1.0,0.0,0.0,0.4094116521912404,0.0,0.0,0.0,0.5905883478087596,0.0,0.0,0.0,0.0,1
1.4463068055842023,-3.0327794610638703,-0.0880811141885027,-0.3435660811138474,-0.4057289819322746,0.0,0.5845996576053806,-0.15666223864459222,1.5143478827745187,1.0,0.3348196292809116,0.0,0.0,0.0,0.0,0.0,0.0,0.5520471808519802,0.0,0.44795281914801977,0.0,0.0,0.0,0.0,1
0.5397527266171973,1.308298374868615,-0.0749302597148781,-0.3444419729745385,-0.40110097249143,0.0,-0.8663036547725897,-0.3601938225705818,-0.46792808335803604,1.0,0.2237910823076259,0.0,0.0,0.5638734708646833,0.0,0.0,0.0,0.0,0.0,0.0,1.0,0.0,0.0,0.0,1
-0.10917748974644093,0.5142615935671829,0.39627862913702155,-0.36334579041982895,-0.4167849109499089,0.7055342404580823,-0.9693127706856282,-0.3838266799521316,-0.9919536458871876,1.0,0.29792910044118315,0.0,0.7055342404580823,0.0,0.0,0.0,0.0,0.0,0.0,0.0,1.0,0.0,0.0,0.0,1
0.27709887960595314,-1.5368243418064131,-0.35044073986361246,-0.33706485963087984,-0.3190567292123646,0.0,-1.1190320665520717,0.4355815621612835,0.08150326092293222,1.0,-0.04433461017486873,0.0,0.9484533069621567,0.0,0.051546693037843316,1.0,0.0,0.0,0.0,0.0,0.0,0.0,0.0,0.0,1
-0.3733846668838994,2.0399978272168866,0.027793239592287418,-0.3294504391600872,-0.3618962349259514,0.0,0.33373275307075934,-0.30556140183793273,2.5226860137609397,1.0,0.39017912067270943,0.0,0.0,0.7636057941597608,0.0,0.7636057941597608,0.0,0.23639420584023918,0.0,0.0,0.0,0.0,0.0,0.0,1
1.3574635186937876,0.24514724223284307,0.49231657362323794,-0.4253084631023439,-0.3819857952836173,0.0,0.1454036102337138,1.4287257565169893,-0.7692545338310873,1.0,0.4520374529744287,0.8598868242335475,0.0,0.14011317576645255,0.0,0.0,0.0,0.0,0.0,0.0,1.0,0.0,0.0,0.0,1
-1.1602756611585547,-3.084022658893477,-0.03855015243567461,-0.3686983836301692,-0.34025922651905394,1.0,2.018231037689101,-0.0992973245082382,1.1303249972335667,1.0,-0.0024743693906353337,0.0,1.0,0.0,0.0,0.0,0.0,0.0,0.0,1.0,0.0,0.0,0.0,0.0,1
-1.0184500845168836,-0.8479143180404002,0.2215507979015199,-0.3803998465874021,-0.3349701512305933,1.0,0.8705317688241037,-0.0992973245082382,0.828414624302541,1.0,0.3244891447222339,0.0,0.0,0.0,0.48743119824951364,0.5125688017504864,0.0,0.0,0.0,0.0,0.48743119824951364,0.0,0.0,0.0,1
-0.8913400768872981,2.2042768098430803,0.41824733387207097,-0.3803998465874021,-0.3788710968041838,0.8945522268940914,-0.1544422935136325,-0.2837159863547647,1.8751592968060056,1.0,0.1903629669951717,0.0,0.0,0.0,0.8945522268940914,0.0,0.0,0.10544777310590858,0.0,0.8945522268940914,0.0,0.0,0.0,0.0,1
-0.9246987469710564,-3.1141035862578126,0.19137300323337414,-0.3448050513066918,-0.27217091114769965,0.0,1.264307715186817,-0.3995619827712394,-0.5850979592731351,1.0,0.24273574001660794,0.0,1.0,0.0,0.0,0.7998552559473152,0.0,0.2001447440526848,0.0,0.0,0.0,0.0,0.0,0.0,1
-0.9825093862875465,-2.697695618306371,0.0885330133506215,-0.3520286945499324,-0.3816735621541383,0.5747864955307666,1.4088445309709619,-0.17023446636249673,0.785221353317923,1.0,0.03995600622933998,0.0,0.5747864955307666,0.0,0.0,0.0,0.0,0.0,0.0,1.0,0.0,0.0,0.0,0.0,1
1.2560081931061453,0.35703983849114734,0.5316434578211464,-0.44362384592501547,-0.3793705867349184,0.0,0.1454036102337138,1.5464828779481328,-0.7530898155882058,1.0,0.4520374529744287,0.9775306916798826,0.0,0.022469308320117398,0.0,0.0,0.0,0.0,0.0,0.0,1.0,0.0,0.0,0.0,1
0.5475909592306498,2.243254525506608,-0.3728997646289186,-0.3093637289970314,-0.3772103152950103,1.0,-1.9711921246294666,-0.17647910165755287,-0.9468313602861892,1.0,0.4520374529744287,0.0,0.0,1.0,0.0,0.0,0.0,1.0,0.0,0.0,0.0,0.0,0.0,0.0,1
0.23338207521664422,1.7235202122310511,-0.06721092788628708,-0.4471219796788324,-0.3668306355443135,1.0,0.4820500851250736,-0.2661244386724621,-0.5496173985997709,1.0,0.04863111228501091,0.0,0.0,0.4583657853391331,0.5416342146608669,0.0,0.0,0.0,0.0,0.4583657853391331,0.5416342146608669,0.0,0.0,0.0,1
-1.2118105486948942,2.019947543659966,-0.11086511114903394,-0.39448885261865624,-0.4211175230361237,0.6334782198261473,-0.0617758636492546,-0.432951552836686,2.172158871307476,1.0,0.35612805454723356,0.0,0.0,0.0,0.6334782198261473,0.6334782198261473,0.0,0.36652178017385273,0.0,0.0,0.0,0.0,0.0,0.0,1
-1.9140958685527467,-3.0602524747330215,0.37951595699481966,-0.41914566315831725,-0.3344113454296914,1.0,-1.5856390672406346,-0.18007912199383752,1.1649808211192456,1.0,0.06365373606814191,0.0,0.0,0.0,0.2578876854332023,0.2578876854332023,0.0,0.7421123145667977,0.0,0.0,0.0,0.0,0.0,0.0,1
0.5253458362204638,-0.48604864918515395,0.2578347758243765,-0.2939913168253814,-0.3473476165082329,0.13935607407282413,0.38145480222548606,-0.3632064378002108,0.11271666503860947,1.0,0.1903629669951717,0.0,1.0,0.0,0.0,0.0,0.0,0.0,0.0,0.8606439259271759,0.13935607407282413,0.0,0.0,0.0,1
-1.2278334325547249,1.806635676997129,0.31304462125469834,-0.3471453288472772,-0.3234029044826672,1.0,-0.2870474077389389,-0.07335765305864894,0.5319944810337308,1.0,0.1903629669951717,0.0,0.8349302367992991,0.0,0.16506976320070088,0.0,0.0,1.0,0.0,0.0,0.0,0.0,0.0,0.0,1
-0.7093879280920329,2.0739359172661915,-0.23146421041306176,-0.42384054887332195,-0.4000607597395735,0.015597819296447879,-0.5764930003611163,-0.2661244386724621,1.43345647049542,1.0,0.4479559016276334,0.0,1.0,0.0,0.0,0.0,0.0,0.015597819296447879,0.0,0.0,0.9844021807035521,0.0,0.0,0.0,1
-1.2117324556625935,0.5020212904093267,0.36800318585516933,-0.2808880148711709,-0.2910937731731418,0.0,-0.017964712858654558,0.21721362791657012,-0.8010547151887037,1.0,0.05280325875677458,0.0,0.4743098176973142,0.5256901823026858,0.0,1.0,0.0,0.0,0.0,0.0,0.0,0.0,0.0,0.0,1
-1.3904330262684976,-2.874102951884298,0.0877966440098382,-0.35052259678398384,-0.42714725736115927,0.8283207141516965,-0.14446585311692967,-0.12793808432808557,0.0744205477531265,1.0,0.40711336409678794,0.8283207141516965,0.0,0.0,0.0,0.0,0.0,0.0,0.0,1.0,0.0,0.0,0.0,0.0,1
-1.2264280096338918,-3.4738370225600517,0.22914147366835533,-0.3501183037844073,-0.42740064981416664,1.0,0.05153563692553609,0.17404279073942677,-0.16297104675429394,1.0,0.2616188466905133,0.0,0.0,1.0,0.0,0.0,0.0,0.727692673480631,0.0,0.27230732651936895,0.0,0.0,0.0,0.0,1
-0.7375348113512497,-2.1560030618432737,0.47065774522787096,-0.3791727814191606,-0.4455607238659225,0.9816093234525333,0.964596079036948,0.5526708146689499,0.613928079514063,1.0,0.4472250821420596,0.0,0.0,0.0,0.9816093234525333,0.0,0.0,0.9816093234525333,0.0,0.018390676547466733,0.0,0.0,0.0,0.0,1
1.1972401178668612,-2.798893203249638,0.290823831489219,-0.39882844666136896,-0.3953855918622038,0.0,0.654474530857166,-0.4043569872728023,-1.3584961381153802,1.0,0.21278878273626198,0.0,0.0,0.0,0.085701193439501,0.0,0.0,0.085701193439501,0.0,0.0,0.914298806560499,0.0,0.0,0.0,1
1.4905904899353235,1.3947073264097962,0.5116204663570488,-0.3529213999407546,-0.3657831371307515,0.8822489171098589,-0.29935825226671964,-0.28576851202073666,1.5211449036867826,1.0,0.15955051290639316,0.0,0.11775108289014113,0.0,0.0,0.11775108289014113,0.0,0.0,0.0,0.0,0.8822489171098589,0.0,0.0,0.0,1
1.2098312324868288,0.8670931103464484,0.12992371959470456,-0.34874056086266997,-0.3600431245943537,0.5765164755142536,0.41708876973585207,-0.3367729729585136,1.8768039999759474,0.5765164755142536,0.1903629669951717,0.0,0.42348352448574644,0.0,0.0,0.0,0.0,0.0,0.0,0.0,1.0,0.0,0.0,0.0,1
1.5866661903858117,-0.025429613483587923,0.04093983754484466,-0.3237280585870531,-0.3605944563422316,0.0,0.19221473073834192,-0.2661244386724621,0.010322074058597586,1.0,0.4520374529744287,1.0,0.0,0.0,0.0,0.725944779312794,0.0,0.0,0.0,0.274055220687206,0.0,0.0,0.0,0.0,1
0.6859854294492648,-0.38083576221871046,-0.2607207280444854,-0.37771419215929913,-0.289951594055199,1.0,0.883040642094463,-0.1555958021576745,-0.14083299559264284,1.0,0.1903629669951717,0.4458219974842066,0.5541780025157934,0.0,0.0,0.0,0.0,0.0,0.0,0.0,1.0,0.0,0.0,0.0,1
0.8802779224022526,-2.477068191279454,0.07751487466501983,-0.39488789920409684,-0.4088498539254766,0.0,0.7355708354887254,-0.0840363688302197,-0.9164483797916834,1.0,0.1903629669951717,0.0,0.0,0.3485796116481358,0.0,0.0,0.0,0.0,0.0,0.0,1.0,0.0,0.0,0.0,1
1.4823939405491617,0.2398863315824742,-0.07918109369945692,-0.32834509783781185,-0.3826559153425075,0.0,0.09026033128027489,-0.2661244386724621,0.3726223411732581,1.0,0.4074852269757553,1.0,0.0,0.0,0.0,1.0,0.0,0.0,0.0,0.0,0.0,0.0,0.0,0.0,1
1.025885821835316,-3.103920885241808,0.08137527921811676,-0.36662697902008884,-0.3749960979587035,0.0,0.763616142620066,-0.3296415576268947,1.9892511275569515,1.0,0.24437814717831205,0.0,0.0,0.0,0.0,0.0,0.0,0.2064212717606032,0.0,0.7935787282393968,0.0,0.0,0.0,0.0,1
1.814233938855596,1.5937057436315634,0.4620049986649105,-0.31465593368690736,-0.2686994619845779,0.010995828658480478,0.25127145717156935,-0.43111715047374743,1.0332256364025814,1.0,-0.06843419117196124,0.0,1.0,0.0,0.0,0.9890041713415195,0.0,0.010995828658480478,0.0,0.0,0.0,0.0,0.0,0.0,1
1.53409877414326,-3.143715589534512,-0.2994869382572527,-0.4471219796788324,-0.3021233962143988,1.0,0.7102222462430311,-0.22045196940260084,-1.5049345613012268,1.0,-0.03549204209788325,0.0,0.8631143699311927,0.0,0.13688563006880727,0.8631143699311927,0.0,0.13688563006880727,0.0,0.0,0.0,0.0,0.0,0.0,1
-0.47510778288614897,-0.4584997912943005,0.22716538720287116,-0.2958843154556768,-0.3121814697424452,0.0,-0.2585789839008029,-0.04925852015613713,-0.4202434946527232,1.0,-0.0713115189840851,0.0,0.0999813581518949,0.9000186418481051,0.0,1.0,0.0,0.0,0.0,0.0,0.0,0.0,0.0,0.0,1
0.23415143835328012,-1.9845414099884469,-0.2854213714388762,-0.3998357832748709,-0.44275731596720896,0.8738900775625152,0.8705317688241037,-0.3067202262703679,0.6401438031360052,1.0,0.4190377038437159,0.0,0.8738900775625152,0.12610992243748476,0.0,0.0,0.0,0.0,0.0,0.0,1.0,0.0,0.0,0.0,1
-0.8475949717611858,-0.8023384216565557,0.2705715777998755,-0.3803998465874021,-0.33008038312658144,1.0,0.8705317688241037,-0.0992973245082382,0.8435265593934738,1.0,0.2957096865467399,0.0,0.0,0.0,0.5974131021703083,0.4025868978296917,0.0,0.0,0.0,0.0,0.5974131021703083,0.0,0.0,0.0,1
1.5191444225131103,0.3445168694889984,-0.43699963210146814,-0.3759861904119506,-0.34776076058522687,0.6005168604336534,0.8699963544605276,-0.3327690580035796,1.3652353674569069,0.6005168604336534,0.1903629669951717,0.0,1.0,0.0,0.0,0.0,0.0,0.6005168604336534,0.0,0.0,0.3994831395663466,0.0,0.0,0.0,1
-1.8130794710879106,-1.00662767773595,0.3753619257759063,-0.08295072825441124,-0.18505266947072946,0.3349633254537445,-1.2701539441782677,-0.432951552836686,1.8186765329957824,0.6650366745462555,0.27801432300518286,0.3349633254537445,0.0,0.6650366745462555,0.0,0.0,0.0,0.0,0.0,0.0,1.0,0.0,0.0,0.0,1
-1.1732173277550464,1.8544663759756257,-0.042274048051786195,-0.39874017568696946,-0.4338652786971844,1.0,-0.07994252826894949,-0.4036948685166459,2.200591808483563,1.0,0.40614726378511246,0.0,0.0,0.0,1.0,0.8246287213765504,0.0,0.0,0.0,0.1753712786234496,0.0,0.0,0.0,0.0,1
-1.1678440325098673,-0.4832690184626507,-0.4491503114561113,-0.4433149013221448,-0.443658112063521,1.0,-0.8993598031880957,0.7107952128313626,0.6357960039003142,0.08558805407504022,0.2127591770512227,0.9144119459249598,0.0,0.08558805407504022,0.0,1.0,0.0,0.0,0.0,0.0,0.0,0.0,0.0,0.0,1
1.5957573730627532,1.8861535610190758,0.25933405005491705,-0.3079771618298315,-0.3364976776043671,0.5812294751079269,-0.5266220511651416,-0.16915960267302005,-0.08530576698849664,1.0,-2.2006124568721264,0.5812294751079269,0.0,0.0,0.0,0.0,0.0,0.0,0.0,0.0,1.0,0.0,0.0,0.0,1
1.2487890737941094,0.8065103372987769,0.15073372078388877,-0.3633573000045236,-0.3495714470330646,0.38313852824949746,-0.85953791694302,0.05346503629249616,-0.43413423383553656,1.0,0.3517798755358924,0.0,0.0,0.0,1.0,0.0,0.0,0.0,0.0,1.0,0.0,0.0,0.0,0.0,1
-1.9288291348072881,2.369546783224407,-0.035820976267662785,-0.3474595232582422,-0.3451057450365891,1.0,-0.4722154511876203,-0.10560929686612837,0.7510422488198882,1.0,0.06447600481133688,0.0,0.5189177052828375,0.0,0.0,0.48108229471716246,0.0,0.5189177052828375,0.0,0.0,0.0,0.0,0.0,0.0,1
-2.199838914674862,2.57578102428647,0.10599800184821324,-0.2945706719514279,-0.313225517345386,1.0,-3.3342814184153227,0.36984323118037254,-0.2990711264231595,1.0,0.4397476577600473,0.0,1.0,0.0,0.0,0.0,0.0,0.046965966775055046,0.0,0.953034033224945,0.0,0.0,0.0,0.0,1
0.10239636198067756,1.9476655437797143,-0.20729280348570436,-0.4286306779104415,-0.3899604726530963,1.0,0.3865571162143191,-0.2938650132155443,-0.4066508653750178,1.0,0.23387508204131802,0.0,0.0,0.8337166312439206,0.1662833687560794,0.0,0.0,0.0,0.0,1.0,0.0,0.0,0.0,0.0,1
2.101683827614668,-0.8539552014115794,0.1884193865125469,-0.38992335682779483,-0.33547539030676216,0.0,0.9099306920295138,-0.1707329781589254,-1.8000841047782128,1.0,0.2589128857606461,0.0,0.0,1.0,0.0,0.0,0.0,0.0,0.0,0.7380336164263704,0.26196638357362956,0.0,0.0,0.0,1
1.2855154147057162,-0.9979323426388734,0.22885517589637572,-0.2765622964231428,-0.4363577033906968,0.0,0.654775202711666,-0.40532542718350456,-2.3647178721825908,1.0,0.4520374529744287,0.0,0.9172013320748735,0.0,0.08279866792512647,0.0,0.0,0.08279866792512647,0.0,0.0,0.9172013320748735,0.0,0.0,0.0,1
2.011447325902821,1.1133761185774982,-0.3398908485009763,-0.35850966133581713,-0.37428497966355373,1.0,1.1550320870228832,-0.06750947365281526,0.1616270783081729,1.0,0.1903629669951717,0.0,0.6031521094663882,0.0,0.3968478905336118,0.0,0.0,1.0,0.0,0.0,0.0,0.0,0.0,0.0,1
0.7508394921381405,-0.013814425926091028,-0.2778025177230083,-0.3971838189678718,-0.4120091329078146,0.0,0.4892970228633725,-0.432951552836686,-0.8199824630105919,0.24534910968132095,0.12616136483384371,0.0,0.754650890318679,0.0,0.0,0.0,0.0,1.0,0.0,0.0,0.0,0.0,0.0,0.0,1
1.9904888879570148,-3.2103787237506887,-0.20359785819645018,-0.3136777134959718,-0.4109447514429492,0.0,0.3929101143677643,0.522145236587873,0.4709178676422599,1.0,0.4520374529744287,0.38929561404197655,0.0,0.0,0.0,0.0,0.0,1.0,0.0,0.0,0.0,0.0,0.0,0.0,1
-0.6400040666934023,-0.15676119713159395,0.08812941280847628,-0.31712001836879766,-0.30576384386234595,0.28869373677069987,-0.1952713088394698,-0.0992973245082382,-0.31652427849524756,1.0,0.004232266190818665,0.0,0.0,1.0,0.0,0.7113062632293001,0.0,0.28869373677069987,0.0,0.0,0.0,0.0,0.0,0.0,1
-2.565449608312,-0.9876961723119333,-0.4939203865882974,-0.38980079199021184,-0.4218410430488395,0.6443272835350509,0.0418138732922295,-0.1474527329228667,-0.37745319312931663,1.0,0.3589669777166171,0.6443272835350509,0.0,0.0,0.0,0.0,0.0,0.0,0.0,0.0,1.0,0.0,0.0,0.0,1
0.3732118433189564,-3.3023861162902746,-0.20901163500877762,-0.4346247420075796,-0.3691323703200916,0.0,0.4398949664404729,-0.19303884620970632,-0.21282148271836165,1.0,0.1903629669951717,0.0,0.0,0.0,0.0,0.0,0.0,0.0,0.0,0.0,1.0,0.0,0.0,0.0,1
1.966591662042438,1.6832529587529401,0.45421190078442486,-0.3581591355569253,-0.425745787459069,1.0,-0.6637889807956157,-0.14886528288117568,0.9098155141298385,1.0,0.3742882807654594,0.0,0.0,0.0,0.0,0.0,0.0,0.702878284376825,0.0,0.0,0.297121715623175,0.0,0.0,0.0,1
-1.75086623842338,0.9736858921519035,0.0230120538942184,-0.3292287282589883,-0.40110097249143,0.4335953597031028,1.9375874890495397,1.0906486636570187,0.051339891886528266,1.0,0.3038238098684722,0.0,0.0,0.4335953597031028,0.0,0.0,0.0,0.0,0.0,0.4335953597031028,0.5664046402968972,0.0,0.0,0.0,1
-2.0743993992799665,-0.917324405264389,-0.22910748226495173,-0.3698121471561497,-0.3989713861639358,1.0,0.4760202813465635,-0.1787154393038321,0.17273936263783807,1.0,0.4520374529744287,0.47605040219909966,0.0,0.0,0.0,0.5239495978009003,0.0,0.0,0.0,0.0,0.47605040219909966,0.0,0.0,0.0,1
-2.588595173444368,1.5603698786218483,-0.005203553495388036,-0.30639738731026767,-0.4081779829457989,1.0,1.2867525357425877,-0.3768427839439201,0.16684628938984203,1.0,0.10470583086337798,0.0,0.0,0.33632883463735186,0.6636711653626481,0.0,0.0,1.0,0.0,0.0,0.0,0.0,0.0,0.0,1
-1.7035843599654104,-0.38589163294553064,0.5515858917517312,-0.4192614625947638,-0.4371351216142731,0.936829739324758,0.094164198779216,0.6207036935959195,0.40851352170497046,1.0,-3.99642880867294,0.0,0.06317026067524201,0.0,0.0,0.0,0.0,0.0,0.0,0.936829739324758,0.06317026067524201,0.0,0.0,0.0,1
2.0999880904406685,-0.6746147554189168,0.19890722964158708,-0.3271237227100945,-0.3773214163541616,0.0,0.42243147124174374,0.3003257805322303,-1.2181168474448316,1.0,0.38205839397541025,0.0,0.0,1.0,0.0,0.0,0.0,0.0,0.0,0.2674279027897497,0.7325720972102503,0.0,0.0,0.0,1
0.5239393813156539,1.560760537869486,-0.26252276330220004,-0.4074209844668971,-0.3819885809064614,0.0,-1.074458184743757,-0.432951552836686,-0.9169399106431415,1.0,0.3957930398905055,0.0,0.0,0.7850596214092432,0.0,0.0,0.0,0.0,0.0,0.0,1.0,0.0,0.0,0.0,1
1.970213699846473,-3.6206167956814777,-0.043056912616485234,-0.3122906433041271,-0.35525482668503566,0.031183135061284672,0.4917056013962684,1.2041064342083492,-0.17896370568774195,1.0,0.4438776221360453,1.0,0.0,0.0,0.0,0.0,0.0,1.0,0.0,0.0,0.0,0.0,0.0,0.0,1
-0.19590024423798663,0.10723171503369022,-0.25766924220313114,-0.3406603190880556,-0.28412149695317945,1.0,-0.08386201051605296,1.2708884419910431,1.9778526807964423,1.0,0.3834096439914309,0.0,0.0,0.0,1.0,0.0,0.0,1.0,0.0,0.0,0.0,0.0,0.0,0.0,1
-1.442008789530314,-2.167670184274506,0.3571786365683952,-0.2691962914350182,-0.3968738313312955,0.5950779307002548,-0.8117009765396883,-0.432951552836686,0.3821194684645741,1.0,0.34607967862876077,0.0,0.0,1.0,0.0,0.0,0.0,0.0,0.0,0.5950779307002548,0.40492206929974517,0.0,0.0,0.0,1
0.896594351963082,0.8953679270737451,0.4482297365398784,-0.426025015305566,-0.314467848624186,0.05142581348425035,0.17736672917872576,-0.4243723327795609,-1.0036117997022396,1.0,0.17690614368561536,0.0,0.0,0.0,0.05142581348425035,0.0,0.0,0.0,0.0,0.0,1.0,0.0,0.0,0.0,1
-1.8861547629623814,-3.365312666058253,0.17249108240974237,-0.3917626538405009,-0.37854798531220507,1.0,-0.9993533690740933,-0.18331709008335406,0.7664326252471564,1.0,0.18846124620358745,0.49636624720123634,0.0,0.0,0.0,0.0,0.0,0.5036337527987637,0.0,0.49636624720123634,0.0,0.0,0.0,0.0,1
0.7480425927077586,-0.37100793248693426,-0.258819084255584,-0.38435646779906424,-0.289951594055199,1.0,0.8521031605870946,-0.13424284255361046,-0.09393448836605012,1.0,0.1903629669951717,0.4031571510831108,0.5968428489168892,0.0,0.0,0.0,0.0,0.0,0.0,0.0,1.0,0.0,0.0,0.0,1
1.769964347130538,1.7034010402933388,-0.07666938429941761,-0.3952674901661266,-0.3269811452876089,0.0,-0.061492890418657464,-0.432951552836686,-0.6589003479469593,1.0,0.1903629669951717,0.0,0.0,0.6657561091830392,0.0,0.0,0.0,0.0,0.0,0.0,1.0,0.0,0.0,0.0,1
2.0359755916701285,-2.8331824403922354,-0.10859607504866509,-0.3136777134959718,-0.4455607238659225,0.22908779625417808,0.13900278316241055,0.10574784559531192,0.6470232127697821,1.0,0.4520374529744287,0.0,0.0,0.22908779625417808,0.0,0.0,0.0,0.7709122037458219,0.0,0.22908779625417808,0.0,0.0,0.0,0.0,1
-0.7761868778567438,-0.48322300192400414,0.49311251470383166,-0.30329110718700414,-0.31692080157372793,0.0,-0.5508044652915702,0.049746310710731115,0.29970643116320883,1.0,-3.762648365788749,0.8934017468662282,0.0,0.0,0.0,0.1065982531337718,0.0,0.0,0.0,0.8934017468662282,0.0,0.0,0.0,0.0,1
2.2329023992953707,2.648333477966037,0.15977817855290374,-0.33758954221750564,-0.30164371888701624,1.0,-0.7869040222396445,-0.0992973245082382,-0.1384418020013935,1.0,-3.4201680760802526,0.9248622182641912,0.0,0.0,0.0,0.0,0.0,0.07513778173580876,0.0,0.0,0.9248622182641912,0.0,0.0,0.0,1
2.1391110459158535,1.9490995438944614,-0.23763471628686245,-0.30957282844982537,-0.41318563281140935,0.27181124379639665,-0.7114711405407667,-0.22077895327252095,0.5239799514677832,1.0,0.2614890344989763,0.7281887562036033,0.0,0.0,0.0,0.7281887562036033,0.0,0.27181124379639665,0.0,0.0,0.0,0.0,0.0,0.0,1
-1.0828689490754937,0.04860617233630987,-0.05473589620202007,-0.3914199257692547,-0.31198101478194656,1.0,0.4496340739040353,-0.0992973245082382,0.27866776502319845,1.0,0.06070553151972932,0.0,0.0,1.0,0.0,0.0,0.0,0.5045086837938015,0.0,0.49549131620619846,0.0,0.0,0.0,0.0,1
1.2535331874000755,0.3563018723422328,-0.30253796385765425,-0.3665395420697225,-0.3788710968041838,0.0,0.6055504629543809,-0.38096862385223734,-0.12371742492754817,0.31159760357226396,0.09176276651019577,0.31159760357226396,0.0,0.0,0.0,0.31159760357226396,0.0,0.0,0.0,0.0,0.688402396427736,0.0,0.0,0.0,1
0.37065587559964935,-0.3161351856592309,-0.13230242646399015,-0.37750087392899967,-0.34794854015066334,1.0,-0.5257147975581611,1.7648516532646414,1.6933223852151174,1.0,0.4520374529744287,0.0,0.0,0.4348273386037462,0.5651726613962538,0.4348273386037462,0.0,0.5651726613962538,0.0,0.0,0.0,0.0,0.0,0.0,1
-0.6444557308505758,1.8443631769943154,-0.40362478138512703,-0.363319206619413,-0.4291282641619523,1.0,1.2383138221432906,-0.3918450127072087,-0.1645530356430151,1.0,0.3875603275823416,0.0,0.0,0.2464020332391068,0.7535979667608932,0.0,0.0,0.0,0.0,1.0,0.0,0.0,0.0,0.0,1
0.41904828488338486,-0.546273130988369,0.3305192051085352,-0.2893127568284738,-0.37272655307779157,0.0,0.16519165086214394,-0.432951552836686,-0.04985962634607799,1.0,0.14302665895772904,0.0,0.8191023176741997,0.0,0.0,0.0,0.0,0.18089768232580028,0.0,0.8191023176741997,0.0,0.0,0.0,0.0,1
-0.6041213591927626,-3.0008971683359826,0.34298721560245726,-0.34477573513746596,-0.2766396385186631,0.20058412103102075,0.8283697667201649,-0.3994886827779134,-0.5574765602486427,1.0,0.2428507137615651,0.0,1.0,0.0,0.0,1.0,0.0,0.0,0.0,0.0,0.0,0.0,0.0,0.0,1
-0.3404087768865637,-3.4693285896908916,-0.2539677153214066,-0.4335416445422095,-0.3837886591160722,0.0,0.3525830841166824,0.0025684889147797874,-0.08182474447064603,1.0,0.2702531110519927,0.0,0.30530352914557324,0.0,0.0,0.0,0.0,0.0,0.0,0.0,1.0,0.0,0.0,0.0,1
-0.1943963274836154,-0.6009412420379221,0.2498668841178206,-0.3561890411654779,-0.3061317171729346,1.0,0.9832975415263275,-0.19009970026404094,0.4501181241995898,1.0,0.1903629669951717,0.2721451372299627,0.0,0.0,0.7278548627700373,0.0,0.0,0.0,0.0,0.0,1.0,0.0,0.0,0.0,1
-0.03463153981453898,-1.2031375708214922,0.14865355229250587,-0.3895134079147179,-0.36683619775812104,1.0,0.8705317688241037,-0.2360185951466956,0.8425396652572799,1.0,0.29758914661226626,0.0,0.4097693331309129,0.0,0.5902306668690871,0.0,0.0,0.0,0.0,0.0,1.0,0.0,0.0,0.0,1
-2.22178647306564,0.3975320362793624,-0.4637080828006245,-0.3600033729206132,-0.35848455999564427,0.6390261030599732,1.5122837092221786,-0.32634467218758073,0.44842660616475627,1.0,0.4520374529744287,0.3609738969400268,0.0,0.6390261030599732,0.0,0.0,0.0,1.0,0.0,0.0,0.0,0.0,0.0,0.0,1
0.25347246695121745,-0.12263315130372793,-0.29904834375668093,-0.3601959859853549,-0.2919874521604303,1.0,-0.07049597174612136,1.2646413459494488,2.2718646918029477,1.0,0.4280727610117671,0.0,0.0,0.0,1.0,0.0,0.0,0.9084179266733658,0.0,0.0,0.09158207332663415,0.0,0.0,0.0,1
0.32722065755238156,2.019723435530908,-0.1222225565073689,-0.43792695530739445,-0.37335676998869216,0.9173135754622428,0.1197072153342193,-0.2661244386724621,-0.5206405082268337,1.0,0.1903629669951717,0.0,0.0,0.9173135754622428,0.08268642453775721,0.08268642453775721,0.0,0.0,0.0,0.9173135754622428,0.0,0.0,0.0,0.0,1
-1.3688306388778968,-3.0808681817904757,-0.17820638651646337,-0.3682280720519858,-0.3283284231156359,0.8631813690810386,2.099435606136325,-0.12212238186834859,1.0666627841775522,1.0,0.0002923708521246904,0.0,1.0,0.0,0.0,0.0,0.0,0.1368186309189614,0.0,0.8631813690810386,0.0,0.0,0.0,0.0,1
1.5718629364571195,1.3663318460368266,0.44689589113805495,-0.33923869442779864,-0.3355175628681234,1.0,0.5546076585724357,-0.4246497941814351,1.67540348822766,1.0,-0.05828990412417595,0.0,0.04976264617919757,0.0,0.9502373538208024,0.0,0.0,1.0,0.0,0.0,0.0,0.0,0.0,0.0,1
-0.7101242710930655,-1.209023510748537,0.3433953449131653,-0.3284006790140783,-0.33681191533963856,0.0,0.6954561431050551,-0.28413984083036636,-0.9319203612231683,1.0,0.07365463561261751,0.0,0.0,1.0,0.0,1.0,0.0,0.0,0.0,0.0,0.0,0.0,0.0,0.0,1
0.33184498613900176,1.935282890467096,-0.2094681347505257,-0.43888700373378126,-0.3829865787978821,0.8148670711613804,-0.1422644607302732,-0.29700963092737964,-0.5515087035236874,1.0,0.23880753098685187,0.0,0.0,1.0,0.0,0.0,0.0,0.0,0.0,0.8148670711613804,0.18513292883861965,0.0,0.0,0.0,1
1.1079310039940267,1.0769860637086768,0.4760323429040683,-0.31740534094615286,-0.38905458179640817,0.5419009473783581,-0.27763635376526935,-0.2661244386724621,0.8934724840820079,1.0,0.07049013287281906,0.0,0.0,0.0,0.0,0.0,0.0,0.0,0.0,0.0,1.0,0.0,0.0,0.0,1
0.18416149776102334,1.5685226561118384,-0.01552602592664501,-0.4471219796788324,-0.359465619390952,1.0,0.6879729872493212,-0.2661244386724621,-0.5951408850661141,1.0,-0.03806468589552012,0.0,0.0,0.12705416412359172,0.8729458358764083,0.0,0.0,0.0,0.0,0.12705416412359172,0.8729458358764083,0.0,0.0,0.0,1
-2.138433196536026,2.020033022248567,0.46632955880023397,-0.2691962914350182,-0.33283079116792286,0.0,0.9039134438854601,-0.04276369144601133,-0.1561088880964745,1.0,-0.0012416037772699229,0.0,0.2677751135904388,0.0,0.7322248864095612,0.2677751135904388,0.0,0.0,0.0,0.7322248864095612,0.0,0.0,0.0,0.0,1
-2.1038039793225343,2.269262161747748,0.424876733752165,-0.2907073794974213,-0.3566412211169376,0.19343885213855028,1.0610713008047856,-0.23385359320294774,0.2118243801310045,1.0,-0.0713115189840851,0.0,0.0,0.0,1.0,0.19343885213855028,0.0,0.0,0.0,0.8065611478614497,0.0,0.0,0.0,0.0,1
0.3808308400745654,0.683246068082153,0.35379071618001096,-0.3879887471271812,-0.33546281409784756,0.34121663328928264,-1.1683663156290887,-0.32304862490894537,-0.9844248119392638,1.0,0.4520374529744287,0.0,0.34121663328928264,0.0,0.6587833667107174,0.0,0.0,0.0,0.0,0.6587833667107174,0.34121663328928264,0.0,0.0,0.0,1
-1.1789842882294612,2.236770254031264,-0.13798156987146823,-0.3838173406131716,-0.37373835762414814,0.30772343548214753,-1.4722802608617895,-0.06077798786371236,0.8987879400113681,1.0,0.4520374529744287,0.0,1.0,0.0,0.0,0.0,0.0,0.0,0.0,0.30772343548214753,0.6922765645178525,0.0,0.0,0.0,1
0.8667696478137885,1.1082934302451335,0.4319675348363481,-0.41146528490565537,-0.3121814697424452,0.0,0.09853826188177228,-0.4077932985839121,-1.0248101112698975,1.0,0.1903629669951717,0.0,0.0,0.0,0.1508043484346807,0.1508043484346807,0.0,0.0,0.0,0.0,0.8491956515653193,0.0,0.0,0.0,1
0.178083245858465,-2.1670093227331004,-0.31324167658371377,-0.3970582287031771,-0.4066805817786103,0.0,0.7412165520219675,0.40140555848023407,-0.09747109328441099,1.0,0.1903629669951717,0.0,0.0,0.7503319911408141,0.0,0.0,0.0,0.0,0.0,0.0,1.0,0.0,0.0,0.0,1
-1.1591175565312857,2.230220229650566,0.16453753098833396,-0.369044294744414,-0.35617105762973544,0.5105750363568595,-0.22044686476454212,-0.3477737929569774,1.2263695672124428,1.0,0.1903629669951717,0.0,0.5105750363568595,0.0,0.0,0.0,0.0,1.0,0.0,0.0,0.0,0.0,0.0,0.0,1
-0.09243104581217612,-0.8687586617001444,0.3732941201916334,-0.3731214259815418,-0.37395363841168894,0.0,1.1593301746608733,-0.04318140875794338,-0.24660587418795368,1.0,0.39415258599252595,0.0,1.0,0.0,0.0,0.0,0.0,0.0,0.0,0.22120944181960223,0.7787905581803978,0.0,0.0,0.0,1
-1.0131696760518993,-0.744549299826109,-0.36714434986124234,-0.3941381172300003,-0.3047797262137576,1.0,-0.382764816934442,-0.2681817493102778,0.9293438753384473,0.987668007996647,0.4520374529744287,1.0,0.0,0.0,0.0,0.0,0.0,0.987668007996647,0.0,0.0,0.012331992003352998,0.0,0.0,0.0,1
1.0062955638933317,0.9327873884018156,0.42616982368966616,-0.42239294852658743,-0.31342502366707425,0.0,0.1280189753751238,-0.432951552836686,-0.9940642668186639,1.0,0.1903629669951717,0.0,0.0,0.055940660313386736,0.0,0.0,0.0,0.0,0.0,0.0,1.0,0.0,0.0,0.0,1
-0.5174869668794579,-0.34768528078400157,0.2957677596213981,-0.29056012214699495,-0.313934375973378,0.0,-0.14494453550021366,-0.1124522468308483,-0.45352520183649586,1.0,-0.060994528385430194,0.0,0.0394268113685059,0.9605731886314941,0.0,0.9605731886314941,0.0,0.0,0.0,0.0394268113685059,0.0,0.0,0.0,0.0,1
1.4905409090145696,0.09837944448516422,0.4407321044177819,-0.40128445712089655,-0.38541612411839893,0.0,0.1454036102337138,1.274265551288958,-0.7904575461576815,1.0,0.4520374529744287,0.7055751725156885,0.0,0.29442482748431154,0.0,0.0,0.0,0.0,0.0,0.0,1.0,0.0,0.0,0.0,1
0.5439254539243101,1.779984038473739,-0.4553785630151756,-0.4009780270464787,-0.3961158106576433,0.0,-1.315520358270416,-0.432951552836686,-0.8565927759006728,1.0,0.43247684485808846,0.0,0.0,1.0,0.0,0.0,0.0,0.0,0.0,0.0,1.0,0.0,0.0,0.0,1
2.1321294283686574,2.123471707033723,-0.1879247954078007,-0.30750149874631755,-0.3890584700683434,0.8194246548726665,1.7869660415666608,0.11385744895300239,-0.7003789576072342,1.0,0.1903629669951717,0.0,0.0,0.18057534512733353,0.8194246548726665,0.0,0.0,0.8194246548726665,0.0,0.0,0.18057534512733353,0.0,0.0,0.0,1
-2.2246261475626166,2.439244898850113,0.13529254696698478,-0.2691962914350182,-0.3950593163765251,0.0,0.9575187800917226,-0.12196753797687428,-0.5005673932995063,1.0,0.04174619072594188,0.0,0.0,0.0,1.0,0.43205476944737053,0.0,0.0,0.0,0.5679452305526295,0.0,0.0,0.0,0.0,1
1.1977098987056496,-2.7999478960499116,0.29055874343485033,-0.3988813569138028,-0.39546491857522387,0.0,0.6545977499198034,-0.40475386598370067,-1.3576789349865626,1.0,0.21247752328305278,0.0,0.0,0.0,0.08451170241195816,0.0,0.0,0.08451170241195816,0.0,0.0,0.9154882975880418,0.0,0.0,0.0,1
-0.664234089100609,-2.183485540037499,0.3793712231139181,-0.3129227307955983,-0.4410330345616571,0.03394597858579884,0.43507409110662165,-0.2661244386724621,0.06042762509860808,1.0,0.19924576349267348,0.0,0.03394597858579884,0.0,0.0,0.03394597858579884,0.0,0.0,0.0,0.9660540214142012,0.0,0.0,0.0,0.0,1
0.08703728108523667,-3.1317633019733857,0.15182741852301046,-0.385077489156293,-0.2744480282125357,0.3025797327531601,0.9836787779478989,-0.38247304921689423,-0.9452035331775303,1.0,0.11118557095924765,0.0,1.0,0.0,0.0,1.0,0.0,0.0,0.0,0.0,0.0,0.0,0.0,0.0,1
-2.1726121264908613,2.0030497757465366,0.4855504960113368,-0.32210231822039426,-0.3500311896473197,0.29734900737255077,1.2737078960091583,-0.21651856187290291,0.45696573913148286,1.0,0.0843057783372239,0.0,0.0,0.0,0.7026509926274492,0.0,0.0,0.0,0.0,0.7026509926274492,0.29734900737255077,0.0,0.0,0.0,1
-0.5780218761333812,-0.3353049612939968,0.3799400452781154,-0.1569184127506782,-0.17604775230317626,0.0,-0.31416938701243,-0.12452285359857668,-0.5375242967440638,1.0,-0.03174434555823996,0.0756038046234696,0.0,0.9243961953765304,0.0,0.9243961953765304,0.0,0.0,0.0,0.0,0.0756038046234696,0.0,0.0,0.0,1
1.4506203512933127,1.3678359340717958,0.5162238384026777,-0.35751545035093335,-0.3775843535798945,1.0,-0.34556245554420706,-0.2709527081103723,1.5898394119398043,1.0,0.18278964817548166,0.0,0.0,0.0,0.02894175483463224,0.0,0.0,0.02894175483463224,0.0,0.0,0.9710582451653678,0.0,0.0,0.0,1
0.8590110366657233,0.83758540941156,0.4673288796642487,-0.42364171573801357,-0.31837621483555595,0.055733510886566084,0.0645757339918076,-0.432951552836686,-1.0477841052329626,1.0,0.2049470048082332,0.0,0.055733510886566084,0.0,0.0,0.0,0.0,0.0,0.0,0.0,1.0,0.0,0.0,0.0,1
2.0754570044646066,0.5219041712571005,-0.014318936518189107,-0.31482470180800337,-0.3823103853534009,0.5257857833425362,-0.2305161816278983,0.1724521858455939,-0.3816914074045356,1.0,0.31445272838306954,0.47421421665746377,0.0,0.0,0.5257857833425362,0.0,0.0,0.0,0.0,1.0,0.0,0.0,0.0,0.0,1
1.4575099073821827,0.17143169968815974,-0.06334436115011105,-0.32978188545869386,-0.38193787152283337,0.0,0.12037465773674405,-0.2661244386724621,0.3681840809676434,1.0,0.4159375345849963,1.0,0.0,0.0,0.0,1.0,0.0,0.0,0.0,0.0,0.0,0.0,0.0,0.0,1
0.39594490580743474,1.7870024709973251,-0.41520722390044534,-0.40955522143126943,-0.397645324945357,0.15545060146492962,-1.1668961401913367,-0.4070181775991989,-0.823327753731837,1.0,0.41135999674092694,0.0,0.0,1.0,0.0,0.0,0.0,0.0,0.0,0.15545060146492962,0.8445493985350704,0.0,0.0,0.0,1
1.6213414105669917,2.0065212446891527,-0.38783599692985526,-0.3874968680024937,-0.35569203698550844,0.0,-0.5620320095648028,-0.432951552836686,-0.606731665570039,1.0,0.2738634193068383,0.0,0.0,1.0,0.0,0.0,0.0,0.0,0.0,0.0,1.0,0.0,0.0,0.0,1
-2.6306793178958228,2.220340825720723,0.10895729599673087,-0.2990470854678968,-0.4303479728993549,1.0,0.7941496262672338,-0.3473269396598948,0.23897423433887,1.0,-0.0713115189840851,0.0,0.0,0.0,0.8289154741506773,0.17108452584932266,0.0,0.8289154741506773,0.0,0.0,0.0,0.0,0.0,0.0,1
-2.510415141496148,-1.1805985034366058,0.2007610457713417,-0.3153238657152292,-0.4455607238659225,1.0,1.3386435086464674,-0.4267776759350566,0.8479936336489018,1.0,0.4520374529744287,0.03700763471549262,0.0,0.0,0.9629923652845074,0.0,0.0,0.0,0.0,0.0,1.0,0.0,0.0,0.0,1
-0.7074308986772863,-0.5768873848126816,0.4534709340647572,-0.4159020236813757,-0.4096612422157594,0.596269878482053,0.25092535870921756,0.29859860785261544,0.7085283086585699,1.0,-3.99642880867294,0.0,0.0,0.0,0.0,0.40373012151794696,0.0,0.0,0.0,0.596269878482053,0.0,0.0,0.0,0.0,1
-0.4761232992913538,-0.019863401954528015,1.179417170414946,1.0581128328686198,1.079393032134604,0.0,-1.8953050529904416,-0.39457984227971,-1.173201393129213,1.0,0.4520374529744287,0.769991162712297,0.0,0.0,0.23000883728770305,0.0,0.0,0.0,0.0,0.23000883728770305,0.769991162712297,0.0,0.0,0.0,1
1.53660911341426,1.4207914895759426,0.5061210929068115,-0.3581591355569253,-0.38691165745266576,1.0,-0.4225030423997966,-0.24601061305447108,1.4698982387641368,1.0,0.2219122448570609,0.0,0.0,0.0,0.0,0.0,0.0,0.12056688577727881,0.0,0.0,0.8794331142227212,0.0,0.0,0.0,1
1.9735653571794916,0.7442941121972335,-0.1294117713908176,-0.332495436685838,-0.435296763230205,0.9230467983707908,-0.4362770018473178,0.5038217293811645,0.0004048940299201803,1.0,0.21049965647595312,0.07695320162920916,0.0,0.0,0.9230467983707908,0.0,0.0,0.0,0.0,1.0,0.0,0.0,0.0,0.0,1
-0.9082670913443576,-3.015536128509537,0.2974705901867834,-0.291437002465495,-0.36536817129008314,0.6962887758781398,1.073866795401928,-0.20063185862730573,-0.31336980140787285,1.0,0.37256397451621004,0.0,1.0,0.0,0.0,0.0,0.0,0.0,0.0,1.0,0.0,0.0,0.0,0.0,1
-2.032572645086838,2.5209303541011203,-0.007653435835907246,-0.36528172487608346,-0.3566412211169376,1.0,0.17247941901261582,-0.042596965126141556,0.4920251154371529,1.0,-0.0713115189840851,0.0,0.0,0.0,0.6601250362319339,1.0,0.0,0.0,0.0,0.0,0.0,0.0,0.0,0.0,1
0.14963140522518426,-2.86087199414163,-0.10038653609536288,-0.309801150566737,-0.397226298165929,0.0,-1.2117185840036613,1.6730462193226527,-0.18651854782177044,1.0,0.4520374529744287,0.0,0.7247667715287615,0.0,0.27523322847123854,0.27523322847123854,0.0,0.0,0.0,0.0,0.7247667715287615,0.0,0.0,0.0,1
0.9540882498212979,0.8431573707633867,0.4125797956266881,-0.42197412566891834,-0.31654005973644656,0.0,0.1860250871386364,-0.432951552836686,-0.9799090527900508,0.9346436592010576,0.1732608801111233,0.0,0.0,0.0,0.0,0.0,0.0,0.0,0.0,0.0,1.0,0.0,0.0,0.0,1
-2.035138901121109,1.8374946677774302,0.21110998374053022,-0.2691962914350182,-0.3237926384908674,0.0,0.3087078260140369,0.4102142005962257,-1.248858145107059,1.0,0.1903629669951717,0.0,0.6847096621693897,0.0,0.31529033783061033,1.0,0.0,0.0,0.0,0.0,0.0,0.0,0.0,0.0,1
2.1524318381231202,2.057029106121088,-0.4244169844439555,-0.33240516683868876,-0.370389818521258,0.0,-0.44479440588765173,-0.34294977741298094,0.04370241598967384,1.0,0.1903629669951717,0.5394912923753372,0.0,0.4605087076246628,0.0,0.5394912923753372,0.0,0.0,0.0,0.0,0.4605087076246628,0.0,0.0,0.0,1
0.9386769345174403,-1.7622568413783848,0.4339521628730564,-0.339541273092168,-0.3576723355789422,0.0,0.581441490301929,-0.16912342545091358,-2.0729032554521636,1.0,0.4520374529744287,0.0,0.20927683516103646,0.0,0.7907231648389635,0.0,0.0,0.7907231648389635,0.0,0.0,0.20927683516103646,0.0,0.0,0.0,1
-0.1853067959348329,-3.0561545839005335,-0.14822222328834808,-0.40458628583111217,-0.3849845351776516,0.0,0.38560257204485515,-0.15247388470501874,0.1680265646480973,1.0,0.1903629669951717,0.0,0.0,0.0,0.0,0.0,0.0,0.0,0.0,0.3187525029320699,0.6812474970679301,0.0,0.0,0.0,1
1.6094079502448508,-2.5329498640705204,-0.3024138616327346,-0.4053611719594238,-0.35104412182035555,1.0,0.2229112380385758,-0.03688586245527446,-0.3723868645520497,1.0,0.3541427712031757,0.0,0.0,0.0,1.0,0.0,0.0,0.3741086235629909,0.0,0.0,0.6258913764370091,0.0,0.0,0.0,1
-1.1215246454942944,2.058897368851293,0.37357336492810567,-0.3606950715094485,-0.33948074639427034,1.0,-0.34892200434232923,-0.2661244386724621,0.643302988573792,1.0,0.1903629669951717,0.0,0.8859777482361871,0.0,0.11402225176381287,0.0,0.0,0.8859777482361871,0.0,0.11402225176381287,0.0,0.0,0.0,0.0,1
-1.4512540971591,2.1500127553790636,-0.41750743282887937,-0.3102879970430305,-0.4455607238659225,0.6158631881823046,1.237526245842874,-0.240698245557311,-0.5908019856364624,1.0,0.35151865019632267,0.0,0.0,0.0,1.0,0.38413681181769543,0.0,0.0,0.0,0.6158631881823046,0.0,0.0,0.0,0.0,1
-2.219980275252466,2.043364383968644,0.061018609188607575,-0.3017993711851094,-0.4455607238659225,1.0,1.1983722962458487,-0.432951552836686,0.042411023133239724,1.0,0.05060758263622449,0.0,0.0,0.0,1.0,0.0,0.0,0.7670405252463662,0.0,0.23295947475363377,0.0,0.0,0.0,0.0,1
-0.18419977851703886,-0.6267885713158508,0.43315376442214537,-0.38202791878195236,-0.31163904340177173,1.0,0.8629487571962785,-0.09522661253780934,0.8854324984248596,1.0,0.1903629669951717,0.0,0.02440078155653802,0.0,0.975599218443462,0.0,0.0,0.0,0.0,0.0,1.0,0.0,0.0,0.0,1
-0.6583922921995273,-3.174404347941639,0.3232335348140757,-0.3639373223731312,-0.2908232054464778,0.0,0.9835162783400355,-0.34626743286152284,-0.6304475266924777,1.0,0.22435477739527251,0.0,1.0,0.0,0.0,0.8700988739009299,0.0,0.0,0.0,0.0,0.12990112609907012,0.0,0.0,0.0,1
2.235634900448123,2.6967442306455904,0.1441716546790915,-0.33639147134696046,-0.2932613085692145,1.0,-0.7869040222396445,-0.0992973245082382,-0.18285212562305253,1.0,-3.6457037282719758,0.9787305891496129,0.0,0.0,0.0,0.0,0.0,0.021269410850387138,0.0,0.0,0.9787305891496129,0.0,0.0,0.0,1
1.9859651757070216,0.7172301184010648,-0.11540541950363936,-0.3303449767455829,-0.42884852642562166,0.8747016726841994,-0.4112367075859328,0.4634953403701609,-0.04609474479297482,1.0,0.2231503423895945,0.1252983273158006,0.0,0.0,0.8747016726841994,0.0,0.0,0.0,0.0,1.0,0.0,0.0,0.0,0.0,1
1.3477971035215077,-3.049448753917888,-0.04837543946634015,-0.3489695273495351,-0.3985278969227496,0.0,0.6265453769789898,-0.19719337727617958,1.625623435043497,1.0,0.31362810031251664,0.0,0.0,0.0,0.0,0.0,0.0,0.471062865972788,0.0,0.528937134027212,0.0,0.0,0.0,0.0,1
-0.15422708192738332,-0.420565264756359,-0.2976427185426943,-0.2995680687242744,-0.29807869897957573,0.9390676985128962,1.2407069890140225,-0.432951552836686,-0.7751194417339385,0.9390676985128962,0.17441853832400073,1.0,0.0,0.0,0.0,0.0,0.0,0.060932301487103824,0.0,0.0,0.9390676985128962,0.0,0.0,0.0,1
-1.3085383865170979,-2.4584122729142006,0.3254004312559752,-0.2691962914350182,-0.3878171441140665,0.7987832357736654,-0.6428867448105731,-0.432951552836686,0.1582003517222429,1.0,0.3993841596250932,0.0,0.0,1.0,0.0,0.0,0.0,0.0,0.0,0.7987832357736654,0.2012167642263346,0.0,0.0,0.0,1
-1.3769773388351978,-0.9692401849168659,0.2053735256846225,-0.3801701123341574,-0.3789629457362388,0.0,-0.7879740469716533,-0.432951552836686,-0.7463122518242906,1.0,-0.07077092841980626,0.9979341105333375,0.0,0.0020658894666625294,0.0,0.0,0.0,0.0,0.0,0.9979341105333375,0.0020658894666625294,0.0,0.0,0.0,1
-1.0239758978914744,-2.7657177220480667,0.05034536261386052,-0.35699960616009596,-0.3733927457273912,0.6492881845482898,1.5323262968433058,-0.15780556458334288,0.877352711624616,1.0,0.020460815051093137,0.0,0.6492881845482898,0.0,0.0,0.0,0.0,0.0,0.0,1.0,0.0,0.0,0.0,0.0,1
-0.02203644212042466,-1.7742667616700714,-0.12976924269023532,-0.37522194859700847,-0.4078047219918879,0.0,0.9911162883567106,0.3349752967411264,-0.45630088758914467,1.0,0.1903629669951717,0.0,0.0,1.0,0.0,0.2328117110688731,0.0,0.0,0.0,0.0,0.7671882889311269,0.0,0.0,0.0,1
1.7434844466389272,-3.051403301211653,-0.23604826957708008,-0.29579925488837444,-0.39195147839955397,0.40193091360924216,0.8522140954298644,0.13458276406680558,0.7331629983772396,1.0,0.3468623877565571,0.40193091360924216,0.0,0.0,0.0,0.0,0.0,1.0,0.0,0.0,0.0,0.0,0.0,0.0,1
-1.8082649917728295,1.0047548679245826,0.04879691471760084,-0.3261408105516752,-0.40110097249143,0.47987562030390885,1.9519699691132022,1.0752070590194174,0.01954446603654003,1.0,0.31593417327217416,0.0,0.0,0.47987562030390885,0.0,0.0,0.0,0.0,0.0,0.47987562030390885,0.5201243796960912,0.0,0.0,0.0,1
0.3975183958263514,-3.36882831864928,-0.2889329738500702,-0.4471219796788324,-0.36492172836377157,0.3724945367816299,0.3525830841166824,-0.037155135895019537,0.05827784945014941,1.0,0.1903629669951717,0.0,0.0,0.0,0.3724945367816299,0.0,0.0,0.3724945367816299,0.0,0.0,0.6275054632183701,0.0,0.0,0.0,1
-0.6034126996127698,2.0648680636187717,-0.15076292607266606,-0.4220717578484381,-0.3842521202028787,0.12632288581366125,-0.540467284823297,-0.18182810869970256,1.4137443742762466,1.0,0.41898197676172255,0.0,1.0,0.0,0.0,0.12632288581366125,0.0,0.0,0.0,0.0,0.8736771141863388,0.0,0.0,0.0,1
-1.025924712634215,-0.7493606605751992,-0.37633829332771634,-0.4019325676935865,-0.31430440474887655,1.0,-0.3659499175190432,-0.2661244386724621,0.8769736187186208,1.0,0.4520374529744287,1.0,0.0,0.0,0.0,0.0,0.0,0.9840834691992951,0.0,0.0,0.015916530800704876,0.0,0.0,0.0,1
1.0880807643381918,1.444477781670348,-0.13728790507822758,-0.3581591355569253,-0.3430889889617755,1.0,-0.7073187813982831,0.028871512015875817,0.7295995886436589,1.0,0.4520374529744287,0.0,0.0,0.7682734138645182,0.0,0.0,0.0,1.0,0.0,0.0,0.0,0.0,0.0,0.0,1
-2.4301464144956624,-1.3539598194718065,-0.10793758245629492,-0.3727905374363059,-0.3974449040718652,0.0,-0.5207786905866285,-0.14155469033196505,0.31623769518706285,1.0,0.1903629669951717,0.0,0.0,0.41776678216733376,0.0,0.0,0.0,0.0,0.0,0.0,1.0,0.0,0.0,0.0,1
-1.4503850282798507,-0.5399754239806407,-0.026385021851479423,-0.003688174850778936,0.035123901737812935,1.0,-0.8520768818109089,-0.3626577801139141,2.329983320403972,0.4213570022770702,0.4520374529744287,1.0,0.0,0.0,0.0,0.0,0.0,0.4213570022770702,0.0,0.0,0.5786429977229298,0.0,0.0,0.0,1
2.014750955817814,1.0576107743059153,0.0003468245541505821,-0.3417547807260928,-0.4455607238659225,1.0,-0.5576861524567811,0.3928975828224861,0.2186493375350005,1.0,0.2590309833387582,0.0,0.0,0.0,0.7375823015888915,0.0,0.0,0.2624176984111085,0.0,0.7375823015888915,0.0,0.0,0.0,0.0,1
0.45644526462985263,2.3807905419426842,-0.41281461306523465,-0.3179898699640692,-0.40110097249143,0.7612228542316977,-2.196991196125624,-0.3059589408293582,-1.4103809662173297,1.0,0.4520374529744287,0.0,0.0,1.0,0.0,0.0,0.0,0.7612228542316977,0.0,0.0,0.23877714576830233,0.0,0.0,0.0,1
1.1537251445431278,0.5902440716196315,-0.34540392056649577,-0.36811473245488435,-0.38132692260575346,0.0,0.663946173019495,-0.41452147535312345,-0.2922522498121048,0.11047411313139466,-0.0713115189840851,0.0,0.0,0.0,0.0,0.0,0.0,0.0,0.0,0.0,1.0,0.0,0.0,0.0,1
0.1584906019817625,-2.349187311384477,-0.32493663285248964,-0.40406099338668017,-0.3996812287377838,0.0,0.6868556887059556,0.33136876743705257,-0.054207786484765375,1.0,0.1903629669951717,0.0,0.0,0.6453778423592235,0.0,0.0,0.0,0.0,0.0,0.0,1.0,0.0,0.0,0.0,1
-1.22798112166286,-0.3511064366049119,0.5296715534882086,-0.32976739892587875,-0.35049319220444636,0.28723899165408173,-0.47502920420467565,0.21128754581526193,0.29075985665426085,1.0,-3.8099174381879646,0.7127610083459183,0.0,0.0,0.0,0.0,0.0,0.0,0.0,1.0,0.0,0.0,0.0,0.0,1
0.3915303398768144,-3.293257487034534,-0.1987463147429218,-0.4339417731127416,-0.36981500648265403,0.0,0.4446665248716673,-0.19816178178643434,-0.2360282043377239,1.0,0.1903629669951717,0.0,0.0,0.0,0.0,0.0,0.0,0.0,0.0,0.0,1.0,0.0,0.0,0.0,1
1.9641541990146243,1.8507283980613929,-0.2517174097522668,-0.30702380992223677,-0.3959079012260133,0.23360775104990994,-0.6107161888619045,-0.2661244386724621,0.7434208470262396,1.0,0.1903629669951717,0.7663922489500901,0.0,0.0,0.0,0.7663922489500901,0.0,0.0,0.0,0.0,0.23360775104990994,0.0,0.0,0.0,1
2.231868849447133,2.68565626486575,0.11174327081679887,-0.33404605959234174,-0.294630225919679,0.9579068103636381,-0.7825435997981858,-0.10631960986123987,-0.17146828913740492,1.0,-3.569533616273847,1.0,0.0,0.0,0.0,0.04209318963636188,0.0,0.0,0.0,0.0,0.9579068103636381,0.0,0.0,0.0,1
0.2353231890606448,-2.0156170261193895,-0.2854213714388762,-0.4022430286004954,-0.44516338851875675,0.9821260652665862,0.8705317688241037,-0.41506041113467534,0.7442480797182147,1.0,0.44736030029063584,0.0,0.9821260652665862,0.01787393473341381,0.0,0.0,0.0,0.0,0.0,0.0,1.0,0.0,0.0,0.0,1
2.1876911151510843,2.125744914307573,-0.3498163365975196,-0.37930759545929915,-0.3352301346794049,0.012277610263968453,-0.13611340898790392,-0.4247585996800024,-0.478568763163808,1.0,0.1903629669951717,0.0,0.0,0.9877223897360315,0.012277610263968453,0.0,0.0,0.012277610263968453,0.0,0.0,0.9877223897360315,0.0,0.0,0.0,1
1.6549346734582588,-2.4512849509864356,-0.12360462722231713,-0.3899138252414229,-0.3629393761855673,0.5722268662641377,0.36696814220537555,-0.24202563934451926,-0.8278607895399976,1.0,0.340100138088361,0.0,0.0,0.0,0.5722268662641377,0.0,0.0,0.0,0.0,0.0,1.0,0.0,0.0,0.0,1
-2.2268007837999613,-1.3418504104920663,0.08171451762035709,-0.3375778746413421,-0.40624378099936453,0.0,-0.787292855321703,-0.24060323651050117,0.5609757865561458,1.0,0.1903629669951717,0.0,0.0,0.6156733528403183,0.0,0.0,0.0,0.0,0.0,0.0,1.0,0.0,0.0,0.0,1
2.0226946611555014,1.8727936840623278,-0.17900277233191142,-0.29856187467894646,-0.3583725660006025,0.0,-0.38464700186932915,-0.3195679580154447,0.6627028091693173,1.0,0.10653483436182258,0.6796472826930698,0.32035271730693016,0.0,0.0,1.0,0.0,0.0,0.0,0.0,0.0,0.0,0.0,0.0,1
-1.6494425717407624,-0.2538994993229665,0.5517125655520834,-0.39575653874064576,-0.4164501830929312,0.7817461121349358,-0.11644816652055792,0.4587791333457052,0.42665420363869766,1.0,-3.9393173347528747,0.21825388786506417,0.0,0.0,0.0,0.0,0.0,0.0,0.0,1.0,0.0,0.0,0.0,0.0,1
-2.7078391801368884,2.7060169327924646,-0.429138215979069,-0.33814422222258894,-0.3566412211169376,1.0,-0.5227059626506215,0.05918195837820736,0.9949942238409285,1.0,-0.0713115189840851,0.0,0.0,0.0,0.05003881604977467,1.0,0.0,0.0,0.0,0.0,0.0,0.0,0.0,0.0,1
-1.4551902073451228,-2.921880912912953,-0.34579905510498776,-0.291437002465495,-0.3249122978906861,0.0,0.7067025041635555,-0.3973081081648337,-0.7993352374141892,1.0,0.24627102552488767,0.0,1.0,0.0,0.0,0.0,0.0,0.21365498558444795,0.0,0.786345014415552,0.0,0.0,0.0,0.0,1
1.5836841329723699,-3.111642754798629,-0.2761928710082031,-0.4431448511480879,-0.29988957138756706,0.9105889976877405,0.757679969673418,-0.2810406181627471,-1.6749730300359325,1.0,-0.047914940913134446,0.0,0.9105889976877405,0.0,0.0,0.9105889976877405,0.0,0.0,0.0,0.0,0.08941100231225951,0.0,0.0,0.0,1
-0.7511196437605023,0.6679855274188193,-0.45807550800487457,-0.40630668191612584,-0.36763423576817955,0.41758077578492836,0.21370589627659775,-0.2936239613273711,-0.6458191533661866,0.41758077578492836,0.03795871587425531,0.5824192242150716,0.0,0.41758077578492836,0.0,0.0,0.0,1.0,0.0,0.0,0.0,0.0,0.0,0.0,1
1.109432283915341,-2.736926936984012,0.204375853414762,-0.39995206282749396,-0.40378815748718705,0.0,0.6883965003824887,-0.31195348940853795,-1.1667409135833933,1.0,0.1903629669951717,0.0,0.0,0.12088169243783531,0.0,0.0,0.0,0.0,0.0,0.0,1.0,0.0,0.0,0.0,1
2.0513617117753844,-0.520136097139763,0.2233424835358292,-0.300041396315684,-0.39987237221748256,0.0,0.1454036102337138,0.6233323155095577,-0.8798122469470842,1.0,0.4520374529744287,0.05526797770858971,0.0,0.9447320222914103,0.0,0.0,0.0,0.0,0.0,0.0,1.0,0.0,0.0,0.0,1
1.4248739779337587,1.5588053758618399,0.03603513773668826,-0.3581591355569253,-0.3745231346891389,1.0,-0.7317322848945864,-0.010445455621827096,0.6972169507375726,1.0,0.4520374529744287,0.0,0.0,0.5325984887501303,0.0,0.0,0.0,1.0,0.0,0.0,0.0,0.0,0.0,0.0,1
1.568631912944849,0.0030067059207405378,-0.3270042086828514,-0.4299259685183562,-0.3157330443350525,1.0,0.5197159455034143,-0.06145713495748226,0.5085844825371485,1.0,0.1903629669951717,0.0,1.0,0.0,0.0,0.0,0.0,0.3865886107892923,0.0,0.0,0.6134113892107077,0.0,0.0,0.0,1
-2.7831930162237946,-1.2779459047190422,-0.504557269024245,-0.4322621647695761,-0.39001052837571487,0.16703394609207523,0.0418138732922295,0.01179820726797879,-0.24628932566313144,1.0,0.2340714889799024,0.16703394609207523,0.0,0.0,0.0,0.0,0.0,0.0,0.0,0.0,1.0,0.0,0.0,0.0,1
-2.851186517500131,-1.3856378777734282,-0.5037530254078835,-0.4469255636447428,-0.37847845611793857,0.0,0.0418138732922295,0.07194972750300632,-0.20888136930021817,1.0,0.1903629669951717,0.0,0.0,0.0,0.008831373863023462,0.0,0.0,0.008831373863023462,0.0,0.0,0.9911686261369765,0.0,0.0,0.0,1
0.29058807865329406,1.32965024870822,0.10239150069264795,-0.40590163276356783,-0.3669412873609511,0.7683282986165566,0.5509527364547465,-0.2661244386724621,-0.4534357160183212,1.0,-0.0713115189840851,0.0,0.0,0.0,0.7683282986165566,0.0,0.0,0.0,0.0,0.0,1.0,0.0,0.0,0.0,1
-0.6688213744520815,-2.224357841620734,0.3933639598226498,-0.31240402743328305,-0.44174152724050664,0.057268225864874345,0.5095644251301972,-0.2565705458181201,0.06655167404581085,1.0,0.2053486005613067,0.0,0.057268225864874345,0.0,0.0,0.0,0.0,0.0,0.0,1.0,0.0,0.0,0.0,0.0,1
-2.1160209853179683,1.9541615644538397,0.4644892335028388,-0.2691962914350182,-0.32548797535889845,0.0,0.818370864974076,0.026117753759380746,-0.26957455101780015,1.0,0.02036701405194702,0.0,0.35035335100763154,0.0,0.6496466489923685,0.35035335100763154,0.0,0.0,0.0,0.6496466489923685,0.0,0.0,0.0,0.0,1
-0.7476754933544398,-2.841305276979918,0.4477956176818688,-0.291437002465495,-0.35271120994461264,1.0,0.778963820076688,-0.16473746301140713,-0.17078021999370024,1.0,0.4520374529744287,0.0,1.0,0.0,0.0,0.3922632051211409,0.0,0.0,0.0,0.6077367948788591,0.0,0.0,0.0,0.0,1
-0.7029258132861191,-2.5347860380011475,0.37172810259491895,-0.3581591355569253,-0.3110532136522322,0.0,1.229152649564161,-0.432951552836686,-0.9473909448767726,1.0,0.1903629669951717,0.0,0.5126885110165086,0.4873114889834914,0.0,1.0,0.0,0.0,0.0,0.0,0.0,0.0,0.0,0.0,1
1.6419915777801888,1.1917105317578702,0.2735341692577107,-0.35130920640405594,-0.3395391066689777,1.0,0.5358675328834666,-0.39446957382300746,1.5014021232803376,1.0,-0.010951114571908643,0.0,0.2306698117177587,0.0,0.7693301882822413,0.0,0.0,1.0,0.0,0.0,0.0,0.0,0.0,0.0,1
-0.2269789292864677,0.49223228204392466,0.3752856455953237,-0.3987144486692656,-0.39978567093789624,0.8234719679944917,-1.2682797221505688,-0.4035018906881173,-1.3157434678051239,1.0,0.4520374529744287,0.0,0.8234719679944917,0.0,0.17652803200550826,0.0,0.0,0.0,0.0,0.17652803200550826,0.8234719679944917,0.0,0.0,0.0,1
1.1959142430382252,-0.05485200015045866,-0.09343808941441262,-0.40789181918175194,-0.3144584991471099,0.7795137909298246,0.39988179922201894,-0.006036366288388467,0.2886369122834583,1.0,0.13266735157121862,0.0,0.7795137909298246,0.0,0.0,0.0,0.0,0.0,0.0,0.0,1.0,0.0,0.0,0.0,1
-1.1064844893192072,2.3789759958703023,0.055286317493911226,-0.3803998465874021,-0.3788710968041838,0.18643826214425452,-0.08108895418060541,-0.40184859559336694,1.9724568693229267,1.0,0.1903629669951717,0.0,0.0,0.0,0.18643826214425452,0.0,0.0,0.8135617378557455,0.0,0.18643826214425452,0.0,0.0,0.0,0.0,1
0.19198373886824982,-2.3400596267037614,-0.30998209602690874,-0.4124449536779433,-0.42596148485732244,0.7795844735667533,0.7563678368189097,-0.3594089804529925,0.6402959574524544,1.0,0.39436033339316157,0.0,0.7795844735667533,0.0,0.0,0.0,0.0,0.0,0.0,0.0,1.0,0.0,0.0,0.0,1
1.538576608234419,0.045402047116813116,0.4221121416938666,-0.39261273668364616,-0.3866543377904251,0.0,0.1454036102337138,1.2185114976372817,-0.798110998935948,1.0,0.4520374529744287,0.6498747408332699,0.0,0.3501252591667301,0.0,0.0,0.0,0.0,0.0,0.0,1.0,0.0,0.0,0.0,1
-2.1864379837454457,-3.6664744203460264,0.299538335963144,-0.42102188188432815,-0.339554687467379,1.0,-1.6353249476242928,-0.2564747118658561,1.3689808171838596,1.0,-0.04103961366930278,0.05784267656339637,0.0,0.0,0.0,0.0,0.0,0.9421573234366036,0.0,0.05784267656339637,0.0,0.0,0.0,0.0,1
-0.8444310695379583,0.31597563108988336,-0.42120212638340826,-0.38177420553668207,-0.2940726622013948,0.9691026301408113,-0.24335013420504636,-0.10960636260598444,0.036211794491683325,0.9691026301408113,0.18227791361915752,0.030897369859188673,0.0,0.9691026301408113,0.0,0.0,0.0,1.0,0.0,0.0,0.0,0.0,0.0,0.0,1
-1.5220822018446751,-2.7810900115348844,0.04729980582786983,-0.36074382010711636,-0.41816399751794353,0.8837858849634257,-0.32914828555985376,-0.13807265538163987,-0.02138904094144689,1.0,0.3912169153429691,1.0,0.0,0.0,0.0,0.0,0.0,0.0,0.0,1.0,0.0,0.0,0.0,0.0,1
0.5529957700507853,-0.7620237097702476,0.30850134929839085,-0.3787930059953351,-0.43753043504963357,0.0,-0.5935048215569915,-0.40884579663769255,-0.7118697458315573,1.0,-0.03350075066795,0.0,0.0,0.0,0.07224771680478703,0.0,0.0,1.0,0.0,0.0,0.0,0.0,0.0,0.0,1
0.07588577658147733,1.9997350280899175,0.4722971518485537,-0.40252730397284225,-0.2682877107156886,1.0,-0.26842784021970795,0.397785964973603,1.1771496301937887,1.0,0.1903629669951717,0.0,0.9949078226464353,0.0,0.005092177353564709,0.9949078226464353,0.0,0.0,0.0,0.005092177353564709,0.0,0.0,0.0,0.0,1
0.2933089359683959,-1.3712548136238074,-0.25830268172684784,-0.3436535325013752,-0.3353754883789566,0.0,-1.0256181805760152,0.25613180501365573,-0.04504882062219226,1.0,-0.0713115189840851,0.0,0.8261047507805127,0.0,0.0,0.8261047507805127,0.0,0.1738952492194873,0.0,0.0,0.0,0.0,0.0,0.0,1
2.1662160342218293,-0.08953447072661228,0.16450132546533622,-0.291437002465495,-0.34741511303152345,0.0,0.08286047979551857,0.06439512394822011,-0.8874062788920195,1.0,0.4520374529744287,0.6037579810973412,0.0,0.39624201890265875,0.0,0.0,0.0,0.0,0.0,0.6037579810973412,0.39624201890265875,0.0,0.0,0.0,1
1.2969594270506357,-0.5232214423341426,0.17180552911058256,-0.3251645281261427,-0.32903701679863423,0.0,0.19890532176642722,-0.013134965172474977,-1.5125155134006358,1.0,0.4520374529744287,1.0,0.0,0.0,0.0,0.0,0.0,0.0,0.0,0.2417615242959087,0.7582384757040913,0.0,0.0,0.0,1
0.10923195330872737,-0.8417831533391701,0.3753036669802547,-0.40940127521096736,-0.38367091660553815,0.30397938194620777,0.4023168369424377,0.10355068771380271,0.8691756462252019,1.0,-3.99642880867294,0.0,0.0,0.0,0.0,0.6960206180537922,0.0,0.0,0.0,0.30397938194620777,0.0,0.0,0.0,0.0,1
1.8189229546865804,2.0284894860448404,-0.12769844226336777,-0.3153962831372412,-0.3942587987580079,1.0,1.9940098387057632,0.15733487401111246,-0.7288565591957784,1.0,0.15009233480937828,0.0,0.0,0.0,1.0,0.0,0.0,0.8461040936601449,0.0,0.0,0.15389590633985506,0.0,0.0,0.0,1
1.2929374699265326,-3.061481120399951,0.25941166163388957,-0.39854455536940925,-0.4051949792285972,0.0,0.4916521117211211,-0.3100554397068518,-1.24900730717896,1.0,0.1903629669951717,0.0,0.0,0.0,0.18416687500938222,0.18416687500938222,0.0,0.0,0.0,0.0,0.8158331249906178,0.0,0.0,0.0,1
1.0478045833204095,-3.100211907886868,0.0725406244012146,-0.3654246928821997,-0.37659836516135126,0.0,0.7542830698463238,-0.32062323413405114,1.9644919186847787,1.0,0.2490933382634204,0.0,0.0,0.0,0.0,0.0,0.0,0.22444057183666066,0.0,0.7755594281633393,0.0,0.0,0.0,0.0,1
-2.235392501074368,2.6030126043831685,-0.13312849445853758,-0.2691962914350182,-0.425658972849431,0.0,0.779278334152865,-0.007147903903970368,-1.0679808320398816,1.0,0.13179560768335852,0.0,0.0,0.0,1.0,0.7761823851773769,0.0,0.0,0.0,0.22381761482262308,0.0,0.0,0.0,0.0,1
-0.31985045317951466,-1.7886982526158945,0.4570342022245912,-0.31532238840615384,-0.3121814697424452,0.0,0.15106130287935027,0.7841849364664478,-0.3046520250301761,1.0,-3.875266828788325,0.46302557710658643,0.5369744228934136,0.0,0.0,0.0,0.0,0.0,0.0,0.46302557710658643,0.5369744228934136,0.0,0.0,0.0,1
1.1956832635558357,-0.849134778217752,0.19579540976295987,-0.29635620727871637,-0.4003162506373661,0.0,0.49468331466460946,-0.22922558495110718,-2.119190370244984,1.0,0.4520374529744287,0.40706006515829685,0.5929399348417032,0.0,0.0,0.0,0.0,0.0,0.0,0.0,1.0,0.0,0.0,0.0,1
2.088500971248217,1.3847456713701183,0.18441406456299542,-0.3488199542477344,-0.4455607238659225,1.0,-0.6564077444350978,0.1809147000684565,0.39324482001898864,1.0,0.3421567272547874,0.0,0.0,0.0,0.4199137921621888,0.0,0.0,0.5800862078378112,0.0,0.4199137921621888,0.0,0.0,0.0,0.0,1
0.23452626400274315,-1.994482038080698,-0.2854213714388762,-0.4006058253042231,-0.4435269828435511,0.9085131626022451,0.8705317688241037,-0.34137664243421173,0.6734452151484336,1.0,0.42809768182450336,0.0,0.9085131626022451,0.09148683739775487,0.0,0.0,0.0,0.0,0.0,0.0,1.0,0.0,0.0,0.0,1
0.7218534825149944,1.4847427787368905,-0.3186307602664623,-0.3499830629244405,-0.32307758890464133,1.0,-0.8991088343858005,0.026644088336891636,0.4752048090978118,1.0,0.4520374529744287,0.0,0.0,1.0,0.0,0.0,0.0,1.0,0.0,0.0,0.0,0.0,0.0,0.0,1
0.6766780798991019,0.29690751368542745,-0.1262826595212551,-0.36545409351093716,-0.33892845332911486,1.0,1.0922966467861632,1.415225870565792,0.14740947521595815,1.0,-0.0018107643636167264,0.7343999574112939,0.26560004258870606,0.0,0.0,0.0,0.0,0.0,0.0,0.0,1.0,0.0,0.0,0.0,1
-1.2194475261643523,-2.962701007658159,-0.2586392829100478,-0.30583952215742394,-0.3488068484284925,0.0,0.3525830841166824,-0.34652515060141864,-0.869610432357643,1.0,0.2242537174484934,0.0,1.0,0.0,0.0,0.0,0.0,0.0,0.0,0.8704850787171958,0.12951492128280417,0.0,0.0,0.0,1
1.5752269244413029,-3.105963942374382,-0.2630508052459785,-0.44217333606439285,-0.3023171758275994,0.8887480798689772,0.7554174747420117,-0.28468427545314934,-1.6659699526030873,1.0,-0.042199729969594396,0.0,0.8887480798689772,0.0,0.0,0.8887480798689772,0.0,0.0,0.0,0.0,0.11125192013102281,0.0,0.0,0.0,1
-2.4817680404550697,-1.1898301734507077,0.21726948805810248,-0.31663674013349175,-0.4416172771408497,1.0,1.365510205370881,-0.4181544877010116,0.8927498879169457,1.0,0.4520374529744287,0.0,0.0,0.0,0.9556514982297534,0.04434850177024663,0.0,0.0,0.0,0.0,0.9556514982297534,0.0,0.0,0.0,1
2.0181468792550152,-2.875943000536164,-0.1878757435455083,-0.3136777134959718,-0.4455607238659225,0.13787238273454938,0.2240436093859739,0.09053064139053593,0.7472899918860214,1.0,0.4520374529744287,0.0,0.0,0.13787238273454938,0.0,0.0,0.0,0.8621276172654506,0.0,0.13787238273454938,0.0,0.0,0.0,0.0,1
0.36415612971439104,1.330644535001047,-0.08060734698748157,-0.43441248586484765,-0.3608756550962222,0.8095160747248781,0.7669420318826194,-0.2979023222207844,-0.5602521714578973,0.8095160747248781,-0.0713115189840851,0.0,0.0,0.0,0.8095160747248781,0.0,0.0,0.0,0.0,0.0,1.0,0.0,0.0,0.0,1
0.8930229561169533,0.8470303618310812,0.4261978217329596,-0.4095459416802616,-0.30451754182986945,0.0,-0.28315710017513673,-0.3754365673817204,-0.9300679650634873,1.0,0.28057734449868243,0.0,0.0,0.0,0.3447580193609783,0.0,0.0,0.0,0.0,0.3447580193609783,0.6552419806390217,0.0,0.0,0.0,1
0.8165791607217702,-0.4112127743458559,0.07833459076623114,-0.34911030288902345,-0.3266880666653324,0.4491426293908607,0.445636217772294,-0.20816404670845956,0.19784838487828896,1.0,0.1903629669951717,0.0,1.0,0.0,0.0,0.0,0.0,0.0,0.0,0.5508573706091393,0.4491426293908607,0.0,0.0,0.0,1
0.516702587659223,0.43676492352160257,-0.09841883159395137,-0.34559166147978415,-0.35084010653913666,1.0,1.2218141675537355,1.7429987940707645,0.09832517610905073,1.0,-0.048549303297265825,0.9130132400885899,0.08698675991141014,0.0,0.0,0.0,0.0,0.0,0.0,0.0,1.0,0.0,0.0,0.0,1
-2.3902406231790145,1.8478783459164954,0.3454883163943607,-0.35502703163512117,-0.4001614031128329,1.0,1.246957486286663,-0.29666941122130697,0.46728180551393045,1.0,0.14245205016961687,0.0,0.0,0.0,0.5915467869293013,0.0,0.0,0.5915467869293013,0.0,0.0,0.4084532130706987,0.0,0.0,0.0,1
-1.7821629047757939,0.04451123409050045,0.025597610392719683,-0.37777398478413543,-0.3344113454296914,1.0,1.3743345068406438,-0.1614718742835468,0.43542321436604065,1.0,0.1237346332550525,0.0,0.0,1.0,0.0,0.0,0.0,0.372688517012314,0.0,0.627311482987686,0.0,0.0,0.0,0.0,1
-0.7431134241972953,-2.838045750931996,0.5151298596590286,-0.29721411130918135,-0.3961939797710355,0.7402462162396738,1.1463100183679384,-0.14263129864621127,-0.027292119261428,1.0,0.3840665151277783,0.0,0.7402462162396738,0.0,0.0,0.0,0.0,0.0,0.0,1.0,0.0,0.0,0.0,0.0,1
1.2485635434312878,0.38057820271750215,-0.31814594798223494,-0.3680971799308135,-0.3788710968041838,0.0,0.6236878435510939,-0.3868105285674835,-0.14777526769137622,0.27657988631141506,0.07343628018139658,0.27657988631141506,0.0,0.0,0.0,0.27657988631141506,0.0,0.0,0.0,0.0,0.7234201136885849,0.0,0.0,0.0,1
-0.6435886776902144,-2.810238724617089,0.31666393022181927,-0.3250732487641887,-0.2897682302621986,0.4958757350787708,0.4612995992773722,-0.3502260349694315,-0.4763281613702225,1.0,0.3201209950814953,0.0,1.0,0.0,0.0,1.0,0.0,0.0,0.0,0.0,0.0,0.0,0.0,0.0,1
2.108044010614717,-0.5078435533939141,0.19944853606749802,-0.291437002465495,-0.3938943832732351,0.0,0.1370080540477378,0.50040760057964,-0.8874062788920195,1.0,0.4520374529744287,0.08104621590764793,0.0,0.9189537840923521,0.0,0.0,0.0,0.0,0.0,0.08104621590764793,0.9189537840923521,0.0,0.0,0.0,1
-0.261848066786975,-3.07629356175632,-0.07585282940595477,-0.291437002465495,-0.3641871611808914,0.22018320194981134,-0.8923947533438653,1.4251051792690168,-0.3377909493805074,1.0,0.4520374529744287,0.0,1.0,0.0,0.0,0.22018320194981134,0.0,0.0,0.0,0.0,0.7798167980501887,0.0,0.0,0.0,1
0.7790271009422247,0.7749630030176683,0.44184316235306287,-0.31850814359719837,-0.37293649925594263,0.0,-0.06693217653767009,-0.3189654650679401,-0.27375113020910324,1.0,0.011571581223724425,0.0,0.0,0.0,0.0,0.0,0.0,0.0,0.0,0.0,1.0,0.0,0.0,0.0,1
-0.7498821422267474,-2.515396130916409,0.22761195970866277,-0.291437002465495,-0.31387384928487777,0.9238691405096998,-0.1259337220520924,-0.2788251302600709,-0.37963363680526335,1.0,0.43211594945014536,0.0,1.0,0.0,0.0,0.9238691405096998,0.0,0.0,0.0,0.07613085949030018,0.0,0.0,0.0,0.0,1
2.009514756600092,1.006933183688556,-0.379344660008771,-0.316986977523946,-0.3131051566819223,0.1487930859512313,-0.21160591048793803,1.4200374903130015,1.244011469121605,1.0,0.1903629669951717,0.0,0.0,0.0,1.0,0.0,0.0,0.8512069140487687,0.0,0.1487930859512313,0.0,0.0,0.0,0.0,1
0.5680826844233415,-1.6850680760742822,-0.14283485651803,-0.3469308353515105,-0.3782237441973993,0.0,-1.3028416269875658,0.7315994827451506,0.14245557815344306,1.0,0.18782290689750686,0.0,0.5048534729860257,0.0,0.4951465270139743,1.0,0.0,0.0,0.0,0.0,0.0,0.0,0.0,0.0,1
-0.9237803923401401,2.242889479747903,-0.14445721815275175,-0.4035040942654599,-0.39041759262049947,0.0,-0.3308053627422972,-0.3462993104739284,1.712596621588102,1.0,0.32628020738394764,0.0,0.519413422673352,0.0,0.0,0.0,0.0,0.480586577326648,0.0,0.0,0.519413422673352,0.0,0.0,0.0,1
-1.6044045039753978,-3.137134031947658,0.30309397494301843,-0.33265227619263493,-0.3607496482479674,1.0,-0.9828032558134003,-0.3649541197956304,0.5530687721621363,1.0,0.23872448609769403,0.0,0.0,0.5924077846595176,0.0,0.0,0.0,0.4075922153404824,0.0,0.5924077846595176,0.0,0.0,0.0,0.0,1
1.12109743179408,0.6007652099862789,-0.2890441055118292,-0.3609037467123968,-0.38276841713727583,0.0,0.6034907582967792,-0.4037035843239194,-0.26552242786849056,0.17531903407485083,-0.0713115189840851,0.0,0.0,0.0,0.0,0.0,0.0,0.0,0.0,0.0,1.0,0.0,0.0,0.0,1
2.219070999272024,2.403287474941389,0.23877542781487765,-0.3436539486131402,-0.3440738822370163,1.0,-0.7869040222396445,-0.0992973245082382,0.08635479160982334,1.0,-2.27854959154714,0.652190792097807,0.0,0.0,0.0,0.0,0.0,0.34780920790219305,0.0,0.0,0.652190792097807,0.0,0.0,0.0,1
0.375661454127276,2.177318249497509,0.140285963375103,-0.37172417306352346,-0.3264967915462717,0.32198384744093644,0.13482239791158357,-0.2661244386724621,-0.8920846674634215,1.0,0.10610800922244122,0.0,0.0,0.0,1.0,0.6780161525590636,0.0,0.0,0.0,0.0,0.32198384744093644,0.0,0.0,0.0,1
1.0076554528172694,-2.3732615793935694,0.3978027157828776,-0.3774759953540099,-0.3633725187956458,0.0,0.6047482696114219,-0.24419269094893312,-1.6882864757840808,1.0,0.33840058787580585,0.0,0.0,0.0,0.5657319639957911,0.0,0.0,0.5657319639957911,0.0,0.0,0.43426803600420893,0.0,0.0,0.0,1
-1.4621797000331949,-3.213541555039978,0.07418796557330563,-0.3640980341507315,-0.4292668534295229,1.0,-0.1306483962182734,0.03434534262964964,0.0010391324040987387,1.0,0.38216296763591523,0.7329717298305787,0.0,0.2670282701694213,0.0,0.0,0.0,0.2670282701694213,0.0,0.7329717298305787,0.0,0.0,0.0,0.0,1
-2.564848362454363,0.662906490134316,-0.37985827301178055,-0.3305197137239686,-0.3479015470071125,1.0,1.6238135376396565,-0.28637224779490356,0.3158748024877693,1.0,0.38851858110680987,0.0,0.0,0.878629986355158,0.12137001364484201,0.0,0.0,1.0,0.0,0.0,0.0,0.0,0.0,0.0,1
0.2549419060242936,-2.8542326837841743,0.2248583930120649,-0.3539399817893859,-0.33019424717104073,0.0,0.5137938215643237,1.165582877429203,-0.3881547138880015,1.0,-3.99642880867294,0.0,1.0,0.0,0.0,0.0,0.0,0.0,0.0,0.0,1.0,0.0,0.0,0.0,1
2.204991218202424,2.3273199812775016,-0.18482176548096496,-0.36520729849069916,-0.319226198916191,0.3415481653415745,-0.3776509081942206,-0.31899256329264586,-0.3813347280392545,1.0,-1.1502536420485496,0.3415481653415745,0.0,0.6584518346584255,0.0,0.0,0.0,0.0,0.0,0.0,1.0,0.0,0.0,0.0,1
-0.8519604606339433,-2.157830482744493,0.32654530037624346,-0.3302935564254141,-0.4289529759277311,0.0,0.3942600235486509,-0.14148934397938295,-0.11035523969441785,1.0,0.1903629669951717,0.0,0.0,0.0,0.1494182709057581,0.0,0.0,0.1494182709057581,0.0,0.8505817290942419,0.0,0.0,0.0,0.0,1
-1.156314538841647,2.0941544518016633,0.3076336761460638,-0.3611106068854469,-0.34031141226097195,0.8672942009598024,-0.3313041980341567,-0.28826336415919573,0.6872091839225691,1.0,0.1903629669951717,0.0,0.8672942009598024,0.0,0.0,0.0,0.0,1.0,0.0,0.0,0.0,0.0,0.0,0.0,1
0.04290700898592409,-0.21295493860165404,-0.2269269899219694,-0.3044094319868336,-0.3094007583754689,1.0,1.2848907165900407,0.2481899288563687,-0.5095701785383575,1.0,0.1140489988345579,1.0,0.0,0.0,0.0,0.0,0.0,0.0,0.0,0.0,1.0,0.0,0.0,0.0,1
-0.22356985372362517,-0.6896843666058818,0.4391144287976459,-0.3840247860530849,-0.32305099008990595,0.837013328363672,0.9549505010229801,-0.07210672843191764,0.6972886022362783,1.0,0.23301242051707777,0.0,0.16298667163632796,0.0,0.837013328363672,0.0,0.0,0.0,0.0,0.0,1.0,0.0,0.0,0.0,1
-0.8784289848261546,-1.8085396735048698,0.32921697797561955,-0.33386306289442974,-0.4253852084691141,0.0,0.08010660062251873,-0.3165944016744963,-0.17499093566878265,1.0,0.11119896723342561,0.30252853833071636,0.0,0.0,0.0,0.0,0.0,0.0,0.0,1.0,0.0,0.0,0.0,0.0,1
1.261472008374825,-2.2459287036621673,0.25033960785350085,-0.359957177623616,-0.4153218342538041,0.0,0.6633522949411351,-0.432951552836686,-1.6512168462781744,1.0,0.2740619661305169,0.0,0.3198592282396996,0.0,0.0,0.0,0.0,0.0,0.0,0.0,1.0,0.0,0.0,0.0,1
-1.6128085205975287,0.4072952182193504,-0.25971851341421126,-0.3602287869807394,-0.35023164258659034,0.3813886217848157,0.7862215096169134,0.07605615234276575,0.6764401355231894,1.0,0.3522377814105498,0.6186113782151843,0.0,0.0,0.3813886217848157,0.0,0.0,1.0,0.0,0.0,0.0,0.0,0.0,0.0,1
1.4498864066487562,0.14321630044075018,0.45649091153217813,-0.40862367534312627,-0.3843681751663419,0.0,0.1454036102337138,1.3214524007134192,-0.7839801279222017,1.0,0.4520374529744287,0.7527166395576412,0.0,0.24728336044235877,0.0,0.0,0.0,0.0,0.0,0.0,1.0,0.0,0.0,0.0,1
0.05847966037016132,-0.5487946077713982,-0.21119376704067566,-0.29849198309505814,-0.29700313760325425,0.8413948947069263,1.1205921052411816,-0.35357265681341693,-0.9025530916278979,1.0,0.2318658763964227,1.0,0.0,0.0,0.0,0.0,0.0,0.0,0.0,0.0,1.0,0.0,0.0,0.0,1
-0.13325847062937224,-0.5632198250755784,-0.20577451930345808,-0.30468459756517857,-0.3005445069100944,0.8808707591989284,1.2972312833066624,-0.37332959047043296,-0.7008960038111386,1.0,0.22153604984689124,0.8808707591989284,0.11912924080107157,0.0,0.0,0.0,0.0,0.0,0.0,0.0,1.0,0.0,0.0,0.0,1
0.06193668555712448,-3.2469731539358153,-0.3825701935537028,-0.43857110648052156,-0.36518792845715614,0.0,0.4189615603577826,-0.01377742679731675,0.1589968088355016,1.0,0.1903629669951717,0.0,0.0,0.128156472254768,0.0,0.0,0.0,0.0,0.0,0.0,1.0,0.0,0.0,0.0,1
-0.7158002555073598,2.0846703811430047,-0.23498349145137917,-0.42358030790755924,-0.40045080902538205,0.0,-0.5645759565776604,-0.27100367849826185,1.4645336266342626,1.0,0.4443841852200706,0.0,0.9707527169654409,0.0,0.0,0.0,0.0,0.029247283034559146,0.0,0.0,0.9707527169654409,0.0,0.0,0.0,1
-1.1031287727043304,-1.959462416354747,0.47617897168806766,-0.38427380590444066,-0.4378165799024306,1.0,0.9560779087769788,0.7423620651828245,0.6001024312562051,1.0,0.40645814071226627,0.0,0.0,0.0,0.8258167505647627,0.0,0.0,1.0,0.0,0.0,0.0,0.0,0.0,0.0,1
0.32637582077910715,1.9479345464739923,-0.19191396143212863,-0.44138966471280694,-0.3817358579379504,0.8711301325265548,-0.054840324835158105,-0.28762342676578295,-0.5283164227650273,1.0,0.22408492332450045,0.0,0.0,1.0,0.0,0.0,0.0,0.0,0.0,0.8711301325265548,0.1288698674734452,0.0,0.0,0.0,1
0.45070069356839215,2.301215636247811,-0.4192557804554112,-0.3287034104577051,-0.40110097249143,0.6648811457408581,-2.097191073735032,-0.3220313500305359,-1.3441923663949613,1.0,0.4520374529744287,0.0,0.0,1.0,0.0,0.0,0.0,0.6648811457408581,0.0,0.0,0.3351188542591419,0.0,0.0,0.0,1
-2.234370260468869,2.5874632358543956,-0.10764253139630264,-0.2691962914350182,-0.42275360555615216,0.0,0.7962018562332098,-0.01804976516365589,-1.0141062256977207,1.0,0.12324562180235489,0.0,0.0,0.0,1.0,0.7435082562916078,0.0,0.0,0.0,0.25649174370839223,0.0,0.0,0.0,0.0,1
1.6320107317142585,-3.6062000871403628,0.10455234865734851,-0.3803998465874021,-0.4090361581600822,0.1607598960483082,-0.20234303616268473,0.18071868475804984,-0.9364540080310702,1.0,0.23242973015969154,0.0,0.0,0.0,1.0,0.8392401039516918,0.0,0.0,0.0,0.0,0.1607598960483082,0.0,0.0,0.0,1
1.1830016080238666,-3.152254465549737,-0.14364547828498347,-0.4228307227913183,-0.391010808078622,0.8179670241190622,0.3525830841166824,0.0675297896559857,-0.00029088896110396334,1.0,0.2379963523900906,0.0,0.0,0.0,0.8179670241190622,0.0,0.0,1.0,0.0,0.0,0.0,0.0,0.0,0.0,1
1.9460982314864155,1.7357398048746808,0.3042714618900701,-0.3581591355569253,-0.42317090572910177,1.0,-0.7695148458928209,-0.07129275385012311,0.6471012845385078,1.0,0.4520374529744287,0.0,0.0,0.16786582204225808,0.0,0.0,0.0,1.0,0.0,0.0,0.0,0.0,0.0,0.0,1
-1.1660698122884852,-0.8407302887820476,0.034568759605450694,-0.424549093231101,-0.38915600068196277,1.0,-1.0481991063208573,0.3140329994843205,0.4845798544109275,0.5074677337608362,0.32315432537809696,0.4925322662391638,0.0,0.0,0.5074677337608362,1.0,0.0,0.0,0.0,0.0,0.0,0.0,0.0,0.0,1
-2.752955860000394,2.716870133088425,-0.4584424459881028,-0.3360604508539803,-0.3564992639825177,1.0,-0.5784015268140983,0.06539911655610113,1.032737601410407,1.0,-0.0696404992850532,0.0,0.00638587171683358,0.0,0.0,0.9936141282831664,0.0,0.00638587171683358,0.0,0.0,0.0,0.0,0.0,0.0,1
-0.3808013664675969,0.04222221913622398,1.11714083102303,0.9515695773003047,0.9779726994862956,0.0,-1.8362285554013005,-0.3850658094240291,-1.1418572178783546,1.0,0.4520374529744287,0.7129618668250872,0.0,0.0,0.2870381331749128,0.0,0.0,0.0,0.0,0.2870381331749128,0.7129618668250872,0.0,0.0,0.0,1
2.091841962961122,1.2931053701931428,0.08624127433811923,-0.37519877098084403,-0.4114980559313722,1.0,-0.3107147451817973,-0.16320430122960933,0.6766715867606153,1.0,0.3517970012479111,0.0,0.3830730816242578,0.0,0.0,0.0,0.0,1.0,0.0,0.0,0.0,0.0,0.0,0.0,1
-2.2086731482159654,2.2190438837025472,0.47313571546046274,-0.2725437536579855,-0.35622299219328524,0.018813821972576528,1.1871477362555656,-0.2629857830463777,0.22733492757524731,1.0,-0.06146532459612669,0.0,0.0,0.0,0.9811861780274235,0.0,0.0,0.0,0.0,0.9811861780274235,0.018813821972576528,0.0,0.0,0.0,1
1.995161831104494,0.9503429222165871,-0.3206722718060684,-0.3218664424469245,-0.34724477072421467,0.3681864729833316,-0.2797866202360076,1.2004328965613218,0.9425565473558686,1.0,0.1903629669951717,0.0,0.0,0.0,1.0,0.0,0.0,0.6318135270166684,0.0,0.3681864729833316,0.0,0.0,0.0,0.0,1
-1.9711591922011187,1.7074897117072585,0.4415995998285974,-0.42978733056543933,-0.34018674673984906,1.0,1.2498533289029823,-0.0992973245082382,0.8220593281759991,1.0,0.3160695159133603,0.0,0.0,0.0,0.2598035810641598,0.2598035810641598,0.0,0.0,0.0,0.0,0.7401964189358402,0.0,0.0,0.0,1
0.9436689374060709,-1.211169435593881,0.2967721051358826,-0.34405839792261256,-0.3344113454296914,0.0,0.3627331059891824,0.006472017303529712,-1.8124073112044083,1.0,0.4520374529744287,0.6340057030996114,0.0,0.0,0.36599429690038865,0.0,0.0,0.36599429690038865,0.0,0.0,0.6340057030996114,0.0,0.0,0.0,1
1.730897065693722,0.9703346024203365,0.05375508643906102,-0.36661158124505094,-0.3446374132529237,1.0,0.5121097644951795,-0.3562086412613309,1.280812133849392,1.0,0.04906257032171141,0.0,0.4600146202841445,0.0,0.5399853797158555,0.0,0.0,1.0,0.0,0.0,0.0,0.0,0.0,0.0,1
-2.6547762086326894,-1.5319846103871861,-0.39543416923332403,-0.44222558473036017,-0.369083077808654,0.0,0.0418138732922295,0.177713061846685,-0.41213772195572107,1.0,0.1903629669951717,0.0,0.0,0.0,0.2201546048488564,0.0,0.0,0.2201546048488564,0.0,0.0,0.7798453951511436,0.0,0.0,0.0,1
-0.247762288857053,1.906353703523696,0.027408832804084564,-0.3231950153919965,-0.36615388632519946,0.10698063882695841,0.4007623398885838,-0.2839717099194087,2.6409947136376357,1.0,0.4520374529744287,0.0,0.0,0.8930193611730416,0.10698063882695841,1.0,0.0,0.0,0.0,0.0,0.0,0.0,0.0,0.0,1
-1.2638249180845404,-2.81104101739537,0.23010211643160666,-0.29045592889421545,-0.3894957368443846,1.0,-0.4266246979828524,-0.35321750205396957,-0.030147602597150172,1.0,0.4520374529744287,0.238972097497972,0.0,0.761027902502028,0.0,0.0,0.0,0.0,0.0,1.0,0.0,0.0,0.0,0.0,1
-1.0918627349717764,-2.730025506545253,0.1592687510821925,-0.32204467485655475,-0.36316940439052126,1.0,-0.2128856750319477,-0.18959526582231653,-0.1486957589913528,1.0,0.4520374529744287,0.4587334213238897,0.5412665786761103,0.0,0.0,0.5412665786761103,0.0,0.0,0.0,0.4587334213238897,0.0,0.0,0.0,0.0,1
1.299653907027774,-0.2870809590239468,-0.2194060833387178,-0.4405373064949196,-0.2924196435161449,0.9629920038589946,0.5520952608296945,0.04900797806437174,0.33905813151208286,1.0,0.1903629669951717,0.0,1.0,0.0,0.0,0.0,0.0,0.0,0.0,0.03700799614100536,0.9629920038589946,0.0,0.0,0.0,1
-1.1044199980185527,0.4029638853005065,-0.25152042844001143,-0.3499859263704837,-0.2823518183032294,1.0,-0.12729754654197148,0.24290395673160026,0.30929327673833507,1.0,0.1903629669951717,0.0,0.0,0.6581278339613139,0.3418721660386861,0.0,0.0,1.0,0.0,0.0,0.0,0.0,0.0,0.0,1
-0.7025540847743845,-2.5030061834566686,0.4486524306671329,-0.3055069631822403,-0.4210604149283779,0.3673781068660519,0.7986822340929999,-0.20483580929688283,0.023941387938001393,1.0,0.28649644426937837,0.0,0.3673781068660519,0.0,0.0,0.0,0.0,0.0,0.0,1.0,0.0,0.0,0.0,0.0,1
1.5702628679135666,1.42742051572726,0.4930681800770664,-0.33440668126290274,-0.32987832513547466,0.9320281055100175,0.5386389859907561,-0.432951552836686,1.6765685423031211,1.0,-0.0713115189840851,0.0,0.06797189448998253,0.0,0.9320281055100175,0.06797189448998253,0.0,0.9320281055100175,0.0,0.0,0.0,0.0,0.0,0.0,1
-0.2230551526842821,-0.6695822117496446,0.4431577670710681,-0.38267973582545556,-0.31901780527234386,0.8974902720093207,0.9236265476065915,-0.0821959224137936,0.7720764766829962,1.0,0.21718714737500613,0.0,0.10250972799067926,0.0,0.8974902720093207,0.0,0.0,0.0,0.0,0.0,1.0,0.0,0.0,0.0,1
-0.8831976736966451,2.153614125109573,0.4331275088262008,-0.3817959296637221,-0.383057305580486,1.0,-0.15886311609614384,-0.2765964289985277,1.8865455079191462,1.0,0.20678867033171372,0.0,0.0,0.0,1.0,0.06277151276354886,0.0,0.0,0.0,0.9372284872364511,0.0,0.0,0.0,0.0,1
1.6988329959227229,1.5315295370704918,0.4862086088835626,-0.32756100041355896,-0.30241302633529055,0.31211427769918665,0.055002331639957436,-0.3808824285986795,1.2077901659811587,1.0,0.010360824199636576,0.0,0.6878857223008134,0.0,0.0,0.6878857223008134,0.0,0.0,0.0,0.0,0.31211427769918665,0.0,0.0,0.0,1
-0.8092674418126113,-2.0806734084630256,0.44054923063573037,-0.3803998465874021,-0.4395286863023371,1.0,0.9670942826579993,0.5227428889330428,0.6333569491629338,1.0,0.4520374529744287,0.0,0.0,0.0,0.9321629408948281,0.0678370591051719,0.0,0.9321629408948281,0.0,0.0,0.0,0.0,0.0,0.0,1
-1.457326676133391,-0.6438876298029111,-0.35401357244294507,-0.42704104850933533,-0.41879919314745073,1.0,-0.36048923478827344,0.3671755987794233,0.6653894247692472,0.30096356694681625,0.26911745367446355,0.6990364330531837,0.0,0.0,0.0,1.0,0.0,0.0,0.0,0.0,0.0,0.0,0.0,0.0,1
-1.217550561334874,1.9721907878025287,-0.11918818879318976,-0.39615009737081097,-0.4260988292914702,0.7081720886452816,-0.0617758636492546,-0.432951552836686,2.192685318969235,1.0,0.3756735342762826,0.0,0.0,0.0,0.7081720886452816,0.7081720886452816,0.0,0.2918279113547184,0.0,0.0,0.0,0.0,0.0,0.0,1
1.3498508677819818,-3.2151719141041397,-0.12791953434183362,-0.2811796935549843,-0.3166730562367814,1.0,1.511937954346484,0.22312099733994967,0.44036089111293875,1.0,0.1903629669951717,0.9326493985312283,0.0,0.0,0.0673506014687717,0.0,0.0,1.0,0.0,0.0,0.0,0.0,0.0,0.0,1
0.7168033180397586,1.2339438355771541,0.08120651538248824,-0.41558844259313904,-0.34933466465740814,0.0,-0.5038391715171053,-0.432951552836686,-0.9673987312174323,1.0,0.2996982970554949,0.0,0.0,0.4178295398237267,0.0,0.0,0.0,0.0,0.0,0.0,1.0,0.0,0.0,0.0,1
-0.3815326995583952,2.0098640040423814,0.19532380012164258,-0.33675576885605774,-0.3643301584753265,0.34588305695295674,0.24119321176452738,-0.2661244386724621,2.399939417453336,1.0,0.36152868183732967,0.0,0.0,0.6541169430470433,0.34588305695295674,0.6541169430470433,0.0,0.0,0.0,0.34588305695295674,0.0,0.0,0.0,0.0,1
-1.132150430517302,0.41457896571053177,-0.23327565938004152,-0.3466754128855163,-0.2815245931402059,1.0,-0.11187829035995994,0.2801520966635067,0.33485885102178775,1.0,0.1903629669951717,0.0,0.0,0.6209155177674771,0.3790844822325229,0.0,0.0,1.0,0.0,0.0,0.0,0.0,0.0,0.0,1
0.11391419132147958,1.522436856940806,-0.018132256619470117,-0.4420353028989804,-0.3607085800182735,1.0,0.804849273881073,-0.273755450169406,-0.5874580911498725,1.0,-0.047372472613014915,0.0,0.0,0.0,1.0,0.0,0.0,0.0,0.0,0.04574203381251285,0.9542579661874871,0.0,0.0,0.0,1
1.0755681734719342,-3.287837935998493,-0.06705391944341871,-0.438550641361581,-0.3845825384634224,0.8715368061523763,0.272738273372653,0.08896093356190404,-0.3062951279276239,1.0,0.1903629669951717,0.0,0.0,0.0,1.0,0.12846319384762372,0.0,0.8715368061523763,0.0,0.0,0.0,0.0,0.0,0.0,1
0.232924606465013,-2.3088485213841827,-0.45940699640737637,-0.42134352359448213,-0.39874362481332115,0.0,-0.8850012177632066,0.22993414505455595,1.0143910709863906,1.0,-3.989491548309655,0.026511030822603088,0.9734889691773969,0.0,0.0,0.0,0.0,0.0,0.0,0.026511030822603088,0.9734889691773969,0.0,0.0,0.0,1
-0.678592028715771,-2.190723384622353,0.3803794637518603,-0.31229335624149257,-0.4434851996415638,0.03112214471430852,0.4271574080020764,-0.27131645626175155,0.07014424579756158,1.0,0.1985068382158604,0.0,0.0,0.03112214471430852,0.0,0.0,0.0,0.0,0.0,1.0,0.0,0.0,0.0,0.0,1
2.126885440681299,-0.37235675340698193,0.18812942795068446,-0.291437002465495,-0.3788401378558917,0.0,0.1194701093401809,0.35918681991552043,-0.8874062788920195,1.0,0.4520374529744287,0.2503481682570753,0.0,0.7496518317429247,0.0,0.0,0.0,0.0,0.0,0.2503481682570753,0.7496518317429247,0.0,0.0,0.0,1
1.8610800621661134,-3.577137751066354,-0.0489743862963368,-0.33103697635069135,-0.3595330220636628,0.13008624013063197,0.4426972216633277,1.08340620457128,-0.2003871170026294,1.0,0.4179972029552714,0.869913759869368,0.0,0.0,0.13008624013063197,0.0,0.0,1.0,0.0,0.0,0.0,0.0,0.0,0.0,1
-0.1447629997552321,-0.5391954069151134,-0.10764022471060664,-0.31294259608458935,-0.29532537315872903,1.0,1.18472490881889,-0.35229504601579886,-0.35141568684055136,1.0,0.1903629669951717,0.7582631959290226,0.0,0.0,0.24173680407097742,0.0,0.0,0.0,0.0,0.0,1.0,0.0,0.0,0.0,1
0.8999690470179303,0.2162782745022969,-0.37438502359039433,-0.33646525503053915,-0.3355044736225152,0.02458691645880151,1.4462250507259584,-0.4288497885176673,2.2559901830602045,0.02458691645880151,0.1903629669951717,0.0,0.9754130835411985,0.0,0.0,0.0,0.0,0.0,0.0,0.0,1.0,0.0,0.0,0.0,1
-2.8304373682430968,-1.0368998101372655,0.4723961050114448,-0.4036246446509274,-0.40060916869118,0.9778764484710027,0.852197585759302,1.535756542824186,0.47143274105729216,1.0,0.1903629669951717,0.0,0.0,0.0,0.0,0.0,0.0,0.9778764484710027,0.0,0.0,0.022123551528997254,0.0,0.0,0.0,1
-0.1727129573175727,2.023285028456684,0.2415155449076483,-0.40983787898849305,-0.3108846080248536,0.6763897808504588,-0.3695234299520543,0.18523618208535345,1.2625817753917346,1.0,0.2750435047487626,0.0,1.0,0.0,0.0,0.6763897808504588,0.0,0.0,0.0,0.0,0.32361021914954125,0.0,0.0,0.0,1
1.1932373374077259,-3.208030380434537,-0.11853067556652647,-0.3561384673934215,-0.3447689018767905,1.0,0.9882388927872904,0.15283797050899983,0.15092480975198952,1.0,0.1903629669951717,0.5113568095953342,0.0,0.0,0.48864319040466575,0.0,0.0,1.0,0.0,0.0,0.0,0.0,0.0,0.0,1
0.4384376147311467,2.375787040426681,0.12300047194173047,-0.3614499359028378,-0.32749291342498504,0.2295925821922068,-0.09401529501171851,-0.2661244386724621,-0.8986225085549289,1.0,0.1903629669951717,0.0,0.0,0.2295925821922068,0.7704074178077932,0.7704074178077932,0.0,0.0,0.0,0.2295925821922068,0.0,0.0,0.0,0.0,1
1.965250426557769,0.6379313574672074,-0.4495920263561527,-0.3744656135742361,-0.33552030789409704,0.6832953766065052,0.2593287293052628,0.3150596633227829,0.9790218545728104,1.0,0.1903629669951717,0.0,0.6832953766065052,0.0,0.3167046233934948,0.0,0.0,1.0,0.0,0.0,0.0,0.0,0.0,0.0,1
1.1365025489741356,0.7130782051370123,0.010579385384501372,-0.3458356177666813,-0.35423606889241493,0.44590270637674834,0.6606331974818708,-0.3585628911338358,1.9665381621800104,0.44590270637674834,0.1903629669951717,0.0,0.5540972936232517,0.0,0.0,0.0,0.0,0.0,0.0,0.0,1.0,0.0,0.0,0.0,1
-1.3008523941135275,-2.7878008235203495,0.12414837038865664,-0.3459878323269188,-0.4294135349548333,0.7263733337183341,-0.07054093687017166,-0.14494567160238567,0.0744205477531265,1.0,0.3804363357249561,0.7263733337183341,0.0,0.0,0.0,0.0,0.0,0.0,0.0,1.0,0.0,0.0,0.0,0.0,1
1.987608379391256,-3.632430036768142,-0.04053347502167384,-0.3135498071738507,-0.35651337710887204,0.0028754998422888534,0.45944941605278444,1.232441320762741,-0.19841159351096693,1.0,0.45128500803126437,1.0,0.0,0.0,0.0,0.0,0.0,1.0,0.0,0.0,0.0,0.0,0.0,0.0,1
-0.752759808473635,-2.5459664031701115,0.5102883832583132,-0.3424855458289119,-0.4171388517591193,1.0,1.1507135417176024,0.2836167450975444,0.33124115618955163,1.0,0.4520374529744287,0.0,0.42618130223597295,0.0,0.573818697764027,0.0,0.0,0.573818697764027,0.0,0.42618130223597295,0.0,0.0,0.0,0.0,1
-1.4638045791705985,-1.265570236122969,0.5003090055027748,-0.3294313016611568,-0.3831937384279376,0.4513870243296755,-1.2580936438379555,-0.20704076891639775,0.7261358392555533,1.0,0.3084794345643459,0.0,0.0,0.5486129756703245,0.4513870243296755,0.4513870243296755,0.0,0.0,0.0,0.0,0.5486129756703245,0.0,0.0,0.0,1
0.8452423630012483,-1.3207145704820946,0.1663831461962192,-0.40627966774270513,-0.36391589552606357,0.0,0.3224660776751743,-0.04470354471237988,1.0362473743982727,1.0,-3.99642880867294,0.0,0.16362382119166918,0.0,0.0,0.8363761788083308,0.0,0.0,0.0,0.0,0.16362382119166918,0.0,0.0,0.0,1
1.956437839732051,0.5714464832468347,-0.4545624001115724,-0.384386231488015,-0.3429571464464405,0.7948095487499294,0.328639071850771,0.11042020052468349,0.9024094814880459,1.0,0.1903629669951717,0.0,0.7948095487499294,0.0,0.20519045125007063,0.0,0.0,1.0,0.0,0.0,0.0,0.0,0.0,0.0,1
-0.8138960610559631,-3.6017066060634573,-0.12017623666198901,-0.3204904385958645,-0.3121814697424452,0.6936822257814886,1.2298235652725422,0.36062166810250496,0.48908730505816744,1.0,-3.8149098688086216,0.6936822257814886,0.30631777421851136,0.0,0.0,0.0,0.0,0.0,0.0,0.0,1.0,0.0,0.0,0.0,1
0.7544303703240968,-1.7800042078203095,-0.009882866406037236,-0.3532490623945802,-0.4161146375790287,0.0,-1.4205543163761902,0.921171045054521,0.18148978926124862,1.0,0.33649790308175176,0.0,0.2207696127887604,0.0,0.7792303872112396,1.0,0.0,0.0,0.0,0.0,0.0,0.0,0.0,0.0,1
-0.7459380789514455,-0.3029104577237454,1.3369557590715846,1.3339139854584867,1.3291135858612761,0.0,-2.014096970658606,-0.432951552836686,-1.2430204191110856,1.0,0.40892341744251,0.9176189543841573,0.0,0.0,0.0,0.0,0.0,0.0823810456158427,0.0,0.0,0.9176189543841573,0.0,0.0,0.0,1
-2.436645408877326,1.9064800141616645,0.3197173578813344,-0.34117846134163865,-0.4100484198815848,1.0,1.2100992157098767,-0.3263487940200239,0.3817248901495146,1.0,0.09589884281514144,0.0,0.0,0.0,0.6804993020747131,0.0,0.0,0.6804993020747131,0.0,0.0,0.3195006979252869,0.0,0.0,0.0,1
-0.4205408951972329,-2.6208347590510357,0.11367103621314151,-0.35978121098063326,-0.4148400328344504,0.0,0.4203837286293166,-0.20848754157488197,0.121892030954478,1.0,0.1903629669951717,0.0,0.0,0.0,0.0,0.0,0.0,0.0,0.0,0.6545112142811352,0.34548878571886477,0.0,0.0,0.0,1
1.000124898592949,0.10780755833871364,-0.24045825641119836,-0.3803998465874021,-0.3970946727507615,0.7267404730017907,-1.1350114118360723,0.052008510592241236,-0.8123124664053791,1.0,0.11885792072898042,0.0,0.0,0.0,0.0,0.0,0.0,0.2732595269982093,0.0,0.0,0.0,0.0,0.0,0.0,1
