latitude,longitude,permit_count,unique_job_types,unique_work_types,residential_any,temperature,rainfall,wind_speed,is_repeat_site,day_incident_pct,borough_Brooklyn,borough_Manhattan,borough_Queens,borough_Staten Island,check2 description_Material Failure (Fell),check2 description_Mechanical Construction Equipment,check2 description_Other Construction Related,check2 description_Scaffold/Shoring Installations,check2 description_Struck By,check2 description_Worker Fell,record type description_Incident,record type description_Not DOB Jurisdiction,record type description_Notification,fatality
0.4660985582500103,-0.3684096386933701,-0.5098878173510246,-0.4494391615397224,-0.4479545000412548,1.0,2.2240693932049465,-0.4323050568631192,-0.458689785402224,0.0,-0.0785684345554774,0.0,1.0,0.0,0.0,0.0,1.0,0.0,0.0,0.0,0.0,0.0,0.0,0.0,0
0.3294388616969546,-0.2753307483466135,0.243271138663314,0.3017502293907227,0.3028899726478212,0.0,1.293754546137726,-0.4323050568631192,-0.86942004900636,0.0,0.4515700935562317,0.0,1.0,0.0,0.0,0.0,0.0,0.0,0.0,0.0,1.0,0.0,0.0,0.0,0
1.2752030485969517,1.620745511729461,-0.4434326153497595,-0.3831577446929184,-0.3817035171569246,0.0,0.8802812807745168,-0.2690911657640817,0.2258606539380027,1.0,0.4515700935562317,0.0,0.0,0.0,0.0,0.0,0.0,1.0,0.0,0.0,0.0,0.0,0.0,0.0,0
0.3296462570275875,-0.2163877566618673,1.5059199766873526,1.5610971494799983,1.5616586474500955,0.0,0.2600713827297031,-0.4323050568631192,-1.006330136874405,1.0,0.4515700935562317,0.0,1.0,0.0,0.0,0.0,0.0,0.0,0.0,0.0,1.0,0.0,0.0,0.0,0
0.439579608635657,-0.0294490893976448,-0.2219152753455422,-0.1622196885369051,-0.1608669075424904,1.0,0.4668080154113077,-0.4323050568631192,-0.7325099611383147,0.0,0.1865008295003771,0.0,1.0,0.0,0.0,0.0,0.0,0.0,0.0,0.0,1.0,0.0,0.0,0.0,0
-0.1741031748030715,-0.4775106481424822,-0.4655843493501811,-0.4052515503085198,-0.403787178118368,0.0,0.7769129644337146,-0.4323050568631192,0.362770741806048,0.0,0.1865008295003771,0.0,1.0,0.0,0.0,0.0,0.0,0.0,0.0,0.0,0.0,1.0,0.0,0.0,0
1.144875822806804,0.3005312643349236,0.3983332766662661,0.456406868699932,0.4574755993779251,0.0,1.0870179134561213,-0.1058772746650442,0.4996808296740934,1.0,-3.7895381313374417,0.0,1.0,0.0,0.0,0.0,0.0,0.0,0.0,0.0,1.0,0.0,0.0,0.0,0
-2.100653706774645,-0.1873276207094673,0.3983332766662661,0.456406868699932,0.4574755993779251,1.0,-1.2904533623823309,-0.4323050568631192,1.0473211811462748,1.0,0.1865008295003771,1.0,0.0,0.0,0.0,0.0,0.0,0.0,0.0,0.0,1.0,0.0,0.0,0.0,0
-2.187026948818985,-0.5094712199289169,-0.2662187433463857,-0.2064072997681078,-0.2050342294653773,1.0,0.8802812807745168,-0.4323050568631192,-0.1848696096661333,0.0,0.1865008295003771,1.0,0.0,0.0,0.0,1.0,0.0,0.0,0.0,0.0,0.0,1.0,0.0,0.0,0
0.5645698612499345,0.0994111391708168,-0.5098878173510246,-0.4494391615397224,-0.4479545000412548,1.0,0.0533347500480986,1.1998338541272555,2.690242235562819,1.0,0.1865008295003771,0.0,1.0,0.0,0.0,0.0,0.0,1.0,0.0,0.0,0.0,0.0,0.0,0.0,0
0.1391743853445664,-0.4151791665170573,1.948954656695787,2.002973261792025,2.003331866678964,0.0,-1.3938216787231332,-0.4323050568631192,-0.5955998732702694,0.0,0.1865008295003771,0.0,1.0,0.0,0.0,0.0,0.0,1.0,0.0,0.0,0.0,0.0,0.0,0.0,0
-0.3551316457631016,-0.7204918712572179,0.3761815426658444,0.4343130630843307,0.4353919384164817,1.0,0.4668080154113077,-0.4323050568631192,-0.7325099611383147,0.0,0.1865008295003771,0.0,1.0,0.0,0.0,0.0,0.0,1.0,0.0,0.0,0.0,0.0,0.0,0.0,0
1.1648272536168325,0.3963711464851887,-0.4434326153497595,-0.3831577446929184,-0.3817035171569246,1.0,1.0870179134561213,-0.4323050568631192,-0.1848696096661333,1.0,0.1865008295003771,0.0,0.0,0.0,0.0,0.0,0.0,1.0,0.0,0.0,0.0,0.0,0.0,0.0,0
0.4514979269711947,-0.1851801826399177,2.2369271987012693,2.290192734794842,2.2904194591777283,1.0,-0.6702434643375174,0.0573366164339931,-1.4170604004785414,1.0,0.1865008295003771,0.0,1.0,0.0,0.0,0.0,0.0,0.0,1.0,0.0,0.0,0.0,0.0,0.0,0
-1.6383556883662656,-0.2919106435708758,-0.4655843493501811,-0.4052515503085198,-0.403787178118368,0.0,-0.2567701989743082,0.3837643986320681,-0.458689785402224,0.0,-4.054607395393297,1.0,0.0,0.0,0.0,0.0,0.0,0.0,0.0,0.0,0.0,1.0,0.0,0.0,0
-1.7161012846550008,-0.716852382061711,-0.1997635413451204,-0.1401258829213038,-0.138783246581047,1.0,-1.1870850460415288,-0.4323050568631192,0.0889505660699574,0.0,-0.0785684345554774,1.0,0.0,0.0,0.0,0.0,0.0,0.0,0.0,0.0,0.0,1.0,0.0,0.0,0
-0.7193598239301213,2.074551311839127,-0.2440670093459639,-0.4273453559241211,-0.403787178118368,0.0,-0.566875147996715,-0.2690911657640817,1.458051444750411,1.0,0.4515700935562317,0.0,1.0,0.0,0.0,0.0,0.0,0.0,0.0,0.0,1.0,0.0,0.0,0.0,1
0.1046776286772898,-0.6858539740855508,-0.1111566053434335,-0.0517506604588985,-0.0504486027352734,1.0,-0.3601385153151105,-0.4323050568631192,-0.5955998732702694,0.0,0.4515700935562317,0.0,1.0,0.0,0.0,1.0,0.0,0.0,0.0,0.0,0.0,0.0,0.0,0.0,0
0.3099160479036328,0.3582332041483428,-0.4434326153497595,-0.3831577446929184,-0.3817035171569246,0.0,0.0533347500480986,-0.4323050568631192,-0.5955998732702694,0.0,-0.0785684345554774,0.0,0.0,1.0,0.0,0.0,0.0,0.0,0.0,0.0,1.0,0.0,0.0,0.0,0
-1.0548973177831866,0.1501129886540765,-0.3326739453476508,-0.3168763278461144,-0.3154525342725943,0.0,-2.530873158471958,-0.4323050568631192,-0.5955998732702694,0.0,0.1865008295003771,1.0,0.0,0.0,0.0,0.0,0.0,0.0,0.0,0.0,1.0,1.0,0.0,0.0,0
0.611800691220134,0.3807813038774251,-0.5098878173510246,-0.4494391615397224,-0.4479545000412548,1.0,-1.7039266277455398,-0.4323050568631192,-0.0479595217980879,1.0,0.4515700935562317,0.0,0.0,1.0,0.0,1.0,0.0,0.0,0.0,0.0,0.0,0.0,0.0,0.0,0
-0.0767932856548881,0.0208623168002602,-0.4877360833506029,-0.4273453559241211,-0.4258708390798114,0.0,-1.2904533623823309,-0.4323050568631192,-1.280150312610496,1.0,-0.0785684345554774,1.0,0.0,0.0,0.0,0.0,0.0,0.0,0.0,0.0,1.0,0.0,0.0,0.0,0
0.3217099290407909,-0.4582813163390134,-0.4212808813493377,-0.3610639390773171,-0.3596198561954812,1.0,0.57017633175211,-0.4323050568631192,0.6365909175421388,0.0,0.4515700935562317,0.0,1.0,0.0,0.0,0.0,0.0,0.0,1.0,0.0,0.0,0.0,0.0,0.0,0
1.489635994149428,0.5077729824373897,-0.399129147348916,-0.3389701334617158,-0.3375361952340378,1.0,0.4668080154113077,-0.4323050568631192,0.7735010054101842,0.0,0.4515700935562317,0.0,0.0,0.0,0.0,1.0,0.0,0.0,0.0,0.0,0.0,0.0,0.0,0.0,0
-0.364630351907562,0.1082937239124864,-0.4877360833506029,-0.4273453559241211,-0.4258708390798114,0.0,-0.4635068316559128,-0.4323050568631192,-0.7325099611383147,1.0,0.1865008295003771,1.0,0.0,0.0,0.0,0.0,0.0,0.0,0.0,0.0,1.0,0.0,0.0,0.0,0
1.855550489219948,1.3942047398084612,-0.4434326153497595,-0.3831577446929184,-0.3817035171569246,0.0,1.1903862297969237,-0.4323050568631192,-0.7325099611383147,0.0,0.4515700935562317,0.0,0.0,0.0,0.0,0.0,0.0,0.0,1.0,0.0,0.0,1.0,0.0,0.0,0
0.5556380356759034,-0.4263904665676437,-0.3548256793480726,-0.2947825222305131,-0.2933688733111509,1.0,0.4668080154113077,-0.4323050568631192,-0.7325099611383147,0.0,0.4515700935562317,0.0,1.0,0.0,0.0,0.0,0.0,1.0,0.0,0.0,0.0,1.0,0.0,0.0,0
0.954486909256036,0.2143687979000504,-0.2662187433463857,-0.2064072997681078,-0.2050342294653773,1.0,0.8802812807745168,-0.4323050568631192,-1.6908805762146322,0.0,0.4515700935562317,0.0,1.0,0.0,0.0,1.0,0.0,0.0,0.0,0.0,0.0,1.0,0.0,0.0,0
-0.9264919553905974,0.1200488556821649,-0.3326739453476508,-0.3168763278461144,-0.3154525342725943,0.0,0.8802812807745168,-0.4323050568631192,-0.3217796975341787,0.0,0.4515700935562317,1.0,0.0,0.0,0.0,0.0,1.0,0.0,0.0,0.0,0.0,1.0,0.0,0.0,0
1.0660102917324548,0.2428851021337545,-0.5098878173510246,-0.4494391615397224,-0.4479545000412548,1.0,0.7769129644337146,2.505544982919555,-1.006330136874405,1.0,-0.0785684345554774,0.0,1.0,0.0,0.0,0.0,0.0,1.0,0.0,0.0,0.0,0.0,0.0,0.0,0
-1.4157928458516045,-0.556240747752604,-0.399129147348916,-0.3389701334617158,-0.3375361952340378,0.0,-1.0837167297007264,-0.1058772746650442,-0.458689785402224,0.0,-0.0785684345554774,1.0,0.0,0.0,0.0,1.0,0.0,0.0,0.0,0.0,0.0,0.0,0.0,0.0,0
0.4935577000301287,-0.5114234363556901,-0.5098878173510246,-0.4494391615397224,-0.4479545000412548,0.0,1.397122862478528,-0.1058772746650442,-0.5955998732702694,0.0,-3.7895381313374417,0.0,1.0,0.0,0.0,0.0,0.0,1.0,0.0,0.0,0.0,0.0,0.0,1.0,0
0.0893718532742241,0.263759873496918,-0.4434326153497595,-0.3831577446929184,-0.3817035171569246,0.0,0.8802812807745168,-0.4323050568631192,-1.006330136874405,1.0,0.1865008295003771,0.0,0.0,1.0,0.0,0.0,0.0,1.0,0.0,0.0,0.0,0.0,0.0,0.0,0
1.9623269751881072,-2.1413424451059777,-0.4212808813493377,-0.3831577446929184,-0.3375361952340378,1.0,0.1567030663889009,-0.1058772746650442,-0.458689785402224,1.0,0.4515700935562317,0.0,0.0,0.0,1.0,0.0,0.0,0.0,0.0,0.0,1.0,0.0,0.0,0.0,1
-0.364630351907562,0.1082937239124864,-0.4877360833506029,-0.4273453559241211,-0.4258708390798114,0.0,-1.1870850460415288,-0.4323050568631192,-0.7325099611383147,1.0,0.1865008295003771,1.0,0.0,0.0,0.0,0.0,0.0,0.0,0.0,0.0,0.0,0.0,0.0,0.0,0
-1.2045814411020517,0.6785082533594933,-0.5098878173510246,-0.4494391615397224,-0.4479545000412548,0.0,0.7769129644337146,-0.4323050568631192,1.1842312690143202,0.0,-3.7895381313374417,1.0,0.0,0.0,0.0,0.0,0.0,1.0,0.0,0.0,0.0,1.0,0.0,0.0,0
-2.3320930694416715,-1.95009538764464,-0.5098878173510246,-0.4494391615397224,-0.4479545000412548,1.0,0.1567030663889009,-0.4323050568631192,1.1842312690143202,0.0,0.1865008295003771,0.0,0.0,0.0,1.0,0.0,0.0,0.0,1.0,0.0,0.0,1.0,0.0,0.0,0
0.2177910420221561,0.2574291145129675,-0.4877360833506029,-0.4273453559241211,-0.4258708390798114,0.0,-1.0837167297007264,-0.4323050568631192,-1.143240224742451,1.0,0.1865008295003771,0.0,0.0,1.0,0.0,0.0,0.0,0.0,0.0,0.0,1.0,0.0,0.0,0.0,0
-0.0119891579996107,-0.418079602350894,-0.4655843493501811,-0.4052515503085198,-0.403787178118368,1.0,0.6735446480929123,-0.4323050568631192,-0.458689785402224,0.0,0.4515700935562317,0.0,1.0,0.0,0.0,0.0,0.0,1.0,0.0,0.0,0.0,1.0,0.0,0.0,0
-0.9323266773599864,0.686819117576243,-0.4655843493501811,-0.4052515503085198,-0.403787178118368,1.0,1.397122862478528,-0.2690911657640817,-0.458689785402224,1.0,0.1865008295003771,1.0,0.0,0.0,0.0,0.0,0.0,1.0,0.0,0.0,0.0,0.0,0.0,0.0,0
0.5645698612499345,0.0994111391708168,-0.3326739453476508,-0.3168763278461144,-0.3154525342725943,0.0,-0.566875147996715,-0.4323050568631192,0.6365909175421388,1.0,-3.7895381313374417,0.0,1.0,0.0,0.0,0.0,0.0,1.0,0.0,0.0,0.0,0.0,0.0,0.0,0
-0.7379281207497919,-0.4205477616905351,-0.3548256793480726,-0.2947825222305131,-0.2933688733111509,1.0,1.5004911788193305,-0.4323050568631192,1.7318716204865017,1.0,0.1865008295003771,1.0,0.0,0.0,0.0,0.0,0.0,1.0,0.0,0.0,0.0,0.0,0.0,0.0,0
-0.5426446773953015,-0.7905067189624206,-0.2219152753455422,-0.1622196885369051,-0.1608669075424904,1.0,0.2600713827297031,0.5469782897311056,0.9104110932782294,1.0,0.1865008295003771,0.0,1.0,0.0,0.0,0.0,0.0,0.0,0.0,0.0,1.0,0.0,0.0,0.0,0
0.3971741766922693,1.751655567545985,-0.4655843493501811,-0.4052515503085198,-0.403787178118368,0.0,-1.3938216787231332,-0.4323050568631192,-0.86942004900636,1.0,0.4515700935562317,0.0,0.0,1.0,0.0,0.0,0.0,0.0,0.0,0.0,1.0,0.0,0.0,0.0,1
1.8164910352779613,0.5812042088890987,-0.4434326153497595,-0.3831577446929184,-0.3817035171569246,1.0,0.7769129644337146,-0.4323050568631192,-0.86942004900636,1.0,0.1865008295003771,0.0,1.0,0.0,0.0,0.0,0.0,0.0,0.0,0.0,1.0,0.0,0.0,0.0,0
-0.0149203453397463,1.9305343698482864,-0.4434326153497595,-0.3831577446929184,-0.3817035171569246,0.0,-0.566875147996715,0.7101921808301431,1.5949615326184563,0.0,-0.0785684345554774,0.0,0.0,1.0,0.0,0.0,0.0,0.0,0.0,0.0,0.0,1.0,0.0,0.0,0
0.5680679291604993,-0.2827073375591147,0.3318780746650009,0.390125451853128,0.3912246164935948,1.0,-0.9803484133599242,-0.4323050568631192,0.362770741806048,1.0,-0.0785684345554774,0.0,1.0,0.0,0.0,0.0,0.0,1.0,0.0,0.0,0.0,0.0,0.0,0.0,0
0.3676963870269966,-0.3060223794556951,5.205259554757781,5.25076268728542,5.249630028011146,0.0,0.8802812807745168,-0.1058772746650442,-0.5955998732702694,1.0,0.1865008295003771,0.0,1.0,0.0,0.0,0.0,0.0,1.0,0.0,0.0,0.0,0.0,0.0,0.0,0
0.3676963870269966,-0.3060223794556951,5.205259554757781,5.25076268728542,5.249630028011146,0.0,0.0533347500480986,-0.4323050568631192,-0.7325099611383147,1.0,-0.0785684345554774,0.0,1.0,0.0,0.0,0.0,0.0,1.0,0.0,0.0,0.0,0.0,0.0,0.0,0
-1.2992228436622997,-0.3130643029950918,-0.4212808813493377,-0.3610639390773171,-0.3596198561954812,0.0,1.5004911788193305,-0.4323050568631192,2.1426018840906376,0.0,0.1865008295003771,1.0,0.0,0.0,0.0,0.0,0.0,1.0,0.0,0.0,0.0,0.0,0.0,0.0,0
-0.3598326065915338,-0.687150803569128,1.0185818286780746,1.075033425936769,1.0758181062983403,1.0,-1.6005583114047377,-0.4323050568631192,-1.827790664082677,0.0,0.1865008295003771,0.0,1.0,0.0,0.0,0.0,0.0,0.0,0.0,0.0,1.0,0.0,0.0,0.0,0
0.3133726367480712,1.2157721584035668,-0.3769774133484943,-0.3168763278461144,-0.3154525342725943,0.0,-2.3241365257903537,-0.4323050568631192,-1.6908805762146322,0.0,0.4515700935562317,0.0,0.0,1.0,0.0,0.0,0.0,0.0,0.0,0.0,1.0,0.0,0.0,0.0,0
-0.7454496580752245,-0.40175070638146,-0.4434326153497595,-0.3831577446929184,-0.3817035171569246,0.0,-0.4635068316559128,-0.4323050568631192,0.9104110932782294,1.0,-3.7895381313374417,1.0,0.0,0.0,0.0,0.0,0.0,1.0,0.0,0.0,0.0,0.0,0.0,0.0,0
0.1795196903366731,-0.5257303938830876,-0.4877360833506029,-0.4273453559241211,-0.4258708390798114,0.0,-1.1870850460415288,-0.4323050568631192,-1.006330136874405,0.0,0.4515700935562317,0.0,1.0,0.0,0.0,1.0,0.0,0.0,0.0,0.0,0.0,1.0,0.0,0.0,0
-0.5884652191169027,-0.3092017033505843,-0.4655843493501811,-0.4052515503085198,-0.403787178118368,1.0,0.57017633175211,-0.2690911657640817,-1.006330136874405,0.0,-0.0785684345554774,1.0,0.0,0.0,0.0,0.0,0.0,1.0,0.0,0.0,0.0,1.0,0.0,0.0,0
-0.1504672917523218,-3.2518458385295155,-0.1776118073446987,-0.2947825222305131,-0.3817035171569246,0.0,-1.0837167297007264,1.8526894185234053,-0.3217796975341787,1.0,0.4515700935562317,0.0,1.0,0.0,0.0,0.0,0.0,0.0,0.0,0.0,1.0,0.0,0.0,0.0,1
0.2754192912363563,0.366850845232171,-0.399129147348916,-0.3389701334617158,-0.3375361952340378,0.0,-0.8769800970191218,-0.4323050568631192,3.3747926749030457,1.0,0.4515700935562317,0.0,0.0,1.0,0.0,0.0,0.0,1.0,0.0,0.0,0.0,0.0,0.0,0.0,0
-0.5042074094453123,-0.3182376765257932,-0.4434326153497595,-0.3831577446929184,-0.3817035171569246,0.0,-1.7039266277455398,-0.4323050568631192,0.9104110932782294,1.0,0.4515700935562317,1.0,0.0,0.0,0.0,0.0,0.0,1.0,0.0,0.0,0.0,0.0,0.0,0.0,0
-0.9230077138354734,-0.235658921674375,-0.2883704773468074,-0.2285011053837091,-0.2271178904268207,0.0,0.8802812807745168,-0.4323050568631192,-0.3217796975341787,1.0,0.4515700935562317,1.0,0.0,0.0,0.0,0.0,0.0,1.0,0.0,0.0,0.0,1.0,0.0,0.0,0
1.144875822806804,0.3005312643349236,0.3983332766662661,0.456406868699932,0.4574755993779251,0.0,0.9836495971153192,-0.2690911657640817,0.362770741806048,1.0,0.1865008295003771,0.0,1.0,0.0,0.0,0.0,1.0,0.0,0.0,0.0,0.0,0.0,0.0,0.0,0
1.2526246102651146,0.5966824962725602,-0.399129147348916,-0.3389701334617158,-0.3375361952340378,1.0,0.3634396990705054,0.2205505075330306,0.7735010054101842,0.0,0.4515700935562317,0.0,0.0,0.0,0.0,0.0,0.0,0.0,0.0,0.0,1.0,0.0,0.0,0.0,0
-0.5516179820353609,-0.2604660146971109,-0.399129147348916,-0.3389701334617158,-0.3375361952340378,1.0,-1.3938216787231332,-0.4323050568631192,0.9104110932782294,0.0,0.1865008295003771,1.0,0.0,0.0,0.0,0.0,0.0,0.0,0.0,0.0,1.0,0.0,0.0,0.0,0
-0.4841591941476877,2.452110821463109,-0.5098878173510246,-0.4494391615397224,-0.4479545000412548,1.0,-0.4635068316559128,-0.4323050568631192,-0.458689785402224,0.0,0.4515700935562317,0.0,0.0,1.0,0.0,0.0,0.0,0.0,0.0,0.0,0.0,1.0,0.0,0.0,0
0.4515670587481051,1.822521023836962,-0.5098878173510246,-0.4494391615397224,-0.4479545000412548,0.0,-1.3938216787231332,-0.4323050568631192,0.4996808296740934,1.0,0.4515700935562317,0.0,0.0,1.0,0.0,0.0,0.0,0.0,0.0,0.0,1.0,0.0,0.0,0.0,0
-0.5795472198983127,-0.281703340539603,-0.1997635413451204,-0.1401258829213038,-0.138783246581047,0.0,-0.8769800970191218,-0.4323050568631192,-0.3217796975341787,1.0,0.1865008295003771,1.0,0.0,0.0,0.0,0.0,0.0,1.0,0.0,0.0,0.0,0.0,0.0,0.0,0
1.821897140230644,1.2582189212823267,-0.3326739453476508,-0.2726887166149118,-0.2712852123497075,1.0,-1.2904533623823309,-0.4323050568631192,1.5949615326184563,0.0,0.4515700935562317,0.0,0.0,0.0,0.0,0.0,0.0,0.0,0.0,0.0,1.0,0.0,0.0,0.0,0
-0.3802956125505223,-0.7480599560836605,-0.5098878173510246,-0.4494391615397224,-0.4479545000412548,0.0,-1.0837167297007264,-0.4323050568631192,-0.0479595217980879,0.0,0.4515700935562317,0.0,1.0,0.0,0.0,0.0,0.0,0.0,0.0,0.0,1.0,0.0,1.0,0.0,0
0.2518868343835097,-0.4427890845523408,4.607162736746394,4.654229935664184,4.653371182052174,0.0,0.0533347500480986,-0.4323050568631192,-0.1848696096661333,0.0,0.1865008295003771,0.0,1.0,0.0,0.0,0.0,1.0,0.0,0.0,0.0,0.0,0.0,0.0,0.0,0
-0.8332055356573799,0.7306882095658954,-0.0003979353413249,0.0587183676191081,0.0599697020719436,1.0,1.293754546137726,0.0573366164339931,0.0889505660699574,1.0,-3.7895381313374417,1.0,0.0,0.0,0.0,0.0,0.0,0.0,0.0,0.0,1.0,0.0,0.0,0.0,0
0.2263495560009497,0.28984985160002,0.2211194046628923,0.2796564237751214,0.2808063116863778,0.0,1.293754546137726,-0.4323050568631192,-0.7325099611383147,1.0,0.4515700935562317,0.0,0.0,1.0,0.0,0.0,0.0,0.0,0.0,0.0,1.0,0.0,0.0,0.0,0
-1.3743690851401082,-0.3293653101583016,-0.5098878173510246,-0.4494391615397224,-0.4479545000412548,0.0,-1.1870850460415288,-0.4323050568631192,-0.7325099611383147,0.0,0.1865008295003771,1.0,0.0,0.0,0.0,0.0,0.0,0.0,0.0,0.0,0.0,1.0,0.0,0.0,0
1.7887968454565246,0.7079030549851959,-0.5098878173510246,-0.4494391615397224,-0.4479545000412548,1.0,-0.566875147996715,-0.4323050568631192,-0.86942004900636,1.0,0.1865008295003771,0.0,0.0,0.0,0.0,0.0,0.0,1.0,0.0,0.0,0.0,0.0,0.0,0.0,0
0.7576134350331964,-0.235617088465336,-0.3548256793480726,-0.2947825222305131,-0.2933688733111509,1.0,-0.4635068316559128,-0.4323050568631192,-0.3217796975341787,1.0,0.4515700935562317,0.0,1.0,0.0,0.0,0.0,0.0,0.0,0.0,0.0,1.0,0.0,0.0,0.0,0
1.1978834658758517,-3.2770155380356,-0.4434326153497595,-0.2947825222305131,-0.2933688733111509,1.0,1.6038594951601328,-0.4323050568631192,1.5949615326184563,1.0,0.1865008295003771,0.0,0.0,1.0,0.0,0.0,0.0,0.0,0.0,1.0,0.0,0.0,0.0,0.0,1
-0.3578969168386326,-0.6835252587766341,2.0818650606983176,2.135536095485633,2.1358338324476245,0.0,-1.2904533623823309,-0.4323050568631192,-0.7325099611383147,1.0,0.1865008295003771,0.0,1.0,0.0,0.0,0.0,0.0,0.0,0.0,0.0,1.0,0.0,0.0,0.0,0
0.3296462570275875,-0.2163877566618673,1.5059199766873526,1.5610971494799983,1.5616586474500955,0.0,-0.1534018826335059,-0.4323050568631192,-1.827790664082677,1.0,-3.7895381313374417,0.0,1.0,0.0,0.0,0.0,0.0,1.0,0.0,0.0,0.0,0.0,0.0,0.0,0
0.2182196590388629,-0.4825585220458684,-0.0225496693417466,0.0366245620035067,0.0378860411105002,0.0,-1.2904533623823309,-0.4323050568631192,1.1842312690143202,1.0,0.4515700935562317,0.0,1.0,0.0,0.0,0.0,0.0,0.0,0.0,0.0,1.0,0.0,0.0,0.0,0
1.532926312837013,0.4726470311588806,-0.4877360833506029,-0.4273453559241211,-0.4258708390798114,0.0,0.1567030663889009,0.5469782897311056,0.2258606539380027,1.0,0.1865008295003771,0.0,0.0,0.0,0.0,0.0,0.0,1.0,0.0,0.0,0.0,0.0,0.0,0.0,0
0.0537551618212351,1.3913321927804525,-0.4434326153497595,-0.3831577446929184,-0.3817035171569246,0.0,0.9836495971153192,-0.4323050568631192,1.0473211811462748,1.0,0.1865008295003771,0.0,0.0,1.0,0.0,0.0,0.0,0.0,0.0,0.0,1.0,0.0,0.0,0.0,0
0.6672858553508001,0.8038823811657891,-0.1776118073446987,-0.1180320773057025,-0.1166995856196036,0.0,1.293754546137726,-0.4323050568631192,1.3211413568823656,1.0,-0.0785684345554774,0.0,0.0,1.0,0.0,0.0,0.0,0.0,0.0,0.0,1.0,0.0,0.0,0.0,0
-0.3063246112798955,0.2447397077390405,-0.4434326153497595,-0.3831577446929184,-0.3817035171569246,0.0,0.0533347500480986,1.1998338541272555,2.690242235562819,0.0,0.1865008295003771,1.0,0.0,0.0,0.0,0.0,0.0,1.0,0.0,0.0,0.0,0.0,0.0,0.0,0
-1.2376784439205704,-3.094198072913989,-0.1333083393438553,-0.3831577446929184,-0.3375361952340378,1.0,2.1207010768641443,-0.1058772746650442,1.3211413568823656,1.0,-0.0785684345554774,0.0,1.0,0.0,0.0,0.0,0.0,0.0,0.0,1.0,0.0,0.0,0.0,0.0,1
-2.3359782753028164,-1.967846612724966,-0.4655843493501811,-0.4052515503085198,-0.403787178118368,1.0,-1.6005583114047377,-0.2690911657640817,-1.964700751950723,0.0,-0.0785684345554774,0.0,0.0,0.0,1.0,1.0,0.0,0.0,0.0,0.0,0.0,1.0,0.0,0.0,0
-0.4823894206592929,-0.0159509072469825,-0.5098878173510246,-0.4494391615397224,-0.4479545000412548,0.0,-0.566875147996715,5.116967240504154,0.2258606539380027,0.0,0.1865008295003771,1.0,0.0,0.0,0.0,0.0,0.0,0.0,0.0,0.0,0.0,1.0,0.0,0.0,0
-0.8557563212784332,0.6391571479575444,-0.5098878173510246,-0.4494391615397224,-0.4479545000412548,1.0,-1.1870850460415288,-0.2690911657640817,-0.5955998732702694,1.0,0.1865008295003771,1.0,0.0,0.0,0.0,0.0,0.0,1.0,0.0,0.0,0.0,1.0,0.0,0.0,0
0.7185263283804264,-0.2256607846888915,-0.1776118073446987,-0.1180320773057025,-0.1166995856196036,1.0,0.7769129644337146,-0.4323050568631192,-0.7325099611383147,1.0,0.1865008295003771,0.0,1.0,0.0,0.0,0.0,0.0,1.0,0.0,0.0,0.0,1.0,0.0,0.0,0
1.1351282422655842,0.9629182979306626,-0.2662187433463857,-0.2064072997681078,-0.2050342294653773,1.0,1.0870179134561213,-0.4323050568631192,-0.5955998732702694,0.0,0.1865008295003771,0.0,0.0,0.0,0.0,0.0,0.0,1.0,0.0,0.0,0.0,0.0,0.0,0.0,0
1.340012680324273,-0.1243807376089993,-0.0003979353413249,-0.3389701334617158,-0.3817035171569246,0.0,0.2600713827297031,-0.2690911657640817,0.362770741806048,1.0,0.4515700935562317,1.0,0.0,0.0,0.0,1.0,0.0,0.0,0.0,0.0,0.0,0.0,0.0,0.0,1
0.3296462570275875,-0.2163877566618673,1.5059199766873526,1.5610971494799983,1.5616586474500955,0.0,-0.9803484133599242,-0.4323050568631192,-1.006330136874405,1.0,-0.0785684345554774,0.0,1.0,0.0,0.0,0.0,0.0,0.0,0.0,0.0,1.0,0.0,0.0,0.0,0
0.419268692585832,-0.1505701742742766,0.0882090006603619,0.1470935900815134,0.1483043459177173,1.0,0.6735446480929123,-0.4323050568631192,-0.3217796975341787,0.0,0.4515700935562317,0.0,1.0,0.0,0.0,0.0,0.0,0.0,0.0,0.0,1.0,0.0,0.0,0.0,0
1.8047109804962445,0.4188634686020209,-0.3326739453476508,-0.2726887166149118,-0.2712852123497075,0.0,-0.4635068316559128,-0.4323050568631192,0.4996808296740934,1.0,-0.0785684345554774,0.0,1.0,0.0,0.0,0.0,0.0,1.0,0.0,0.0,0.0,0.0,0.0,0.0,0
-0.2085584524042215,-0.5683026563891628,-0.4655843493501811,-0.4052515503085198,-0.403787178118368,0.0,0.4668080154113077,-0.4323050568631192,-0.5955998732702694,0.0,0.4515700935562317,0.0,1.0,0.0,0.0,0.0,0.0,0.0,0.0,0.0,1.0,0.0,0.0,0.0,0
0.4064101820845292,-0.3609772718686188,-0.2440670093459639,-0.1843134941525065,-0.1829505685039338,0.0,0.2600713827297031,0.7101921808301431,0.6365909175421388,1.0,0.4515700935562317,0.0,1.0,0.0,0.0,1.0,0.0,0.0,0.0,0.0,0.0,0.0,0.0,0.0,0
1.163831756029598,0.0142526697554553,-0.3105222113472291,-0.2505949109993104,-0.2492015513882641,1.0,-0.9803484133599242,0.5469782897311056,0.2258606539380027,1.0,0.1865008295003771,0.0,1.0,0.0,0.0,0.0,0.0,0.0,0.0,0.0,1.0,0.0,0.0,0.0,0
1.5339909422010596,0.4739578050454708,-0.4877360833506029,-0.4273453559241211,-0.4258708390798114,0.0,1.5004911788193305,0.0573366164339931,-0.3217796975341787,1.0,0.4515700935562317,0.0,0.0,0.0,0.0,0.0,1.0,0.0,0.0,0.0,0.0,0.0,0.0,0.0,0
-0.4970038782935495,0.6268581844689721,-0.4655843493501811,-0.4052515503085198,-0.403787178118368,1.0,1.293754546137726,-0.4323050568631192,-0.458689785402224,1.0,0.4515700935562317,1.0,0.0,0.0,0.0,0.0,0.0,1.0,0.0,0.0,0.0,1.0,0.0,0.0,0
-0.5794642617660596,-0.2837113345786264,-0.1997635413451204,-0.1401258829213038,-0.138783246581047,0.0,0.2600713827297031,-0.4323050568631192,0.4996808296740934,1.0,-3.7895381313374417,1.0,0.0,0.0,0.0,0.0,0.0,1.0,0.0,0.0,0.0,0.0,0.0,0.0,0
-0.6004250165186653,-0.2790817927666207,-0.2440670093459639,-0.1843134941525065,-0.1829505685039338,1.0,0.3634396990705054,-0.4323050568631192,-0.86942004900636,1.0,0.1865008295003771,1.0,0.0,0.0,0.0,0.0,0.0,0.0,0.0,0.0,1.0,0.0,0.0,0.0,0
0.3873159853079143,-0.1445461921574046,-0.1111566053434335,-0.0517506604588985,-0.0504486027352734,0.0,1.5004911788193305,-0.4323050568631192,-0.3217796975341787,1.0,0.4515700935562317,0.0,1.0,0.0,0.0,0.0,0.0,0.0,1.0,0.0,0.0,0.0,0.0,0.0,0
0.5228419207200131,-0.4201573184051804,-0.0003979353413249,0.0587183676191081,0.0599697020719436,0.0,-0.6702434643375174,1.689475527424368,-0.5955998732702694,0.0,0.4515700935562317,0.0,1.0,0.0,0.0,0.0,0.0,1.0,0.0,0.0,0.0,0.0,0.0,0.0,0
1.0190974679360232,1.4357451164889987,-0.4434326153497595,-0.3831577446929184,-0.3817035171569246,0.0,-1.3938216787231332,-0.2690911657640817,-1.280150312610496,0.0,-0.0785684345554774,0.0,0.0,0.0,0.0,0.0,0.0,0.0,1.0,0.0,0.0,1.0,0.0,0.0,0
-1.888612720702364,2.467505442428294,-0.3548256793480726,-0.2947825222305131,-0.2933688733111509,1.0,-0.7736117806783196,0.0573366164339931,-0.458689785402224,1.0,0.1865008295003771,0.0,0.0,1.0,0.0,0.0,0.0,0.0,0.0,0.0,1.0,0.0,0.0,0.0,0
-0.6026787124452364,-0.4428588065676039,-0.3326739453476508,-0.2726887166149118,-0.2712852123497075,1.0,-1.9106632604271443,-0.4323050568631192,0.362770741806048,0.0,0.1865008295003771,1.0,0.0,0.0,0.0,0.0,0.0,0.0,0.0,0.0,1.0,0.0,0.0,0.0,0
-1.8585265714005352,-1.8300898550118216,-0.1776118073446987,-0.1180320773057025,-0.1166995856196036,0.0,1.0870179134561213,-0.4323050568631192,0.4996808296740934,1.0,0.1865008295003771,0.0,0.0,0.0,1.0,0.0,0.0,0.0,0.0,0.0,0.0,1.0,0.0,0.0,0
-0.9104533831524978,-0.4252051923085667,0.1989676706624706,0.2575626181595201,0.2587226507249344,1.0,0.4668080154113077,-0.4323050568631192,-0.1848696096661333,1.0,0.1865008295003771,1.0,0.0,0.0,0.0,0.0,0.0,1.0,0.0,0.0,0.0,1.0,0.0,0.0,0
-0.1728449764636366,0.0348485530575662,-0.5098878173510246,-0.4494391615397224,-0.4479545000412548,1.0,0.8802812807745168,-0.4323050568631192,-1.006330136874405,1.0,0.1865008295003771,1.0,0.0,0.0,0.0,0.0,0.0,1.0,0.0,0.0,0.0,1.0,0.0,0.0,0
-0.7738766447316953,-0.4175915482442502,-0.4877360833506029,-0.4273453559241211,-0.4258708390798114,0.0,-0.566875147996715,0.0573366164339931,0.2258606539380027,1.0,0.4515700935562317,1.0,0.0,0.0,0.0,0.0,0.0,0.0,0.0,0.0,0.0,1.0,0.0,0.0,0
1.5914532751507535,0.7784477900058832,-0.3326739453476508,-0.2726887166149118,-0.2712852123497075,1.0,1.6038594951601328,2.1791172007214805,-1.143240224742451,0.0,-0.0785684345554774,0.0,0.0,0.0,0.0,0.0,0.0,0.0,0.0,0.0,1.0,0.0,0.0,0.0,0
1.8164910352779613,0.5812042088890987,-0.3326739453476508,-0.3168763278461144,-0.3154525342725943,0.0,0.57017633175211,-0.4323050568631192,-0.458689785402224,0.0,0.1865008295003771,0.0,1.0,0.0,0.0,0.0,0.0,0.0,0.0,0.0,1.0,0.0,0.0,0.0,0
-1.3484723215176535,-0.7147467772013985,-0.399129147348916,-0.3389701334617158,-0.3375361952340378,1.0,-0.3601385153151105,-0.4323050568631192,0.4996808296740934,1.0,-0.0785684345554774,1.0,0.0,0.0,0.0,0.0,0.0,0.0,0.0,0.0,1.0,0.0,0.0,0.0,0
0.2889829458618109,0.4027437386783764,-0.4877360833506029,-0.4273453559241211,-0.4258708390798114,0.0,-1.2904533623823309,-0.4323050568631192,-0.86942004900636,1.0,0.4515700935562317,0.0,0.0,1.0,0.0,1.0,0.0,0.0,0.0,0.0,0.0,1.0,0.0,0.0,0
0.859610458654371,0.2396778894326412,-0.4212808813493377,-0.3610639390773171,-0.3596198561954812,0.0,-0.6702434643375174,-0.4323050568631192,-1.006330136874405,1.0,0.4515700935562317,0.0,1.0,0.0,0.0,0.0,1.0,0.0,0.0,0.0,0.0,1.0,0.0,0.0,0
-0.6004250165186653,-0.2790817927666207,-0.2440670093459639,-0.1843134941525065,-0.1829505685039338,1.0,1.1903862297969237,-0.4323050568631192,-0.0479595217980879,1.0,0.1865008295003771,1.0,0.0,0.0,0.0,0.0,0.0,0.0,0.0,0.0,1.0,0.0,0.0,0.0,0
-1.376138858628405,-2.670951303221296,-0.5098878173510246,-0.4494391615397224,-0.4479545000412548,0.0,-0.9803484133599242,-0.4323050568631192,-0.0479595217980879,0.0,0.4515700935562317,0.0,0.0,0.0,1.0,0.0,0.0,1.0,0.0,0.0,0.0,1.0,0.0,0.0,0
1.7519357820195418,1.0223632881250655,-0.5098878173510246,-0.4494391615397224,-0.4479545000412548,1.0,-2.117399893108749,-0.4323050568631192,-1.4170604004785414,1.0,0.4515700935562317,0.0,0.0,0.0,0.0,0.0,0.0,1.0,0.0,0.0,0.0,1.0,0.0,0.0,0
0.5645698612499345,0.0994111391708168,-0.5098878173510246,-0.4494391615397224,-0.4479545000412548,1.0,-1.2904533623823309,-0.4323050568631192,-0.86942004900636,1.0,-0.0785684345554774,0.0,1.0,0.0,0.0,1.0,0.0,0.0,0.0,0.0,0.0,0.0,0.0,0.0,0
0.4178860570480173,-0.2257723399131936,1.3730095726848222,1.4285343157863903,1.4291566816814352,1.0,0.0533347500480986,2.505544982919555,1.7318716204865017,1.0,0.1865008295003771,0.0,1.0,0.0,0.0,0.0,0.0,0.0,0.0,0.0,1.0,0.0,0.0,0.0,0
-0.5042074094453123,-0.3182376765257932,0.1103607346607837,0.1691873956971147,0.1703880068791607,1.0,-1.1870850460415288,-0.4323050568631192,1.5949615326184563,1.0,0.4515700935562317,1.0,0.0,0.0,0.0,0.0,0.0,0.0,0.0,0.0,1.0,0.0,0.0,0.0,0
0.3818545749337626,-0.3290724776942361,-0.3326739453476508,-0.2726887166149118,-0.2712852123497075,0.0,1.293754546137726,4.790539458306079,-0.458689785402224,0.0,-0.0785684345554774,0.0,1.0,0.0,0.0,1.0,0.0,0.0,0.0,0.0,0.0,1.0,0.0,0.0,0
0.2766221841542235,-0.4043443653484163,-0.2883704773468074,-0.2285011053837091,-0.2271178904268207,0.0,-1.2904533623823309,-0.4323050568631192,-0.5955998732702694,0.0,0.1865008295003771,0.0,1.0,0.0,0.0,0.0,0.0,1.0,0.0,0.0,0.0,0.0,0.0,0.0,0
1.144875822806804,0.3005312643349236,0.3983332766662661,0.456406868699932,0.4574755993779251,0.0,0.8802812807745168,-0.4323050568631192,-0.0479595217980879,1.0,0.1865008295003771,0.0,1.0,0.0,0.0,1.0,0.0,0.0,0.0,0.0,0.0,1.0,0.0,0.0,0
0.2112096968623903,0.2850529769514621,-0.4434326153497595,-0.3831577446929184,-0.3817035171569246,0.0,1.6038594951601328,-0.1058772746650442,0.362770741806048,1.0,0.4515700935562317,0.0,0.0,1.0,0.0,0.0,0.0,1.0,0.0,0.0,0.0,0.0,0.0,0.0,0
0.4683937332427079,0.4879161524967509,-0.5098878173510246,-0.4494391615397224,-0.4479545000412548,1.0,1.7072278115009352,0.2205505075330306,-0.458689785402224,1.0,0.1865008295003771,0.0,0.0,1.0,0.0,0.0,0.0,0.0,0.0,0.0,1.0,0.0,0.0,0.0,0
0.4178860570480173,-0.2257723399131936,1.3730095726848222,1.4285343157863903,1.4291566816814352,1.0,-1.2904533623823309,-0.4323050568631192,-1.280150312610496,1.0,0.4515700935562317,0.0,1.0,0.0,0.0,0.0,0.0,0.0,0.0,0.0,1.0,0.0,0.0,0.0,0
0.7981341779318151,0.8164847012120181,0.3318780746650009,-0.3831577446929184,-0.2933688733111509,0.0,-1.0837167297007264,-0.2690911657640817,-0.7325099611383147,1.0,0.4515700935562317,0.0,0.0,0.0,1.0,0.0,0.0,0.0,0.0,1.0,0.0,0.0,0.0,0.0,1
-0.0003473667716162,-0.0112795322259379,-0.5098878173510246,-0.4494391615397224,-0.4479545000412548,0.0,0.9836495971153192,-0.4323050568631192,-1.5539704883465868,1.0,0.1865008295003771,1.0,0.0,0.0,0.0,0.0,0.0,0.0,0.0,0.0,1.0,0.0,0.0,0.0,0
0.3267288960428929,-0.5237642330533014,-0.4877360833506029,-0.4273453559241211,-0.4258708390798114,0.0,-0.1534018826335059,0.3837643986320681,0.7735010054101842,0.0,0.4515700935562317,0.0,1.0,0.0,0.0,0.0,1.0,0.0,0.0,0.0,0.0,0.0,0.0,0.0,0
0.3540497742692888,-0.5744521381335481,-0.0003979353413249,0.0587183676191081,0.0599697020719436,0.0,0.7769129644337146,0.3837643986320681,0.6365909175421388,1.0,0.4515700935562317,0.0,1.0,0.0,0.0,0.0,0.0,1.0,0.0,0.0,0.0,0.0,0.0,0.0,0
-1.6144198997743178,0.6061313594113533,0.0660572666599402,-0.2947825222305131,-0.2712852123497075,1.0,0.1567030663889009,0.8734060719291806,0.7735010054101842,1.0,0.1865008295003771,0.0,0.0,0.0,1.0,0.0,0.0,1.0,0.0,0.0,0.0,0.0,0.0,0.0,1
0.4360400616589654,-0.0209430035383168,-0.399129147348916,-0.3389701334617158,-0.3375361952340378,0.0,1.1903862297969237,-0.4323050568631192,0.7735010054101842,1.0,0.1865008295003771,0.0,1.0,0.0,0.0,0.0,0.0,1.0,0.0,0.0,0.0,0.0,0.0,1.0,0
0.0048651692057759,-0.6207893894626435,-0.3769774133484943,-0.3168763278461144,-0.3154525342725943,1.0,-1.2904533623823309,-0.4323050568631192,-0.7325099611383147,0.0,0.1865008295003771,0.0,1.0,0.0,0.0,0.0,0.0,0.0,0.0,0.0,1.0,0.0,0.0,0.0,0
1.5339909422010596,0.4739578050454708,-0.4877360833506029,-0.4273453559241211,-0.4258708390798114,0.0,-0.4635068316559128,0.8734060719291806,-0.0479595217980879,1.0,-0.0785684345554774,0.0,0.0,0.0,0.0,0.0,0.0,0.0,0.0,0.0,1.0,0.0,0.0,0.0,0
1.436637604696248,1.3654298137723162,0.5090919466683748,-0.3610639390773171,-0.3817035171569246,1.0,-0.3601385153151105,-0.2690911657640817,1.5949615326184563,1.0,0.1865008295003771,0.0,0.0,0.0,0.0,0.0,0.0,0.0,0.0,0.0,1.0,0.0,0.0,0.0,1
-0.7820756734706924,0.7630252802346718,-0.4877360833506029,-0.4273453559241211,-0.4258708390798114,0.0,0.9836495971153192,0.0573366164339931,-0.5955998732702694,1.0,0.4515700935562317,1.0,0.0,0.0,0.0,0.0,0.0,1.0,0.0,0.0,0.0,0.0,0.0,0.0,0
0.0161474751939739,-0.2190232488378625,-0.0003979353413249,0.0587183676191081,0.0599697020719436,1.0,0.9836495971153192,-0.4323050568631192,0.7735010054101842,0.0,0.4515700935562317,0.0,1.0,0.0,0.0,0.0,0.0,1.0,0.0,0.0,0.0,0.0,0.0,0.0,0
-2.4753447009645844,1.35288628126678,0.3318780746650009,-0.2947825222305131,-0.403787178118368,1.0,2.1207010768641443,0.8734060719291806,-0.3217796975341787,1.0,0.4515700935562317,0.0,0.0,1.0,0.0,0.0,0.0,0.0,0.0,1.0,0.0,0.0,0.0,0.0,1
0.3432928697853935,-0.3722582939346665,1.0850370306793398,1.141314842783573,1.1420690891826708,0.0,0.7769129644337146,0.0573366164339931,-0.1848696096661333,0.0,0.1865008295003771,0.0,1.0,0.0,0.0,0.0,0.0,0.0,0.0,0.0,1.0,0.0,0.0,0.0,0
0.2838671943721129,-0.3414272187950586,-0.3105222113472291,-0.2505949109993104,-0.2492015513882641,0.0,0.2600713827297031,-0.4323050568631192,-0.86942004900636,0.0,0.1865008295003771,0.0,1.0,0.0,0.0,1.0,0.0,0.0,0.0,0.0,0.0,0.0,0.0,0.0,0
0.8096143576086404,0.1954741317698843,-0.4655843493501811,-0.4052515503085198,-0.403787178118368,0.0,0.8802812807745168,-0.4323050568631192,-0.86942004900636,0.0,0.1865008295003771,0.0,1.0,0.0,0.0,0.0,0.0,1.0,0.0,0.0,0.0,0.0,0.0,0.0,1
-0.3128229983074081,-0.7455499635349804,0.1768159366620488,0.2354688125439187,0.236638989763491,1.0,-0.7736117806783196,0.7101921808301431,-1.143240224742451,1.0,0.4515700935562317,0.0,1.0,0.0,0.0,0.0,0.0,0.0,0.0,0.0,1.0,0.0,0.0,0.0,0
-0.3578969168386326,-0.6835252587766341,2.0818650606983176,2.135536095485633,2.1358338324476245,0.0,0.0533347500480986,-0.4323050568631192,-0.1848696096661333,1.0,0.1865008295003771,0.0,1.0,0.0,0.0,0.0,0.0,0.0,0.0,0.0,1.0,0.0,0.0,0.0,0
-0.0277373767748242,-0.7070634111218188,-0.5098878173510246,-0.4494391615397224,-0.4479545000412548,1.0,1.293754546137726,-0.4323050568631192,-0.86942004900636,1.0,-3.7895381313374417,0.0,1.0,0.0,0.0,1.0,0.0,0.0,0.0,0.0,0.0,0.0,0.0,0.0,0
-1.1106451826660533,0.0799168637093085,-0.1776118073446987,-0.1180320773057025,-0.1166995856196036,1.0,-0.7736117806783196,-0.4323050568631192,0.362770741806048,1.0,0.1865008295003771,1.0,0.0,0.0,0.0,0.0,0.0,0.0,0.0,0.0,1.0,0.0,0.0,0.0,0
0.5174040141574429,-0.6708664100523074,0.2875746066641575,-0.3831577446929184,-0.4479545000412548,0.0,-0.6702434643375174,-0.4323050568631192,-0.5955998732702694,1.0,-0.0785684345554774,0.0,0.0,0.0,0.0,0.0,0.0,1.0,0.0,0.0,0.0,0.0,0.0,0.0,1
0.3127781034668581,-0.2875599898199227,-0.3548256793480726,-0.2947825222305131,-0.2933688733111509,0.0,1.91396444418254,0.8734060719291806,-0.7325099611383147,1.0,0.1865008295003771,0.0,1.0,0.0,0.0,0.0,0.0,0.0,0.0,0.0,1.0,0.0,0.0,0.0,0
0.4552725219893029,-0.2586811311070881,-0.4212808813493377,-0.3610639390773171,-0.3596198561954812,0.0,0.2600713827297031,0.0573366164339931,0.7735010054101842,1.0,0.4515700935562317,0.0,1.0,0.0,0.0,0.0,0.0,1.0,0.0,0.0,0.0,0.0,0.0,0.0,0
0.2517499702855784,-2.3677155383412605,-0.4877360833506029,-0.4273453559241211,-0.403787178118368,0.0,-0.8769800970191218,0.2205505075330306,1.0473211811462748,1.0,-4.054607395393297,0.0,1.0,0.0,0.0,0.0,0.0,0.0,0.0,0.0,1.0,0.0,0.0,0.0,1
-0.7135384298635316,-0.3695112465341709,-0.5098878173510246,-0.4494391615397224,-0.4479545000412548,1.0,-2.220768209449551,-0.4323050568631192,0.2258606539380027,1.0,-0.0785684345554774,1.0,0.0,0.0,0.0,0.0,0.0,1.0,0.0,0.0,0.0,1.0,0.0,0.0,0
-0.2639883111134182,-0.1129900080593376,-0.0003979353413249,0.0587183676191081,0.0599697020719436,1.0,1.6038594951601328,-0.2690911657640817,1.458051444750411,0.0,-0.0785684345554774,1.0,0.0,0.0,0.0,0.0,0.0,0.0,0.0,0.0,1.0,0.0,0.0,0.0,0
1.3147930948904811,-0.9132616692613742,0.1989676706624706,-0.2726887166149118,-0.4479545000412548,0.0,0.6735446480929123,-0.4323050568631192,-2.375431015554859,1.0,0.4515700935562317,0.0,1.0,0.0,0.0,0.0,0.0,0.0,0.0,0.0,1.0,0.0,0.0,0.0,1
-0.7100403619529667,-0.4073284676009254,-0.5098878173510246,-0.4494391615397224,-0.4479545000412548,1.0,0.4668080154113077,-0.4323050568631192,-0.5955998732702694,0.0,0.4515700935562317,1.0,0.0,0.0,0.0,0.0,1.0,0.0,0.0,0.0,0.0,1.0,0.0,0.0,0
0.1495579782332242,-0.3779894435874729,3.255906962720669,3.306507793112503,3.3062678634041256,0.0,0.2600713827297031,1.1998338541272555,-1.143240224742451,0.0,0.1865008295003771,0.0,1.0,0.0,0.0,0.0,0.0,0.0,0.0,0.0,1.0,0.0,0.0,0.0,0
-0.1517736108680921,-0.2929843626056507,-0.155460073344277,-0.0959382716901011,-0.0946159246581602,1.0,1.5004911788193305,-0.4323050568631192,-0.5955998732702694,0.0,0.1865008295003771,0.0,1.0,0.0,0.0,0.0,0.0,0.0,0.0,0.0,1.0,0.0,0.0,0.0,0
0.2263495560009497,0.28984985160002,0.2211194046628923,0.2796564237751214,0.2808063116863778,0.0,1.1903862297969237,-0.4323050568631192,-1.143240224742451,1.0,0.4515700935562317,0.0,0.0,1.0,0.0,0.0,0.0,0.0,0.0,0.0,1.0,0.0,0.0,0.0,0
-0.2750079163494157,-0.6449550399451963,0.1989676706624706,0.2575626181595201,0.2587226507249344,0.0,0.9836495971153192,0.0573366164339931,-0.458689785402224,0.0,0.4515700935562317,0.0,1.0,0.0,0.0,0.0,0.0,0.0,0.0,0.0,1.0,0.0,0.0,0.0,0
1.0151846093640944,1.0265326646364534,-0.4877360833506029,-0.4273453559241211,-0.4258708390798114,0.0,1.0870179134561213,-0.2690911657640817,-0.5955998732702694,1.0,0.4515700935562317,0.0,0.0,0.0,0.0,0.0,1.0,0.0,0.0,0.0,0.0,0.0,0.0,0.0,0
1.4363353941685209,1.0799676171171957,-0.4655843493501811,-0.4052515503085198,-0.403787178118368,0.0,-1.4971899950639356,-0.1058772746650442,-0.3217796975341787,0.0,0.1865008295003771,0.0,0.0,0.0,0.0,0.0,0.0,0.0,0.0,0.0,1.0,0.0,0.0,0.0,0
-0.5997475251051008,-0.2127203786601361,-0.4655843493501811,-0.4052515503085198,-0.403787178118368,1.0,1.397122862478528,-0.4323050568631192,-0.5955998732702694,0.0,0.4515700935562317,1.0,0.0,0.0,0.0,0.0,0.0,0.0,0.0,0.0,0.0,0.0,0.0,1.0,0
0.1850502324877351,-0.6783239964395104,0.2211194046628923,0.2796564237751214,0.2808063116863778,1.0,0.57017633175211,-0.4323050568631192,0.6365909175421388,0.0,0.4515700935562317,0.0,1.0,0.0,0.0,0.0,0.0,0.0,0.0,0.0,1.0,0.0,0.0,0.0,0
-0.1443102625780419,1.9207024272979625,0.0439055326595185,-0.3168763278461144,-0.3596198561954812,0.0,0.4668080154113077,-0.2690911657640817,2.690242235562819,1.0,0.4515700935562317,0.0,0.0,1.0,0.0,1.0,0.0,0.0,0.0,0.0,0.0,0.0,0.0,0.0,1
0.303044349280981,-0.560410124263992,1.6609821146903043,1.7157537887892076,1.7162442741801995,0.0,-2.427504842131156,-0.4323050568631192,-1.143240224742451,0.0,0.1865008295003771,0.0,1.0,0.0,0.0,0.0,1.0,0.0,0.0,0.0,0.0,0.0,0.0,0.0,0
-1.699551137267941,-0.6379549496150368,-0.5098878173510246,-0.4494391615397224,-0.4479545000412548,0.0,1.293754546137726,-0.1058772746650442,0.362770741806048,0.0,0.1865008295003771,1.0,0.0,0.0,0.0,0.0,1.0,0.0,0.0,0.0,0.0,1.0,0.0,0.0,0
2.1778063465378503,-2.479059692829201,0.5533954146692183,-0.3168763278461144,-0.4479545000412548,1.0,-0.566875147996715,0.2205505075330306,-0.1848696096661333,1.0,0.4515700935562317,0.0,0.0,1.0,0.0,0.0,0.0,0.0,0.0,1.0,0.0,0.0,0.0,0.0,1
0.1385798520633532,-0.0863980314465788,-0.3326739453476508,-0.3168763278461144,-0.3154525342725943,0.0,0.0533347500480986,-0.4323050568631192,-0.1848696096661333,0.0,0.4515700935562317,0.0,0.0,0.0,1.0,0.0,0.0,0.0,1.0,0.0,0.0,1.0,0.0,0.0,0
1.163831756029598,0.0142526697554553,-0.3105222113472291,-0.2505949109993104,-0.2492015513882641,1.0,1.1903862297969237,0.8734060719291806,0.0889505660699574,1.0,0.4515700935562317,0.0,1.0,0.0,0.0,0.0,0.0,1.0,0.0,0.0,0.0,0.0,0.0,0.0,0
1.979966636550792,-3.642792811177366,-0.0447014033421683,-0.3168763278461144,-0.3596198561954812,0.0,0.4668080154113077,1.1998338541272555,-0.1848696096661333,1.0,0.4515700935562317,1.0,0.0,0.0,0.0,0.0,0.0,1.0,0.0,0.0,0.0,0.0,0.0,0.0,1
-0.9260356856632048,0.2662698660455981,-0.4877360833506029,-0.4273453559241211,-0.4258708390798114,0.0,0.6735446480929123,-0.4323050568631192,-0.3217796975341787,0.0,0.4515700935562317,1.0,0.0,0.0,0.0,0.0,0.0,0.0,0.0,0.0,1.0,0.0,0.0,0.0,0
-1.5591030193413362,0.3712851654015984,-0.4434326153497595,-0.3831577446929184,-0.3817035171569246,0.0,0.1567030663889009,-0.4323050568631192,-0.86942004900636,0.0,0.4515700935562317,1.0,0.0,0.0,0.0,0.0,0.0,1.0,0.0,0.0,0.0,1.0,0.0,0.0,0
-0.8220061878014351,0.1792986242339896,-0.2219152753455422,-0.1622196885369051,-0.1608669075424904,1.0,-0.0500335662927036,-0.4323050568631192,0.9104110932782294,1.0,0.4515700935562317,1.0,0.0,0.0,0.0,1.0,0.0,0.0,0.0,0.0,0.0,0.0,0.0,0.0,0
-1.7311858383720908,2.9167801642384323,-0.5098878173510246,-0.4494391615397224,-0.4479545000412548,1.0,-0.9803484133599242,-0.4323050568631192,0.6365909175421388,1.0,0.4515700935562317,0.0,0.0,1.0,0.0,0.0,0.0,1.0,0.0,0.0,0.0,0.0,0.0,0.0,0
0.7576134350331964,-0.235617088465336,-0.3548256793480726,-0.2947825222305131,-0.2933688733111509,1.0,0.0533347500480986,-0.1058772746650442,1.0473211811462748,1.0,-0.0785684345554774,0.0,1.0,0.0,0.0,0.0,0.0,0.0,0.0,0.0,1.0,0.0,0.0,0.0,0
0.2546106263929141,-0.1884850061623201,2.414141070704644,2.4669431797196526,2.467088746869276,0.0,1.5004911788193305,-0.4323050568631192,-0.3217796975341787,1.0,0.4515700935562317,0.0,1.0,0.0,0.0,1.0,0.0,0.0,0.0,0.0,0.0,1.0,0.0,0.0,0
-0.0003473667716162,-0.0112795322259379,-0.3326739453476508,-0.3168763278461144,-0.3154525342725943,0.0,0.3634396990705054,-0.4323050568631192,-1.006330136874405,1.0,0.4515700935562317,1.0,0.0,0.0,0.0,0.0,0.0,0.0,0.0,0.0,1.0,0.0,0.0,0.0,0
-0.543930528445422,-0.4308805643493212,0.1103607346607837,0.1691873956971147,0.1703880068791607,0.0,0.7769129644337146,-0.2690911657640817,-0.0479595217980879,0.0,0.1865008295003771,1.0,0.0,0.0,0.0,0.0,0.0,1.0,0.0,0.0,0.0,0.0,0.0,0.0,0
0.1385798520633532,-0.0863980314465788,-0.3326739453476508,-0.3168763278461144,-0.3154525342725943,0.0,0.0533347500480986,-0.4323050568631192,-0.1848696096661333,1.0,-0.0785684345554774,0.0,0.0,1.0,0.0,0.0,0.0,1.0,0.0,0.0,0.0,0.0,0.0,0.0,0
0.2263495560009497,0.28984985160002,0.2211194046628923,0.2796564237751214,0.2808063116863778,0.0,-0.7736117806783196,-0.4323050568631192,0.2258606539380027,1.0,0.1865008295003771,0.0,0.0,1.0,0.0,0.0,0.0,0.0,0.0,0.0,1.0,0.0,0.0,0.0,0
2.0091751238214277,1.190463066871174,-0.0890048713430118,-0.0296568548432972,-0.0283649417738299,1.0,-0.3601385153151105,-0.4323050568631192,-0.1848696096661333,0.0,-0.0785684345554774,0.0,0.0,0.0,0.0,0.0,0.0,0.0,0.0,0.0,1.0,0.0,0.0,0.0,0
1.487285513735261,0.5729770110906252,-0.3326739453476508,-0.3168763278461144,-0.3154525342725943,0.0,0.8802812807745168,-0.4323050568631192,0.9104110932782294,1.0,-0.0785684345554774,0.0,0.0,0.0,0.0,0.0,1.0,0.0,0.0,0.0,0.0,0.0,0.0,0.0,0
-1.9297046488848475,-0.2638823934440136,-0.399129147348916,-0.3389701334617158,-0.3375361952340378,0.0,2.1207010768641443,-0.4323050568631192,-0.7325099611383147,0.0,-0.0785684345554774,1.0,0.0,0.0,0.0,0.0,0.0,0.0,0.0,0.0,1.0,0.0,0.0,0.0,0
0.2593254135766891,0.2360384002371343,-0.5098878173510246,-0.4494391615397224,-0.4479545000412548,1.0,-0.3601385153151105,-0.4323050568631192,0.0889505660699574,1.0,0.1865008295003771,0.0,0.0,1.0,0.0,0.0,0.0,1.0,0.0,0.0,0.0,0.0,0.0,0.0,0
-1.878754529318107,0.421373461150701,-0.5098878173510246,-0.4494391615397224,-0.4479545000412548,1.0,-0.7736117806783196,-0.4323050568631192,-0.7325099611383147,0.0,0.4515700935562317,1.0,0.0,0.0,0.0,0.0,0.0,1.0,0.0,0.0,0.0,1.0,0.0,0.0,0
0.2255476273890054,0.2903518501098749,-0.1776118073446987,-0.1180320773057025,-0.1166995856196036,0.0,0.7769129644337146,-0.4323050568631192,-0.3217796975341787,1.0,-3.7895381313374417,0.0,0.0,1.0,0.0,0.0,0.0,1.0,0.0,0.0,0.0,0.0,0.0,0.0,0
0.4244120967863138,-0.2175590865179312,2.7242653467105478,2.776256458338071,2.7762600003294837,0.0,0.0533347500480986,-0.4323050568631192,0.6365909175421388,0.0,-3.7895381313374417,0.0,1.0,0.0,0.0,1.0,0.0,0.0,0.0,0.0,0.0,0.0,0.0,0.0,0
0.2449321776285064,-0.1657974624029097,-0.0447014033421683,0.0145307563879054,0.0158023801490568,1.0,-0.0500335662927036,-0.4323050568631192,0.362770741806048,1.0,0.4515700935562317,0.0,1.0,0.0,0.0,0.0,0.0,0.0,1.0,0.0,0.0,1.0,0.0,0.0,0
-1.1814723638412752,2.425676919851923,-0.0447014033421683,-0.3831577446929184,-0.3817035171569246,0.0,-0.0500335662927036,-0.4323050568631192,2.0056917962225924,1.0,0.1865008295003771,0.0,0.0,0.0,0.0,0.0,0.0,1.0,0.0,0.0,0.0,0.0,0.0,0.0,1
-0.2463937452006029,-0.9727235310697055,0.3761815426658444,-0.4052515503085198,-0.3817035171569246,0.0,1.397122862478528,0.0573366164339931,-0.3217796975341787,1.0,0.4515700935562317,0.0,1.0,0.0,0.0,0.0,0.0,0.0,0.0,0.0,1.0,0.0,0.0,0.0,1
0.3676963870269966,-0.3060223794556951,5.205259554757781,5.25076268728542,5.249630028011146,0.0,0.2600713827297031,-0.4323050568631192,-1.5539704883465868,1.0,0.1865008295003771,0.0,1.0,0.0,0.0,0.0,0.0,1.0,0.0,0.0,0.0,0.0,0.0,0.0,0
-0.9834288868359884,-0.4985388079391848,-0.3326739453476508,-0.2726887166149118,-0.2712852123497075,1.0,1.8105961278417373,-0.4323050568631192,-1.006330136874405,0.0,-0.0785684345554774,1.0,0.0,0.0,0.0,0.0,1.0,0.0,0.0,0.0,0.0,1.0,0.0,0.0,0
1.3637379928515236,-3.224796720062987,-0.1333083393438553,-0.2726887166149118,-0.3154525342725943,1.0,1.6038594951601328,0.2205505075330306,0.4996808296740934,1.0,0.1865008295003771,1.0,0.0,0.0,0.0,0.0,0.0,1.0,0.0,0.0,0.0,0.0,0.0,0.0,1
1.22275968264936,0.4180407488220745,0.3983332766662661,0.456406868699932,0.4574755993779251,1.0,-1.0837167297007264,-0.4323050568631192,0.0889505660699574,1.0,0.4515700935562317,0.0,0.0,0.0,0.0,0.0,1.0,0.0,0.0,0.0,0.0,0.0,0.0,0.0,0
0.2839363261490233,-0.3182795097350304,1.8381959866936783,1.892504233714018,1.892913561871747,0.0,-1.4971899950639356,-0.4323050568631192,0.0889505660699574,0.0,0.1865008295003771,0.0,1.0,0.0,0.0,0.0,0.0,0.0,0.0,0.0,1.0,0.0,0.0,0.0,0
-1.246696519582553,-0.3345107948831752,-0.2219152753455422,-0.1622196885369051,-0.1608669075424904,0.0,-0.8769800970191218,-0.1058772746650442,-0.5955998732702694,0.0,0.1865008295003771,1.0,0.0,0.0,0.0,0.0,0.0,0.0,0.0,0.0,1.0,0.0,0.0,0.0,0
0.1919219311104852,-0.661102658675065,-0.5098878173510246,-0.4494391615397224,-0.4479545000412548,1.0,-0.7736117806783196,-0.1058772746650442,1.458051444750411,0.0,0.1865008295003771,0.0,1.0,0.0,0.0,1.0,0.0,0.0,0.0,0.0,0.0,0.0,0.0,0.0,0
-0.7549068851535583,0.7196860755609003,-0.4434326153497595,-0.3831577446929184,-0.3817035171569246,1.0,1.0870179134561213,-0.4323050568631192,-0.7325099611383147,0.0,-0.0785684345554774,1.0,0.0,0.0,0.0,0.0,0.0,1.0,0.0,0.0,0.0,1.0,0.0,0.0,0
0.0593963148153341,-0.6918361229931856,0.1768159366620488,0.2354688125439187,0.236638989763491,1.0,-1.4971899950639356,-0.4323050568631192,0.0889505660699574,1.0,0.1865008295003771,0.0,1.0,0.0,0.0,0.0,0.0,1.0,0.0,0.0,0.0,0.0,0.0,0.0,0
-2.4682348923722617,-1.6150206633077624,0.1325124686612054,-0.4273453559241211,-0.3817035171569246,1.0,-1.9106632604271443,0.0573366164339931,-1.280150312610496,1.0,0.1865008295003771,0.0,1.0,0.0,0.0,0.0,0.0,1.0,0.0,0.0,0.0,0.0,0.0,0.0,1
1.144875822806804,0.3005312643349236,0.3983332766662661,0.456406868699932,0.4574755993779251,0.0,-0.4635068316559128,-0.4323050568631192,-0.0479595217980879,1.0,0.1865008295003771,0.0,1.0,0.0,0.0,1.0,0.0,0.0,0.0,0.0,0.0,1.0,0.0,0.0,0
-0.8330810984590001,0.2606223828110678,-0.4655843493501811,-0.4052515503085198,-0.403787178118368,0.0,0.4668080154113077,-0.4323050568631192,-0.1848696096661333,1.0,-0.0785684345554774,1.0,0.0,0.0,0.0,0.0,0.0,1.0,0.0,0.0,0.0,1.0,0.0,0.0,0
-0.8780720588579715,2.2810687736739266,-0.2883704773468074,-0.2285011053837091,-0.2271178904268207,1.0,-1.2904533623823309,-0.4323050568631192,0.362770741806048,0.0,0.4515700935562317,0.0,0.0,1.0,0.0,0.0,0.0,0.0,0.0,0.0,1.0,0.0,0.0,0.0,0
0.518044175403985,0.1059231753943325,-0.3326739453476508,-0.2726887166149118,-0.2712852123497075,0.0,-1.1870850460415288,-0.4323050568631192,0.2258606539380027,0.0,0.4515700935562317,0.0,1.0,0.0,0.0,0.0,0.0,1.0,0.0,0.0,0.0,0.0,0.0,0.0,0
2.1125792236576637,1.9983537155170945,-0.4877360833506029,-0.2947825222305131,-0.403787178118368,0.0,-0.6702434643375174,-0.2690911657640817,0.4996808296740934,1.0,0.1865008295003771,1.0,0.0,0.0,0.0,1.0,0.0,0.0,0.0,0.0,0.0,0.0,0.0,0.0,1
-0.7158197785007883,0.0044218656065241,-0.4434326153497595,-0.3831577446929184,-0.3817035171569246,0.0,0.7769129644337146,-0.4323050568631192,0.362770741806048,0.0,-4.054607395393297,1.0,0.0,0.0,0.0,0.0,0.0,0.0,0.0,0.0,1.0,0.0,0.0,0.0,0
-0.5941478511771283,-0.3188093970509112,-0.2440670093459639,-0.1843134941525065,-0.1829505685039338,0.0,-1.6005583114047377,-0.2690911657640817,-1.006330136874405,0.0,0.4515700935562317,1.0,0.0,0.0,0.0,0.0,0.0,0.0,0.0,0.0,1.0,0.0,0.0,0.0,0
0.5472316116062733,0.0026369820163031,-0.4434326153497595,-0.3831577446929184,-0.3817035171569246,1.0,-1.6005583114047377,-0.4323050568631192,0.4996808296740934,1.0,0.1865008295003771,0.0,1.0,0.0,0.0,0.0,0.0,0.0,0.0,0.0,1.0,0.0,0.0,0.0,0
-0.5868337091824268,-0.2646075024024727,0.0660572666599402,0.124999784465912,0.1262206849562739,1.0,0.2600713827297031,0.3837643986320681,0.4996808296740934,1.0,-0.0785684345554774,1.0,0.0,0.0,0.0,0.0,1.0,0.0,0.0,0.0,0.0,1.0,0.0,0.0,0
-0.8290576290441325,1.4351036739488157,-0.4212808813493377,-0.3610639390773171,-0.3596198561954812,0.0,1.397122862478528,-0.4323050568631192,-0.458689785402224,0.0,0.1865008295003771,0.0,0.0,1.0,0.0,0.0,0.0,0.0,0.0,0.0,1.0,0.0,0.0,0.0,1
0.3619584495453016,-0.2815638965090767,0.0660572666599402,0.124999784465912,0.1262206849562739,0.0,-0.8769800970191218,-0.1058772746650442,-0.5955998732702694,1.0,0.4515700935562317,0.0,1.0,0.0,0.0,0.0,0.0,0.0,0.0,0.0,1.0,0.0,0.0,0.0,0
-0.3579383959047592,2.3131548450878743,-0.4434326153497595,-0.3831577446929184,-0.3817035171569246,0.0,-0.7736117806783196,-0.4323050568631192,-0.5955998732702694,0.0,0.1865008295003771,0.0,0.0,1.0,0.0,0.0,0.0,1.0,0.0,0.0,0.0,1.0,0.0,0.0,0
-0.9806636157604576,-0.4398886487183059,-0.0003979353413249,0.0587183676191081,0.0599697020719436,1.0,0.9836495971153192,-0.4323050568631192,0.2258606539380027,0.0,0.4515700935562317,1.0,0.0,0.0,0.0,0.0,0.0,1.0,0.0,0.0,0.0,1.0,0.0,0.0,0
0.7811458918860431,2.0355217803982604,-0.5098878173510246,-0.4494391615397224,-0.4479545000412548,0.0,0.3634396990705054,-0.4323050568631192,-1.143240224742451,0.0,0.4515700935562317,0.0,0.0,1.0,0.0,0.0,0.0,1.0,0.0,0.0,0.0,1.0,0.0,0.0,0
0.123121986751124,-0.5891913721555374,10.233703172853511,10.266056562026922,10.2626210662588,0.0,0.7769129644337146,-0.4323050568631192,0.9104110932782294,1.0,-3.7895381313374417,0.0,1.0,0.0,0.0,1.0,0.0,0.0,0.0,0.0,0.0,0.0,0.0,0.0,0
-1.0215397326837925,-0.7534688006529454,-0.3769774133484943,-0.4052515503085198,-0.3154525342725943,1.0,-0.3601385153151105,-0.2690911657640817,0.9104110932782294,1.0,0.4515700935562317,1.0,0.0,0.0,0.0,0.0,0.0,1.0,0.0,0.0,0.0,0.0,0.0,0.0,1
0.1419534827755384,-0.2114793267888091,2.6578101447092823,2.7099750414912678,2.710009017445153,0.0,0.0533347500480986,-0.4323050568631192,0.6365909175421388,1.0,-0.0785684345554774,0.0,1.0,0.0,0.0,0.0,0.0,0.0,0.0,0.0,1.0,0.0,0.0,0.0,0
0.3169121837247627,-0.1196554327163925,0.4647884786675313,0.522688285546736,0.5237265822622553,1.0,-0.4635068316559128,6.749106151494529,-0.5955998732702694,1.0,0.4515700935562317,0.0,1.0,0.0,0.0,0.0,0.0,0.0,0.0,0.0,1.0,0.0,0.0,0.0,0
1.6010963625052834,1.576093838684436,-0.3548256793480726,-0.2726887166149118,-0.3596198561954812,0.0,-0.3601385153151105,0.8734060719291806,-0.86942004900636,1.0,0.4515700935562317,0.0,1.0,0.0,0.0,0.0,0.0,0.0,0.0,1.0,0.0,0.0,0.0,0.0,1
-0.788463449655168,0.2109384747503328,-0.2219152753455422,-0.1622196885369051,-0.1608669075424904,0.0,-0.8769800970191218,0.5469782897311056,0.0889505660699574,0.0,0.4515700935562317,1.0,0.0,0.0,0.0,0.0,1.0,0.0,0.0,0.0,0.0,1.0,0.0,0.0,0
0.3273372556795471,-0.4909530526808943,0.1103607346607837,0.1691873956971147,0.1703880068791607,1.0,-0.2567701989743082,-0.4323050568631192,0.362770741806048,1.0,-3.7895381313374417,0.0,1.0,0.0,0.0,0.0,0.0,0.0,0.0,0.0,1.0,0.0,0.0,0.0,0
-1.4625535797389706,-0.7130734488356778,-0.5098878173510246,-0.4494391615397224,-0.4479545000412548,1.0,-0.566875147996715,-0.4323050568631192,0.6365909175421388,0.0,0.4515700935562317,1.0,0.0,0.0,0.0,0.0,0.0,1.0,0.0,0.0,0.0,1.0,0.0,0.0,0
0.1162502881283739,-0.4906602202168287,-0.0447014033421683,0.0145307563879054,0.0158023801490568,0.0,-1.2904533623823309,0.2205505075330306,-0.86942004900636,0.0,0.1865008295003771,0.0,1.0,0.0,0.0,0.0,0.0,0.0,0.0,0.0,1.0,0.0,0.0,0.0,0
1.4010505352446427,0.6353642703283001,-0.3769774133484943,-0.3168763278461144,-0.3154525342725943,0.0,-0.566875147996715,0.8734060719291806,-0.5955998732702694,0.0,0.4515700935562317,0.0,0.0,0.0,0.0,0.0,0.0,0.0,0.0,0.0,1.0,0.0,0.0,0.0,0
1.4747035303415996,0.5473611426911539,-0.3769774133484943,-0.3168763278461144,-0.3154525342725943,0.0,-0.6702434643375174,0.3837643986320681,0.9104110932782294,1.0,0.1865008295003771,0.0,0.0,0.0,0.0,0.0,0.0,0.0,0.0,0.0,1.0,0.0,0.0,0.0,0
-0.9936189107493562,0.3949767061805205,-0.1997635413451204,-0.1401258829213038,-0.138783246581047,0.0,0.4668080154113077,-0.4323050568631192,0.7735010054101842,1.0,0.1865008295003771,1.0,0.0,0.0,0.0,0.0,0.0,1.0,0.0,0.0,0.0,0.0,0.0,0.0,0
-0.315394700407649,-0.6702083538655371,-0.1333083393438553,-0.0738444660744998,-0.0725322636967168,0.0,0.8802812807745168,0.0573366164339931,-0.458689785402224,0.0,0.1865008295003771,0.0,1.0,0.0,0.0,0.0,0.0,0.0,0.0,0.0,1.0,0.0,0.0,0.0,0
0.946223654272084,-1.122336757854648,0.2875746066641575,-0.4052515503085198,-0.3596198561954812,0.0,0.57017633175211,-0.1058772746650442,1.0473211811462748,1.0,-4.054607395393297,0.0,0.0,0.0,0.0,1.0,0.0,0.0,0.0,0.0,0.0,0.0,0.0,0.0,1
-0.8332055356573799,0.7306882095658954,-0.5098878173510246,-0.4494391615397224,-0.4479545000412548,1.0,-1.2904533623823309,-0.4323050568631192,0.0889505660699574,1.0,0.1865008295003771,1.0,0.0,0.0,0.0,0.0,0.0,0.0,0.0,0.0,1.0,0.0,0.0,0.0,0
0.8416223703080274,-0.1644727441133065,-0.3105222113472291,-0.2505949109993104,-0.2492015513882641,1.0,0.4668080154113077,-0.4323050568631192,-0.7325099611383147,0.0,-0.0785684345554774,0.0,1.0,0.0,0.0,0.0,0.0,0.0,0.0,0.0,1.0,0.0,0.0,0.0,0
0.3962616372372881,0.0194539320923808,0.0882090006603619,0.1470935900815134,0.1483043459177173,0.0,-0.7736117806783196,-0.4323050568631192,0.2258606539380027,0.0,-0.0785684345554774,0.0,1.0,0.0,0.0,1.0,0.0,0.0,0.0,0.0,0.0,0.0,0.0,0.0,0
1.2250888430478255,0.3757821662248972,0.5312436806687965,-0.4494391615397224,-0.3817035171569246,0.0,0.1567030663889009,1.5262616363253303,-0.7325099611383147,1.0,0.4515700935562317,1.0,0.0,0.0,0.0,0.0,0.0,0.0,0.0,0.0,1.0,0.0,0.0,0.0,1
-1.369002063125803,-2.141082004821253,-0.0668531373425901,-0.3168763278461144,-0.3817035171569246,0.0,0.2600713827297031,3.48482832951378,-1.143240224742451,1.0,-0.0785684345554774,0.0,0.0,0.0,0.0,1.0,0.0,0.0,0.0,0.0,0.0,0.0,0.0,0.0,1
-2.116830542566467,1.7157347852937537,-0.3548256793480726,-0.2947825222305131,-0.2933688733111509,0.0,1.397122862478528,0.0573366164339931,-0.86942004900636,1.0,0.4515700935562317,0.0,0.0,1.0,0.0,0.0,0.0,0.0,0.0,0.0,1.0,0.0,0.0,0.0,0
0.1804598825023399,-0.4717934428926887,-0.1333083393438553,-0.0738444660744998,-0.0725322636967168,0.0,0.8802812807745168,-0.4323050568631192,-0.458689785402224,0.0,0.1865008295003771,0.0,1.0,0.0,0.0,0.0,0.0,1.0,0.0,0.0,0.0,0.0,0.0,0.0,0
0.2263495560009497,0.28984985160002,0.2211194046628923,0.2796564237751214,0.2808063116863778,0.0,-0.6702434643375174,2.1791172007214805,-0.3217796975341787,1.0,0.4515700935562317,0.0,0.0,1.0,0.0,0.0,0.0,1.0,0.0,0.0,0.0,0.0,0.0,0.0,0
0.3619584495453016,-0.2815638965090767,0.0660572666599402,0.124999784465912,0.1262206849562739,0.0,2.017332760523342,-0.4323050568631192,-1.4170604004785414,1.0,0.4515700935562317,0.0,1.0,0.0,0.0,0.0,0.0,0.0,0.0,0.0,1.0,0.0,0.0,0.0,0
2.1231595975550497,0.8531479571351435,-0.4877360833506029,-0.4273453559241211,-0.4258708390798114,0.0,-0.8769800970191218,-0.4323050568631192,-0.5955998732702694,0.0,-0.0785684345554774,0.0,0.0,0.0,0.0,0.0,0.0,0.0,0.0,0.0,1.0,0.0,0.0,0.0,0
0.4259329958778509,-0.2631154512763173,5.692597702767059,5.736826410828649,5.735470569162901,0.0,0.0533347500480986,1.8526894185234053,0.6365909175421388,1.0,-4.054607395393297,0.0,1.0,0.0,0.0,1.0,0.0,0.0,0.0,0.0,0.0,1.0,0.0,0.0,0
-0.5770308232196394,0.5095996992366496,-0.0668531373425901,-0.0075630492276958,-0.0062812808123865,1.0,-1.0837167297007264,-0.4323050568631192,-0.7325099611383147,1.0,0.1865008295003771,1.0,0.0,0.0,0.0,0.0,0.0,0.0,0.0,0.0,1.0,0.0,0.0,0.0,0
0.3435693968929368,-0.2059155099725549,2.524899740706752,2.57741220779766,2.5775070516764926,1.0,1.293754546137726,0.8734060719291806,-0.458689785402224,1.0,0.4515700935562317,0.0,1.0,0.0,0.0,0.0,0.0,0.0,0.0,0.0,1.0,0.0,0.0,0.0,0
0.1051062456939966,0.953561603485164,-0.1333083393438553,-0.0738444660744998,-0.0725322636967168,1.0,-1.4971899950639356,-0.4323050568631192,-0.458689785402224,0.0,0.4515700935562317,0.0,0.0,1.0,0.0,0.0,0.0,0.0,0.0,0.0,1.0,0.0,0.0,0.0,0
1.2980027086147643,0.1527484808300717,-0.5098878173510246,-0.4494391615397224,-0.4479545000412548,1.0,2.017332760523342,-0.4323050568631192,-1.5539704883465868,0.0,-0.0785684345554774,0.0,1.0,0.0,0.0,0.0,0.0,0.0,0.0,0.0,1.0,0.0,0.0,0.0,0
0.0514461604731947,1.383272327818531,-0.4655843493501811,-0.4052515503085198,-0.403787178118368,1.0,1.397122862478528,-0.4323050568631192,0.2258606539380027,0.0,0.4515700935562317,0.0,0.0,1.0,0.0,0.0,0.0,1.0,0.0,0.0,0.0,1.0,0.0,0.0,0
0.1385798520633532,-0.0863980314465788,0.4426367446671095,0.5005944799311347,0.5016429213008119,0.0,0.0533347500480986,-0.4323050568631192,-0.1848696096661333,1.0,0.1865008295003771,0.0,1.0,0.0,0.0,0.0,0.0,1.0,0.0,0.0,0.0,0.0,0.0,0.0,0
-1.409460375088598,-0.5286587185231484,-0.3548256793480726,-0.2947825222305131,-0.2933688733111509,0.0,-0.2567701989743082,1.036619963028218,1.0473211811462748,0.0,-4.054607395393297,1.0,0.0,0.0,0.0,0.0,0.0,1.0,0.0,0.0,0.0,1.0,0.0,0.0,0
1.8756401835836989,2.260347390744302,-0.4434326153497595,-0.3831577446929184,-0.3817035171569246,1.0,-0.4635068316559128,-0.4323050568631192,-1.143240224742451,1.0,0.1865008295003771,0.0,0.0,0.0,0.0,1.0,0.0,0.0,0.0,0.0,0.0,0.0,0.0,0.0,0
1.9306743351251765,0.4465983341388393,-0.4655843493501811,-0.4052515503085198,-0.3596198561954812,1.0,0.4668080154113077,-0.2690911657640817,0.7735010054101842,1.0,0.1865008295003771,0.0,1.0,0.0,0.0,0.0,0.0,1.0,0.0,0.0,0.0,0.0,0.0,0.0,1
0.6672858553508001,0.8038823811657891,-0.1776118073446987,-0.1180320773057025,-0.1166995856196036,0.0,-1.3938216787231332,-0.4323050568631192,0.4996808296740934,1.0,0.4515700935562317,0.0,0.0,1.0,0.0,0.0,0.0,1.0,0.0,0.0,0.0,0.0,0.0,1.0,0
-0.2600616261861465,-0.4929052691076675,-0.4434326153497595,-0.3831577446929184,-0.3817035171569246,1.0,-0.7736117806783196,-0.1058772746650442,1.458051444750411,1.0,0.1865008295003771,0.0,1.0,0.0,0.0,1.0,0.0,0.0,0.0,0.0,0.0,0.0,0.0,0.0,0
-0.3676859764460773,2.287873642361508,-0.5098878173510246,-0.4494391615397224,-0.4479545000412548,0.0,0.7769129644337146,-0.4323050568631192,-1.4170604004785414,0.0,0.1865008295003771,0.0,0.0,1.0,0.0,0.0,0.0,0.0,0.0,0.0,1.0,0.0,0.0,0.0,0
0.4751963000885477,2.5265878781435664,-0.5098878173510246,-0.4494391615397224,-0.4479545000412548,1.0,-1.6005583114047377,-0.4323050568631192,-0.0479595217980879,0.0,0.4515700935562317,0.0,0.0,1.0,0.0,0.0,0.0,1.0,0.0,0.0,0.0,1.0,0.0,0.0,0
0.2290456952995703,0.2096416452667556,-0.0447014033421683,0.0145307563879054,0.0158023801490568,1.0,0.4668080154113077,-0.4323050568631192,-0.458689785402224,1.0,0.4515700935562317,0.0,0.0,1.0,0.0,0.0,0.0,0.0,0.0,0.0,1.0,0.0,0.0,0.0,0
-2.150387107068175,-0.3201759485495535,-0.0668531373425901,-0.0075630492276958,-0.0062812808123865,1.0,-0.7736117806783196,-0.4323050568631192,0.362770741806048,0.0,-0.0785684345554774,1.0,0.0,0.0,0.0,0.0,0.0,1.0,0.0,0.0,0.0,0.0,0.0,0.0,0
-0.367921024487494,-0.7239082500041206,2.214775464700848,2.268098929179241,2.268335798216285,0.0,-1.2904533623823309,3.974470002810892,0.7735010054101842,1.0,-0.0785684345554774,0.0,1.0,0.0,0.0,0.0,0.0,0.0,0.0,0.0,1.0,0.0,0.0,0.0,0
1.0837080266159125,-0.0560131772043775,-0.3548256793480726,-0.2947825222305131,-0.2933688733111509,0.0,-1.7039266277455398,-0.4323050568631192,1.5949615326184563,1.0,0.4515700935562317,0.0,1.0,0.0,0.0,0.0,1.0,0.0,0.0,0.0,0.0,1.0,0.0,0.0,0
-0.5156832844088004,-0.2566313038590257,-0.4434326153497595,-0.3831577446929184,-0.3817035171569246,0.0,-0.1534018826335059,-0.4323050568631192,0.4996808296740934,0.0,0.1865008295003771,1.0,0.0,0.0,0.0,0.0,0.0,0.0,0.0,0.0,1.0,0.0,0.0,0.0,0
0.8295519620633262,0.1518281502290343,-0.3326739453476508,-0.2726887166149118,-0.2712852123497075,0.0,-0.2567701989743082,-0.4323050568631192,-0.1848696096661333,0.0,0.1865008295003771,0.0,1.0,0.0,0.0,0.0,1.0,0.0,0.0,0.0,0.0,0.0,0.0,0.0,0
-2.100653706774645,-0.1873276207094673,0.3983332766662661,0.456406868699932,0.4574755993779251,1.0,1.1903862297969237,-0.4323050568631192,0.4996808296740934,1.0,0.1865008295003771,1.0,0.0,0.0,0.0,0.0,0.0,0.0,0.0,0.0,1.0,0.0,0.0,0.0,0
-0.3796181211369578,0.006792414124678,-0.4877360833506029,-0.4273453559241211,-0.4258708390798114,0.0,-0.9803484133599242,-0.4323050568631192,-0.0479595217980879,1.0,0.4515700935562317,1.0,0.0,0.0,0.0,0.0,0.0,1.0,0.0,0.0,0.0,0.0,0.0,0.0,0
-2.224763456046892,-3.0055376334978794,-0.1111566053434335,-0.3168763278461144,-0.3596198561954812,1.0,-0.7736117806783196,-0.4323050568631192,1.5949615326184563,1.0,0.4515700935562317,0.0,0.0,0.0,0.0,0.0,0.0,1.0,0.0,0.0,0.0,0.0,0.0,0.0,1
1.1773401052336816,0.4143594264175285,-0.4212808813493377,-0.3610639390773171,-0.3596198561954812,0.0,1.1903862297969237,-0.4323050568631192,-1.280150312610496,1.0,0.4515700935562317,0.0,0.0,0.0,0.0,0.0,0.0,0.0,0.0,0.0,1.0,0.0,0.0,0.0,0
1.1773401052336816,0.4143594264175285,-0.4212808813493377,-0.3610639390773171,-0.3596198561954812,0.0,1.5004911788193305,-0.4323050568631192,-0.1848696096661333,1.0,0.1865008295003771,0.0,0.0,0.0,0.0,0.0,0.0,0.0,0.0,0.0,1.0,0.0,0.0,0.0,0
-0.3805583133026246,-0.6845292557959476,0.7084575526721703,0.7657201473183506,0.7666468528381328,0.0,0.9836495971153192,-0.4323050568631192,-1.143240224742451,1.0,0.1865008295003771,0.0,1.0,0.0,0.0,0.0,0.0,1.0,0.0,0.0,0.0,0.0,0.0,0.0,0
0.2082093777454426,1.3864237629073943,-0.3769774133484943,-0.3168763278461144,-0.3154525342725943,0.0,-0.7736117806783196,0.5469782897311056,3.100972499166955,0.0,0.4515700935562317,0.0,0.0,1.0,0.0,1.0,0.0,0.0,0.0,0.0,0.0,1.0,0.0,0.0,0
0.2290456952995703,0.2096416452667556,-0.0447014033421683,0.0145307563879054,0.0158023801490568,1.0,1.0870179134561213,-0.4323050568631192,0.0889505660699574,1.0,0.4515700935562317,0.0,0.0,1.0,0.0,0.0,0.0,1.0,0.0,0.0,0.0,0.0,0.0,0.0,0
0.5680679291604993,-0.2827073375591147,0.3318780746650009,0.390125451853128,0.3912246164935948,1.0,-1.4971899950639356,-0.4323050568631192,-0.458689785402224,1.0,0.1865008295003771,0.0,1.0,0.0,0.0,0.0,0.0,1.0,0.0,0.0,0.0,0.0,0.0,0.0,0
1.219529510049825,-2.8828094068964893,0.2654228726637357,-0.4052515503085198,-0.403787178118368,0.0,0.6735446480929123,-0.4323050568631192,-1.280150312610496,1.0,0.1865008295003771,0.0,0.0,0.0,0.0,0.0,0.0,0.0,0.0,0.0,1.0,0.0,0.0,0.0,1
0.4053732054312665,-0.1396935398967947,0.7749127546734356,0.8320015641651546,0.8328978357224631,0.0,1.5004911788193305,-0.4323050568631192,-1.006330136874405,1.0,0.1865008295003771,0.0,1.0,0.0,0.0,0.0,0.0,0.0,0.0,0.0,1.0,0.0,0.0,0.0,0
1.2083802730565198,0.1306605464018053,1.1071887646797614,1.1634086483991746,1.1641527501441142,0.0,0.8802812807745168,-0.4323050568631192,0.9104110932782294,0.0,-0.0785684345554774,0.0,1.0,0.0,0.0,0.0,1.0,0.0,0.0,0.0,0.0,0.0,0.0,1.0,0
0.270925725738557,-0.3771109461954745,-0.2883704773468074,-0.2285011053837091,-0.2271178904268207,0.0,0.7769129644337146,0.2205505075330306,0.0889505660699574,1.0,0.4515700935562317,0.0,1.0,0.0,0.0,0.0,0.0,0.0,0.0,0.0,1.0,0.0,0.0,0.0,0
0.2653675308767111,-0.263464061352633,2.7242653467105478,2.776256458338071,2.7762600003294837,0.0,-0.2567701989743082,-0.4323050568631192,0.4996808296740934,0.0,-0.0785684345554774,0.0,1.0,0.0,0.0,0.0,0.0,0.0,0.0,0.0,1.0,0.0,0.0,0.0,0
1.7644901127025174,0.954677155729176,0.243271138663314,0.3017502293907227,0.3028899726478212,1.0,0.2600713827297031,2.015903309622443,2.1426018840906376,1.0,0.1865008295003771,0.0,0.0,0.0,0.0,0.0,0.0,0.0,0.0,0.0,1.0,0.0,0.0,0.0,0
-0.3297879363558317,-0.1232949219120977,-0.4655843493501811,-0.4052515503085198,-0.403787178118368,0.0,-0.1534018826335059,0.3837643986320681,1.868781708354547,1.0,0.4515700935562317,1.0,0.0,0.0,0.0,0.0,0.0,1.0,0.0,0.0,0.0,0.0,0.0,0.0,0
1.266879582659575,1.0114448205383466,-0.399129147348916,-0.3389701334617158,-0.3375361952340378,1.0,1.5004911788193305,-0.4323050568631192,0.9104110932782294,1.0,0.1865008295003771,0.0,0.0,0.0,0.0,0.0,0.0,0.0,0.0,0.0,1.0,0.0,0.0,0.0,0
0.0964509472275088,0.5846066432329884,-0.4877360833506029,-0.4273453559241211,-0.4258708390798114,0.0,1.397122862478528,-0.4323050568631192,0.4996808296740934,1.0,-0.0785684345554774,0.0,0.0,1.0,0.0,0.0,0.0,1.0,0.0,0.0,0.0,0.0,0.0,0.0,0
0.4203886273713478,-0.208397613715209,-0.4877360833506029,-0.4273453559241211,-0.4258708390798114,0.0,0.2600713827297031,0.7101921808301431,1.0473211811462748,0.0,0.1865008295003771,0.0,1.0,0.0,0.0,0.0,0.0,1.0,0.0,0.0,0.0,0.0,0.0,0.0,0
-0.718308522468776,-0.418637378472999,-0.0447014033421683,0.0145307563879054,0.0158023801490568,0.0,0.57017633175211,0.5469782897311056,-0.5955998732702694,1.0,0.1865008295003771,1.0,0.0,0.0,0.0,0.0,0.0,1.0,0.0,0.0,0.0,0.0,0.0,0.0,0
-0.5931938326561188,-0.4236015859581091,0.4647884786675313,0.522688285546736,0.5237265822622553,0.0,-0.0500335662927036,-0.4323050568631192,-0.3217796975341787,1.0,0.4515700935562317,1.0,0.0,0.0,0.0,0.0,0.0,0.0,0.0,0.0,1.0,0.0,0.0,0.0,0
0.1385798520633532,-0.0863980314465788,-0.4655843493501811,-0.4052515503085198,-0.403787178118368,0.0,0.0533347500480986,-0.4323050568631192,-0.1848696096661333,1.0,-0.0785684345554774,0.0,0.0,1.0,0.0,0.0,1.0,0.0,0.0,0.0,0.0,0.0,0.0,0.0,0
1.8756401835836989,2.260347390744302,-0.1776118073446987,-0.1180320773057025,-0.1166995856196036,0.0,0.9836495971153192,-0.4323050568631192,-0.1848696096661333,1.0,0.4515700935562317,0.0,0.0,0.0,0.0,0.0,0.0,1.0,0.0,0.0,0.0,0.0,0.0,0.0,0
0.4504747766732747,1.8228138563008291,-0.3326739453476508,-0.2726887166149118,-0.2712852123497075,0.0,-0.1534018826335059,-0.4323050568631192,-0.458689785402224,1.0,0.1865008295003771,0.0,0.0,1.0,0.0,0.0,0.0,0.0,0.0,0.0,1.0,0.0,0.0,0.0,0
-0.31969469693006,-0.7614465830098225,-0.4434326153497595,-0.3831577446929184,-0.3817035171569246,0.0,-0.7736117806783196,-0.4323050568631192,-0.86942004900636,0.0,-3.7895381313374417,0.0,1.0,0.0,0.0,0.0,0.0,0.0,0.0,0.0,1.0,0.0,0.0,0.0,0
-0.728029016525291,-2.492036701246352,0.2654228726637357,-0.2947825222305131,-0.3154525342725943,1.0,-0.1534018826335059,-0.2690911657640817,-0.3217796975341787,1.0,0.4515700935562317,0.0,1.0,0.0,0.0,1.0,0.0,0.0,0.0,0.0,0.0,0.0,0.0,0.0,1
-1.856424965383128,-0.119348655849314,-0.3326739453476508,-0.3168763278461144,-0.3154525342725943,0.0,0.0533347500480986,-0.4323050568631192,-0.1848696096661333,0.0,0.4515700935562317,1.0,0.0,0.0,0.0,0.0,0.0,1.0,0.0,0.0,0.0,0.0,0.0,0.0,0
1.5339909422010596,0.4739578050454708,-0.4877360833506029,-0.4273453559241211,-0.4258708390798114,0.0,-0.8769800970191218,-0.4323050568631192,-0.1848696096661333,1.0,0.1865008295003771,0.0,0.0,0.0,0.0,0.0,0.0,1.0,0.0,0.0,0.0,0.0,0.0,0.0,0
-1.195079787769209,-2.7533190305046724,0.2875746066641575,-0.2726887166149118,-0.3817035171569246,1.0,-0.4635068316559128,-0.4323050568631192,-0.0479595217980879,1.0,0.4515700935562317,0.0,0.0,1.0,0.0,0.0,0.0,0.0,0.0,1.0,0.0,0.0,0.0,0.0,1
-1.06840566698727,1.1566757782852812,-0.399129147348916,-0.3389701334617158,-0.3375361952340378,1.0,1.293754546137726,-0.4323050568631192,2.279511971958683,0.0,-0.0785684345554774,1.0,0.0,0.0,0.0,1.0,0.0,0.0,0.0,0.0,0.0,0.0,0.0,0.0,0
0.3104552757633766,-0.2596293505143496,-0.4434326153497595,-0.3831577446929184,-0.3817035171569246,0.0,-0.1534018826335059,0.3837643986320681,0.7735010054101842,1.0,0.4515700935562317,0.0,1.0,0.0,0.0,0.0,0.0,1.0,0.0,0.0,0.0,0.0,0.0,0.0,0
0.3929018328805439,-0.3589692778295954,2.458444538705487,2.511130790950856,2.5112560687921626,0.0,-1.4971899950639356,-0.4323050568631192,-0.86942004900636,0.0,-0.0785684345554774,0.0,1.0,0.0,0.0,0.0,0.0,1.0,0.0,0.0,0.0,1.0,0.0,0.0,0
-1.173592323589028,2.043618996948334,0.3540298086654226,-0.3610639390773171,-0.3375361952340378,1.0,-0.3601385153151105,-0.2690911657640817,0.4996808296740934,1.0,0.1865008295003771,0.0,1.0,0.0,0.0,0.0,0.0,1.0,0.0,0.0,0.0,0.0,0.0,0.0,1
0.3066668543899257,-0.2845479987613877,0.3540298086654226,0.4122192574687293,0.4133082774550383,0.0,-0.1534018826335059,-0.4323050568631192,1.0473211811462748,0.0,0.1865008295003771,0.0,1.0,0.0,0.0,0.0,0.0,0.0,0.0,0.0,1.0,0.0,0.0,0.0,0
-0.5661494815373644,0.1104132731758119,0.3540298086654226,0.4122192574687293,0.4133082774550383,1.0,-1.2904533623823309,0.2205505075330306,-0.86942004900636,0.0,0.1865008295003771,1.0,0.0,0.0,0.0,0.0,0.0,0.0,0.0,0.0,1.0,0.0,0.0,0.0,0
-0.4782415140460455,0.449875820981194,-0.0225496693417466,0.0366245620035067,0.0378860411105002,1.0,0.9836495971153192,-0.4323050568631192,1.5949615326184563,1.0,0.1865008295003771,1.0,0.0,0.0,0.0,0.0,0.0,0.0,0.0,0.0,1.0,0.0,0.0,0.0,0
-0.0003473667716162,-0.0112795322259379,-0.5098878173510246,-0.4494391615397224,-0.4479545000412548,1.0,-0.6702434643375174,-0.4323050568631192,-0.3217796975341787,1.0,-0.0785684345554774,1.0,0.0,0.0,0.0,1.0,0.0,0.0,0.0,0.0,0.0,0.0,0.0,0.0,0
0.8630947002095932,0.2350901808296746,-0.5098878173510246,-0.4494391615397224,-0.4479545000412548,0.0,1.5004911788193305,-0.4323050568631192,0.0889505660699574,1.0,0.4515700935562317,0.0,1.0,0.0,0.0,0.0,0.0,0.0,0.0,0.0,1.0,0.0,0.0,0.0,0
0.0534924610690346,0.0306094545309152,-0.1997635413451204,-0.1401258829213038,-0.138783246581047,1.0,1.7072278115009352,0.5469782897311056,1.1842312690143202,1.0,-0.0785684345554774,1.0,0.0,0.0,0.0,0.0,0.0,0.0,0.0,0.0,1.0,0.0,0.0,0.0,0
0.2211375954502115,-2.027284750325603,-0.2883704773468074,-0.4052515503085198,-0.4479545000412548,1.0,0.8802812807745168,-0.4323050568631192,0.7735010054101842,1.0,0.4515700935562317,0.0,1.0,0.0,0.0,0.0,0.0,0.0,0.0,0.0,1.0,0.0,0.0,0.0,1
0.1574666535093352,-0.3898700749844664,0.3983332766662661,0.456406868699932,0.4574755993779251,0.0,0.2600713827297031,-0.1058772746650442,-0.7325099611383147,1.0,-0.0785684345554774,0.0,1.0,0.0,0.0,0.0,0.0,0.0,0.0,0.0,1.0,0.0,0.0,0.0,0
-0.2600616261861465,-0.4929052691076675,-0.4434326153497595,-0.3831577446929184,-0.3817035171569246,1.0,-0.566875147996715,-0.4323050568631192,2.0056917962225924,1.0,0.1865008295003771,0.0,1.0,0.0,0.0,0.0,0.0,0.0,0.0,0.0,1.0,0.0,0.0,0.0,0
0.1617666500317462,0.0210714828460496,-0.3326739453476508,-0.3168763278461144,-0.3154525342725943,0.0,0.0533347500480986,-0.2690911657640817,0.4996808296740934,0.0,-0.0785684345554774,0.0,0.0,1.0,0.0,0.0,0.0,0.0,0.0,0.0,1.0,0.0,0.0,0.0,0
0.8115638737168843,-0.1976325345620293,0.7970644886738573,0.854095369780756,0.8549814966839064,1.0,-1.1870850460415288,-0.4323050568631192,0.9104110932782294,0.0,0.4515700935562317,0.0,1.0,0.0,0.0,0.0,1.0,0.0,0.0,0.0,0.0,1.0,0.0,0.0,0
0.396994434072322,-0.1666341265858691,1.5059199766873526,1.5610971494799983,1.5616586474500955,0.0,0.6735446480929123,0.5469782897311056,-0.7325099611383147,0.0,0.4515700935562317,0.0,1.0,0.0,0.0,0.0,0.0,1.0,0.0,0.0,0.0,0.0,0.0,0.0,0
-0.3978274311693753,-0.7196830958804826,2.1261685286991607,2.179723706716836,2.180001154370512,0.0,0.0533347500480986,-0.2690911657640817,0.2258606539380027,1.0,0.1865008295003771,0.0,1.0,0.0,0.0,1.0,0.0,0.0,0.0,0.0,0.0,1.0,0.0,0.0,0
1.556319557949143,-3.897664315416947,0.1989676706624706,-0.3831577446929184,-0.4258708390798114,0.0,-0.2567701989743082,0.2205505075330306,-1.006330136874405,1.0,0.1865008295003771,0.0,0.0,0.0,1.0,1.0,0.0,0.0,0.0,0.0,0.0,0.0,0.0,0.0,1
0.6713646301871372,-0.002271447856755,0.2875746066641575,0.3459378406219254,0.347057294570708,1.0,-1.3938216787231332,-0.4323050568631192,0.0889505660699574,0.0,-0.0785684345554774,0.0,1.0,0.0,0.0,0.0,0.0,0.0,0.0,0.0,1.0,0.0,0.0,0.0,0
-1.6883379630565551,0.0156331656571105,-0.0890048713430118,-0.0296568548432972,-0.0283649417738299,0.0,-0.7736117806783196,0.5469782897311056,1.1842312690143202,0.0,0.4515700935562317,1.0,0.0,0.0,0.0,0.0,0.0,1.0,0.0,0.0,0.0,0.0,0.0,0.0,0
0.2290456952995703,0.2096416452667556,-0.0447014033421683,0.0145307563879054,0.0158023801490568,1.0,-1.4971899950639356,-0.4323050568631192,-1.5539704883465868,1.0,-3.7895381313374417,0.0,0.0,1.0,0.0,0.0,0.0,0.0,0.0,0.0,1.0,0.0,0.0,0.0,0
-1.326087452161205,-0.3684375274993961,-0.4877360833506029,-0.4273453559241211,-0.4258708390798114,1.0,1.397122862478528,-0.4323050568631192,1.0473211811462748,0.0,0.4515700935562317,1.0,0.0,0.0,0.0,1.0,0.0,0.0,0.0,0.0,0.0,1.0,0.0,0.0,0
0.9238481020631388,0.8602553450786424,0.4647884786675313,-0.4273453559241211,-0.3154525342725943,0.0,0.1567030663889009,-0.4323050568631192,-1.006330136874405,1.0,0.1865008295003771,0.0,0.0,0.0,0.0,0.0,0.0,0.0,0.0,0.0,1.0,0.0,0.0,0.0,1
-0.4782415140460455,0.449875820981194,0.2211194046628923,0.2796564237751214,0.2808063116863778,0.0,-0.2567701989743082,0.3837643986320681,0.4996808296740934,1.0,0.4515700935562317,1.0,0.0,0.0,0.0,0.0,0.0,1.0,0.0,0.0,0.0,0.0,0.0,0.0,0
-1.142238404704076,0.200145506790929,-0.4212808813493377,-0.3610639390773171,-0.3596198561954812,1.0,-0.7736117806783196,-0.4323050568631192,0.362770741806048,1.0,-0.0785684345554774,1.0,0.0,0.0,0.0,0.0,0.0,0.0,0.0,0.0,1.0,0.0,0.0,0.0,0
-0.3388718518389281,2.300242327865145,-0.3548256793480726,-0.2947825222305131,-0.2933688733111509,1.0,-1.3938216787231332,-0.4323050568631192,1.0473211811462748,1.0,0.4515700935562317,0.0,0.0,1.0,0.0,0.0,0.0,1.0,0.0,0.0,0.0,1.0,0.0,0.0,0
0.0421825023701511,-0.5533682007245952,-0.5098878173510246,-0.4494391615397224,-0.4479545000412548,0.0,-2.3241365257903537,-0.4323050568631192,-0.5955998732702694,0.0,0.1865008295003771,0.0,1.0,0.0,0.0,0.0,0.0,1.0,0.0,0.0,0.0,1.0,0.0,0.0,0
0.4261542175639248,-0.1887638942233727,0.7527610206730139,0.8099077585495532,0.8108141747610197,0.0,0.8802812807745168,-0.4323050568631192,-0.458689785402224,0.0,0.1865008295003771,0.0,1.0,0.0,0.0,0.0,0.0,0.0,0.0,0.0,1.0,0.0,0.0,0.0,0
-0.7434724892561967,-0.3774177230623549,-0.5098878173510246,-0.4494391615397224,-0.4479545000412548,1.0,-1.4971899950639356,1.1998338541272555,0.6365909175421388,1.0,-0.0785684345554774,1.0,0.0,0.0,0.0,0.0,0.0,0.0,0.0,0.0,1.0,0.0,0.0,0.0,0
0.0539072517303987,0.0349879970880925,-0.2883704773468074,-0.2285011053837091,-0.2271178904268207,1.0,1.5004911788193305,-0.4323050568631192,2.4164220598267283,0.0,0.1865008295003771,1.0,0.0,0.0,0.0,1.0,0.0,0.0,0.0,0.0,0.0,0.0,0.0,0.0,0
1.3022750524263915,1.0624534468886848,0.0217537986590967,0.0808121732347094,0.082053363033387,1.0,-1.6005583114047377,-0.4323050568631192,-0.0479595217980879,0.0,0.4515700935562317,0.0,0.0,0.0,0.0,0.0,0.0,0.0,0.0,0.0,1.0,0.0,0.0,0.0,0
-2.232421685233371,2.2340263431445018,0.4647884786675313,-0.2726887166149118,-0.3596198561954812,0.0,1.1903862297969237,-0.2690911657640817,0.2258606539380027,1.0,-0.0785684345554774,0.0,0.0,0.0,1.0,0.0,0.0,0.0,0.0,1.0,0.0,0.0,0.0,0.0,1
-0.9852124866797262,-0.4836182966776302,-0.4655843493501811,-0.4052515503085198,-0.403787178118368,0.0,-1.1870850460415288,-0.4323050568631192,-0.86942004900636,0.0,0.1865008295003771,1.0,0.0,0.0,0.0,0.0,0.0,1.0,0.0,0.0,0.0,1.0,0.0,0.0,0
1.823321254834585,1.2435912424848377,-0.3769774133484943,-0.3168763278461144,-0.3154525342725943,0.0,-1.2904533623823309,-0.4323050568631192,0.6365909175421388,0.0,0.4515700935562317,0.0,0.0,0.0,0.0,1.0,0.0,0.0,0.0,0.0,0.0,0.0,0.0,0.0,0
0.1411792068743779,0.5671482506165295,-0.1111566053434335,-0.0517506604588985,-0.0504486027352734,1.0,0.0533347500480986,1.1998338541272555,2.690242235562819,0.0,0.1865008295003771,0.0,0.0,1.0,0.0,0.0,0.0,0.0,1.0,0.0,0.0,1.0,0.0,0.0,0
-0.1406433947890576,-0.3446483758991849,-0.5098878173510246,-0.4494391615397224,-0.4479545000412548,1.0,-1.2904533623823309,-0.4323050568631192,1.1842312690143202,1.0,0.4515700935562317,0.0,1.0,0.0,0.0,0.0,0.0,1.0,0.0,0.0,0.0,0.0,0.0,0.0,0
1.020950199556573,-0.0919618482626348,-0.3548256793480726,-0.2947825222305131,-0.2933688733111509,0.0,-0.3601385153151105,0.0573366164339931,0.7735010054101842,0.0,0.4515700935562317,0.0,1.0,0.0,0.0,0.0,0.0,0.0,0.0,0.0,1.0,0.0,0.0,0.0,0
0.3127781034668581,-0.2875599898199227,-0.3548256793480726,-0.2947825222305131,-0.2933688733111509,0.0,-0.6702434643375174,-0.4323050568631192,0.0889505660699574,1.0,0.4515700935562317,0.0,1.0,0.0,0.0,1.0,0.0,0.0,0.0,0.0,0.0,0.0,0.0,0.0,0
0.5675287013007556,0.0175574932778577,-0.4212808813493377,-0.3610639390773171,-0.3596198561954812,0.0,1.293754546137726,0.2205505075330306,-0.0479595217980879,1.0,0.1865008295003771,0.0,1.0,0.0,0.0,0.0,0.0,1.0,0.0,0.0,0.0,0.0,0.0,0.0,0
0.4053732054312665,-0.1396935398967947,0.7749127546734356,0.8320015641651546,0.8328978357224631,0.0,1.1903862297969237,-0.2690911657640817,-1.006330136874405,1.0,0.1865008295003771,0.0,1.0,0.0,0.0,0.0,0.0,0.0,0.0,0.0,1.0,0.0,0.0,0.0,0
0.3098883951929473,0.5737997308705716,-0.399129147348916,-0.3389701334617158,-0.3375361952340378,0.0,1.1903862297969237,0.5469782897311056,-0.458689785402224,1.0,0.1865008295003771,0.0,0.0,1.0,0.0,0.0,0.0,0.0,1.0,0.0,0.0,0.0,0.0,0.0,0
-0.0993810008717407,2.5170543932044502,0.243271138663314,-0.3168763278461144,-0.4479545000412548,1.0,0.8802812807745168,-0.4323050568631192,-0.458689785402224,1.0,0.1865008295003771,0.0,1.0,0.0,0.0,1.0,0.0,0.0,0.0,0.0,0.0,0.0,0.0,0.0,1
-1.8557054710320104,-0.2145850605064138,0.5533954146692183,-0.4273453559241211,-0.4479545000412548,1.0,0.0533347500480986,0.5469782897311056,0.4996808296740934,1.0,-4.054607395393297,0.0,0.0,0.0,0.0,0.0,0.0,0.0,0.0,1.0,0.0,0.0,0.0,0.0,1
-0.2446452399399455,0.024390250771465,-0.4212808813493377,-0.3610639390773171,-0.3596198561954812,0.0,0.2600713827297031,-0.4323050568631192,-0.86942004900636,0.0,0.4515700935562317,1.0,0.0,0.0,0.0,0.0,0.0,1.0,0.0,0.0,0.0,1.0,0.0,0.0,0
-0.0616949055824553,-0.4529406099715616,-0.4212808813493377,-0.3610639390773171,-0.3596198561954812,0.0,-0.9803484133599242,0.5469782897311056,0.362770741806048,1.0,0.1865008295003771,0.0,1.0,0.0,0.0,0.0,1.0,0.0,0.0,0.0,0.0,0.0,0.0,0.0,0
-0.7668113771337532,-0.7597453658380758,-0.1333083393438553,-0.0738444660744998,-0.0725322636967168,1.0,0.7769129644337146,-0.4323050568631192,0.2258606539380027,0.0,0.1865008295003771,1.0,0.0,0.0,0.0,0.0,0.0,0.0,0.0,0.0,1.0,0.0,0.0,0.0,0
1.8294878093329867,0.5971984391854281,-0.4877360833506029,-0.4273453559241211,-0.4258708390798114,0.0,0.4668080154113077,-0.4323050568631192,-0.7325099611383147,1.0,0.4515700935562317,0.0,1.0,0.0,0.0,0.0,0.0,1.0,0.0,0.0,0.0,0.0,0.0,1.0,0
-1.950479934797334,-2.0786669462694416,-0.0003979353413249,-0.4273453559241211,-0.3375361952340378,0.0,0.0533347500480986,0.5469782897311056,-1.143240224742451,1.0,0.1865008295003771,0.0,0.0,0.0,1.0,0.0,0.0,1.0,0.0,0.0,0.0,0.0,0.0,0.0,1
1.22275968264936,0.4180407488220745,-0.3326739453476508,-0.2726887166149118,-0.2712852123497075,1.0,-1.2904533623823309,1.036619963028218,-0.86942004900636,1.0,0.4515700935562317,0.0,0.0,0.0,0.0,0.0,0.0,0.0,1.0,0.0,0.0,1.0,0.0,0.0,0
-1.3580401594390243,-0.4247589714111601,-0.399129147348916,-0.3389701334617158,-0.3375361952340378,0.0,0.2600713827297031,1.363047745226293,0.0889505660699574,0.0,-4.054607395393297,1.0,0.0,0.0,0.0,1.0,0.0,0.0,0.0,0.0,0.0,1.0,0.0,0.0,0
0.5270174800441425,0.0642991322953208,0.0217537986590967,0.0808121732347094,0.082053363033387,1.0,0.7769129644337146,0.5469782897311056,-0.3217796975341787,1.0,0.1865008295003771,0.0,1.0,0.0,0.0,0.0,0.0,0.0,0.0,0.0,1.0,0.0,0.0,0.0,0
-1.26361206161801,-3.755693454278663,0.1989676706624706,-0.3831577446929184,-0.4479545000412548,1.0,0.2600713827297031,0.3837643986320681,-0.1848696096661333,1.0,0.1865008295003771,0.0,0.0,1.0,0.0,0.0,0.0,1.0,0.0,0.0,0.0,0.0,0.0,0.0,1
1.9443185440199395,0.7854106804057392,-0.155460073344277,-0.3389701334617158,-0.4479545000412548,1.0,-0.4635068316559128,0.5469782897311056,0.0889505660699574,1.0,0.1865008295003771,0.0,0.0,0.0,1.0,0.0,0.0,0.0,0.0,1.0,0.0,0.0,0.0,0.0,1
0.3128334088883274,-0.0822147105319798,-0.5098878173510246,-0.4494391615397224,-0.4479545000412548,1.0,-0.0500335662927036,-0.4323050568631192,1.1842312690143202,0.0,0.1865008295003771,0.0,1.0,0.0,0.0,0.0,0.0,1.0,0.0,0.0,0.0,1.0,0.0,0.0,0
0.1843312620081423,-0.3816010439769539,2.6356584107088605,2.687881235875666,2.68792535648371,1.0,0.57017633175211,0.0573366164339931,-1.006330136874405,0.0,0.4515700935562317,0.0,1.0,0.0,0.0,0.0,0.0,1.0,0.0,0.0,0.0,0.0,0.0,0.0,0
-0.1234710614099029,1.44740263743719,-0.4434326153497595,-0.3831577446929184,-0.3817035171569246,0.0,1.5004911788193305,-0.4323050568631192,-1.006330136874405,0.0,0.1865008295003771,0.0,0.0,1.0,0.0,0.0,0.0,1.0,0.0,0.0,0.0,1.0,0.0,0.0,0
1.1156192548276052,0.4243157301937748,-0.5098878173510246,-0.4494391615397224,-0.4479545000412548,1.0,-1.1870850460415288,-0.4323050568631192,-0.3217796975341787,0.0,0.1865008295003771,0.0,0.0,0.0,0.0,0.0,0.0,1.0,0.0,0.0,0.0,0.0,0.0,0.0,0
0.1574666535093352,-0.3898700749844664,0.3983332766662661,0.456406868699932,0.4574755993779251,0.0,-0.2567701989743082,1.5262616363253303,-0.0479595217980879,1.0,0.1865008295003771,0.0,1.0,0.0,0.0,0.0,0.0,0.0,0.0,0.0,1.0,0.0,0.0,0.0,0
-0.3978274311693753,-0.7196830958804826,2.1261685286991607,2.179723706716836,2.180001154370512,0.0,-0.3601385153151105,4.137683893909929,3.922433026375227,1.0,0.1865008295003771,0.0,1.0,0.0,0.0,0.0,0.0,0.0,0.0,0.0,1.0,0.0,0.0,0.0,0
-1.2406308431583517,-2.8953026735581977,-0.3105222113472291,-0.2947825222305131,-0.3375361952340378,0.0,0.3634396990705054,-0.4323050568631192,-0.86942004900636,1.0,0.1865008295003771,0.0,1.0,0.0,0.0,0.0,0.0,0.0,0.0,1.0,0.0,0.0,0.0,0.0,1
-0.6004250165186653,-0.2790817927666207,-0.2440670093459639,-0.1843134941525065,-0.1829505685039338,1.0,1.0870179134561213,-0.4323050568631192,-0.0479595217980879,1.0,0.4515700935562317,1.0,0.0,0.0,0.0,0.0,1.0,0.0,0.0,0.0,0.0,0.0,0.0,0.0,0
0.4157153192536995,-0.4372810453483366,-0.5098878173510246,-0.4494391615397224,-0.4479545000412548,0.0,0.9836495971153192,-0.4323050568631192,0.7735010054101842,0.0,0.1865008295003771,0.0,1.0,0.0,0.0,0.0,0.0,1.0,0.0,0.0,0.0,0.0,0.0,0.0,0
0.4552725219893029,-0.2586811311070881,-0.4212808813493377,-0.3610639390773171,-0.3596198561954812,0.0,-0.0500335662927036,2.505544982919555,1.458051444750411,1.0,0.4515700935562317,0.0,1.0,0.0,0.0,0.0,0.0,0.0,0.0,0.0,1.0,0.0,0.0,0.0,0
0.5495820920205385,0.0103482369019088,0.2875746066641575,0.3459378406219254,0.347057294570708,1.0,0.8802812807745168,-0.4323050568631192,-0.7325099611383147,1.0,0.1865008295003771,0.0,1.0,0.0,0.0,0.0,0.0,0.0,0.0,0.0,1.0,0.0,0.0,0.0,0
-2.5367084612223554,-1.2015169383137565,0.2211194046628923,-0.3168763278461144,-0.4479545000412548,1.0,1.397122862478528,-0.4323050568631192,0.9104110932782294,1.0,0.4515700935562317,0.0,0.0,0.0,1.0,0.0,0.0,0.0,0.0,0.0,1.0,0.0,0.0,0.0,1
1.3219499561288768,0.2928897314645811,-0.3326739453476508,-0.3168763278461144,-0.3154525342725943,0.0,-0.4635068316559128,6.585892260395491,-0.458689785402224,1.0,0.4515700935562317,0.0,1.0,0.0,0.0,0.0,0.0,1.0,0.0,0.0,0.0,1.0,0.0,0.0,0
-1.8532310772908895,-1.9816934049517456,-0.3326739453476508,-0.3168763278461144,-0.3154525342725943,0.0,-0.6702434643375174,3.48482832951378,3.922433026375227,0.0,0.1865008295003771,0.0,0.0,0.0,1.0,0.0,0.0,1.0,0.0,0.0,0.0,1.0,0.0,0.0,0
0.4552725219893029,-0.2586811311070881,-0.4212808813493377,-0.3610639390773171,-0.3596198561954812,0.0,-1.4971899950639356,-0.1058772746650442,-0.458689785402224,1.0,0.1865008295003771,0.0,1.0,0.0,0.0,0.0,1.0,0.0,0.0,0.0,0.0,1.0,0.0,0.0,0
0.2112096968623903,0.2850529769514621,-0.3105222113472291,-0.2505949109993104,-0.2492015513882641,0.0,0.4668080154113077,-0.4323050568631192,-0.7325099611383147,1.0,0.1865008295003771,0.0,0.0,1.0,0.0,1.0,0.0,0.0,0.0,0.0,0.0,0.0,0.0,0.0,0
0.2556337766908341,-0.1909949987110003,0.6420023506709052,0.6994387304715466,0.7003958699538027,0.0,0.7769129644337146,-0.4323050568631192,-1.280150312610496,1.0,-0.0785684345554774,0.0,1.0,0.0,0.0,0.0,0.0,0.0,0.0,0.0,1.0,0.0,0.0,0.0,0
-2.093892618994932,-0.2310991018776325,-0.3548256793480726,-0.2947825222305131,-0.2933688733111509,1.0,-0.2567701989743082,-0.4323050568631192,0.0889505660699574,1.0,0.1865008295003771,1.0,0.0,0.0,0.0,0.0,0.0,0.0,0.0,0.0,1.0,1.0,0.0,0.0,0
-0.0767932856548881,0.0208623168002602,-0.4877360833506029,-0.4273453559241211,-0.4258708390798114,0.0,-0.8769800970191218,-0.4323050568631192,-0.7325099611383147,1.0,0.1865008295003771,1.0,0.0,0.0,0.0,0.0,0.0,0.0,0.0,0.0,1.0,0.0,0.0,0.0,0
1.8047109804962445,0.4188634686020209,-0.3326739453476508,-0.2726887166149118,-0.2712852123497075,0.0,0.8802812807745168,-0.4323050568631192,-0.3217796975341787,1.0,0.4515700935562317,0.0,1.0,0.0,0.0,0.0,0.0,1.0,0.0,0.0,0.0,0.0,0.0,0.0,0
-0.5211170420722665,-0.0770134481950542,-0.4877360833506029,-0.4273453559241211,-0.4258708390798114,1.0,0.8802812807745168,0.3837643986320681,-0.7325099611383147,0.0,-3.7895381313374417,1.0,0.0,0.0,0.0,0.0,0.0,1.0,0.0,0.0,0.0,1.0,0.0,0.0,0
-0.2832484241545395,-0.6842503677350933,4.119824588737116,4.168166212120955,4.167530640900419,0.0,-0.2567701989743082,-0.4323050568631192,-0.3217796975341787,1.0,0.4515700935562317,0.0,1.0,0.0,0.0,0.0,0.0,0.0,0.0,0.0,1.0,0.0,0.0,0.0,0
-1.0343365037780232,-1.2066425388050228,0.5533954146692183,-0.4052515503085198,-0.3375361952340378,1.0,-1.1870850460415288,0.0573366164339931,0.362770741806048,1.0,0.4515700935562317,0.0,0.0,0.0,1.0,1.0,0.0,0.0,0.0,0.0,0.0,0.0,0.0,0.0,1
-0.3297879363558317,-0.1232949219120977,-0.4655843493501811,-0.4052515503085198,-0.403787178118368,0.0,1.293754546137726,0.0573366164339931,0.0889505660699574,1.0,-3.7895381313374417,1.0,0.0,0.0,0.0,0.0,0.0,0.0,0.0,0.0,1.0,0.0,0.0,0.0,0
0.4340905455507215,0.0440936922785645,0.1989676706624706,0.2575626181595201,0.2587226507249344,1.0,0.6735446480929123,-0.4323050568631192,0.0889505660699574,0.0,0.4515700935562317,0.0,1.0,0.0,0.0,0.0,0.0,1.0,0.0,0.0,0.0,0.0,0.0,1.0,0
-0.1406433947890576,-0.3446483758991849,-0.4434326153497595,-0.3831577446929184,-0.3817035171569246,0.0,0.57017633175211,-0.4323050568631192,0.6365909175421388,1.0,0.4515700935562317,0.0,1.0,0.0,0.0,0.0,0.0,0.0,0.0,0.0,1.0,0.0,0.0,0.0,0
-2.100653706774645,-0.1873276207094673,0.3983332766662661,0.456406868699932,0.4574755993779251,1.0,0.8802812807745168,-0.4323050568631192,-0.1848696096661333,1.0,-0.0785684345554774,1.0,0.0,0.0,0.0,0.0,0.0,1.0,0.0,0.0,0.0,0.0,0.0,0.0,0
-0.5868337091824268,-0.2646075024024727,0.0660572666599402,0.124999784465912,0.1262206849562739,1.0,0.57017633175211,-0.4323050568631192,-0.7325099611383147,1.0,-0.0785684345554774,1.0,0.0,0.0,0.0,0.0,0.0,0.0,0.0,0.0,1.0,0.0,0.0,0.0,0
-0.8220061878014351,0.1792986242339896,-0.2219152753455422,-0.1622196885369051,-0.1608669075424904,1.0,-1.4971899950639356,-0.4323050568631192,-0.7325099611383147,1.0,-0.0785684345554774,1.0,0.0,0.0,0.0,0.0,0.0,0.0,0.0,0.0,1.0,0.0,0.0,0.0,0
0.0330709341762709,-0.2172104764416155,0.1546642026616271,0.2133750069283174,0.2145553288020475,1.0,-1.2904533623823309,-0.4323050568631192,-1.280150312610496,1.0,-0.0785684345554774,0.0,1.0,0.0,0.0,0.0,1.0,0.0,0.0,0.0,0.0,0.0,0.0,0.0,0
-0.3311705718935481,2.213257141650524,-0.3326739453476508,-0.3168763278461144,-0.3154525342725943,0.0,-1.1870850460415288,-0.4323050568631192,-0.1848696096661333,0.0,0.4515700935562317,0.0,0.0,1.0,0.0,0.0,0.0,0.0,0.0,0.0,1.0,0.0,0.0,0.0,0
-1.3391118017659485,-0.2071262455034309,0.3097263406645792,-0.4052515503085198,-0.3375361952340378,1.0,1.1903862297969237,-0.1058772746650442,0.4996808296740934,1.0,-0.0785684345554774,0.0,0.0,1.0,0.0,0.0,0.0,0.0,0.0,1.0,0.0,0.0,0.0,0.0,1
0.0718538610106157,-0.5375134144587921,-0.3105222113472291,-0.2505949109993104,-0.2492015513882641,1.0,-0.566875147996715,2.668758874018593,0.0889505660699574,1.0,-0.0785684345554774,0.0,1.0,0.0,0.0,0.0,0.0,1.0,0.0,0.0,0.0,0.0,0.0,0.0,0
1.6007445859645808,0.7800235075503147,-0.3769774133484943,-0.3168763278461144,-0.3154525342725943,1.0,1.293754546137726,5.933036695999342,-0.5955998732702694,0.0,-0.0785684345554774,0.0,0.0,0.0,0.0,0.0,0.0,1.0,0.0,0.0,0.0,0.0,0.0,0.0,0
1.0329929550905887,0.2428014357154784,-0.4434326153497595,-0.3831577446929184,-0.3817035171569246,0.0,-1.0837167297007264,-0.4323050568631192,0.6365909175421388,0.0,0.4515700935562317,0.0,1.0,0.0,0.0,0.0,0.0,0.0,0.0,0.0,1.0,0.0,0.0,0.0,0
-0.3541223218205244,0.7720473090068677,-0.3326739453476508,-0.3168763278461144,-0.3154525342725943,0.0,0.3634396990705054,-0.4323050568631192,-0.0479595217980879,0.0,-4.054607395393297,0.0,0.0,1.0,0.0,0.0,0.0,1.0,0.0,0.0,0.0,1.0,0.0,0.0,0
1.5993342977160807,0.786214822503739,-0.1776118073446987,-0.1180320773057025,-0.1166995856196036,1.0,0.9836495971153192,-0.2690911657640817,0.362770741806048,1.0,0.1865008295003771,0.0,0.0,0.0,0.0,0.0,0.0,0.0,0.0,0.0,1.0,0.0,0.0,0.0,0
-0.3940943152173937,0.1456926128876621,-0.4877360833506029,-0.4273453559241211,-0.4258708390798114,1.0,0.7769129644337146,-0.4323050568631192,-0.0479595217980879,0.0,-0.0785684345554774,1.0,0.0,0.0,0.0,0.0,0.0,0.0,0.0,0.0,0.0,1.0,0.0,0.0,0
-0.3445683102544964,-0.592049974780335,-0.3326739453476508,-0.2726887166149118,-0.2712852123497075,0.0,-1.2904533623823309,-0.4323050568631192,-0.5955998732702694,0.0,0.1865008295003771,0.0,1.0,0.0,0.0,0.0,0.0,0.0,1.0,0.0,0.0,1.0,0.0,0.0,0
0.9969199939102076,0.5446280396936714,-0.5098878173510246,-0.4494391615397224,-0.4479545000412548,1.0,-0.566875147996715,-0.4323050568631192,-0.7325099611383147,1.0,0.1865008295003771,0.0,0.0,0.0,0.0,0.0,0.0,0.0,0.0,0.0,1.0,0.0,0.0,0.0,0
-0.3096705892812968,-0.7178842678872487,7.575495092802906,7.614799888154762,7.612581750885591,0.0,0.1567030663889009,1.8526894185234053,-1.006330136874405,1.0,0.1865008295003771,0.0,1.0,0.0,0.0,0.0,0.0,1.0,0.0,0.0,0.0,0.0,0.0,0.0,0
-1.2884797655338454,0.1604318469096514,-0.5098878173510246,-0.4494391615397224,-0.4479545000412548,1.0,-0.1534018826335059,0.3837643986320681,-0.3217796975341787,0.0,-0.0785684345554774,1.0,0.0,0.0,0.0,0.0,0.0,0.0,0.0,0.0,1.0,0.0,0.0,1.0,0
0.0261024510659249,-0.3149746862126279,-0.3326739453476508,-0.3168763278461144,-0.3154525342725943,0.0,1.293754546137726,-0.4323050568631192,-1.006330136874405,1.0,0.1865008295003771,0.0,1.0,0.0,0.0,0.0,0.0,1.0,0.0,0.0,0.0,0.0,0.0,0.0,0
-0.706404030488581,-0.3586067233504649,-0.4877360833506029,-0.4273453559241211,-0.4258708390798114,0.0,-0.566875147996715,4.137683893909929,1.7318716204865017,1.0,-3.7895381313374417,1.0,0.0,0.0,0.0,0.0,1.0,0.0,0.0,0.0,0.0,1.0,0.0,0.0,0
1.6114185323161248,0.3931499893810624,-0.5098878173510246,-0.4494391615397224,-0.4479545000412548,1.0,-0.1534018826335059,-0.4323050568631192,-1.143240224742451,1.0,0.1865008295003771,0.0,1.0,0.0,0.0,0.0,0.0,1.0,0.0,0.0,0.0,1.0,0.0,0.0,0
-0.6892455234648672,-0.3459312609795509,-0.4434326153497595,-0.3831577446929184,-0.3817035171569246,0.0,-0.566875147996715,-0.4323050568631192,-0.0479595217980879,0.0,0.1865008295003771,1.0,0.0,0.0,0.0,0.0,0.0,0.0,0.0,0.0,1.0,0.0,0.0,0.0,0
1.8282710900597767,0.5966406630635213,-0.399129147348916,-0.3389701334617158,-0.3375361952340378,1.0,-1.1870850460415288,-0.4323050568631192,-1.143240224742451,1.0,0.1865008295003771,0.0,1.0,0.0,0.0,0.0,1.0,0.0,0.0,0.0,0.0,0.0,0.0,0.0,0
-0.5042074094453123,-0.3182376765257932,-0.3326739453476508,-0.2726887166149118,-0.2712852123497075,0.0,0.6735446480929123,-0.4323050568631192,0.4996808296740934,1.0,0.4515700935562317,1.0,0.0,0.0,0.0,0.0,0.0,1.0,0.0,0.0,0.0,0.0,0.0,0.0,0
-0.817402011460697,-0.379286273070852,-0.5098878173510246,-0.4494391615397224,-0.4479545000412548,0.0,-0.4635068316559128,-0.4323050568631192,1.1842312690143202,1.0,-3.7895381313374417,1.0,0.0,0.0,0.0,0.0,0.0,0.0,1.0,0.0,0.0,0.0,0.0,0.0,0
0.3301578321766457,-0.2859982166785041,-0.155460073344277,-0.0959382716901011,-0.0946159246581602,0.0,0.7769129644337146,0.5469782897311056,0.4996808296740934,0.0,0.1865008295003771,0.0,1.0,0.0,0.0,1.0,0.0,0.0,0.0,0.0,0.0,1.0,0.0,0.0,0
-0.7077728396710529,0.094070432803365,-0.1997635413451204,-0.1401258829213038,-0.138783246581047,0.0,-0.3601385153151105,-0.4323050568631192,0.0889505660699574,1.0,0.4515700935562317,1.0,0.0,0.0,0.0,0.0,0.0,1.0,0.0,0.0,0.0,0.0,0.0,0.0,0
0.6672858553508001,0.8038823811657891,-0.1776118073446987,-0.1180320773057025,-0.1166995856196036,0.0,-0.3601385153151105,-0.4323050568631192,0.362770741806048,1.0,0.4515700935562317,0.0,0.0,1.0,0.0,0.0,0.0,1.0,0.0,0.0,0.0,0.0,0.0,0.0,0
0.2789173591469212,0.2822501519387164,-0.3105222113472291,-0.2505949109993104,-0.2492015513882641,1.0,-0.2567701989743082,-0.4323050568631192,0.362770741806048,1.0,-0.0785684345554774,0.0,0.0,1.0,0.0,0.0,0.0,0.0,0.0,0.0,1.0,0.0,0.0,0.0,0
0.5472316116062733,0.0026369820163031,-0.4877360833506029,-0.4273453559241211,-0.4258708390798114,1.0,-0.6702434643375174,-0.4323050568631192,-0.3217796975341787,1.0,0.1865008295003771,0.0,1.0,0.0,0.0,0.0,0.0,0.0,0.0,0.0,1.0,0.0,0.0,0.0,0
1.1827738628970494,0.0865543995603376,-0.3326739453476508,-0.2726887166149118,-0.2712852123497075,0.0,-1.1870850460415288,-0.4323050568631192,0.362770741806048,0.0,0.4515700935562317,0.0,1.0,0.0,0.0,1.0,0.0,0.0,0.0,0.0,0.0,0.0,0.0,0.0,0
-0.7297705710769213,-0.4265299105981699,-0.2662187433463857,-0.2064072997681078,-0.2050342294653773,1.0,0.9836495971153192,-0.4323050568631192,0.9104110932782294,1.0,0.4515700935562317,1.0,0.0,0.0,0.0,0.0,0.0,0.0,0.0,0.0,1.0,0.0,0.0,0.0,0
0.859610458654371,0.2396778894326412,-0.4212808813493377,-0.3610639390773171,-0.3596198561954812,0.0,1.293754546137726,5.933036695999342,-0.5955998732702694,1.0,-0.0785684345554774,0.0,1.0,0.0,0.0,0.0,0.0,1.0,0.0,0.0,0.0,0.0,0.0,0.0,0
0.2112096968623903,0.2850529769514621,-0.1776118073446987,-0.1180320773057025,-0.1166995856196036,0.0,-1.4971899950639356,-0.4323050568631192,-1.143240224742451,1.0,0.1865008295003771,0.0,0.0,1.0,0.0,0.0,0.0,1.0,0.0,0.0,0.0,0.0,0.0,0.0,0
0.3971741766922693,1.751655567545985,-0.4655843493501811,-0.4052515503085198,-0.403787178118368,0.0,-1.2904533623823309,-0.4323050568631192,0.2258606539380027,1.0,0.4515700935562317,0.0,0.0,1.0,0.0,0.0,0.0,0.0,0.0,0.0,1.0,0.0,0.0,0.0,0
-0.3388718518389281,2.300242327865145,-0.3548256793480726,-0.2947825222305131,-0.2933688733111509,1.0,-1.2904533623823309,-0.4323050568631192,-0.5955998732702694,1.0,0.1865008295003771,0.0,0.0,1.0,0.0,0.0,0.0,0.0,1.0,0.0,0.0,0.0,0.0,0.0,0
0.2249392677524495,0.0407330911439119,-0.4877360833506029,-0.4273453559241211,-0.4258708390798114,1.0,-1.0837167297007264,-0.4323050568631192,1.1842312690143202,0.0,-0.0785684345554774,0.0,0.0,1.0,0.0,0.0,1.0,0.0,0.0,0.0,0.0,0.0,0.0,0.0,0
0.7576134350331964,-0.235617088465336,-0.3548256793480726,-0.2947825222305131,-0.2933688733111509,1.0,1.1903862297969237,0.2205505075330306,-0.0479595217980879,1.0,0.4515700935562317,0.0,1.0,0.0,0.0,1.0,0.0,0.0,0.0,0.0,0.0,0.0,0.0,0.0,0
1.65835900882334,0.8519766272790795,-0.0668531373425901,-0.0075630492276958,-0.0062812808123865,0.0,-0.566875147996715,0.8734060719291806,-0.458689785402224,1.0,0.4515700935562317,0.0,0.0,0.0,0.0,0.0,0.0,0.0,0.0,0.0,1.0,0.0,0.0,0.0,0
0.0534924610690346,0.0306094545309152,-0.1997635413451204,-0.1401258829213038,-0.138783246581047,1.0,0.9836495971153192,-0.4323050568631192,0.0889505660699574,1.0,0.4515700935562317,1.0,0.0,0.0,0.0,0.0,0.0,0.0,0.0,0.0,1.0,0.0,0.0,0.0,0
0.0534924610690346,0.0306094545309152,-0.1997635413451204,-0.1401258829213038,-0.138783246581047,1.0,-1.8072949440863424,-0.4323050568631192,-1.827790664082677,1.0,0.4515700935562317,1.0,0.0,0.0,0.0,0.0,0.0,0.0,0.0,0.0,1.0,0.0,0.0,0.0,0
0.5680679291604993,-0.2827073375591147,0.3318780746650009,0.390125451853128,0.3912246164935948,1.0,-0.4635068316559128,-0.4323050568631192,-0.0479595217980879,1.0,0.1865008295003771,0.0,1.0,0.0,0.0,0.0,0.0,0.0,0.0,0.0,1.0,0.0,0.0,0.0,0
-0.2453365577088529,-0.7254003011302761,0.4647884786675313,0.522688285546736,0.5237265822622553,0.0,0.2600713827297031,0.5469782897311056,0.9104110932782294,0.0,0.1865008295003771,0.0,1.0,0.0,0.0,0.0,1.0,0.0,0.0,0.0,0.0,0.0,0.0,0.0,0
1.0151846093640944,1.0265326646364534,-0.4877360833506029,-0.4273453559241211,-0.4258708390798114,0.0,-0.7736117806783196,-0.4323050568631192,-1.280150312610496,1.0,0.4515700935562317,0.0,0.0,0.0,0.0,0.0,0.0,1.0,0.0,0.0,0.0,0.0,0.0,0.0,0
-0.7210046617674949,-0.3826887074147417,-0.3548256793480726,-0.2947825222305131,-0.2933688733111509,0.0,0.0533347500480986,-0.4323050568631192,0.0889505660699574,0.0,-0.0785684345554774,1.0,0.0,0.0,0.0,0.0,0.0,0.0,1.0,0.0,0.0,1.0,0.0,0.0,0
0.3967317333201215,-0.4399583707335691,-0.155460073344277,-0.0959382716901011,-0.0946159246581602,1.0,0.9836495971153192,-0.4323050568631192,-0.1848696096661333,0.0,-4.054607395393297,0.0,1.0,0.0,0.0,1.0,0.0,0.0,0.0,0.0,0.0,1.0,0.0,0.0,0
-0.8493132396723899,-0.6185164517657787,-0.2662187433463857,-0.2064072997681078,-0.2050342294653773,1.0,0.3634396990705054,-0.4323050568631192,-0.86942004900636,1.0,0.1865008295003771,1.0,0.0,0.0,0.0,0.0,0.0,1.0,0.0,0.0,0.0,1.0,0.0,0.0,0
-0.5994295189314309,-0.2522945945108875,-0.5098878173510246,-0.4494391615397224,-0.4479545000412548,1.0,-0.7736117806783196,-0.4323050568631192,-0.86942004900636,0.0,0.4515700935562317,1.0,0.0,0.0,0.0,0.0,0.0,1.0,0.0,0.0,0.0,1.0,0.0,0.0,0
0.3744159957405831,1.7445578663943382,-0.5098878173510246,-0.4494391615397224,-0.4479545000412548,1.0,1.293754546137726,7.565175606989716,-0.7325099611383147,0.0,-0.0785684345554774,0.0,0.0,1.0,0.0,0.0,0.0,0.0,0.0,0.0,1.0,0.0,0.0,0.0,0
1.482584552906829,0.7069269467717102,-0.2662187433463857,-0.2064072997681078,-0.2050342294653773,0.0,0.3634396990705054,-0.2690911657640817,-0.86942004900636,0.0,0.4515700935562317,0.0,0.0,0.0,0.0,0.0,0.0,1.0,0.0,0.0,0.0,0.0,0.0,0.0,0
0.7576134350331964,-0.235617088465336,-0.3548256793480726,-0.2947825222305131,-0.2933688733111509,1.0,0.4668080154113077,-0.4323050568631192,0.4996808296740934,1.0,0.4515700935562317,0.0,1.0,0.0,0.0,0.0,0.0,0.0,0.0,0.0,1.0,0.0,0.0,0.0,0
-0.5781369316498125,-0.3200086157130012,0.8413679566747008,0.8982829810119586,0.8991488186067933,1.0,-1.2904533623823309,-0.4323050568631192,-0.3217796975341787,1.0,-0.0785684345554774,1.0,0.0,0.0,0.0,0.0,0.0,1.0,0.0,0.0,0.0,0.0,0.0,0.0,0
-0.5715319683309724,-0.3444239645792305,0.2875746066641575,-0.2947825222305131,-0.3154525342725943,0.0,-0.1534018826335059,-0.1058772746650442,-0.458689785402224,1.0,-0.0785684345554774,0.0,0.0,1.0,0.0,1.0,0.0,0.0,0.0,0.0,0.0,0.0,0.0,0.0,1
0.0748541801275634,-0.521059018862043,-0.3548256793480726,-0.2947825222305131,-0.2933688733111509,0.0,-1.7039266277455398,-0.2690911657640817,-1.964700751950723,0.0,-0.0785684345554774,0.0,1.0,0.0,0.0,0.0,0.0,1.0,0.0,0.0,0.0,0.0,0.0,0.0,0
0.11225447142429,0.1726053107707105,-0.4434326153497595,-0.3831577446929184,-0.3817035171569246,0.0,-1.2904533623823309,-0.4323050568631192,-1.280150312610496,1.0,0.4515700935562317,0.0,0.0,1.0,0.0,0.0,0.0,0.0,0.0,0.0,1.0,0.0,0.0,0.0,0
-1.208093335367959,-0.5018296870585743,-0.5098878173510246,-0.4494391615397224,-0.4479545000412548,1.0,0.4668080154113077,-0.4323050568631192,0.4996808296740934,0.0,0.4515700935562317,1.0,0.0,0.0,0.0,0.0,1.0,0.0,0.0,0.0,0.0,0.0,0.0,0.0,0
0.3836381747775003,-0.39746977464577,0.5976988826700617,0.655251119240344,0.6562285480309158,0.0,-1.1870850460415288,-0.4323050568631192,-0.7325099611383147,1.0,0.1865008295003771,0.0,1.0,0.0,0.0,1.0,0.0,0.0,0.0,0.0,0.0,0.0,0.0,0.0,0
0.1938161417972598,-0.173257718033687,-0.1333083393438553,-0.0738444660744998,-0.0725322636967168,0.0,1.293754546137726,-0.4323050568631192,2.690242235562819,1.0,0.4515700935562317,0.0,1.0,0.0,0.0,0.0,1.0,0.0,0.0,0.0,0.0,0.0,0.0,0.0,0
-1.2734090381721963,-0.5191068024352697,-0.4434326153497595,-0.3831577446929184,-0.3817035171569246,1.0,-1.2904533623823309,-0.4323050568631192,1.5949615326184563,0.0,0.1865008295003771,1.0,0.0,0.0,0.0,0.0,0.0,0.0,1.0,0.0,0.0,1.0,0.0,0.0,0
-0.364630351907562,0.1082937239124864,-0.4877360833506029,-0.4273453559241211,-0.4258708390798114,0.0,-0.3601385153151105,-0.4323050568631192,1.1842312690143202,1.0,-0.0785684345554774,1.0,0.0,0.0,0.0,0.0,0.0,0.0,0.0,0.0,1.0,0.0,0.0,0.0,0
-0.4131332065725392,0.5788336603709449,-0.3326739453476508,-0.3168763278461144,-0.3154525342725943,0.0,1.397122862478528,1.5262616363253303,-0.7325099611383147,0.0,0.4515700935562317,1.0,0.0,0.0,0.0,0.0,0.0,1.0,0.0,0.0,0.0,1.0,0.0,0.0,0
-2.946785176822977,-3.912031063317344,-0.2662187433463857,-0.2064072997681078,-0.2050342294653773,0.0,-1.0837167297007264,-0.2690911657640817,2.279511971958683,0.0,-0.0785684345554774,0.0,0.0,0.0,1.0,0.0,0.0,0.0,1.0,0.0,0.0,0.0,0.0,1.0,0
0.3963445953696395,-0.1472514063488612,0.8635196906751225,0.92037678662756,0.9212324795682368,0.0,0.57017633175211,-0.4323050568631192,-0.1848696096661333,0.0,0.4515700935562317,0.0,1.0,0.0,0.0,0.0,0.0,0.0,0.0,0.0,1.0,0.0,0.0,0.0,0
-0.3377242643426284,-0.1229881450450191,-0.4655843493501811,-0.4052515503085198,-0.403787178118368,0.0,-1.1870850460415288,-0.4323050568631192,-0.7325099611383147,1.0,0.1865008295003771,1.0,0.0,0.0,0.0,0.0,1.0,0.0,0.0,0.0,0.0,0.0,0.0,0.0,0
-0.5781369316498125,-0.3200086157130012,0.8413679566747008,0.8982829810119586,0.8991488186067933,1.0,0.7769129644337146,-0.4323050568631192,-0.86942004900636,1.0,0.1865008295003771,1.0,0.0,0.0,0.0,0.0,0.0,1.0,0.0,0.0,0.0,0.0,0.0,0.0,0
-0.364630351907562,0.1082937239124864,-0.4877360833506029,-0.4273453559241211,-0.4258708390798114,0.0,0.6735446480929123,-0.4323050568631192,0.362770741806048,1.0,0.4515700935562317,1.0,0.0,0.0,0.0,0.0,0.0,0.0,0.0,0.0,1.0,0.0,0.0,0.0,0
1.3071972349408976,0.6966080885161352,-0.4877360833506029,-0.4273453559241211,-0.4258708390798114,0.0,-0.0500335662927036,1.5262616363253303,1.3211413568823656,1.0,0.4515700935562317,0.0,0.0,0.0,0.0,0.0,0.0,0.0,0.0,0.0,1.0,0.0,0.0,0.0,0
1.2752030485969517,1.620745511729461,-0.3326739453476508,-0.3168763278461144,-0.3154525342725943,0.0,0.2600713827297031,-0.4323050568631192,-1.143240224742451,1.0,0.4515700935562317,0.0,0.0,0.0,0.0,0.0,0.0,0.0,0.0,0.0,1.0,0.0,0.0,0.0,0
-0.7560795624885309,-2.162442210321826,0.4647884786675313,-0.3831577446929184,-0.4479545000412548,1.0,0.9836495971153192,0.5469782897311056,0.6365909175421388,1.0,0.4515700935562317,0.0,0.0,0.0,1.0,0.0,0.0,1.0,0.0,0.0,0.0,0.0,0.0,0.0,1
-1.876113695440956,2.675820879565535,-0.2440670093459639,-0.1843134941525065,-0.1829505685039338,1.0,-0.9803484133599242,-0.4323050568631192,1.1842312690143202,0.0,-0.0785684345554774,0.0,0.0,1.0,0.0,0.0,0.0,0.0,0.0,0.0,1.0,0.0,0.0,0.0,0
-1.888612720702364,2.467505442428294,-0.3548256793480726,-0.2947825222305131,-0.2933688733111509,1.0,-1.0837167297007264,-0.4323050568631192,-0.5955998732702694,1.0,0.4515700935562317,0.0,0.0,1.0,0.0,0.0,0.0,0.0,0.0,0.0,1.0,0.0,0.0,0.0,0
-0.0357704892493151,-0.6933839517315913,-0.4655843493501811,-0.4052515503085198,-0.403787178118368,0.0,0.8802812807745168,3.48482832951378,0.2258606539380027,1.0,0.1865008295003771,0.0,1.0,0.0,0.0,0.0,0.0,0.0,0.0,0.0,1.0,0.0,0.0,0.0,0
2.2015308098871493,0.2246908244776373,0.1325124686612054,-0.2947825222305131,-0.3154525342725943,0.0,0.0533347500480986,-0.2690911657640817,-0.86942004900636,1.0,0.4515700935562317,1.0,0.0,0.0,0.0,0.0,0.0,0.0,0.0,1.0,0.0,0.0,0.0,0.0,1
-0.8332055356573799,0.7306882095658954,-0.3326739453476508,-0.3168763278461144,-0.3154525342725943,0.0,0.9836495971153192,1.036619963028218,0.0889505660699574,1.0,0.1865008295003771,1.0,0.0,0.0,0.0,0.0,1.0,0.0,0.0,0.0,0.0,0.0,0.0,0.0,0
0.6224884639270206,0.3354759383736692,0.4647884786675313,0.522688285546736,0.5237265822622553,1.0,-0.6702434643375174,-0.4323050568631192,-0.3217796975341787,0.0,0.1865008295003771,0.0,0.0,1.0,0.0,0.0,0.0,0.0,0.0,0.0,1.0,0.0,0.0,0.0,0
0.0230738588394204,-3.4783207683304385,-0.399129147348916,-0.4494391615397224,-0.3596198561954812,0.0,0.3634396990705054,-0.1058772746650442,0.2258606539380027,1.0,0.1865008295003771,0.0,0.0,0.0,0.0,0.0,0.0,0.0,0.0,0.0,1.0,0.0,0.0,0.0,1
-1.0677143492183627,1.2901934374717745,-0.4212808813493377,-0.3610639390773171,-0.3596198561954812,1.0,-0.8769800970191218,0.0573366164339931,-0.458689785402224,1.0,0.1865008295003771,1.0,0.0,0.0,0.0,0.0,0.0,0.0,0.0,0.0,1.0,0.0,0.0,0.0,0
-0.3116339317448836,-0.6901209614184259,-0.155460073344277,-0.0959382716901011,-0.0946159246581602,1.0,-0.3601385153151105,-0.4323050568631192,0.9104110932782294,0.0,-0.0785684345554774,0.0,1.0,0.0,0.0,0.0,0.0,1.0,0.0,0.0,0.0,1.0,0.0,0.0,0
1.144875822806804,0.3005312643349236,0.3983332766662661,0.456406868699932,0.4574755993779251,0.0,1.293754546137726,5.933036695999342,-0.5955998732702694,1.0,-0.0785684345554774,0.0,1.0,0.0,0.0,0.0,0.0,1.0,0.0,0.0,0.0,0.0,0.0,0.0,0
-1.0548973177831866,0.1501129886540765,-0.4877360833506029,-0.4273453559241211,-0.4258708390798114,0.0,-0.0500335662927036,-0.4323050568631192,1.868781708354547,1.0,0.1865008295003771,1.0,0.0,0.0,0.0,1.0,0.0,0.0,0.0,0.0,0.0,0.0,0.0,0.0,0
0.4483316915897407,-0.3179308996589128,-0.5098878173510246,-0.4494391615397224,-0.4479545000412548,0.0,-0.4635068316559128,-0.4323050568631192,-1.143240224742451,1.0,0.4515700935562317,0.0,1.0,0.0,0.0,0.0,0.0,0.0,0.0,0.0,1.0,1.0,0.0,0.0,0
-0.6974445522038644,0.932784442943488,-0.4877360833506029,-0.4273453559241211,-0.4258708390798114,0.0,0.57017633175211,-0.4323050568631192,-1.143240224742451,0.0,-0.0785684345554774,1.0,0.0,0.0,0.0,0.0,0.0,1.0,0.0,0.0,0.0,0.0,0.0,0.0,1
-0.9652886947445464,0.1189816676971413,0.2211194046628923,-0.3610639390773171,-0.403787178118368,1.0,0.1567030663889009,1.5262616363253303,-1.006330136874405,1.0,0.1865008295003771,1.0,0.0,0.0,0.0,0.0,0.0,1.0,0.0,0.0,0.0,0.0,0.0,0.0,1
-0.0514772289583038,0.137102860610058,-0.5098878173510246,-0.4494391615397224,-0.4479545000412548,0.0,1.0870179134561213,2.015903309622443,-0.1848696096661333,1.0,-3.7895381313374417,1.0,0.0,0.0,0.0,0.0,0.0,1.0,0.0,0.0,0.0,1.0,0.0,0.0,0
-0.966643691407414,0.2740229541402428,-0.0447014033421683,0.0145307563879054,0.0158023801490568,0.0,0.6735446480929123,-0.4323050568631192,-0.1848696096661333,0.0,0.4515700935562317,1.0,0.0,0.0,0.0,0.0,0.0,0.0,0.0,0.0,0.0,1.0,0.0,0.0,0
0.2179569582866624,-0.5195390789296634,-0.0668531373425901,-0.0075630492276958,-0.0062812808123865,0.0,-1.3938216787231332,-0.4323050568631192,0.7735010054101842,1.0,0.1865008295003771,0.0,1.0,0.0,0.0,0.0,1.0,0.0,0.0,0.0,0.0,0.0,0.0,0.0,0
-0.4077409279751997,-0.3361562344428699,-0.5098878173510246,-0.4494391615397224,-0.4479545000412548,0.0,1.397122862478528,-0.4323050568631192,1.458051444750411,1.0,0.1865008295003771,1.0,0.0,0.0,0.0,0.0,0.0,1.0,0.0,0.0,0.0,0.0,0.0,0.0,0
-0.5042074094453123,-0.3182376765257932,-0.2440670093459639,-0.1843134941525065,-0.1829505685039338,0.0,0.57017633175211,-0.2690911657640817,-1.006330136874405,1.0,-0.0785684345554774,1.0,0.0,0.0,0.0,0.0,0.0,1.0,0.0,0.0,0.0,0.0,0.0,0.0,0
-0.54834113581087,-0.3491245292776512,-0.3326739453476508,-0.2726887166149118,-0.2712852123497075,1.0,-0.6702434643375174,-0.4323050568631192,0.2258606539380027,1.0,0.4515700935562317,1.0,0.0,0.0,0.0,1.0,0.0,0.0,0.0,0.0,0.0,1.0,0.0,0.0,0
-0.4657860819008971,0.4197552733073621,0.3761815426658444,-0.4052515503085198,-0.4258708390798114,1.0,-1.2904533623823309,-0.4323050568631192,-1.4170604004785414,1.0,0.4515700935562317,0.0,1.0,0.0,0.0,0.0,0.0,0.0,0.0,0.0,1.0,0.0,0.0,0.0,1
-1.8575725528795253,-1.8296854673234544,-0.4655843493501811,-0.4052515503085198,-0.403787178118368,1.0,1.0870179134561213,-0.4323050568631192,0.4996808296740934,0.0,0.1865008295003771,0.0,0.0,0.0,1.0,0.0,0.0,0.0,0.0,0.0,0.0,1.0,0.0,0.0,0
-0.9323266773599864,0.686819117576243,-0.3326739453476508,-0.3168763278461144,-0.3154525342725943,0.0,1.293754546137726,-0.1058772746650442,-0.5955998732702694,1.0,0.4515700935562317,1.0,0.0,0.0,0.0,1.0,0.0,0.0,0.0,0.0,0.0,0.0,0.0,0.0,0
1.7644901127025174,0.954677155729176,0.243271138663314,0.3017502293907227,0.3028899726478212,1.0,-0.0500335662927036,2.1791172007214805,2.0056917962225924,1.0,0.1865008295003771,0.0,0.0,0.0,0.0,0.0,0.0,1.0,0.0,0.0,0.0,0.0,0.0,1.0,0
0.8630947002095932,0.2350901808296746,-0.5098878173510246,-0.4494391615397224,-0.4479545000412548,0.0,-2.220768209449551,-0.4323050568631192,-1.5539704883465868,1.0,0.4515700935562317,0.0,1.0,0.0,0.0,0.0,0.0,0.0,1.0,0.0,0.0,1.0,0.0,0.0,0
0.8700078778983716,-0.195080708804112,-0.1997635413451204,-0.1401258829213038,-0.138783246581047,1.0,-0.2567701989743082,3.321614438414742,0.0889505660699574,1.0,0.4515700935562317,0.0,1.0,0.0,0.0,0.0,0.0,1.0,0.0,0.0,0.0,0.0,0.0,0.0,0
-1.8521498377942216,-1.3237263682442275,0.4426367446671095,-0.2726887166149118,-0.4258708390798114,0.0,-1.2904533623823309,-0.4323050568631192,1.0473211811462748,1.0,0.1865008295003771,0.0,0.0,1.0,0.0,0.0,0.0,0.0,0.0,0.0,1.0,0.0,0.0,0.0,1
-1.1939628001719769,0.1069968944289092,-0.3769774133484943,-0.3168763278461144,-0.3154525342725943,0.0,-0.9803484133599242,-0.1058772746650442,-0.458689785402224,0.0,0.4515700935562317,1.0,0.0,0.0,0.0,0.0,0.0,0.0,0.0,0.0,1.0,0.0,0.0,0.0,0
-2.167296739695031,-0.4528011659410353,-0.2662187433463857,-0.2064072997681078,-0.2050342294653773,0.0,-0.0500335662927036,-0.4323050568631192,-0.0479595217980879,0.0,0.1865008295003771,1.0,0.0,0.0,0.0,0.0,0.0,1.0,0.0,0.0,0.0,0.0,0.0,0.0,0
0.4337448866662678,-0.5160111449584586,-0.399129147348916,-0.3389701334617158,-0.3375361952340378,0.0,0.4668080154113077,-0.4323050568631192,-1.4170604004785414,0.0,0.4515700935562317,0.0,1.0,0.0,0.0,0.0,0.0,0.0,0.0,0.0,1.0,0.0,0.0,0.0,0
0.0718538610106157,-0.5375134144587921,-0.3105222113472291,-0.2505949109993104,-0.2492015513882641,1.0,0.3634396990705054,-0.4323050568631192,-1.006330136874405,1.0,0.4515700935562317,0.0,1.0,0.0,0.0,0.0,0.0,1.0,0.0,0.0,0.0,0.0,0.0,0.0,0
1.5009146785945977,0.6482810553134292,0.5312436806687965,-0.4052515503085198,-0.4258708390798114,0.0,-0.7736117806783196,0.3837643986320681,0.0889505660699574,1.0,0.4515700935562317,0.0,0.0,1.0,0.0,0.0,0.0,0.0,0.0,0.0,1.0,0.0,0.0,0.0,1
0.459669302999408,-0.5153975912243015,-0.2219152753455422,-0.1622196885369051,-0.1608669075424904,0.0,1.5004911788193305,-0.2690911657640817,1.868781708354547,1.0,0.1865008295003771,0.0,1.0,0.0,0.0,0.0,0.0,0.0,0.0,0.0,1.0,0.0,0.0,0.0,0
0.2263495560009497,0.28984985160002,0.2211194046628923,0.2796564237751214,0.2808063116863778,0.0,1.293754546137726,-0.4323050568631192,2.690242235562819,1.0,0.4515700935562317,0.0,0.0,1.0,0.0,0.0,0.0,1.0,0.0,0.0,0.0,1.0,0.0,0.0,0
-0.8780582325026287,-0.2739502524447602,1.4173130406856655,1.4727219270175929,1.473324003604322,0.0,-2.117399893108749,-0.4323050568631192,-1.280150312610496,1.0,0.4515700935562317,1.0,0.0,0.0,0.0,0.0,0.0,0.0,0.0,0.0,1.0,0.0,0.0,0.0,1
-0.0383145386387722,-0.50049102436576,-0.2440670093459639,-0.1843134941525065,-0.1829505685039338,0.0,-1.4971899950639356,1.036619963028218,0.4996808296740934,0.0,-0.0785684345554774,0.0,1.0,0.0,0.0,0.0,0.0,0.0,0.0,0.0,0.0,0.0,0.0,0.0,0
0.1214213450396395,-0.2695995986938071,-0.4877360833506029,-0.4273453559241211,-0.4258708390798114,1.0,0.7769129644337146,-0.4323050568631192,-0.7325099611383147,1.0,0.1865008295003771,0.0,1.0,0.0,0.0,0.0,0.0,0.0,1.0,0.0,0.0,0.0,0.0,0.0,0
0.5931351114602259,-0.0664575350876639,-0.4877360833506029,-0.4273453559241211,-0.4258708390798114,1.0,-1.6005583114047377,-0.4323050568631192,-1.280150312610496,0.0,0.4515700935562317,0.0,1.0,0.0,0.0,0.0,0.0,1.0,0.0,0.0,0.0,1.0,0.0,0.0,0
0.2938913020209743,1.2265093487507206,-0.399129147348916,-0.3389701334617158,-0.3375361952340378,0.0,1.1903862297969237,0.2205505075330306,0.2258606539380027,0.0,0.4515700935562317,0.0,0.0,1.0,0.0,0.0,0.0,1.0,0.0,0.0,0.0,1.0,0.0,0.0,0
-0.1261948534193073,1.8544815956233969,-0.5098878173510246,-0.4494391615397224,-0.4479545000412548,1.0,-0.6702434643375174,-0.4323050568631192,-0.7325099611383147,0.0,0.4515700935562317,0.0,0.0,1.0,0.0,0.0,0.0,1.0,0.0,0.0,0.0,0.0,0.0,1.0,0
-0.5939948412674333,-3.138749824493448,0.3540298086654226,-0.3610639390773171,-0.2712852123497075,0.0,1.0870179134561213,-0.4323050568631192,-0.5955998732702694,1.0,0.1865008295003771,0.0,1.0,0.0,0.0,1.0,0.0,0.0,0.0,0.0,0.0,0.0,0.0,0.0,1
-1.037434630941244,0.0576058188322398,-0.4655843493501811,-0.4052515503085198,-0.403787178118368,1.0,-1.1870850460415288,-0.4323050568631192,0.4996808296740934,0.0,-0.0785684345554774,1.0,0.0,0.0,0.0,0.0,0.0,1.0,0.0,0.0,0.0,1.0,0.0,0.0,0
-0.2667259294781655,0.1096323866051026,-0.3326739453476508,-0.3168763278461144,-0.3154525342725943,0.0,0.1567030663889009,-0.2690911657640817,-1.006330136874405,0.0,-3.7895381313374417,1.0,0.0,0.0,0.0,0.0,0.0,0.0,1.0,0.0,0.0,1.0,0.0,0.0,0
0.3421452822890938,0.3422529182552245,0.2211194046628923,0.2796564237751214,0.2808063116863778,1.0,-1.3938216787231332,-0.4323050568631192,-0.3217796975341787,0.0,0.4515700935562317,0.0,0.0,1.0,0.0,0.0,0.0,0.0,0.0,0.0,1.0,0.0,0.0,0.0,1
0.2760138245175694,-0.3762045599972519,-0.4212808813493377,-0.3610639390773171,-0.3596198561954812,0.0,-1.3938216787231332,-0.2690911657640817,-1.280150312610496,1.0,-0.0785684345554774,0.0,1.0,0.0,0.0,0.0,0.0,1.0,0.0,0.0,0.0,1.0,0.0,0.0,0
-1.0010042050524206,-0.411478594592217,0.5090919466683748,-0.2947825222305131,-0.3154525342725943,0.0,-0.6702434643375174,0.0573366164339931,0.2258606539380027,1.0,-3.7895381313374417,1.0,0.0,0.0,0.0,0.0,0.0,0.0,0.0,1.0,0.0,0.0,0.0,0.0,1
0.4053732054312665,-0.1396935398967947,0.7749127546734356,0.8320015641651546,0.8328978357224631,0.0,-1.0837167297007264,-0.4323050568631192,-0.1848696096661333,1.0,0.4515700935562317,0.0,1.0,0.0,0.0,0.0,0.0,0.0,0.0,0.0,1.0,0.0,0.0,0.0,0
-0.2482262659828619,-0.7560779878363447,1.306554370683557,1.3622528989395863,1.362905698797105,0.0,0.7769129644337146,-0.4323050568631192,-0.86942004900636,0.0,0.1865008295003771,0.0,1.0,0.0,0.0,0.0,0.0,0.0,0.0,0.0,1.0,0.0,0.0,0.0,0
0.6224055057947675,0.3357827152407477,-0.4212808813493377,-0.3610639390773171,-0.3596198561954812,1.0,-0.1534018826335059,-0.4323050568631192,-1.006330136874405,0.0,0.4515700935562317,0.0,0.0,1.0,0.0,1.0,0.0,0.0,0.0,0.0,0.0,0.0,0.0,0.0,0
-0.3544126752834104,2.1112817221590845,-0.1111566053434335,-0.0517506604588985,-0.0504486027352734,1.0,0.9836495971153192,-0.4323050568631192,-0.1848696096661333,0.0,-0.0785684345554774,0.0,0.0,1.0,0.0,1.0,0.0,0.0,0.0,0.0,0.0,0.0,0.0,0.0,0
-0.033392356124266,-0.4170198277193302,0.4426367446671095,0.5005944799311347,0.5016429213008119,0.0,0.8802812807745168,-0.4323050568631192,1.458051444750411,0.0,0.1865008295003771,0.0,1.0,0.0,0.0,0.0,0.0,1.0,0.0,0.0,0.0,1.0,0.0,0.0,0
0.2274141853649962,-0.2057621215390156,-0.0447014033421683,0.0145307563879054,0.0158023801490568,1.0,1.293754546137726,1.036619963028218,0.2258606539380027,1.0,0.4515700935562317,0.0,1.0,0.0,0.0,0.0,0.0,0.0,0.0,0.0,1.0,0.0,0.0,0.0,0
-1.5020831297637902,-1.1302899880378945,-0.3326739453476508,-0.2726887166149118,-0.2712852123497075,0.0,0.57017633175211,-0.4323050568631192,0.2258606539380027,0.0,0.4515700935562317,1.0,0.0,0.0,0.0,0.0,0.0,0.0,0.0,0.0,1.0,0.0,0.0,0.0,0
-2.620082225603607,-3.866948808262391,-0.3326739453476508,-0.3168763278461144,-0.3154525342725943,0.0,0.8802812807745168,-0.4323050568631192,-0.458689785402224,0.0,0.4515700935562317,0.0,0.0,0.0,1.0,0.0,0.0,1.0,0.0,0.0,0.0,1.0,0.0,0.0,0
-1.4673651514104398,-0.5391170208094478,-0.5098878173510246,-0.4494391615397224,-0.4479545000412548,1.0,1.293754546137726,-0.4323050568631192,0.2258606539380027,0.0,0.4515700935562317,1.0,0.0,0.0,0.0,0.0,0.0,0.0,0.0,0.0,1.0,0.0,0.0,0.0,0
-0.5042074094453123,-0.3182376765257932,-0.2662187433463857,-0.2064072997681078,-0.2050342294653773,1.0,-1.2904533623823309,-0.4323050568631192,1.5949615326184563,1.0,0.4515700935562317,1.0,0.0,0.0,0.0,0.0,0.0,0.0,1.0,0.0,0.0,1.0,0.0,0.0,0
0.4366622476509624,-0.1667735706163954,1.5945269126890391,1.6494723719424036,1.6499932912958697,0.0,-0.566875147996715,-0.4323050568631192,0.6365909175421388,1.0,-3.7895381313374417,0.0,1.0,0.0,0.0,0.0,0.0,0.0,1.0,0.0,0.0,0.0,0.0,0.0,0
-0.965330187646608,0.9712431065504252,-0.4655843493501811,-0.4052515503085198,-0.403787178118368,1.0,1.293754546137726,0.3837643986320681,-0.458689785402224,0.0,0.1865008295003771,1.0,0.0,0.0,0.0,0.0,0.0,1.0,0.0,0.0,0.0,1.0,0.0,0.0,0
0.4205407172805114,1.8429774631085465,-0.4434326153497595,-0.3831577446929184,-0.3817035171569246,0.0,-0.6702434643375174,0.2205505075330306,-0.5955998732702694,0.0,-0.0785684345554774,0.0,0.0,1.0,0.0,0.0,0.0,1.0,0.0,0.0,0.0,0.0,0.0,0.0,0
-0.6271375351083088,-0.2775897416404653,-0.4655843493501811,-0.4052515503085198,-0.403787178118368,0.0,-0.9803484133599242,-0.4323050568631192,-0.0479595217980879,0.0,0.4515700935562317,1.0,0.0,0.0,0.0,1.0,0.0,0.0,0.0,0.0,0.0,0.0,0.0,0.0,0
-0.876783941673445,2.1785645611597397,0.4647884786675313,-0.3831577446929184,-0.3817035171569246,1.0,-0.1534018826335059,-0.2690911657640817,1.868781708354547,1.0,0.1865008295003771,0.0,0.0,0.0,1.0,0.0,0.0,0.0,0.0,1.0,0.0,0.0,0.0,0.0,1
1.98179519144112,-2.948609750379672,-0.3105222113472291,-0.3168763278461144,-0.4479545000412548,0.0,0.3634396990705054,0.0573366164339931,0.9104110932782294,1.0,0.4515700935562317,0.0,0.0,0.0,0.0,0.0,0.0,1.0,0.0,0.0,0.0,0.0,0.0,0.0,1
-0.8332055356573799,0.7306882095658954,-0.5098878173510246,-0.4494391615397224,-0.4479545000412548,1.0,-0.2567701989743082,-0.4323050568631192,0.2258606539380027,1.0,0.1865008295003771,1.0,0.0,0.0,0.0,0.0,0.0,0.0,0.0,0.0,1.0,0.0,0.0,0.0,0
0.1385798520633532,-0.0863980314465788,-0.3326739453476508,-0.3168763278461144,-0.3154525342725943,0.0,0.0533347500480986,-0.4323050568631192,-0.1848696096661333,0.0,0.1865008295003771,1.0,0.0,0.0,0.0,0.0,0.0,1.0,0.0,0.0,0.0,1.0,0.0,0.0,0
-0.2940053286383365,0.2628674317017084,-0.5098878173510246,-0.4494391615397224,-0.4479545000412548,0.0,0.6735446480929123,-0.4323050568631192,-0.5955998732702694,0.0,0.1865008295003771,1.0,0.0,0.0,0.0,1.0,0.0,0.0,0.0,0.0,0.0,0.0,0.0,0.0,0
-0.5029492111059756,0.0845185167152882,-0.2219152753455422,-0.1622196885369051,-0.1608669075424904,0.0,-1.7039266277455398,-0.4323050568631192,0.9104110932782294,1.0,0.1865008295003771,1.0,0.0,0.0,0.0,0.0,0.0,0.0,0.0,0.0,1.0,0.0,0.0,0.0,0
-1.5923415776692762,-0.0541725160021046,-0.1333083393438553,-0.0738444660744998,-0.0725322636967168,0.0,-1.3938216787231332,-0.4323050568631192,0.6365909175421388,0.0,0.1865008295003771,1.0,0.0,0.0,0.0,0.0,0.0,0.0,0.0,0.0,1.0,0.0,0.0,0.0,0
-2.1484103433097426,-2.305651660700957,-0.1997635413451204,-0.4052515503085198,-0.3154525342725943,1.0,-1.2904533623823309,-0.1058772746650442,0.7735010054101842,1.0,-0.0785684345554774,0.0,1.0,0.0,0.0,1.0,0.0,0.0,0.0,0.0,0.0,0.0,0.0,0.0,1
-0.2439400958156954,0.1574338002543275,-0.3548256793480726,-0.2947825222305131,-0.2933688733111509,1.0,0.4668080154113077,-0.4323050568631192,-0.458689785402224,0.0,0.4515700935562317,1.0,0.0,0.0,0.0,0.0,0.0,0.0,0.0,0.0,0.0,1.0,0.0,0.0,0
1.6499111056875837,0.694711649701414,-0.3326739453476508,-0.3168763278461144,-0.3154525342725943,0.0,-0.566875147996715,0.8734060719291806,-0.5955998732702694,0.0,0.4515700935562317,0.0,0.0,0.0,0.0,1.0,0.0,0.0,0.0,0.0,0.0,0.0,0.0,0.0,0
-0.0778579150189346,-0.6679772493777113,0.243271138663314,0.3017502293907227,0.3028899726478212,0.0,0.3634396990705054,-0.4323050568631192,-1.143240224742451,0.0,0.4515700935562317,0.0,1.0,0.0,0.0,0.0,1.0,0.0,0.0,0.0,0.0,0.0,0.0,0.0,0
1.0984884005146751,0.8102131401497397,-0.155460073344277,-0.0959382716901011,-0.0946159246581602,0.0,1.6038594951601328,2.1791172007214805,-1.143240224742451,1.0,-0.0785684345554774,0.0,0.0,0.0,0.0,0.0,0.0,0.0,0.0,0.0,1.0,0.0,0.0,0.0,0
1.1976925003496333,0.5700068532415253,-0.4434326153497595,-0.3831577446929184,-0.3817035171569246,0.0,0.7769129644337146,-0.4323050568631192,-0.3217796975341787,0.0,-0.0785684345554774,0.0,0.0,0.0,0.0,0.0,0.0,0.0,0.0,0.0,1.0,0.0,0.0,0.0,1
-1.8630892686751463,-0.1524387242827737,-0.4655843493501811,-0.4052515503085198,-0.403787178118368,0.0,-0.3601385153151105,0.0573366164339931,1.0473211811462748,1.0,0.4515700935562317,1.0,0.0,0.0,0.0,0.0,0.0,1.0,0.0,0.0,0.0,0.0,0.0,0.0,0
-0.7918232540120105,-0.6718119602159947,-0.5098878173510246,-0.4494391615397224,-0.4479545000412548,0.0,0.9836495971153192,-0.4323050568631192,-1.5539704883465868,0.0,0.4515700935562317,1.0,0.0,0.0,0.0,0.0,0.0,1.0,0.0,0.0,0.0,0.0,0.0,0.0,0
-0.4564511779708099,2.149210498450141,-0.4434326153497595,-0.3831577446929184,-0.3817035171569246,1.0,-0.7736117806783196,-0.4323050568631192,0.362770741806048,0.0,-0.0785684345554774,0.0,0.0,1.0,0.0,0.0,0.0,1.0,0.0,0.0,0.0,0.0,0.0,0.0,0
-1.3384205611581068,-2.48498874417056,-0.5098878173510246,-0.4494391615397224,-0.4479545000412548,1.0,0.1567030663889009,-0.4323050568631192,-0.3217796975341787,0.0,0.4515700935562317,0.0,0.0,0.0,1.0,0.0,0.0,1.0,0.0,0.0,0.0,1.0,0.0,0.0,0
-0.5977565299307303,-0.2852173301077949,-0.2662187433463857,-0.2064072997681078,-0.2050342294653773,1.0,1.5004911788193305,-0.4323050568631192,1.7318716204865017,1.0,0.1865008295003771,1.0,0.0,0.0,0.0,0.0,0.0,1.0,0.0,0.0,0.0,0.0,0.0,0.0,0
0.1836399442392349,-0.3824655969659393,-0.2883704773468074,-0.2285011053837091,-0.2271178904268207,1.0,-0.7736117806783196,-0.4323050568631192,-1.4170604004785414,1.0,0.1865008295003771,0.0,1.0,0.0,0.0,1.0,0.0,0.0,0.0,0.0,0.0,0.0,0.0,0.0,0
-0.6496191889524516,0.50197211076932,0.1325124686612054,0.1912812013127161,0.1924716678406041,1.0,1.6038594951601328,3.321614438414742,-0.7325099611383147,0.0,-0.0785684345554774,1.0,0.0,0.0,0.0,0.0,0.0,0.0,0.0,0.0,1.0,0.0,0.0,0.0,0
-0.1312967785537608,-0.6466283683109171,-0.2440670093459639,-0.1843134941525065,-0.1829505685039338,0.0,-0.6702434643375174,-0.4323050568631192,-1.280150312610496,0.0,0.1865008295003771,0.0,1.0,0.0,0.0,0.0,0.0,0.0,0.0,0.0,1.0,0.0,0.0,0.0,0
0.2789173591469212,0.2822501519387164,-0.3105222113472291,-0.2505949109993104,-0.2492015513882641,1.0,0.8802812807745168,-0.4323050568631192,-1.006330136874405,1.0,0.1865008295003771,0.0,0.0,1.0,0.0,0.0,0.0,1.0,0.0,0.0,0.0,0.0,0.0,0.0,0
-0.8671130203226525,0.2934930007530162,-0.4212808813493377,-0.3831577446929184,-0.2933688733111509,1.0,-0.2567701989743082,-0.1058772746650442,0.0889505660699574,1.0,0.1865008295003771,0.0,0.0,1.0,0.0,0.0,0.0,1.0,0.0,0.0,0.0,0.0,0.0,0.0,1
0.2997813294118328,-0.6237177141029024,-0.4212808813493377,-0.3610639390773171,-0.3596198561954812,0.0,0.57017633175211,0.0573366164339931,-1.006330136874405,0.0,0.4515700935562317,0.0,1.0,0.0,0.0,0.0,0.0,1.0,0.0,0.0,0.0,0.0,1.0,0.0,0
0.3861822241669573,-0.1493709556121867,-0.1111566053434335,-0.0517506604588985,-0.0504486027352734,0.0,-0.2567701989743082,1.5262616363253303,0.0889505660699574,1.0,0.1865008295003771,0.0,1.0,0.0,0.0,0.0,0.0,0.0,0.0,0.0,1.0,0.0,0.0,0.0,0
-1.0296642192189538,1.2663485082595114,-0.5098878173510246,-0.4494391615397224,-0.4479545000412548,1.0,-0.566875147996715,-0.4323050568631192,-0.86942004900636,0.0,0.1865008295003771,1.0,0.0,0.0,0.0,0.0,0.0,0.0,0.0,0.0,1.0,0.0,0.0,0.0,0
-0.141735676863888,-0.4532613312416531,-0.4434326153497595,-0.3831577446929184,-0.3817035171569246,0.0,-0.566875147996715,-0.4323050568631192,-0.0479595217980879,1.0,0.1865008295003771,0.0,1.0,0.0,0.0,0.0,0.0,0.0,0.0,0.0,1.0,0.0,0.0,0.0,0
0.0600876325842415,-0.5086763889551945,3.477424302724886,3.527445849268517,3.52710447301856,1.0,-0.2567701989743082,-0.4323050568631192,-0.7325099611383147,0.0,0.4515700935562317,0.0,1.0,0.0,0.0,0.0,0.0,1.0,0.0,0.0,0.0,0.0,0.0,0.0,0
-2.116830542566467,1.7157347852937537,-0.2662187433463857,-0.2064072997681078,-0.2050342294653773,0.0,1.0870179134561213,-0.2690911657640817,-0.7325099611383147,1.0,0.1865008295003771,0.0,0.0,1.0,0.0,0.0,0.0,1.0,0.0,0.0,0.0,0.0,0.0,0.0,0
0.2138920098056681,-0.4012765966778292,-0.4212808813493377,-0.3610639390773171,-0.3596198561954812,0.0,0.7769129644337146,-0.4323050568631192,-0.3217796975341787,0.0,0.1865008295003771,0.0,1.0,0.0,0.0,0.0,0.0,0.0,0.0,0.0,1.0,0.0,0.0,0.0,0
1.6609721899898058,0.955318598269359,-0.2219152753455422,-0.1622196885369051,-0.1608669075424904,1.0,-1.2904533623823309,-0.4323050568631192,-0.3217796975341787,1.0,0.1865008295003771,0.0,0.0,0.0,0.0,0.0,0.0,0.0,0.0,0.0,1.0,0.0,0.0,0.0,0
-1.9482596178017184,-0.3012394492101503,-0.4434326153497595,-0.3831577446929184,-0.3817035171569246,1.0,-0.4635068316559128,-0.4323050568631192,-0.0479595217980879,0.0,0.4515700935562317,1.0,0.0,0.0,0.0,0.0,0.0,1.0,0.0,0.0,0.0,0.0,0.0,0.0,0
-0.674188622458561,-0.2742849181178647,-0.3769774133484943,-0.3168763278461144,-0.3154525342725943,1.0,0.7769129644337146,-0.4323050568631192,-1.143240224742451,0.0,-0.0785684345554774,1.0,0.0,0.0,0.0,0.0,0.0,0.0,0.0,0.0,1.0,0.0,0.0,0.0,0
0.254016093111701,0.6472588461285048,-0.5098878173510246,-0.4494391615397224,-0.4479545000412548,1.0,0.6735446480929123,-0.4323050568631192,-0.7325099611383147,1.0,0.4515700935562317,0.0,0.0,1.0,0.0,0.0,0.0,0.0,0.0,0.0,1.0,0.0,0.0,0.0,0
1.465315435040078,0.9837233472785628,-0.3105222113472291,-0.2505949109993104,-0.2492015513882641,1.0,-1.6005583114047377,-0.4323050568631192,-0.458689785402224,0.0,-0.0785684345554774,0.0,0.0,0.0,0.0,0.0,0.0,0.0,0.0,0.0,0.0,0.0,0.0,0.0,0
-1.19302260800631,-0.0519971891265289,-0.4434326153497595,-0.3831577446929184,-0.3817035171569246,0.0,-0.3601385153151105,5.116967240504154,1.5949615326184563,0.0,0.1865008295003771,1.0,0.0,0.0,0.0,0.0,0.0,0.0,1.0,0.0,0.0,1.0,0.0,0.0,0
-0.3146342508618313,-0.7116511197247855,4.80652834275019,4.853074186204596,4.852124130705165,1.0,-0.6702434643375174,-0.4323050568631192,0.2258606539380027,0.0,0.1865008295003771,0.0,1.0,0.0,0.0,1.0,0.0,0.0,0.0,0.0,0.0,0.0,0.0,0.0,0
1.822311930892008,0.6003638186773043,-0.399129147348916,-0.3389701334617158,-0.3375361952340378,1.0,0.3634396990705054,-0.4323050568631192,-1.006330136874405,1.0,0.1865008295003771,0.0,1.0,0.0,0.0,0.0,0.0,0.0,0.0,0.0,1.0,0.0,0.0,0.0,0
0.8736303830073163,0.1843464981373759,-0.399129147348916,-0.3389701334617158,-0.3375361952340378,0.0,1.5004911788193305,-0.4323050568631192,2.279511971958683,0.0,0.1865008295003771,0.0,1.0,0.0,0.0,0.0,0.0,0.0,0.0,0.0,1.0,0.0,0.0,0.0,1
0.2263495560009497,0.28984985160002,0.2211194046628923,0.2796564237751214,0.2808063116863778,0.0,0.4668080154113077,0.7101921808301431,-0.5955998732702694,1.0,0.1865008295003771,0.0,0.0,1.0,0.0,0.0,0.0,1.0,0.0,0.0,0.0,0.0,0.0,0.0,0
0.4618681009959108,2.495475415773356,0.1989676706624706,-0.3389701334617158,-0.3154525342725943,0.0,-0.1534018826335059,-0.2690911657640817,-1.006330136874405,1.0,0.1865008295003771,0.0,0.0,0.0,1.0,1.0,0.0,0.0,0.0,0.0,0.0,0.0,0.0,0.0,1
-1.6435267452775313,0.2805349903637585,-0.4655843493501811,-0.4052515503085198,-0.403787178118368,0.0,1.1903862297969237,-0.4323050568631192,0.6365909175421388,1.0,0.4515700935562317,1.0,0.0,0.0,0.0,0.0,0.0,1.0,0.0,0.0,0.0,0.0,0.0,0.0,1
0.6672858553508001,0.8038823811657891,-0.1776118073446987,-0.1180320773057025,-0.1166995856196036,0.0,-1.4971899950639356,-0.4323050568631192,-1.006330136874405,1.0,-0.0785684345554774,0.0,0.0,1.0,0.0,0.0,0.0,0.0,0.0,0.0,1.0,0.0,0.0,0.0,0
-0.0826003549134934,-0.484789626533496,-0.3548256793480726,-0.2947825222305131,-0.2933688733111509,0.0,1.6038594951601328,2.015903309622443,-0.7325099611383147,0.0,-0.0785684345554774,0.0,1.0,0.0,0.0,0.0,0.0,1.0,0.0,0.0,0.0,1.0,0.0,0.0,0
0.1938161417972598,-0.173257718033687,-0.1333083393438553,-0.0738444660744998,-0.0725322636967168,0.0,0.4668080154113077,-0.4323050568631192,0.4996808296740934,1.0,0.4515700935562317,0.0,1.0,0.0,0.0,0.0,0.0,0.0,0.0,0.0,1.0,0.0,0.0,0.0,0
-0.6939603106487405,-0.2872671573558572,-0.5098878173510246,-0.4494391615397224,-0.4479545000412548,0.0,2.2240693932049465,-0.4323050568631192,-0.5955998732702694,0.0,-0.0785684345554774,1.0,0.0,0.0,0.0,0.0,0.0,1.0,0.0,0.0,0.0,0.0,0.0,0.0,0
0.6243550219030115,0.6166229926316733,-0.0447014033421683,0.0145307563879054,0.0158023801490568,1.0,0.4668080154113077,-0.4323050568631192,0.4996808296740934,0.0,0.4515700935562317,0.0,0.0,1.0,0.0,0.0,0.0,1.0,0.0,0.0,0.0,1.0,0.0,0.0,0
-0.5481613931910209,0.6816039108361064,-0.4655843493501811,-0.4052515503085198,-0.403787178118368,1.0,0.9836495971153192,-0.4323050568631192,0.0889505660699574,1.0,-0.0785684345554774,1.0,0.0,0.0,0.0,0.0,0.0,1.0,0.0,0.0,0.0,1.0,0.0,0.0,0
0.2722945349210288,-0.340520832596836,-0.0447014033421683,0.0145307563879054,0.0158023801490568,0.0,-1.0837167297007264,-0.4323050568631192,-1.280150312610496,0.0,0.4515700935562317,0.0,1.0,0.0,0.0,0.0,0.0,0.0,0.0,0.0,1.0,0.0,0.0,0.0,0
0.270925725738557,-0.3771109461954745,-0.2883704773468074,-0.2285011053837091,-0.2271178904268207,0.0,-0.1534018826335059,-0.4323050568631192,1.0473211811462748,1.0,0.1865008295003771,0.0,1.0,0.0,0.0,0.0,0.0,0.0,0.0,0.0,1.0,0.0,0.0,0.0,0
-0.1679642730153553,0.6749245417760383,-0.4655843493501811,-0.4052515503085198,-0.403787178118368,0.0,-1.4971899950639356,-0.4323050568631192,-0.86942004900636,0.0,0.4515700935562317,0.0,0.0,1.0,0.0,0.0,0.0,1.0,0.0,0.0,0.0,1.0,0.0,0.0,0
0.4534059640133121,-0.0900932982543359,0.4647884786675313,0.522688285546736,0.5237265822622553,1.0,0.8802812807745168,-0.2690911657640817,0.0889505660699574,0.0,0.4515700935562317,0.0,1.0,0.0,0.0,0.0,0.0,1.0,0.0,0.0,0.0,1.0,0.0,0.0,0
0.2500202764075188,0.1448280598986766,-0.3326739453476508,-0.3168763278461144,-0.3154525342725943,0.0,-2.427504842131156,-0.4323050568631192,-1.5539704883465868,0.0,-0.0785684345554774,0.0,0.0,1.0,0.0,0.0,0.0,1.0,0.0,0.0,0.0,0.0,0.0,0.0,0
0.540608787380381,-0.40646391461194,-0.3326739453476508,-0.2726887166149118,-0.2712852123497075,0.0,1.1903862297969237,0.2205505075330306,-0.0479595217980879,1.0,0.4515700935562317,0.0,1.0,0.0,0.0,0.0,0.0,0.0,0.0,0.0,0.0,0.0,0.0,0.0,0
0.3309321080777079,-0.4882757272956619,-0.2662187433463857,-0.2064072997681078,-0.2050342294653773,1.0,-0.4635068316559128,-0.4323050568631192,0.362770741806048,1.0,-3.7895381313374417,0.0,1.0,0.0,0.0,0.0,0.0,1.0,0.0,0.0,0.0,0.0,0.0,0.0,0
-0.492537965506534,0.5981466585926897,-0.4655843493501811,-0.4052515503085198,-0.403787178118368,1.0,0.2600713827297031,0.3837643986320681,0.4996808296740934,1.0,-0.0785684345554774,1.0,0.0,0.0,0.0,0.0,1.0,0.0,0.0,0.0,0.0,1.0,0.0,0.0,0
-1.231587225992394,0.6804705202800844,-0.2219152753455422,-0.3610639390773171,-0.403787178118368,0.0,1.8105961278417373,1.1998338541272555,0.362770741806048,1.0,0.1865008295003771,0.0,0.0,0.0,0.0,0.0,0.0,0.0,0.0,0.0,1.0,0.0,0.0,0.0,1
-0.817402011460697,-0.379286273070852,-0.5098878173510246,-0.4494391615397224,-0.4479545000412548,0.0,0.9836495971153192,-0.4323050568631192,0.0889505660699574,1.0,-0.0785684345554774,1.0,0.0,0.0,0.0,0.0,0.0,1.0,0.0,0.0,0.0,0.0,0.0,0.0,0
0.2290456952995703,0.2096416452667556,-0.0447014033421683,0.0145307563879054,0.0158023801490568,1.0,-1.4971899950639356,1.1998338541272555,0.7735010054101842,1.0,-0.0785684345554774,0.0,0.0,1.0,0.0,0.0,0.0,0.0,0.0,0.0,1.0,0.0,0.0,0.0,0
2.038295779500481,-2.8558042110638686,-0.155460073344277,-0.4494391615397224,-0.2712852123497075,0.0,-0.6702434643375174,-0.4323050568631192,1.868781708354547,1.0,-3.7895381313374417,0.0,0.0,0.0,0.0,0.0,0.0,1.0,0.0,0.0,0.0,0.0,0.0,0.0,1
0.761943219020471,-3.1547785811246736,0.1768159366620488,-0.3831577446929184,-0.3596198561954812,0.0,0.8802812807745168,-0.4323050568631192,2.279511971958683,1.0,0.1865008295003771,0.0,0.0,0.0,0.0,0.0,0.0,0.0,0.0,1.0,0.0,0.0,0.0,0.0,1
-0.2378589274855651,-0.6397884773181712,0.4426367446671095,-0.3831577446929184,-0.3154525342725943,1.0,0.8802812807745168,-0.1058772746650442,0.9104110932782294,1.0,0.1865008295003771,0.0,0.0,0.0,1.0,0.0,0.0,0.0,0.0,0.0,1.0,0.0,0.0,0.0,1
0.6475418198714045,-0.0412042211673232,1.8603477206941,1.91459803932962,1.9149972228331904,0.0,-0.8769800970191218,-0.4323050568631192,-0.7325099611383147,1.0,-0.0785684345554774,0.0,1.0,0.0,0.0,0.0,0.0,1.0,0.0,0.0,0.0,0.0,0.0,0.0,0
2.0908888841035607,1.7617652597559688,-0.3105222113472291,-0.2505949109993104,-0.2492015513882641,1.0,-0.3601385153151105,-0.4323050568631192,-0.7325099611383147,0.0,0.4515700935562317,0.0,0.0,0.0,0.0,0.0,0.0,1.0,0.0,0.0,0.0,0.0,0.0,0.0,0
0.2263495560009497,0.28984985160002,0.2211194046628923,0.2796564237751214,0.2808063116863778,0.0,-0.8769800970191218,-0.4323050568631192,-0.458689785402224,1.0,0.4515700935562317,0.0,0.0,1.0,0.0,0.0,0.0,0.0,0.0,0.0,1.0,0.0,0.0,0.0,0
-2.4699833116233783,-2.827170450570213,-0.5098878173510246,-0.4494391615397224,-0.4479545000412548,1.0,-0.1534018826335059,-0.4323050568631192,-0.3217796975341787,0.0,-3.7895381313374417,0.0,0.0,0.0,1.0,0.0,0.0,1.0,0.0,0.0,0.0,1.0,0.0,0.0,0
0.3556121524269525,-0.2263998380503637,3.787548578730791,3.836759127886935,3.836275726478768,0.0,-0.7736117806783196,-0.4323050568631192,0.2258606539380027,0.0,0.1865008295003771,0.0,1.0,0.0,0.0,0.0,0.0,0.0,0.0,0.0,1.0,0.0,0.0,0.0,0
-0.1073910101056767,-0.632656076456624,-0.4877360833506029,-0.4273453559241211,-0.4258708390798114,0.0,0.4668080154113077,-0.4323050568631192,-0.7325099611383147,0.0,0.1865008295003771,0.0,1.0,0.0,0.0,0.0,0.0,0.0,1.0,0.0,0.0,0.0,0.0,0.0,0
-0.6089143987205485,-0.3250007120043355,0.2211194046628923,0.2796564237751214,0.2808063116863778,1.0,0.57017633175211,-0.4323050568631192,-0.0479595217980879,1.0,-0.0785684345554774,1.0,0.0,0.0,0.0,0.0,0.0,1.0,0.0,0.0,0.0,0.0,0.0,0.0,0
-0.1470560071022113,-1.3251301032019571,-0.2662187433463857,-0.4273453559241211,-0.403787178118368,0.0,1.7072278115009352,-0.1058772746650442,0.4996808296740934,1.0,0.1865008295003771,0.0,1.0,0.0,0.0,1.0,0.0,0.0,0.0,0.0,0.0,0.0,0.0,0.0,1
0.2315344392675581,-0.1562873795240701,0.3318780746650009,0.390125451853128,0.3912246164935948,1.0,-1.6005583114047377,-0.4323050568631192,-1.143240224742451,0.0,0.4515700935562317,0.0,1.0,0.0,0.0,0.0,1.0,0.0,0.0,0.0,0.0,0.0,0.0,0.0,0
0.1969408981125873,-0.5345850898187313,-0.4877360833506029,-0.4273453559241211,-0.4258708390798114,0.0,1.5004911788193305,-0.4323050568631192,-0.5955998732702694,1.0,0.4515700935562317,0.0,1.0,0.0,0.0,0.0,0.0,0.0,0.0,0.0,1.0,0.0,0.0,0.0,0
-0.1108752516608988,1.5422524669711546,-0.0890048713430118,-0.0296568548432972,-0.0283649417738299,1.0,-0.3601385153151105,-0.4323050568631192,-0.86942004900636,0.0,0.4515700935562317,0.0,0.0,1.0,0.0,0.0,0.0,0.0,0.0,0.0,1.0,0.0,0.0,0.0,0
0.0534924610690346,0.0306094545309152,-0.1997635413451204,-0.1401258829213038,-0.138783246581047,1.0,0.57017633175211,-0.4323050568631192,0.0889505660699574,1.0,0.1865008295003771,1.0,0.0,0.0,0.0,0.0,0.0,0.0,0.0,0.0,1.0,0.0,0.0,0.0,0
-0.0277373767748242,-0.7070634111218188,-0.3326739453476508,-0.3168763278461144,-0.3154525342725943,0.0,-0.9803484133599242,-0.4323050568631192,0.6365909175421388,1.0,-4.054607395393297,0.0,1.0,0.0,0.0,0.0,0.0,1.0,0.0,0.0,0.0,0.0,0.0,1.0,0
1.8164910352779613,0.5812042088890987,-0.4434326153497595,-0.3831577446929184,-0.3817035171569246,1.0,0.9836495971153192,-0.2690911657640817,-0.1848696096661333,1.0,0.1865008295003771,0.0,1.0,0.0,0.0,0.0,0.0,0.0,0.0,0.0,1.0,0.0,0.0,0.0,0
1.3231807241638365,-0.2818386708639318,-0.2440670093459639,-0.4494391615397224,-0.2933688733111509,1.0,0.57017633175211,0.0573366164339931,0.362770741806048,1.0,0.1865008295003771,0.0,1.0,0.0,0.0,0.0,0.0,0.0,0.0,0.0,1.0,0.0,0.0,0.0,1
0.0658543729760303,1.9988318670393392,0.4647884786675313,-0.4052515503085198,-0.2712852123497075,1.0,-0.2567701989743082,0.3837643986320681,1.1842312690143202,1.0,0.1865008295003771,0.0,1.0,0.0,0.0,1.0,0.0,0.0,0.0,0.0,0.0,0.0,0.0,0.0,1
0.1969408981125873,-0.5345850898187313,-0.4877360833506029,-0.4273453559241211,-0.4258708390798114,0.0,0.3634396990705054,-0.4323050568631192,-0.0479595217980879,1.0,0.4515700935562317,0.0,1.0,0.0,0.0,0.0,0.0,1.0,0.0,0.0,0.0,0.0,0.0,0.0,0
0.30919707742404,-0.2365792522756105,7.553343358802484,7.592706082539161,7.590498089924148,0.0,1.5004911788193305,0.0573366164339931,1.3211413568823656,0.0,0.4515700935562317,0.0,1.0,0.0,0.0,0.0,0.0,1.0,0.0,0.0,0.0,0.0,0.0,0.0,0
-0.367921024487494,-0.0233693296687208,-0.4877360833506029,-0.4273453559241211,-0.4258708390798114,1.0,1.1903862297969237,-0.4323050568631192,-0.5955998732702694,0.0,0.1865008295003771,1.0,0.0,0.0,0.0,0.0,0.0,0.0,0.0,0.0,1.0,0.0,0.0,0.0,0
-0.2941159394813734,0.2639272063334703,-0.3769774133484943,-0.3168763278461144,-0.3154525342725943,0.0,-1.2904533623823309,-0.4323050568631192,0.4996808296740934,0.0,0.4515700935562317,1.0,0.0,0.0,0.0,0.0,0.0,1.0,0.0,0.0,0.0,0.0,0.0,0.0,0
0.3273372556795471,-0.4909530526808943,0.1103607346607837,0.1691873956971147,0.1703880068791607,1.0,-0.9803484133599242,-0.4323050568631192,-0.1848696096661333,1.0,-4.054607395393297,0.0,1.0,0.0,0.0,0.0,0.0,1.0,0.0,0.0,0.0,1.0,0.0,0.0,0
-2.425047212807036,-0.7759070736182353,-0.4877360833506029,-0.3610639390773171,-0.4479545000412548,1.0,0.0533347500480986,-0.2690911657640817,-0.458689785402224,1.0,0.4515700935562317,1.0,0.0,0.0,0.0,0.0,0.0,0.0,0.0,0.0,1.0,0.0,0.0,0.0,1
-0.5878153804142202,-0.2764741893964533,-0.3548256793480726,-0.2947825222305131,-0.2933688733111509,0.0,1.0870179134561213,-0.2690911657640817,-0.7325099611383147,1.0,0.1865008295003771,1.0,0.0,0.0,0.0,0.0,0.0,1.0,0.0,0.0,0.0,0.0,0.0,0.0,0
0.3435693968929368,-0.2059155099725549,2.524899740706752,2.57741220779766,2.5775070516764926,1.0,1.0870179134561213,-0.4323050568631192,-0.3217796975341787,1.0,0.1865008295003771,0.0,1.0,0.0,0.0,1.0,0.0,0.0,0.0,0.0,0.0,0.0,0.0,0.0,0
-0.0688293049573076,-0.6881966337976787,-0.4655843493501811,-0.4052515503085198,-0.403787178118368,0.0,-0.8769800970191218,-0.4323050568631192,0.362770741806048,0.0,0.4515700935562317,0.0,1.0,0.0,0.0,1.0,0.0,0.0,0.0,0.0,0.0,1.0,0.0,0.0,0
0.4695551470944487,0.0882695611352954,0.4647884786675313,0.522688285546736,0.5237265822622553,0.0,0.4668080154113077,-0.4323050568631192,-1.143240224742451,0.0,0.1865008295003771,0.0,1.0,0.0,0.0,0.0,1.0,0.0,0.0,0.0,0.0,0.0,0.0,0.0,0
0.2760138245175694,-0.3762045599972519,-0.4212808813493377,-0.3610639390773171,-0.3596198561954812,0.0,1.91396444418254,0.8734060719291806,-0.7325099611383147,1.0,0.1865008295003771,0.0,1.0,0.0,0.0,0.0,0.0,1.0,0.0,0.0,0.0,0.0,0.0,0.0,0
1.9931227252279848,1.361268059808541,0.4204850106666878,0.4785006743155333,0.4795592603393685,0.0,0.0533347500480986,-0.4323050568631192,-0.3217796975341787,0.0,0.1865008295003771,0.0,0.0,0.0,0.0,1.0,0.0,0.0,0.0,0.0,0.0,0.0,0.0,0.0,0
-0.3868907840656309,-0.0527501868912122,-0.3769774133484943,-0.3168763278461144,-0.3154525342725943,0.0,0.7769129644337146,2.3423310918205176,-1.280150312610496,1.0,-0.0785684345554774,1.0,0.0,0.0,0.0,0.0,0.0,0.0,0.0,0.0,1.0,0.0,0.0,0.0,0
-0.3062831322137689,0.0689007853013004,-0.3548256793480726,-0.2947825222305131,-0.2933688733111509,0.0,-1.0837167297007264,-0.4323050568631192,0.0889505660699574,0.0,0.4515700935562317,1.0,0.0,0.0,0.0,0.0,0.0,1.0,0.0,0.0,0.0,1.0,0.0,0.0,0
-1.731655934454924,-0.0670153112095708,-0.2662187433463857,-0.2064072997681078,-0.2050342294653773,0.0,-1.3938216787231332,0.0573366164339931,0.2258606539380027,0.0,0.1865008295003771,1.0,0.0,0.0,0.0,0.0,0.0,0.0,0.0,0.0,1.0,0.0,0.0,0.0,0
2.093540027139172,-0.9585846958825652,0.1768159366620488,-0.4273453559241211,-0.3154525342725943,0.0,1.1903862297969237,-0.4323050568631192,-2.1016108398187683,1.0,0.1865008295003771,0.0,0.0,1.0,0.0,0.0,0.0,0.0,0.0,1.0,0.0,0.0,0.0,0.0,1
0.3920445988471303,-0.228951663808281,0.4426367446671095,0.5005944799311347,0.5016429213008119,0.0,-0.6702434643375174,-0.4323050568631192,-0.86942004900636,1.0,0.4515700935562317,0.0,1.0,0.0,0.0,1.0,0.0,0.0,0.0,0.0,0.0,0.0,0.0,0.0,0
-0.1917594306203042,-0.765992458403552,-0.1997635413451204,-0.1401258829213038,-0.138783246581047,1.0,0.8802812807745168,-0.4323050568631192,-0.86942004900636,1.0,0.4515700935562317,0.0,1.0,0.0,0.0,1.0,0.0,0.0,0.0,0.0,0.0,1.0,0.0,0.0,0
-1.8630892686751463,-0.1524387242827737,-0.4655843493501811,-0.4052515503085198,-0.403787178118368,0.0,0.8802812807745168,0.0573366164339931,2.0056917962225924,1.0,0.4515700935562317,1.0,0.0,0.0,0.0,0.0,0.0,0.0,0.0,0.0,1.0,0.0,0.0,0.0,0
0.1259563896035654,-0.3954060029946947,5.3160182247598895,5.361231715363426,5.360048332818363,0.0,0.4668080154113077,-0.4323050568631192,-0.458689785402224,1.0,0.4515700935562317,0.0,1.0,0.0,0.0,0.0,0.0,1.0,0.0,0.0,0.0,1.0,0.0,0.0,0
0.2102810268890028,-1.7397073143546549,-0.2883704773468074,-0.3831577446929184,-0.4258708390798114,0.0,0.8802812807745168,0.5469782897311056,-0.1848696096661333,1.0,0.1865008295003771,0.0,0.0,1.0,0.0,0.0,0.0,0.0,0.0,0.0,1.0,0.0,0.0,0.0,1
0.1419534827755384,-0.2114793267888091,2.6578101447092823,2.7099750414912678,2.710009017445153,0.0,0.7769129644337146,-0.4323050568631192,-0.7325099611383147,1.0,0.1865008295003771,0.0,1.0,0.0,0.0,0.0,0.0,1.0,0.0,0.0,0.0,0.0,0.0,0.0,0
0.0370805772357958,0.0705462248609951,-0.3326739453476508,-0.2726887166149118,-0.2712852123497075,1.0,-1.4971899950639356,-0.2690911657640817,-0.5955998732702694,1.0,0.4515700935562317,1.0,0.0,0.0,0.0,0.0,0.0,0.0,0.0,0.0,1.0,0.0,0.0,0.0,0
0.9935436089277772,-0.7670937735988799,0.1768159366620488,-0.3389701334617158,-0.3375361952340378,0.0,0.2600713827297031,0.0573366164339931,-1.6908805762146322,1.0,0.4515700935562317,1.0,0.0,0.0,0.0,0.0,0.0,0.0,0.0,0.0,1.0,0.0,0.0,0.0,1
0.3880211294322626,-0.0974698874668371,-0.2883704773468074,-0.2285011053837091,-0.2271178904268207,1.0,1.8105961278417373,-0.4323050568631192,-1.006330136874405,0.0,0.4515700935562317,0.0,1.0,0.0,0.0,0.0,0.0,0.0,0.0,0.0,1.0,0.0,0.0,0.0,0
-1.0061594150768909,-0.5056365090906335,-0.4877360833506029,-0.4273453559241211,-0.4258708390798114,0.0,-0.7736117806783196,-0.4323050568631192,-0.3217796975341787,1.0,0.4515700935562317,1.0,0.0,0.0,0.0,0.0,1.0,0.0,0.0,0.0,0.0,0.0,0.0,0.0,0
-0.3654599332301918,0.0926062704832355,-0.5098878173510246,-0.4494391615397224,-0.4479545000412548,1.0,0.4668080154113077,-0.4323050568631192,-0.5955998732702694,0.0,0.1865008295003771,1.0,0.0,0.0,0.0,0.0,0.0,1.0,0.0,0.0,0.0,1.0,0.0,0.0,0
-0.7077728396710529,0.094070432803365,-0.1997635413451204,-0.1401258829213038,-0.138783246581047,0.0,0.3634396990705054,-0.4323050568631192,1.0473211811462748,1.0,0.4515700935562317,1.0,0.0,0.0,0.0,0.0,0.0,0.0,0.0,0.0,1.0,0.0,0.0,0.0,0
1.5387472084509612,0.4991135081443242,-0.5098878173510246,-0.4494391615397224,-0.4479545000412548,1.0,-0.4635068316559128,-0.4323050568631192,-1.143240224742451,1.0,0.4515700935562317,0.0,0.0,0.0,0.0,0.0,1.0,0.0,0.0,0.0,0.0,0.0,0.0,0.0,0
0.2127305959539274,-0.2515137079401782,-0.0890048713430118,-0.0296568548432972,-0.0283649417738299,1.0,0.57017633175211,0.7101921808301431,0.0889505660699574,0.0,0.4515700935562317,0.0,1.0,0.0,0.0,0.0,0.0,0.0,0.0,0.0,1.0,0.0,0.0,0.0,0
-0.4561608245078256,0.2565366727179561,-0.5098878173510246,-0.4494391615397224,-0.4479545000412548,0.0,0.2600713827297031,-0.4323050568631192,0.2258606539380027,0.0,0.1865008295003771,1.0,0.0,0.0,0.0,0.0,0.0,1.0,0.0,0.0,0.0,1.0,0.0,0.0,0
0.0893718532742241,0.263759873496918,-0.4434326153497595,-0.3831577446929184,-0.3817035171569246,0.0,-0.6702434643375174,0.3837643986320681,0.7735010054101842,1.0,0.1865008295003771,0.0,0.0,1.0,0.0,0.0,1.0,0.0,0.0,0.0,0.0,0.0,0.0,0.0,0
0.2263495560009497,0.28984985160002,0.2211194046628923,0.2796564237751214,0.2808063116863778,0.0,1.293754546137726,0.0573366164339931,-1.6908805762146322,1.0,0.1865008295003771,0.0,0.0,1.0,0.0,0.0,0.0,0.0,0.0,0.0,1.0,0.0,0.0,0.0,0
1.2208245140740843,2.696591135779321,0.4647884786675313,-0.3168763278461144,-0.3596198561954812,0.0,-0.9803484133599242,2.3423310918205176,1.1842312690143202,1.0,0.4515700935562317,0.0,0.0,0.0,1.0,0.0,0.0,1.0,0.0,0.0,0.0,0.0,0.0,0.0,1
0.1618081290978728,0.0210714828460496,-0.4877360833506029,-0.4273453559241211,-0.4258708390798114,0.0,-1.1870850460415288,-0.4323050568631192,0.2258606539380027,1.0,0.4515700935562317,0.0,0.0,1.0,0.0,0.0,0.0,0.0,0.0,0.0,1.0,0.0,0.0,0.0,0
-0.7297705710769213,-0.4265299105981699,0.1546642026616271,0.2133750069283174,0.2145553288020475,1.0,1.293754546137726,-0.4323050568631192,0.0889505660699574,1.0,0.1865008295003771,1.0,0.0,0.0,0.0,0.0,0.0,0.0,0.0,0.0,1.0,0.0,0.0,0.0,0
1.6078454284298302,-3.1432408292696072,-0.3326739453476508,-0.4494391615397224,-0.2933688733111509,1.0,0.7769129644337146,-0.2690911657640817,-1.6908805762146322,1.0,-0.0785684345554774,0.0,1.0,0.0,0.0,1.0,0.0,0.0,0.0,0.0,0.0,0.0,0.0,0.0,1
0.582253769777951,-0.3031916656369235,0.2875746066641575,0.3459378406219254,0.347057294570708,0.0,-0.8769800970191218,-0.4323050568631192,-0.458689785402224,1.0,-0.0785684345554774,0.0,1.0,0.0,0.0,0.0,0.0,1.0,0.0,0.0,0.0,0.0,0.0,1.0,0
-1.3134916424121026,-2.218260202664453,-0.4877360833506029,-0.4273453559241211,-0.4258708390798114,0.0,1.397122862478528,-0.4323050568631192,-0.0479595217980879,0.0,0.4515700935562317,0.0,0.0,0.0,1.0,0.0,0.0,0.0,0.0,0.0,1.0,0.0,0.0,0.0,0
1.487285513735261,0.5729770110906252,-0.4655843493501811,-0.4052515503085198,-0.403787178118368,1.0,1.293754546137726,1.8526894185234053,0.0889505660699574,1.0,0.1865008295003771,0.0,0.0,0.0,0.0,0.0,0.0,1.0,0.0,0.0,0.0,1.0,0.0,0.0,0
-1.6761268656834725,2.418512844519697,0.2211194046628923,-0.3831577446929184,-0.3596198561954812,1.0,0.57017633175211,-0.1058772746650442,0.2258606539380027,1.0,-0.0785684345554774,0.0,0.0,0.0,1.0,1.0,0.0,0.0,0.0,0.0,0.0,0.0,0.0,0.0,1
0.3806793347266791,-0.1789749232834805,2.325534134702957,2.378567957257248,2.378754103023502,0.0,-1.2904533623823309,-0.4323050568631192,-0.1848696096661333,0.0,0.1865008295003771,0.0,1.0,0.0,0.0,0.0,0.0,0.0,0.0,0.0,1.0,0.0,0.0,0.0,0
-1.7311858383720908,2.9167801642384323,-0.5098878173510246,-0.4494391615397224,-0.4479545000412548,1.0,0.9836495971153192,-0.4323050568631192,-1.006330136874405,1.0,-3.7895381313374417,0.0,0.0,1.0,0.0,0.0,0.0,1.0,0.0,0.0,0.0,0.0,0.0,0.0,0
0.2760138245175694,-0.3762045599972519,-0.4212808813493377,-0.3610639390773171,-0.3596198561954812,0.0,1.1903862297969237,-0.4323050568631192,-1.006330136874405,1.0,0.1865008295003771,0.0,1.0,0.0,0.0,0.0,0.0,1.0,0.0,0.0,0.0,1.0,0.0,0.0,0
0.4683937332427079,0.4879161524967509,-0.3548256793480726,-0.2947825222305131,-0.2933688733111509,0.0,-0.9803484133599242,-0.4323050568631192,-0.458689785402224,1.0,0.4515700935562317,0.0,0.0,1.0,0.0,0.0,0.0,0.0,1.0,0.0,0.0,0.0,0.0,0.0,0
2.0899265077874603,-0.5768797444575058,0.1989676706624706,-0.2947825222305131,-0.403787178118368,0.0,0.1567030663889009,0.5469782897311056,-0.86942004900636,1.0,0.4515700935562317,0.0,0.0,1.0,0.0,0.0,0.0,0.0,0.0,0.0,1.0,0.0,0.0,0.0,1
-0.1597514179210153,-0.5076445031296569,0.0882090006603619,0.1470935900815134,0.1483043459177173,0.0,-0.0500335662927036,-0.4323050568631192,0.0889505660699574,1.0,0.1865008295003771,0.0,1.0,0.0,0.0,0.0,0.0,1.0,0.0,0.0,0.0,0.0,0.0,0.0,0
0.4540611245355617,-1.3954342296465396,-0.1997635413451204,-0.4273453559241211,-0.3817035171569246,0.0,-0.9803484133599242,-0.4323050568631192,0.362770741806048,1.0,0.1865008295003771,0.0,0.0,0.0,1.0,1.0,0.0,0.0,0.0,0.0,0.0,0.0,0.0,0.0,1
1.1365385305140845,0.4166881417264453,-0.4212808813493377,-0.3610639390773171,-0.3596198561954812,0.0,-1.3938216787231332,-0.2690911657640817,-1.280150312610496,0.0,-0.0785684345554774,0.0,0.0,0.0,0.0,0.0,0.0,0.0,0.0,0.0,1.0,0.0,0.0,0.0,0
1.4950282727467674,0.2377675062151051,0.819216222674279,0.8761891753963572,0.8770651576453499,0.0,0.6735446480929123,-0.4323050568631192,-0.5955998732702694,1.0,0.4515700935562317,0.0,1.0,0.0,0.0,0.0,0.0,1.0,0.0,0.0,0.0,0.0,0.0,0.0,0
-0.0517675824212881,-0.2969306286682361,-0.4877360833506029,-0.4273453559241211,-0.4258708390798114,0.0,-0.3601385153151105,-0.4323050568631192,0.9104110932782294,1.0,-0.0785684345554774,0.0,1.0,0.0,0.0,0.0,0.0,0.0,1.0,0.0,0.0,1.0,0.0,0.0,0
1.65835900882334,0.8519766272790795,-0.0668531373425901,-0.0075630492276958,-0.0062812808123865,0.0,-0.6702434643375174,-0.4323050568631192,-0.5955998732702694,1.0,0.1865008295003771,0.0,0.0,0.0,0.0,0.0,0.0,1.0,0.0,0.0,0.0,0.0,0.0,0.0,0
-0.3128229983074081,-0.7455499635349804,0.1768159366620488,0.2354688125439187,0.236638989763491,1.0,-0.7736117806783196,-0.1058772746650442,1.458051444750411,1.0,0.1865008295003771,0.0,1.0,0.0,0.0,0.0,0.0,1.0,0.0,0.0,0.0,1.0,0.0,0.0,0
1.487285513735261,0.5729770110906252,-0.3548256793480726,-0.2947825222305131,-0.2933688733111509,0.0,0.9836495971153192,1.036619963028218,-0.5955998732702694,1.0,0.1865008295003771,0.0,0.0,0.0,0.0,0.0,0.0,0.0,0.0,0.0,1.0,0.0,0.0,0.0,0
0.1385798520633532,-0.0863980314465788,-0.3326739453476508,-0.3168763278461144,-0.3154525342725943,0.0,0.0533347500480986,-0.4323050568631192,-0.1848696096661333,0.0,0.1865008295003771,1.0,0.0,0.0,0.0,0.0,0.0,1.0,0.0,0.0,0.0,0.0,0.0,1.0,0
1.1869049234063835,-1.1477390058834505,-0.0447014033421683,-0.3168763278461144,-0.3596198561954812,0.0,-0.566875147996715,-0.4323050568631192,-2.6492511912909498,1.0,0.1865008295003771,1.0,0.0,0.0,0.0,0.0,0.0,1.0,0.0,0.0,0.0,0.0,0.0,0.0,1
-2.247401417738393,-3.715479600149717,0.3097263406645792,-0.4273453559241211,-0.3375361952340378,1.0,-1.7039266277455398,-0.2690911657640817,1.458051444750411,1.0,-0.0785684345554774,0.0,0.0,0.0,0.0,0.0,0.0,1.0,0.0,0.0,0.0,0.0,0.0,0.0,1
-0.4762505188716749,-0.0728161828776404,-0.0447014033421683,0.0145307563879054,0.0158023801490568,1.0,-1.1870850460415288,-0.4323050568631192,-0.0479595217980879,1.0,0.4515700935562317,1.0,0.0,0.0,0.0,0.0,0.0,0.0,0.0,0.0,1.0,0.0,0.0,0.0,0
-0.5042074094453123,-0.3182376765257932,-0.4434326153497595,-0.3831577446929184,-0.3817035171569246,0.0,-1.8072949440863424,-0.4323050568631192,-1.143240224742451,1.0,0.1865008295003771,1.0,0.0,0.0,0.0,0.0,0.0,1.0,0.0,0.0,0.0,0.0,0.0,0.0,0
-0.3155882693829391,0.2519350197119764,-0.5098878173510246,-0.4494391615397224,-0.4479545000412548,1.0,0.57017633175211,1.363047745226293,-0.5955998732702694,1.0,0.1865008295003771,1.0,0.0,0.0,0.0,0.0,1.0,0.0,0.0,0.0,0.0,0.0,0.0,0.0,0
0.540608787380381,-0.40646391461194,-0.3326739453476508,-0.2726887166149118,-0.2712852123497075,0.0,-0.0500335662927036,2.505544982919555,1.458051444750411,1.0,0.4515700935562317,0.0,1.0,0.0,0.0,0.0,0.0,1.0,0.0,0.0,0.0,0.0,0.0,0.0,0
-0.5042074094453123,-0.3182376765257932,-0.4434326153497595,-0.3831577446929184,-0.3817035171569246,0.0,1.293754546137726,-0.4323050568631192,-0.86942004900636,1.0,0.1865008295003771,1.0,0.0,0.0,0.0,0.0,0.0,1.0,0.0,0.0,0.0,0.0,0.0,0.0,0
-1.3390565735054465,-0.4730902723760677,-0.5098878173510246,-0.4494391615397224,-0.4479545000412548,1.0,-0.8769800970191218,0.5469782897311056,0.6365909175421388,0.0,0.1865008295003771,1.0,0.0,0.0,0.0,1.0,0.0,0.0,0.0,0.0,0.0,0.0,0.0,0.0,1
0.4352934384684905,-0.2112701607432179,-0.4212808813493377,-0.3610639390773171,-0.3596198561954812,0.0,1.0870179134561213,-0.4323050568631192,0.4996808296740934,1.0,0.4515700935562317,0.0,1.0,0.0,0.0,0.0,0.0,1.0,0.0,0.0,0.0,0.0,0.0,0.0,0
-0.4336515179529971,0.5588931640120299,-0.4212808813493377,-0.3610639390773171,-0.3596198561954812,0.0,-0.3601385153151105,-0.4323050568631192,0.6365909175421388,0.0,0.1865008295003771,1.0,0.0,0.0,0.0,0.0,0.0,1.0,0.0,0.0,0.0,1.0,0.0,0.0,0
-2.116830542566467,1.7157347852937537,-0.3105222113472291,-0.2505949109993104,-0.2492015513882641,0.0,0.3634396990705054,-0.4323050568631192,-1.4170604004785414,1.0,0.4515700935562317,0.0,0.0,1.0,0.0,0.0,0.0,0.0,0.0,0.0,1.0,0.0,0.0,0.0,0
0.0279966617526012,-0.2474977198623295,0.1103607346607837,0.1691873956971147,0.1703880068791607,1.0,-1.9106632604271443,-0.4323050568631192,-0.1848696096661333,1.0,0.1865008295003771,0.0,1.0,0.0,0.0,0.0,1.0,0.0,0.0,0.0,0.0,0.0,0.0,0.0,0
-0.2832484241545395,-0.6842503677350933,4.119824588737116,4.168166212120955,4.167530640900419,0.0,-1.9106632604271443,-0.4323050568631192,-0.1848696096661333,1.0,0.4515700935562317,0.0,1.0,0.0,0.0,0.0,0.0,1.0,0.0,0.0,0.0,0.0,0.0,0.0,0
0.3296462570275875,-0.2163877566618673,1.5059199766873526,1.5610971494799983,1.5616586474500955,0.0,-0.4635068316559128,-0.4323050568631192,0.4996808296740934,1.0,0.4515700935562317,0.0,1.0,0.0,0.0,0.0,0.0,1.0,0.0,0.0,0.0,0.0,0.0,0.0,0
0.3154051109885683,-0.3788679409794713,3.2116034947198253,3.262320181881301,3.2621005414812387,0.0,-0.7736117806783196,-0.4323050568631192,3.5117027627710917,0.0,0.4515700935562317,0.0,1.0,0.0,0.0,0.0,0.0,0.0,0.0,0.0,1.0,0.0,0.0,0.0,0
-0.9685517284495312,0.4428478418448104,-0.4434326153497595,-0.3831577446929184,-0.3817035171569246,1.0,1.397122862478528,-0.4323050568631192,-0.7325099611383147,1.0,0.4515700935562317,1.0,0.0,0.0,0.0,0.0,0.0,0.0,0.0,0.0,1.0,1.0,0.0,0.0,0
0.4504747766732747,1.8228138563008291,-0.3326739453476508,-0.2726887166149118,-0.2712852123497075,0.0,0.8802812807745168,-0.4323050568631192,0.2258606539380027,1.0,-3.7895381313374417,0.0,0.0,1.0,0.0,0.0,0.0,1.0,0.0,0.0,0.0,1.0,0.0,0.0,0
0.4536963174761981,-0.1484924582201882,1.1071887646797614,1.1634086483991746,1.1641527501441142,0.0,0.57017633175211,-0.4323050568631192,0.362770741806048,0.0,0.4515700935562317,0.0,1.0,0.0,0.0,0.0,0.0,0.0,0.0,0.0,1.0,0.0,0.0,0.0,0
-0.6433143709002291,0.126198337426352,-0.3326739453476508,-0.3168763278461144,-0.3154525342725943,0.0,0.7769129644337146,0.3837643986320681,-0.5955998732702694,0.0,0.1865008295003771,1.0,0.0,0.0,0.0,0.0,1.0,0.0,0.0,0.0,0.0,0.0,0.0,0.0,0
2.009924903188088,1.0437704636213636,-0.4212808813493377,-0.3168763278461144,-0.2933688733111509,0.0,-0.1534018826335059,1.5262616363253303,1.458051444750411,1.0,0.1865008295003771,0.0,0.0,0.0,1.0,0.0,0.0,1.0,0.0,0.0,0.0,0.0,0.0,0.0,1
0.3104552757633766,-0.2596293505143496,-0.4434326153497595,-0.3831577446929184,-0.3817035171569246,0.0,1.397122862478528,-0.4323050568631192,-1.006330136874405,1.0,0.4515700935562317,0.0,1.0,0.0,0.0,0.0,0.0,0.0,0.0,0.0,1.0,0.0,0.0,0.0,0
1.4747035303415996,0.5473611426911539,-0.3769774133484943,-0.3168763278461144,-0.3154525342725943,0.0,1.0870179134561213,-0.4323050568631192,-1.143240224742451,1.0,0.4515700935562317,0.0,0.0,0.0,0.0,0.0,0.0,0.0,0.0,0.0,1.0,0.0,0.0,0.0,0
0.3962478108819453,-0.4449365226218904,-0.3548256793480726,-0.2947825222305131,-0.2933688733111509,0.0,-0.3601385153151105,-0.4323050568631192,0.9104110932782294,0.0,-0.0785684345554774,0.0,1.0,0.0,0.0,0.0,0.0,0.0,0.0,0.0,1.0,0.0,0.0,0.0,0
-1.05453783254339,1.2806275769808828,-0.399129147348916,-0.3389701334617158,-0.3375361952340378,1.0,-0.2567701989743082,0.3837643986320681,0.9104110932782294,1.0,0.4515700935562317,1.0,0.0,0.0,0.0,0.0,0.0,0.0,0.0,0.0,1.0,1.0,0.0,0.0,0
0.2177910420221561,0.2574291145129675,-0.4877360833506029,-0.4273453559241211,-0.4258708390798114,0.0,0.1567030663889009,-0.2690911657640817,-0.0479595217980879,1.0,0.1865008295003771,0.0,0.0,1.0,0.0,0.0,0.0,0.0,0.0,0.0,1.0,0.0,0.0,0.0,0
0.6066296343088684,-0.3892286324442834,0.1768159366620488,0.2354688125439187,0.236638989763491,0.0,-0.9803484133599242,-0.4323050568631192,-0.3217796975341787,0.0,0.4515700935562317,0.0,1.0,0.0,0.0,0.0,0.0,0.0,0.0,0.0,1.0,0.0,0.0,0.0,0
1.4817687979395415,1.0779875118843965,-0.4877360833506029,-0.4273453559241211,-0.4258708390798114,1.0,1.1903862297969237,-0.4323050568631192,-1.143240224742451,0.0,0.1865008295003771,0.0,0.0,0.0,0.0,0.0,0.0,0.0,0.0,0.0,1.0,0.0,0.0,0.0,0
-0.0627042295250324,0.1028275179175214,-0.4877360833506029,-0.4273453559241211,-0.4258708390798114,0.0,0.9836495971153192,-0.4323050568631192,0.362770741806048,0.0,0.1865008295003771,1.0,0.0,0.0,0.0,0.0,0.0,0.0,0.0,0.0,1.0,0.0,0.0,0.0,0
-0.8332055356573799,0.7306882095658954,-0.3326739453476508,-0.2726887166149118,-0.2712852123497075,1.0,-1.7039266277455398,-0.4323050568631192,-0.458689785402224,1.0,0.1865008295003771,1.0,0.0,0.0,0.0,0.0,0.0,0.0,0.0,0.0,1.0,0.0,0.0,0.0,0
0.1241727897598277,-0.3925334559666859,5.3160182247598895,5.361231715363426,5.360048332818363,0.0,0.7769129644337146,-0.4323050568631192,0.2258606539380027,1.0,0.1865008295003771,0.0,1.0,0.0,0.0,0.0,0.0,1.0,0.0,0.0,0.0,0.0,0.0,0.0,0
0.2312993912261413,-0.3182376765257932,1.793892518692835,1.848316622482816,1.84874623994886,0.0,0.6735446480929123,-0.4323050568631192,-0.458689785402224,0.0,0.4515700935562317,0.0,1.0,0.0,0.0,0.0,0.0,1.0,0.0,0.0,0.0,0.0,0.0,0.0,0
1.0837080266159125,-0.0560131772043775,-0.3548256793480726,-0.2947825222305131,-0.2933688733111509,0.0,-1.7039266277455398,-0.4323050568631192,-1.5539704883465868,1.0,0.4515700935562317,0.0,1.0,0.0,0.0,0.0,1.0,0.0,0.0,0.0,0.0,1.0,0.0,0.0,0
0.6672858553508001,0.8038823811657891,-0.1776118073446987,-0.1180320773057025,-0.1166995856196036,0.0,-0.8769800970191218,-0.4323050568631192,0.362770741806048,1.0,0.4515700935562317,0.0,0.0,1.0,0.0,0.0,0.0,1.0,0.0,0.0,0.0,0.0,0.0,0.0,0
0.4249896343629026,0.5024545701799628,-0.0890048713430118,-0.3389701334617158,-0.3596198561954812,1.0,1.293754546137726,1.8526894185234053,0.0889505660699574,1.0,-0.0785684345554774,1.0,0.0,0.0,0.0,0.0,0.0,0.0,0.0,0.0,1.0,0.0,0.0,0.0,1
0.591074984508945,-0.0615212164085797,-0.399129147348916,-0.3389701334617158,-0.3375361952340378,0.0,-0.3601385153151105,-0.4323050568631192,-0.7325099611383147,0.0,0.4515700935562317,0.0,1.0,0.0,0.0,0.0,0.0,1.0,0.0,0.0,0.0,0.0,0.0,0.0,0
0.7917921855268032,-0.2046326248921888,-0.4655843493501811,-0.4052515503085198,-0.403787178118368,1.0,0.8802812807745168,1.036619963028218,-0.86942004900636,0.0,0.1865008295003771,0.0,1.0,0.0,0.0,0.0,0.0,1.0,0.0,0.0,0.0,0.0,0.0,0.0,0
-0.5286385793976991,-0.4088065743238697,2.7907205487118127,2.8425378751848758,2.8425109832138142,0.0,1.1903862297969237,0.0573366164339931,0.2258606539380027,0.0,0.4515700935562317,1.0,0.0,0.0,0.0,1.0,0.0,0.0,0.0,0.0,0.0,0.0,0.0,0.0,0
-0.5569134761451046,-0.389549353714375,-0.2219152753455422,-0.1622196885369051,-0.1608669075424904,0.0,-0.3601385153151105,-0.4323050568631192,0.0889505660699574,0.0,0.4515700935562317,1.0,0.0,0.0,0.0,0.0,0.0,1.0,0.0,0.0,0.0,1.0,0.0,0.0,0
0.0149445822761066,0.9936657066517962,-0.1333083393438553,-0.0738444660744998,-0.0725322636967168,0.0,-0.4635068316559128,-0.4323050568631192,-1.280150312610496,0.0,0.1865008295003771,0.0,0.0,1.0,0.0,0.0,0.0,0.0,0.0,0.0,1.0,0.0,0.0,0.0,0
-0.5878153804142202,-0.2764741893964533,-0.3326739453476508,-0.3168763278461144,-0.3154525342725943,0.0,0.4668080154113077,-0.4323050568631192,-1.006330136874405,1.0,0.4515700935562317,1.0,0.0,0.0,0.0,0.0,0.0,0.0,1.0,0.0,0.0,1.0,0.0,0.0,0
-0.9901070164833502,-0.5289933841964511,-0.155460073344277,-0.0959382716901011,-0.0946159246581602,0.0,-0.3601385153151105,-0.4323050568631192,-0.5955998732702694,0.0,0.4515700935562317,1.0,0.0,0.0,0.0,1.0,0.0,0.0,0.0,0.0,0.0,0.0,0.0,0.0,0
0.2290456952995703,0.2096416452667556,-0.0447014033421683,0.0145307563879054,0.0158023801490568,1.0,-0.8769800970191218,-0.4323050568631192,0.2258606539380027,1.0,0.1865008295003771,0.0,0.0,1.0,0.0,0.0,0.0,0.0,0.0,0.0,1.0,0.0,0.0,0.0,0
0.4348371687410982,2.3303343496432807,-0.3548256793480726,-0.2947825222305131,-0.2933688733111509,0.0,-0.1534018826335059,-0.4323050568631192,-0.458689785402224,0.0,-4.054607395393297,0.0,0.0,1.0,0.0,1.0,0.0,0.0,0.0,0.0,0.0,1.0,0.0,0.0,0
-2.786101492417256,2.72238468450092,-0.4655843493501811,-0.3389701334617158,-0.3596198561954812,1.0,-0.566875147996715,0.0573366164339931,1.0473211811462748,1.0,-0.0785684345554774,0.0,0.0,0.0,0.0,1.0,0.0,0.0,0.0,0.0,0.0,0.0,0.0,0.0,1
-0.7340705675993323,-0.3730391805053757,-0.5098878173510246,-0.4494391615397224,-0.4479545000412548,0.0,-1.3938216787231332,-0.4323050568631192,0.9104110932782294,0.0,0.1865008295003771,1.0,0.0,0.0,0.0,0.0,0.0,0.0,0.0,0.0,1.0,0.0,0.0,0.0,0
0.4915252257896316,-0.3452479852303289,0.3761815426658444,0.4343130630843307,0.4353919384164817,0.0,-1.8072949440863424,-0.4323050568631192,-1.280150312610496,0.0,0.1865008295003771,0.0,1.0,0.0,0.0,0.0,0.0,1.0,0.0,0.0,0.0,1.0,0.0,0.0,0
0.5645698612499345,0.0994111391708168,-0.4655843493501811,-0.4052515503085198,-0.403787178118368,0.0,-1.1870850460415288,-0.4323050568631192,1.458051444750411,1.0,0.1865008295003771,0.0,1.0,0.0,0.0,1.0,0.0,0.0,0.0,0.0,0.0,0.0,0.0,0.0,0
0.6475418198714045,-0.0412042211673232,1.8603477206941,1.91459803932962,1.9149972228331904,0.0,1.5004911788193305,-0.2690911657640817,-1.280150312610496,1.0,0.1865008295003771,0.0,1.0,0.0,0.0,0.0,0.0,1.0,0.0,0.0,0.0,0.0,0.0,0.0,0
-0.0140216322402061,-0.5005328575749971,-0.0890048713430118,-0.0296568548432972,-0.0283649417738299,1.0,-0.566875147996715,0.0573366164339931,0.9104110932782294,0.0,-0.0785684345554774,0.0,1.0,0.0,0.0,0.0,0.0,0.0,1.0,0.0,0.0,1.0,0.0,0.0,0
1.5419258627627588,1.4134241254580733,0.486940212667953,-0.3389701334617158,-0.3375361952340378,1.0,0.57017633175211,-0.4323050568631192,1.7318716204865017,1.0,-0.0785684345554774,0.0,0.0,0.0,1.0,0.0,0.0,1.0,0.0,0.0,0.0,0.0,0.0,0.0,1
-0.5795472198983127,-0.281703340539603,-0.1997635413451204,-0.1401258829213038,-0.138783246581047,0.0,0.8802812807745168,-0.4323050568631192,-0.0479595217980879,1.0,0.1865008295003771,1.0,0.0,0.0,0.0,1.0,0.0,0.0,0.0,0.0,0.0,0.0,0.0,0.0,0
0.1390776008569704,0.7278156625378867,-0.399129147348916,-0.3389701334617158,-0.3375361952340378,0.0,-0.566875147996715,-0.2690911657640817,-0.0479595217980879,1.0,0.4515700935562317,0.0,0.0,1.0,0.0,0.0,0.0,0.0,0.0,0.0,1.0,0.0,0.0,0.0,0
-1.122245494827921,-0.1896423916153711,-0.5098878173510246,-0.4494391615397224,-0.4479545000412548,1.0,-0.8769800970191218,-0.4323050568631192,0.4996808296740934,0.0,0.4515700935562317,1.0,0.0,0.0,0.0,0.0,0.0,0.0,0.0,0.0,1.0,0.0,0.0,0.0,0
-0.8671907171756965,-0.3734156793875193,0.1768159366620488,0.2354688125439187,0.236638989763491,0.0,0.9836495971153192,-0.4323050568631192,0.2258606539380027,1.0,0.4515700935562317,1.0,0.0,0.0,0.0,0.0,0.0,0.0,0.0,0.0,1.0,0.0,0.0,0.0,0
0.150707850157112,1.5082958539644882,-0.0003979353413249,-0.4494391615397224,-0.3596198561954812,1.0,0.7769129644337146,-0.2690911657640817,-0.5955998732702694,1.0,-0.0785684345554774,0.0,0.0,0.0,1.0,0.0,0.0,0.0,0.0,0.0,1.0,0.0,0.0,0.0,1
-0.3391483789464714,-0.6236340476844281,1.9932581246966303,2.047160873023228,2.0474991886018508,0.0,0.7769129644337146,-0.4323050568631192,-0.86942004900636,0.0,0.1865008295003771,0.0,1.0,0.0,0.0,0.0,1.0,0.0,0.0,0.0,0.0,0.0,0.0,0.0,0
0.2263495560009497,0.28984985160002,0.2211194046628923,0.2796564237751214,0.2808063116863778,0.0,0.9836495971153192,-0.4323050568631192,1.0473211811462748,1.0,-0.0785684345554774,0.0,0.0,1.0,0.0,0.0,0.0,0.0,0.0,0.0,1.0,0.0,0.0,0.0,0
0.3269501177289668,-0.594434467701502,-0.1776118073446987,-0.1180320773057025,-0.1166995856196036,0.0,1.1903862297969237,-0.4323050568631192,-0.7325099611383147,0.0,0.4515700935562317,0.0,1.0,0.0,0.0,0.0,0.0,1.0,0.0,0.0,0.0,0.0,0.0,0.0,0
0.8234675173794338,-1.9946896022938625,0.486940212667953,-0.3610639390773171,-0.3375361952340378,0.0,0.57017633175211,-0.1058772746650442,-1.964700751950723,1.0,0.4515700935562317,0.0,0.0,0.0,1.0,0.0,0.0,1.0,0.0,0.0,0.0,0.0,0.0,0.0,1
0.8700078778983716,-0.195080708804112,-0.1997635413451204,-0.1401258829213038,-0.138783246581047,1.0,-1.2904533623823309,0.3837643986320681,0.362770741806048,1.0,-3.7895381313374417,0.0,1.0,0.0,0.0,0.0,0.0,0.0,0.0,0.0,1.0,0.0,0.0,0.0,0
-2.5818338959473834,0.4595568910849336,-0.4655843493501811,-0.3389701334617158,-0.3375361952340378,1.0,1.7072278115009352,-0.2690911657640817,0.362770741806048,1.0,0.4515700935562317,0.0,0.0,1.0,0.0,0.0,0.0,1.0,0.0,0.0,0.0,0.0,0.0,0.0,1
-0.6588551943447115,1.770424734048836,-0.4877360833506029,-0.4273453559241211,-0.4258708390798114,0.0,1.1903862297969237,-0.4323050568631192,0.0889505660699574,0.0,0.1865008295003771,0.0,0.0,1.0,0.0,0.0,0.0,1.0,0.0,0.0,0.0,1.0,0.0,0.0,0
1.9300883710611023,1.3338115302065985,0.1989676706624706,0.2575626181595201,0.2587226507249344,1.0,1.293754546137726,3.1584005473157046,-0.86942004900636,0.0,-0.0785684345554774,0.0,0.0,0.0,0.0,0.0,0.0,1.0,0.0,0.0,0.0,1.0,0.0,0.0,0
-0.7271159108444273,-0.3918362358142527,-0.5098878173510246,-0.4494391615397224,-0.4479545000412548,0.0,-1.4971899950639356,1.1998338541272555,0.6365909175421388,0.0,-0.0785684345554774,1.0,0.0,0.0,0.0,0.0,0.0,0.0,0.0,0.0,0.0,1.0,0.0,0.0,0
0.2290456952995703,0.2096416452667556,-0.0447014033421683,0.0145307563879054,0.0158023801490568,1.0,1.293754546137726,-0.4323050568631192,2.690242235562819,1.0,0.4515700935562317,0.0,0.0,1.0,0.0,0.0,0.0,1.0,0.0,0.0,0.0,1.0,0.0,0.0,0
0.859610458654371,0.2396778894326412,-0.4212808813493377,-0.3610639390773171,-0.3596198561954812,0.0,1.0870179134561213,-0.4323050568631192,-0.86942004900636,1.0,-0.0785684345554774,0.0,1.0,0.0,0.0,0.0,0.0,1.0,0.0,0.0,0.0,0.0,0.0,0.0,0
-2.272742395758867,2.6030033032882205,0.0882090006603619,-0.2947825222305131,-0.3154525342725943,1.0,-3.4611880055391784,0.3837643986320681,-0.3217796975341787,1.0,0.4515700935562317,0.0,1.0,0.0,0.0,0.0,0.0,0.0,0.0,1.0,0.0,0.0,0.0,0.0,1
0.0159539062186838,-0.4747217675327495,-0.4434326153497595,-0.3831577446929184,-0.3817035171569246,1.0,1.293754546137726,-0.4323050568631192,0.6365909175421388,1.0,-0.0785684345554774,0.0,1.0,0.0,0.0,0.0,0.0,0.0,0.0,0.0,1.0,0.0,0.0,0.0,0
-2.10258811408053,1.457299018142717,0.5090919466683748,-0.4494391615397224,-0.3375361952340378,1.0,1.5004911788193305,-0.1058772746650442,1.0473211811462748,1.0,0.4515700935562317,0.0,0.0,0.0,0.0,0.0,0.0,0.0,0.0,0.0,1.0,0.0,0.0,0.0,1
0.8867483339033378,-1.860045773167801,0.0882090006603619,-0.3610639390773171,-0.4479545000412548,0.0,-1.4971899950639356,1.036619963028218,0.2258606539380027,1.0,0.4515700935562317,0.0,0.0,0.0,1.0,1.0,0.0,0.0,0.0,0.0,0.0,0.0,0.0,0.0,1
0.6122846136583102,-0.3846967014535669,0.2654228726637357,0.323844035006324,0.3249736336092646,1.0,-0.0500335662927036,-0.1058772746650442,-0.3217796975341787,0.0,0.1865008295003771,0.0,1.0,0.0,0.0,0.0,0.0,0.0,0.0,0.0,1.0,0.0,0.0,0.0,0
2.1796919873241136,2.125996845940352,-0.3548256793480726,-0.3831577446929184,-0.3375361952340378,0.0,-0.1534018826335059,-0.4323050568631192,-0.458689785402224,1.0,0.1865008295003771,0.0,0.0,1.0,0.0,0.0,0.0,0.0,0.0,0.0,1.0,0.0,0.0,0.0,1
0.3169121837247627,-0.1196554327163925,0.4647884786675313,0.522688285546736,0.5237265822622553,1.0,-0.3601385153151105,-0.4323050568631192,0.6365909175421388,1.0,-0.0785684345554774,0.0,1.0,0.0,0.0,0.0,0.0,0.0,0.0,0.0,1.0,0.0,0.0,0.0,0
-0.2304870520332778,-0.0975396094821002,-0.1776118073446987,-0.1180320773057025,-0.1166995856196036,1.0,0.3634396990705054,-0.4323050568631192,-0.5955998732702694,0.0,0.4515700935562317,1.0,0.0,0.0,0.0,1.0,0.0,0.0,0.0,0.0,0.0,1.0,0.0,0.0,0
-1.3648012472187376,-0.7318286709355157,-0.5098878173510246,-0.4494391615397224,-0.4479545000412548,0.0,0.8802812807745168,-0.1058772746650442,-0.7325099611383147,0.0,-0.0785684345554774,1.0,0.0,0.0,0.0,0.0,0.0,0.0,0.0,0.0,1.0,0.0,0.0,0.0,0
1.4747035303415996,0.5473611426911539,-0.3769774133484943,-0.3168763278461144,-0.3154525342725943,0.0,-1.3938216787231332,-0.4323050568631192,-0.458689785402224,1.0,0.1865008295003771,0.0,0.0,0.0,0.0,0.0,0.0,0.0,0.0,0.0,1.0,0.0,0.0,0.0,0
0.540608787380381,-0.40646391461194,-0.3326739453476508,-0.2726887166149118,-0.2712852123497075,0.0,0.1567030663889009,-0.4323050568631192,0.362770741806048,1.0,0.1865008295003771,0.0,1.0,0.0,0.0,0.0,0.0,1.0,0.0,0.0,0.0,0.0,0.0,0.0,0
0.761968736977175,0.0434104165291443,0.2875746066641575,0.3459378406219254,0.347057294570708,1.0,0.6735446480929123,-0.4323050568631192,-0.86942004900636,0.0,-0.0785684345554774,0.0,1.0,0.0,0.0,0.0,0.0,0.0,0.0,0.0,1.0,0.0,0.0,0.0,0
-1.7957453253116191,-1.054857888856768,-0.0003979353413249,-0.3831577446929184,-0.3596198561954812,1.0,0.8802812807745168,-0.1058772746650442,0.7735010054101842,1.0,0.4515700935562317,0.0,0.0,0.0,0.0,1.0,0.0,0.0,0.0,0.0,0.0,0.0,0.0,0.0,1
-0.6939603106487405,-0.2872671573558572,-0.4655843493501811,-0.4052515503085198,-0.403787178118368,1.0,-1.3938216787231332,-0.4323050568631192,0.9104110932782294,0.0,-0.0785684345554774,1.0,0.0,0.0,0.0,0.0,0.0,1.0,0.0,0.0,0.0,0.0,0.0,0.0,0
1.5212845216090185,1.6387198472585895,-0.399129147348916,-0.3389701334617158,-0.3375361952340378,1.0,0.4668080154113077,-0.4323050568631192,0.0889505660699574,1.0,0.4515700935562317,0.0,0.0,0.0,0.0,0.0,0.0,1.0,0.0,0.0,0.0,0.0,0.0,0.0,0
0.3540497742692888,-0.5744521381335481,-0.0003979353413249,0.0587183676191081,0.0599697020719436,0.0,0.2600713827297031,0.0573366164339931,0.7735010054101842,1.0,0.4515700935562317,0.0,1.0,0.0,0.0,0.0,0.0,0.0,0.0,0.0,1.0,0.0,0.0,0.0,0
0.2153161244095111,0.0981003652842266,-0.5098878173510246,-0.4494391615397224,-0.4479545000412548,0.0,0.9836495971153192,-0.4323050568631192,-0.7325099611383147,0.0,0.1865008295003771,0.0,0.0,1.0,0.0,0.0,0.0,0.0,0.0,0.0,1.0,0.0,0.0,0.0,0
-0.135468188197761,-0.5125634192351,-0.2883704773468074,-0.2947825222305131,-0.2933688733111509,1.0,1.293754546137726,-0.4323050568631192,-0.7325099611383147,1.0,0.1865008295003771,1.0,0.0,0.0,0.0,0.0,0.0,0.0,0.0,0.0,1.0,0.0,0.0,0.0,1
-0.0417434747724267,2.070689564885809,-0.5098878173510246,-0.4494391615397224,-0.4479545000412548,0.0,-2.530873158471958,-0.4323050568631192,-0.7325099611383147,0.0,0.1865008295003771,0.0,0.0,1.0,0.0,0.0,0.0,0.0,1.0,0.0,0.0,1.0,0.0,0.0,0
0.5675287013007556,0.0175574932778577,-0.4212808813493377,-0.3610639390773171,-0.3596198561954812,0.0,1.7072278115009352,0.5469782897311056,1.1842312690143202,1.0,-0.0785684345554774,0.0,1.0,0.0,0.0,1.0,0.0,0.0,0.0,0.0,0.0,1.0,0.0,0.0,0
-1.0061594150768909,-0.5056365090906335,-0.4877360833506029,-0.4273453559241211,-0.4258708390798114,0.0,-0.566875147996715,2.3423310918205176,0.0889505660699574,1.0,-0.0785684345554774,1.0,0.0,0.0,0.0,0.0,0.0,1.0,0.0,0.0,0.0,1.0,0.0,0.0,0
0.693101262620831,0.7325218751978271,0.4204850106666878,-0.2726887166149118,-0.403787178118368,0.0,-0.1534018826335059,-0.2690911657640817,0.0889505660699574,1.0,-0.0785684345554774,0.0,0.0,0.0,0.0,0.0,0.0,0.0,0.0,0.0,1.0,0.0,0.0,0.0,1
0.5097621885327346,-0.4993894165249591,-0.2219152753455422,-0.1622196885369051,-0.1608669075424904,0.0,1.1903862297969237,-0.4323050568631192,-0.86942004900636,1.0,0.4515700935562317,0.0,1.0,0.0,0.0,0.0,0.0,0.0,0.0,0.0,1.0,0.0,0.0,0.0,0
0.3435832232483778,0.5242134336311257,-0.5098878173510246,-0.4494391615397224,-0.4479545000412548,1.0,-0.6702434643375174,-0.4323050568631192,-0.86942004900636,0.0,0.4515700935562317,0.0,0.0,1.0,0.0,0.0,0.0,0.0,0.0,0.0,1.0,0.0,0.0,0.0,0
-0.3978274311693753,-0.7196830958804826,2.1261685286991607,2.179723706716836,2.180001154370512,0.0,-0.9803484133599242,-0.4323050568631192,-0.1848696096661333,1.0,-4.054607395393297,0.0,1.0,0.0,0.0,0.0,0.0,1.0,0.0,0.0,0.0,1.0,0.0,0.0,0
0.3540497742692888,-0.5744521381335481,-0.0003979353413249,0.0587183676191081,0.0599697020719436,0.0,-0.7736117806783196,-0.2690911657640817,0.7735010054101842,1.0,-3.7895381313374417,0.0,1.0,0.0,0.0,0.0,0.0,0.0,1.0,0.0,0.0,0.0,0.0,0.0,0
-1.433366143536682,-0.1963496494814651,-0.3326739453476508,-0.3168763278461144,-0.3154525342725943,0.0,1.1903862297969237,-0.4323050568631192,-0.458689785402224,0.0,0.1865008295003771,1.0,0.0,0.0,0.0,0.0,0.0,1.0,0.0,0.0,0.0,1.0,0.0,0.0,0
0.0151243248959557,-0.5122043229263994,-0.2662187433463857,-0.2064072997681078,-0.2050342294653773,1.0,1.5004911788193305,4.953753349405117,-0.1848696096661333,0.0,0.1865008295003771,0.0,1.0,0.0,0.0,0.0,0.0,1.0,0.0,0.0,0.0,0.0,0.0,0.0,0
-0.8692370177716346,1.7063502020424273,-0.3326739453476508,-0.2726887166149118,-0.2712852123497075,0.0,0.1567030663889009,-0.4323050568631192,-0.1848696096661333,0.0,0.4515700935562317,0.0,0.0,1.0,0.0,0.0,0.0,0.0,0.0,0.0,0.0,1.0,0.0,0.0,0
-0.9117807132687448,-0.3985574380835578,-0.5098878173510246,-0.4494391615397224,-0.4479545000412548,0.0,0.0533347500480986,-0.4323050568631192,0.0889505660699574,0.0,-0.0785684345554774,1.0,0.0,0.0,0.0,0.0,1.0,0.0,0.0,0.0,0.0,1.0,0.0,0.0,0
0.3098883951929473,0.5737997308705716,-0.399129147348916,-0.3389701334617158,-0.3375361952340378,0.0,0.7769129644337146,-0.4323050568631192,-0.458689785402224,1.0,0.4515700935562317,0.0,0.0,1.0,0.0,0.0,0.0,0.0,0.0,0.0,1.0,0.0,0.0,0.0,0
-0.57356040801976,0.3633786888732163,-0.4877360833506029,-0.4273453559241211,-0.4258708390798114,0.0,-0.9803484133599242,-0.4323050568631192,1.1842312690143202,0.0,-0.0785684345554774,1.0,0.0,0.0,0.0,0.0,0.0,1.0,0.0,0.0,0.0,0.0,0.0,0.0,0
0.7440285355285317,1.3309902164227847,-0.3105222113472291,-0.3610639390773171,-0.3154525342725943,1.0,-0.6702434643375174,0.0573366164339931,0.7735010054101842,1.0,0.4515700935562317,0.0,0.0,1.0,0.0,0.0,0.0,1.0,0.0,0.0,0.0,0.0,0.0,0.0,1
-0.7135384298635316,-0.3695112465341709,-0.5098878173510246,-0.4494391615397224,-0.4479545000412548,1.0,-0.2567701989743082,-0.4323050568631192,-0.7325099611383147,1.0,0.4515700935562317,1.0,0.0,0.0,0.0,0.0,0.0,1.0,0.0,0.0,0.0,0.0,0.0,0.0,0
-0.5977565299307303,-0.2852173301077949,-0.2662187433463857,-0.2064072997681078,-0.2050342294653773,1.0,0.6735446480929123,-0.4323050568631192,-0.0479595217980879,1.0,-0.0785684345554774,1.0,0.0,0.0,0.0,0.0,0.0,0.0,0.0,0.0,1.0,0.0,0.0,0.0,0
-0.410672115315237,0.467348158000666,-0.5098878173510246,-0.4494391615397224,-0.4479545000412548,0.0,0.6735446480929123,-0.4323050568631192,0.362770741806048,0.0,0.1865008295003771,1.0,0.0,0.0,0.0,0.0,0.0,1.0,0.0,0.0,0.0,1.0,0.0,0.0,0
2.0581895536353643,0.5639131491093903,-0.4434326153497595,-0.3831577446929184,-0.3817035171569246,0.0,0.8802812807745168,-0.4323050568631192,0.4996808296740934,0.0,-0.0785684345554774,0.0,0.0,0.0,0.0,1.0,0.0,0.0,0.0,0.0,0.0,1.0,0.0,0.0,0
0.087629732496613,-0.6916409013506074,-0.5098878173510246,-0.4494391615397224,-0.4479545000412548,0.0,-0.2567701989743082,-0.4323050568631192,-0.458689785402224,0.0,0.1865008295003771,0.0,1.0,0.0,0.0,0.0,0.0,0.0,0.0,0.0,1.0,0.0,0.0,0.0,0
-0.7269361682244799,-0.3100941451457939,0.1325124686612054,0.1912812013127161,0.1924716678406041,1.0,0.57017633175211,-0.2690911657640817,-1.006330136874405,1.0,-0.0785684345554774,1.0,0.0,0.0,0.0,0.0,0.0,0.0,0.0,0.0,1.0,0.0,0.0,0.0,0
-0.766313628340136,-0.6591504422482918,-0.2440670093459639,-0.1843134941525065,-0.1829505685039338,1.0,1.397122862478528,-0.4323050568631192,2.690242235562819,0.0,0.1865008295003771,1.0,0.0,0.0,0.0,0.0,0.0,1.0,0.0,0.0,0.0,0.0,0.0,0.0,0
0.5622885126125796,0.0354202735824861,-0.2662187433463857,-0.2064072997681078,-0.2050342294653773,1.0,0.7769129644337146,-0.4323050568631192,-0.458689785402224,0.0,-0.0785684345554774,0.0,1.0,0.0,0.0,0.0,0.0,0.0,0.0,0.0,1.0,0.0,0.0,0.0,0
0.2796778086926407,0.2829613164941626,-0.3105222113472291,-0.2505949109993104,-0.2492015513882641,1.0,-0.6702434643375174,-0.4323050568631192,-0.7325099611383147,1.0,0.1865008295003771,0.0,0.0,1.0,0.0,0.0,0.0,1.0,0.0,0.0,0.0,0.0,0.0,0.0,0
2.1106597735934955,2.1231759106762573,-0.155460073344277,-0.2947825222305131,-0.403787178118368,1.0,2.2240693932049465,0.2205505075330306,-0.7325099611383147,1.0,0.1865008295003771,0.0,0.0,0.0,1.0,0.0,0.0,1.0,0.0,0.0,0.0,0.0,0.0,0.0,1
1.5339909422010596,0.4739578050454708,-0.4877360833506029,-0.4273453559241211,-0.4258708390798114,0.0,-0.6702434643375174,0.3837643986320681,0.9104110932782294,1.0,0.1865008295003771,0.0,0.0,0.0,0.0,0.0,1.0,0.0,0.0,0.0,0.0,0.0,0.0,0.0,0
0.2724189721194086,-0.6348453477352126,1.5723751786886178,1.6273785663268023,1.627909630334426,0.0,-1.2904533623823309,-0.4323050568631192,0.0889505660699574,0.0,0.4515700935562317,0.0,1.0,0.0,0.0,0.0,0.0,1.0,0.0,0.0,0.0,0.0,0.0,0.0,0
-1.5183705763986493,-0.2216587410140559,-0.5098878173510246,-0.4494391615397224,-0.4479545000412548,1.0,0.4668080154113077,-0.4323050568631192,0.6365909175421388,0.0,-0.0785684345554774,1.0,0.0,0.0,0.0,0.0,0.0,1.0,0.0,0.0,0.0,0.0,0.0,1.0,0
-0.0003473667716162,-0.0112795322259379,-0.3548256793480726,-0.2947825222305131,-0.2933688733111509,0.0,-0.4635068316559128,-0.4323050568631192,-0.86942004900636,1.0,0.4515700935562317,1.0,0.0,0.0,0.0,0.0,0.0,1.0,0.0,0.0,0.0,0.0,0.0,0.0,0
0.3309321080777079,-0.4882757272956619,-0.2662187433463857,-0.2064072997681078,-0.2050342294653773,1.0,0.4668080154113077,0.7101921808301431,-0.5955998732702694,1.0,0.1865008295003771,0.0,1.0,0.0,0.0,0.0,1.0,0.0,0.0,0.0,0.0,1.0,0.0,0.0,0
-0.7449933883477339,-0.4029499250437481,-0.4434326153497595,-0.3831577446929184,-0.3817035171569246,0.0,-0.2567701989743082,-0.4323050568631192,0.362770741806048,1.0,-0.0785684345554774,1.0,0.0,0.0,0.0,0.0,0.0,1.0,0.0,0.0,0.0,0.0,0.0,1.0,0
0.6967498186606318,0.112295767587322,-0.2219152753455422,-0.1622196885369051,-0.1608669075424904,1.0,0.3634396990705054,-0.4323050568631192,-1.143240224742451,1.0,0.4515700935562317,0.0,1.0,0.0,0.0,0.0,0.0,1.0,0.0,0.0,0.0,1.0,0.0,0.0,0
0.3525980069545638,-0.3945135611994851,-0.0003979353413249,0.0587183676191081,0.0599697020719436,1.0,-1.4971899950639356,-0.4323050568631192,-0.0479595217980879,0.0,-4.054607395393297,0.0,1.0,0.0,0.0,0.0,0.0,0.0,1.0,0.0,0.0,1.0,0.0,0.0,0
-0.5769755177980719,-0.4757397089552742,0.0439055326595185,0.1029059788503107,0.1041370239948304,1.0,-1.0837167297007264,-0.2690911657640817,1.458051444750411,0.0,0.4515700935562317,1.0,0.0,0.0,0.0,0.0,0.0,1.0,0.0,0.0,0.0,1.0,0.0,0.0,0
-1.9978962336076524,0.1039988477735853,-0.3769774133484943,-0.3168763278461144,-0.3154525342725943,1.0,0.9836495971153192,-0.4323050568631192,1.0473211811462748,0.0,0.4515700935562317,1.0,0.0,0.0,0.0,0.0,0.0,0.0,0.0,0.0,1.0,0.0,0.0,0.0,0
-0.7479798811093388,-0.4959590933752416,-0.4877360833506029,-0.4273453559241211,-0.4258708390798114,0.0,0.7769129644337146,-0.4323050568631192,-0.5955998732702694,1.0,0.1865008295003771,1.0,0.0,0.0,0.0,0.0,0.0,0.0,0.0,0.0,1.0,0.0,0.0,0.0,0
-0.367921024487494,-0.7239082500041206,2.214775464700848,2.268098929179241,2.268335798216285,0.0,-0.7736117806783196,-0.4323050568631192,3.5117027627710917,1.0,0.4515700935562317,0.0,1.0,0.0,0.0,1.0,0.0,0.0,0.0,0.0,0.0,1.0,0.0,0.0,0
0.2177910420221561,0.2574291145129675,-0.4877360833506029,-0.4273453559241211,-0.4258708390798114,0.0,-0.3601385153151105,-0.4323050568631192,-0.0479595217980879,1.0,0.4515700935562317,0.0,0.0,1.0,0.0,0.0,1.0,0.0,0.0,0.0,0.0,0.0,0.0,0.0,0
1.5339909422010596,0.4739578050454708,-0.4877360833506029,-0.4273453559241211,-0.4258708390798114,0.0,-1.3938216787231332,-0.4323050568631192,-1.006330136874405,1.0,0.4515700935562317,0.0,0.0,0.0,0.0,0.0,0.0,1.0,0.0,0.0,0.0,0.0,0.0,0.0,0
2.271903528708248,0.8761283333586194,-0.2440670093459639,-0.1843134941525065,-0.1829505685039338,1.0,0.6735446480929123,0.0573366164339931,-0.86942004900636,0.0,0.4515700935562317,0.0,0.0,0.0,0.0,0.0,0.0,0.0,0.0,0.0,0.0,0.0,0.0,0.0,0
0.3287337175727045,1.714688955065203,-0.2883704773468074,-0.2285011053837091,-0.2271178904268207,1.0,1.397122862478528,0.2205505075330306,0.6365909175421388,0.0,0.1865008295003771,0.0,0.0,1.0,0.0,0.0,0.0,0.0,0.0,0.0,1.0,0.0,0.0,0.0,0
-0.7434724892561967,-0.3774177230623549,-0.399129147348916,-0.3389701334617158,-0.3375361952340378,0.0,0.9836495971153192,1.036619963028218,0.0889505660699574,1.0,0.1865008295003771,1.0,0.0,0.0,0.0,0.0,0.0,0.0,0.0,0.0,1.0,0.0,0.0,0.0,0
-1.2524206307089052,-0.413798670615204,-0.4877360833506029,-0.4273453559241211,-0.4258708390798114,0.0,-0.1534018826335059,-0.4323050568631192,1.868781708354547,1.0,-4.054607395393297,1.0,0.0,0.0,0.0,0.0,0.0,1.0,0.0,0.0,0.0,1.0,0.0,0.0,0
-0.2387828652598708,-0.7820842995211706,4.717921406748503,4.764698963742191,4.763789486859391,0.0,0.3634396990705054,-0.4323050568631192,-1.006330136874405,1.0,0.4515700935562317,0.0,1.0,0.0,0.0,0.0,0.0,0.0,0.0,0.0,1.0,0.0,0.0,0.0,0
-0.4782415140460455,0.449875820981194,0.1768159366620488,0.2354688125439187,0.236638989763491,1.0,0.57017633175211,-0.2690911657640817,-1.006330136874405,1.0,-0.0785684345554774,1.0,0.0,0.0,0.0,0.0,0.0,0.0,0.0,0.0,1.0,0.0,0.0,0.0,0
-0.8281174368783675,0.6732791022163436,-0.4212808813493377,-0.3610639390773171,-0.3596198561954812,1.0,-0.2567701989743082,-0.4323050568631192,-0.458689785402224,0.0,0.4515700935562317,1.0,0.0,0.0,0.0,0.0,0.0,0.0,0.0,0.0,1.0,0.0,0.0,0.0,0
0.3127781034668581,-0.2875599898199227,-0.3548256793480726,-0.2947825222305131,-0.2933688733111509,0.0,-0.2567701989743082,-0.4323050568631192,-0.86942004900636,1.0,-0.0785684345554774,0.0,1.0,0.0,0.0,0.0,0.0,1.0,0.0,0.0,0.0,1.0,0.0,0.0,0
0.1385798520633532,-0.0863980314465788,-0.3326739453476508,-0.3168763278461144,-0.3154525342725943,0.0,0.0533347500480986,-0.4323050568631192,-0.1848696096661333,1.0,0.4515700935562317,0.0,0.0,1.0,0.0,0.0,0.0,1.0,0.0,0.0,0.0,0.0,0.0,0.0,0
-0.3274651086523503,-0.6857424188612488,6.047025446773806,6.09032730067827,6.088809144545996,0.0,0.6735446480929123,-0.4323050568631192,-0.3217796975341787,0.0,0.1865008295003771,0.0,1.0,0.0,0.0,0.0,1.0,0.0,0.0,0.0,0.0,0.0,0.0,0.0,0
0.2996916595174029,1.976887913209012,-0.155460073344277,-0.4494391615397224,-0.3817035171569246,1.0,0.1567030663889009,-0.2690911657640817,-0.458689785402224,1.0,0.1865008295003771,0.0,0.0,1.0,0.0,0.0,0.0,0.0,0.0,1.0,0.0,0.0,0.0,0.0,1
0.5495820920205385,0.0103482369019088,0.2875746066641575,0.3459378406219254,0.347057294570708,1.0,1.0870179134561213,0.8734060719291806,-0.5955998732702694,1.0,0.1865008295003771,0.0,1.0,0.0,0.0,0.0,0.0,0.0,0.0,0.0,1.0,0.0,0.0,0.0,0
1.935840134898238,0.9479559534598708,-0.3548256793480726,-0.2947825222305131,-0.2933688733111509,1.0,-0.0500335662927036,-0.4323050568631192,-0.458689785402224,0.0,0.4515700935562317,0.0,0.0,0.0,0.0,0.0,0.0,1.0,0.0,0.0,0.0,0.0,0.0,0.0,0
-0.326663180040406,-0.6536145142380636,0.3983332766662661,0.456406868699932,0.4574755993779251,1.0,1.1903862297969237,0.0573366164339931,-1.5539704883465868,0.0,-0.0785684345554774,0.0,1.0,0.0,0.0,0.0,0.0,0.0,1.0,0.0,0.0,1.0,0.0,0.0,0
1.639403075600546,0.5908119025894256,-0.2219152753455422,-0.1622196885369051,-0.1608669075424904,1.0,1.1903862297969237,2.3423310918205176,3.5117027627710917,0.0,0.1865008295003771,0.0,0.0,0.0,0.0,0.0,1.0,0.0,0.0,0.0,0.0,1.0,0.0,0.0,0
0.8643943776150564,0.2275880919898583,-0.4877360833506029,-0.4273453559241211,-0.4258708390798114,0.0,0.7769129644337146,0.7101921808301431,-0.3217796975341787,0.0,0.4515700935562317,0.0,1.0,0.0,0.0,0.0,0.0,0.0,0.0,0.0,1.0,0.0,0.0,0.0,0
0.4360400616589654,-0.0209430035383168,-0.399129147348916,-0.3389701334617158,-0.3375361952340378,0.0,-0.6702434643375174,0.8734060719291806,-1.006330136874405,1.0,-0.0785684345554774,0.0,1.0,0.0,0.0,0.0,0.0,0.0,0.0,0.0,1.0,0.0,0.0,0.0,0
1.0963176627203577,0.4044589002531361,-0.5098878173510246,-0.4494391615397224,-0.4479545000412548,1.0,-1.3938216787231332,-0.4323050568631192,-0.1848696096661333,0.0,0.4515700935562317,0.0,0.0,0.0,0.0,0.0,1.0,0.0,0.0,0.0,0.0,0.0,0.0,0.0,0
0.4268040562666073,-0.0863840870433676,-0.2662187433463857,-0.2064072997681078,-0.2050342294653773,0.0,-0.566875147996715,-0.4323050568631192,-0.0479595217980879,1.0,0.4515700935562317,0.0,1.0,0.0,0.0,0.0,1.0,0.0,0.0,0.0,0.0,1.0,0.0,0.0,0
-1.2585373196636025,1.7852691293020628,-0.155460073344277,-0.4052515503085198,-0.4479545000412548,1.0,-0.0500335662927036,-0.4323050568631192,2.279511971958683,1.0,0.4515700935562317,0.0,0.0,0.0,1.0,1.0,0.0,0.0,0.0,0.0,0.0,0.0,0.0,0.0,1
0.4972908159821103,2.5998517717589213,-0.3548256793480726,-0.2947825222305131,-0.2933688733111509,0.0,-1.2904533623823309,-0.4323050568631192,3.2378825870350005,0.0,-4.054607395393297,0.0,0.0,1.0,0.0,0.0,0.0,0.0,1.0,0.0,0.0,1.0,0.0,0.0,0
0.3296462570275875,-0.2163877566618673,1.5059199766873526,1.5610971494799983,1.5616586474500955,0.0,-0.4635068316559128,-0.2690911657640817,-0.86942004900636,1.0,0.4515700935562317,0.0,1.0,0.0,0.0,0.0,0.0,0.0,0.0,0.0,1.0,0.0,0.0,0.0,0
1.372457632323567,0.5470404214210624,-0.4212808813493377,-0.3610639390773171,-0.3596198561954812,0.0,0.4668080154113077,-0.4323050568631192,-0.86942004900636,1.0,0.1865008295003771,0.0,0.0,0.0,0.0,0.0,0.0,0.0,0.0,0.0,1.0,0.0,0.0,0.0,0
-0.0616949055824553,-0.4529406099715616,-0.4212808813493377,-0.3610639390773171,-0.3596198561954812,0.0,-0.4635068316559128,0.5469782897311056,0.7735010054101842,1.0,0.4515700935562317,0.0,1.0,0.0,0.0,1.0,0.0,0.0,0.0,0.0,0.0,0.0,0.0,0.0,0
1.5524629529856775,0.6028459224199585,0.0660572666599402,0.124999784465912,0.1262206849562739,1.0,0.9836495971153192,-0.4323050568631192,0.6365909175421388,0.0,0.1865008295003771,0.0,0.0,0.0,0.0,1.0,0.0,0.0,0.0,0.0,0.0,0.0,0.0,0.0,0
-1.0080259730528816,0.2389109472649449,-0.0890048713430118,-0.0296568548432972,-0.0283649417738299,0.0,-0.6702434643375174,-0.2690911657640817,2.1426018840906376,0.0,0.1865008295003771,1.0,0.0,0.0,0.0,0.0,0.0,1.0,0.0,0.0,0.0,0.0,0.0,0.0,0
0.2182196590388629,-0.4825585220458684,-0.0225496693417466,0.0366245620035067,0.0378860411105002,0.0,-0.4635068316559128,2.995186656216667,-0.1848696096661333,1.0,0.4515700935562317,0.0,1.0,0.0,0.0,0.0,0.0,0.0,0.0,0.0,1.0,0.0,0.0,0.0,0
0.459669302999408,-0.5153975912243015,-0.2219152753455422,-0.1622196885369051,-0.1608669075424904,0.0,0.4668080154113077,-0.4323050568631192,-0.3217796975341787,1.0,-0.0785684345554774,0.0,1.0,0.0,0.0,0.0,0.0,1.0,0.0,0.0,0.0,0.0,0.0,0.0,0
0.3540497742692888,-0.5744521381335481,-0.0003979353413249,0.0587183676191081,0.0599697020719436,0.0,0.3634396990705054,-0.4323050568631192,-1.143240224742451,1.0,0.4515700935562317,0.0,1.0,0.0,0.0,0.0,0.0,0.0,0.0,0.0,1.0,0.0,0.0,0.0,0
0.4593927758918648,-0.4453269659072451,-0.4655843493501811,-0.4052515503085198,-0.403787178118368,0.0,0.7769129644337146,-0.4323050568631192,-1.006330136874405,0.0,-0.0785684345554774,0.0,1.0,0.0,0.0,0.0,0.0,0.0,1.0,0.0,0.0,0.0,0.0,0.0,0
0.0593963148153341,-0.6918361229931856,0.1768159366620488,0.2354688125439187,0.236638989763491,1.0,-0.9803484133599242,-0.4323050568631192,-0.0479595217980879,1.0,0.4515700935562317,0.0,1.0,0.0,0.0,0.0,0.0,1.0,0.0,0.0,0.0,0.0,0.0,0.0,0
0.3296462570275875,-0.2163877566618673,1.5059199766873526,1.5610971494799983,1.5616586474500955,0.0,-0.8769800970191218,-0.4323050568631192,-0.458689785402224,1.0,0.4515700935562317,0.0,1.0,0.0,0.0,0.0,0.0,0.0,0.0,0.0,1.0,0.0,0.0,0.0,0
-0.5710440113410867,0.009246629061108,-0.2440670093459639,-0.1843134941525065,-0.1829505685039338,1.0,-0.7736117806783196,-0.4323050568631192,-0.86942004900636,0.0,0.4515700935562317,1.0,0.0,0.0,0.0,0.0,0.0,0.0,1.0,0.0,0.0,1.0,0.0,0.0,0
-0.8898935927059133,0.716478862859787,-0.2883704773468074,-0.2285011053837091,-0.2271178904268207,1.0,1.1903862297969237,0.0573366164339931,0.2258606539380027,0.0,0.4515700935562317,1.0,0.0,0.0,0.0,1.0,0.0,0.0,0.0,0.0,0.0,1.0,0.0,0.0,0
2.2280060530840293,2.7170371467733423,0.1325124686612054,-0.3389701334617158,-0.2933688733111509,1.0,-0.7736117806783196,-0.1058772746650442,-0.1848696096661333,1.0,-3.7895381313374417,1.0,0.0,0.0,0.0,0.0,0.0,0.0,0.0,0.0,1.0,0.0,0.0,0.0,1
-0.2538812453323037,-0.6760510587426456,-0.3769774133484943,-0.3168763278461144,-0.3154525342725943,1.0,-0.3601385153151105,3.1584005473157046,2.0056917962225924,0.0,-3.7895381313374417,0.0,1.0,0.0,0.0,0.0,0.0,0.0,1.0,0.0,0.0,1.0,0.0,0.0,0
0.5097621885327346,-0.4993894165249591,-0.2219152753455422,-0.1622196885369051,-0.1608669075424904,0.0,2.017332760523342,-0.4323050568631192,-1.280150312610496,1.0,-0.0785684345554774,0.0,1.0,0.0,0.0,0.0,0.0,1.0,0.0,0.0,0.0,0.0,0.0,0.0,0
-2.1620150719408264,-0.4233366423000696,-0.2883704773468074,-0.2285011053837091,-0.2271178904268207,1.0,-1.0837167297007264,-0.4323050568631192,0.0889505660699574,0.0,0.4515700935562317,1.0,0.0,0.0,0.0,0.0,0.0,0.0,0.0,0.0,1.0,0.0,0.0,0.0,0
-0.817402011460697,-0.379286273070852,-0.5098878173510246,-0.4494391615397224,-0.4479545000412548,0.0,-0.4635068316559128,-0.4323050568631192,0.2258606539380027,1.0,0.1865008295003771,1.0,0.0,0.0,0.0,0.0,0.0,1.0,0.0,0.0,0.0,0.0,0.0,0.0,0
-0.8748505180549498,0.2273092039288058,0.1768159366620488,0.2354688125439187,0.236638989763491,1.0,-0.8769800970191218,4.300897785008967,5.976084344395908,0.0,-0.0785684345554774,1.0,0.0,0.0,0.0,0.0,0.0,0.0,0.0,0.0,0.0,1.0,0.0,0.0,0
-1.2199313918418695,-3.4780030872792205,0.0660572666599402,-0.4052515503085198,-0.4479545000412548,0.0,0.3634396990705054,0.2205505075330306,-0.7325099611383147,1.0,0.4515700935562317,0.0,1.0,0.0,0.0,0.0,0.0,0.0,0.0,0.0,1.0,0.0,0.0,0.0,1
0.1836399442392349,-0.3824655969659393,-0.2883704773468074,-0.2285011053837091,-0.2271178904268207,1.0,1.7072278115009352,0.3837643986320681,0.362770741806048,1.0,0.1865008295003771,0.0,1.0,0.0,0.0,1.0,0.0,0.0,0.0,0.0,0.0,0.0,0.0,0.0,0
-1.8613056688315075,-0.1638870791853736,-0.4434326153497595,-0.3831577446929184,-0.3817035171569246,0.0,-1.6005583114047377,-0.2690911657640817,-0.458689785402224,0.0,0.4515700935562317,1.0,0.0,0.0,0.0,0.0,0.0,0.0,0.0,0.0,1.0,0.0,0.0,0.0,0
-0.6399960456096115,-0.2640218374745399,-0.5098878173510246,-0.4494391615397224,-0.4479545000412548,1.0,0.0533347500480986,-0.4323050568631192,0.0889505660699574,0.0,-0.0785684345554774,1.0,0.0,0.0,0.0,0.0,0.0,0.0,0.0,0.0,1.0,0.0,0.0,0.0,0
1.8294878093329867,0.5971984391854281,-0.4877360833506029,-0.4273453559241211,-0.4258708390798114,0.0,1.0870179134561213,-0.4323050568631192,-0.3217796975341787,1.0,0.1865008295003771,0.0,1.0,0.0,0.0,0.0,0.0,1.0,0.0,0.0,0.0,0.0,0.0,0.0,0
0.2997813294118328,-0.6237177141029024,-0.5098878173510246,-0.4494391615397224,-0.4479545000412548,1.0,-0.1534018826335059,-0.4323050568631192,-0.1848696096661333,0.0,0.4515700935562317,0.0,1.0,0.0,0.0,0.0,0.0,1.0,0.0,0.0,0.0,0.0,1.0,0.0,0
0.1969408981125873,-0.5345850898187313,-0.4877360833506029,-0.4273453559241211,-0.4258708390798114,0.0,1.6038594951601328,-0.4323050568631192,1.1842312690143202,1.0,0.1865008295003771,0.0,1.0,0.0,0.0,0.0,0.0,0.0,0.0,0.0,1.0,0.0,0.0,0.0,0
-0.7456570534058574,0.7825335000989949,-0.0447014033421683,0.0145307563879054,0.0158023801490568,1.0,-0.6702434643375174,1.036619963028218,-0.7325099611383147,0.0,0.4515700935562317,1.0,0.0,0.0,0.0,0.0,0.0,1.0,0.0,0.0,0.0,0.0,0.0,0.0,0
-1.4169266069925612,-0.553828366025213,-0.5098878173510246,-0.4494391615397224,-0.4479545000412548,0.0,0.4668080154113077,-0.4323050568631192,1.3211413568823656,0.0,0.4515700935562317,1.0,0.0,0.0,0.0,0.0,0.0,0.0,0.0,0.0,1.0,0.0,0.0,0.0,0
0.3031134810578914,-0.1773434281267988,2.9014792187139213,2.953006903262882,2.952929288021031,0.0,-0.7736117806783196,-0.1058772746650442,-0.0479595217980879,0.0,0.1865008295003771,0.0,1.0,0.0,0.0,0.0,0.0,1.0,0.0,0.0,0.0,0.0,1.0,0.0,0
-1.795768744341196,-0.3916410141716744,0.2211194046628923,0.2796564237751214,0.2808063116863778,1.0,-1.1870850460415288,-0.4323050568631192,3.3747926749030457,0.0,0.4515700935562317,1.0,0.0,0.0,0.0,0.0,0.0,0.0,0.0,0.0,1.0,0.0,0.0,0.0,1
-0.8164203402289036,-0.0173035143426117,-0.5098878173510246,-0.4494391615397224,-0.4479545000412548,1.0,0.1567030663889009,5.933036695999342,2.1426018840906376,0.0,0.4515700935562317,1.0,0.0,0.0,0.0,0.0,0.0,0.0,0.0,0.0,1.0,0.0,0.0,0.0,0
0.337914417543495,-0.0266880975941362,-0.0890048713430118,-0.0296568548432972,-0.0283649417738299,1.0,-0.4635068316559128,1.1998338541272555,0.7735010054101842,0.0,0.4515700935562317,0.0,1.0,0.0,0.0,0.0,0.0,0.0,0.0,0.0,1.0,0.0,0.0,0.0,0
1.6470075710583298,0.9806416342047648,-0.4877360833506029,-0.4273453559241211,-0.4258708390798114,0.0,-1.6005583114047377,-0.4323050568631192,1.458051444750411,0.0,0.4515700935562317,0.0,0.0,0.0,0.0,0.0,0.0,1.0,0.0,0.0,0.0,1.0,0.0,0.0,0
0.729449149128828,0.2204764464351985,1.1736439666810266,1.2296900652459786,1.2304037330284443,0.0,-0.8769800970191218,-0.4323050568631192,3.3747926749030457,0.0,0.4515700935562317,0.0,1.0,0.0,0.0,0.0,1.0,0.0,0.0,0.0,0.0,0.0,0.0,0.0,0
0.2796778086926407,0.2829613164941626,-0.3105222113472291,-0.2505949109993104,-0.2492015513882641,1.0,1.5004911788193305,-0.4323050568631192,-0.3217796975341787,1.0,0.4515700935562317,0.0,0.0,1.0,0.0,0.0,0.0,0.0,0.0,0.0,1.0,0.0,0.0,0.0,0
0.3619584495453016,-0.2815638965090767,0.0660572666599402,0.124999784465912,0.1262206849562739,0.0,1.397122862478528,1.036619963028218,-0.5955998732702694,1.0,0.4515700935562317,0.0,1.0,0.0,0.0,0.0,0.0,0.0,0.0,0.0,1.0,0.0,0.0,0.0,0
2.0544840903941664,1.3355824693938063,-0.5098878173510246,-0.4494391615397224,-0.4479545000412548,1.0,0.4668080154113077,1.689475527424368,0.362770741806048,0.0,-3.7895381313374417,0.0,0.0,0.0,0.0,0.0,0.0,1.0,0.0,0.0,0.0,1.0,0.0,0.0,0
-2.334590256018585,-3.057160919994097,-0.4877360833506029,-0.2947825222305131,-0.2933688733111509,0.0,2.017332760523342,-0.2690911657640817,-0.458689785402224,1.0,0.4515700935562317,0.0,1.0,0.0,0.0,0.0,0.0,1.0,0.0,0.0,0.0,0.0,0.0,0.0,1
1.8800922700153715,0.9065271320036355,-0.4655843493501811,-0.4052515503085198,-0.403787178118368,1.0,0.9836495971153192,-0.4323050568631192,-0.3217796975341787,0.0,0.1865008295003771,0.0,0.0,0.0,0.0,0.0,0.0,1.0,0.0,0.0,0.0,0.0,0.0,0.0,0
0.0114050352994151,-0.5089831658222731,-0.2219152753455422,-0.1622196885369051,-0.1608669075424904,1.0,-0.4635068316559128,0.5469782897311056,0.7735010054101842,1.0,0.4515700935562317,0.0,1.0,0.0,0.0,0.0,0.0,0.0,0.0,0.0,0.0,1.0,0.0,0.0,0
-0.9974902902550604,0.3953671494658752,-0.3548256793480726,-0.2947825222305131,-0.2933688733111509,1.0,0.6735446480929123,-0.4323050568631192,-0.1848696096661333,1.0,0.4515700935562317,1.0,0.0,0.0,0.0,0.0,0.0,1.0,0.0,0.0,0.0,0.0,0.0,1.0,0
-1.1607380681993795,-0.1802159751548075,-0.5098878173510246,-0.4494391615397224,-0.4479545000412548,1.0,0.2600713827297031,-0.4323050568631192,-0.7325099611383147,0.0,0.4515700935562317,1.0,0.0,0.0,0.0,0.0,0.0,0.0,0.0,0.0,0.0,1.0,0.0,0.0,0
0.5472316116062733,0.0026369820163031,-0.3548256793480726,-0.2947825222305131,-0.2933688733111509,1.0,0.57017633175211,-0.4323050568631192,0.0889505660699574,1.0,0.1865008295003771,0.0,1.0,0.0,0.0,0.0,0.0,0.0,0.0,0.0,1.0,0.0,0.0,0.0,0
-1.4581567987288653,-0.1868256221996124,-0.3326739453476508,-0.3168763278461144,-0.3154525342725943,0.0,0.57017633175211,-0.4323050568631192,-0.3217796975341787,1.0,-4.054607395393297,1.0,0.0,0.0,0.0,0.0,0.0,1.0,0.0,0.0,0.0,1.0,0.0,0.0,0
-0.8758460156421842,-0.4280637949335625,-0.4212808813493377,-0.3610639390773171,-0.3596198561954812,1.0,0.3634396990705054,-0.4323050568631192,0.4996808296740934,0.0,-0.0785684345554774,1.0,0.0,0.0,0.0,0.0,0.0,0.0,0.0,0.0,1.0,0.0,0.0,0.0,0
0.1214213450396395,-0.4868394537817566,-0.3326739453476508,-0.2726887166149118,-0.2712852123497075,0.0,-0.4635068316559128,0.5469782897311056,0.362770741806048,0.0,-0.0785684345554774,0.0,1.0,0.0,0.0,0.0,0.0,1.0,0.0,0.0,0.0,0.0,0.0,0.0,0
-1.0048735640267703,0.168045490973968,-0.4877360833506029,-0.4273453559241211,-0.4258708390798114,0.0,-1.0837167297007264,-0.4323050568631192,-0.5955998732702694,0.0,0.4515700935562317,1.0,0.0,0.0,0.0,0.0,0.0,1.0,0.0,0.0,0.0,1.0,0.0,0.0,0
-1.0677143492183627,1.2901934374717745,-0.4212808813493377,-0.3610639390773171,-0.3596198561954812,1.0,-0.6702434643375174,3.974470002810892,3.785522938507182,1.0,0.1865008295003771,1.0,0.0,0.0,0.0,0.0,0.0,1.0,0.0,0.0,0.0,0.0,0.0,0.0,0
-0.4423516973010024,0.7723131139042057,0.4426367446671095,-0.3389701334617158,-0.3817035171569246,0.0,-0.9803484133599242,0.0573366164339931,0.6365909175421388,1.0,0.4515700935562317,0.0,0.0,1.0,0.0,0.0,0.0,0.0,0.0,1.0,0.0,0.0,0.0,0.0,1
-2.625746966790366,2.1171691802480086,0.2211194046628923,-0.2947825222305131,-0.4479545000412548,1.0,1.0870179134561213,-0.4323050568631192,0.0889505660699574,1.0,-0.0785684345554774,0.0,0.0,0.0,1.0,0.0,0.0,1.0,0.0,0.0,0.0,0.0,0.0,0.0,1
-0.2496918596528314,1.077722568226357,-0.5098878173510246,-0.4494391615397224,-0.4479545000412548,1.0,0.3634396990705054,1.363047745226293,-1.006330136874405,0.0,0.4515700935562317,0.0,0.0,1.0,0.0,0.0,0.0,1.0,0.0,0.0,0.0,0.0,0.0,0.0,0
0.2177910420221561,0.2574291145129675,-0.4877360833506029,-0.4273453559241211,-0.4258708390798114,0.0,1.0870179134561213,0.3837643986320681,-0.1848696096661333,1.0,0.4515700935562317,0.0,0.0,1.0,0.0,0.0,0.0,1.0,0.0,0.0,0.0,0.0,0.0,1.0,0
1.077804172869711,-0.0087277064680206,-0.399129147348916,-0.3389701334617158,-0.3375361952340378,0.0,-0.3601385153151105,1.689475527424368,-0.3217796975341787,1.0,0.4515700935562317,0.0,1.0,0.0,0.0,0.0,0.0,0.0,0.0,0.0,1.0,0.0,0.0,0.0,0
-0.8699698146066686,-0.3643797062123103,0.1768159366620488,0.2354688125439187,0.236638989763491,0.0,-2.3241365257903537,-0.4323050568631192,-1.143240224742451,1.0,-0.0785684345554774,1.0,0.0,0.0,0.0,0.0,0.0,0.0,0.0,0.0,1.0,0.0,0.0,0.0,0
2.1228830704475063,0.910445509260195,-0.4877360833506029,-0.4273453559241211,-0.4258708390798114,0.0,0.4668080154113077,-0.4323050568631192,-1.143240224742451,0.0,0.4515700935562317,0.0,0.0,0.0,0.0,0.0,0.0,0.0,0.0,0.0,1.0,0.0,0.0,0.0,0
-0.6488863921174177,0.6911697713271961,-0.3326739453476508,-0.2726887166149118,-0.2712852123497075,1.0,0.6735446480929123,-0.4323050568631192,0.362770741806048,0.0,0.4515700935562317,1.0,0.0,0.0,0.0,0.0,0.0,0.0,0.0,0.0,0.0,1.0,0.0,0.0,0
-0.5795472198983127,-0.281703340539603,-0.1997635413451204,-0.1401258829213038,-0.138783246581047,0.0,0.3634396990705054,-0.4323050568631192,-0.5955998732702694,1.0,0.4515700935562317,1.0,0.0,0.0,0.0,0.0,1.0,0.0,0.0,0.0,0.0,0.0,0.0,0.0,0
0.0114050352994151,-0.5089831658222731,-0.2219152753455422,-0.1622196885369051,-0.1608669075424904,1.0,1.397122862478528,-0.4323050568631192,-0.0479595217980879,1.0,0.4515700935562317,0.0,1.0,0.0,0.0,0.0,0.0,1.0,0.0,0.0,0.0,0.0,0.0,0.0,0
0.1298969008861799,0.0808371943105441,-0.3326739453476508,-0.3168763278461144,-0.3154525342725943,0.0,-1.3938216787231332,-0.4323050568631192,1.1842312690143202,0.0,0.1865008295003771,0.0,0.0,1.0,0.0,0.0,0.0,0.0,0.0,0.0,1.0,0.0,0.0,0.0,0
-0.4685907179924216,2.1251285143858643,-0.3769774133484943,-0.3168763278461144,-0.3154525342725943,1.0,-0.2567701989743082,0.7101921808301431,0.6365909175421388,0.0,0.4515700935562317,0.0,0.0,1.0,0.0,0.0,0.0,1.0,0.0,0.0,0.0,0.0,0.0,0.0,0
1.577530135285404,0.8516001283967378,-0.4212808813493377,-0.3610639390773171,-0.3596198561954812,1.0,1.0870179134561213,-0.4323050568631192,-0.458689785402224,0.0,-0.0785684345554774,0.0,0.0,0.0,0.0,0.0,0.0,0.0,0.0,0.0,1.0,0.0,0.0,0.0,0
1.7887968454565246,0.7079030549851959,-0.4434326153497595,-0.3831577446929184,-0.3817035171569246,0.0,1.1903862297969237,2.1791172007214805,3.3747926749030457,1.0,0.1865008295003771,0.0,0.0,0.0,0.0,0.0,0.0,1.0,0.0,0.0,0.0,0.0,0.0,0.0,0
1.22275968264936,0.4180407488220745,-0.3326739453476508,-0.3168763278461144,-0.3154525342725943,0.0,-0.2567701989743082,-0.4323050568631192,0.4996808296740934,1.0,0.1865008295003771,0.0,0.0,0.0,0.0,0.0,0.0,1.0,0.0,0.0,0.0,0.0,0.0,0.0,0
0.3127781034668581,-0.2875599898199227,-0.3548256793480726,-0.2947825222305131,-0.2933688733111509,0.0,0.3634396990705054,3.811256111711855,-0.3217796975341787,1.0,0.1865008295003771,0.0,1.0,0.0,0.0,0.0,0.0,0.0,0.0,0.0,1.0,0.0,0.0,0.0,0
0.3024912950658944,0.5697558539864988,-0.4434326153497595,-0.3831577446929184,-0.3817035171569246,0.0,-1.2904533623823309,-0.4323050568631192,2.279511971958683,0.0,0.4515700935562317,0.0,0.0,1.0,0.0,0.0,0.0,0.0,0.0,0.0,1.0,0.0,0.0,0.0,0
-1.864195377105418,-0.1522435026401954,-0.5098878173510246,-0.4494391615397224,-0.4479545000412548,0.0,1.0870179134561213,-0.4323050568631192,1.5949615326184563,0.0,-0.0785684345554774,1.0,0.0,0.0,0.0,0.0,0.0,0.0,0.0,0.0,1.0,0.0,0.0,0.0,0
0.4468977462674627,-0.6391257347246712,0.1768159366620488,-0.4052515503085198,-0.4258708390798114,1.0,-0.9803484133599242,2.1791172007214805,0.7735010054101842,1.0,0.4515700935562317,0.0,0.0,1.0,0.0,1.0,0.0,0.0,0.0,0.0,0.0,0.0,0.0,0.0,1
1.1402025146891557,0.1725216443524344,-0.399129147348916,-0.3389701334617158,-0.3375361952340378,1.0,0.7769129644337146,2.505544982919555,-1.006330136874405,1.0,-0.0785684345554774,0.0,1.0,0.0,0.0,0.0,0.0,0.0,0.0,0.0,1.0,0.0,0.0,0.0,0
0.352183216293298,-0.0571845070604415,0.1103607346607837,0.1691873956971147,0.1703880068791607,0.0,-0.2567701989743082,-0.4323050568631192,-0.0479595217980879,0.0,0.1865008295003771,0.0,1.0,0.0,0.0,1.0,0.0,0.0,0.0,0.0,0.0,0.0,0.0,0.0,0
0.1390776008569704,0.7278156625378867,-0.399129147348916,-0.3389701334617158,-0.3375361952340378,0.0,-2.014031576767947,-0.4323050568631192,-0.5955998732702694,1.0,0.4515700935562317,0.0,0.0,1.0,0.0,0.0,0.0,0.0,0.0,0.0,1.0,0.0,0.0,0.0,0
1.8518311996234071,0.4476447164935664,-0.4212808813493377,-0.3610639390773171,-0.3596198561954812,1.0,-1.0837167297007264,0.3837643986320681,0.4996808296740934,0.0,0.4515700935562317,0.0,1.0,0.0,0.0,0.0,0.0,1.0,0.0,0.0,0.0,1.0,0.0,0.0,0
-2.882544668724586,-1.3850135255105265,-0.5098878173510246,-0.4494391615397224,-0.3817035171569246,0.0,0.0533347500480986,0.0573366164339931,-0.1848696096661333,1.0,0.1865008295003771,0.0,0.0,0.0,0.0,0.0,0.0,0.0,0.0,0.0,1.0,0.0,0.0,0.0,1
-0.788601151510007,-3.0796939406551167,0.5533954146692183,-0.2947825222305131,-0.3817035171569246,1.0,1.397122862478528,-0.1058772746650442,-0.0479595217980879,1.0,0.4515700935562317,0.0,1.0,0.0,0.0,0.0,0.0,0.0,0.0,1.0,0.0,0.0,0.0,0.0,1
1.487285513735261,0.5729770110906252,-0.3548256793480726,-0.2947825222305131,-0.2933688733111509,0.0,0.8802812807745168,-0.4323050568631192,0.4996808296740934,1.0,0.1865008295003771,0.0,0.0,0.0,0.0,0.0,0.0,1.0,0.0,0.0,0.0,0.0,0.0,1.0,0
-1.0342822219151326,-0.6026756099029885,-0.5098878173510246,-0.4494391615397224,-0.4479545000412548,0.0,0.6735446480929123,-0.4323050568631192,-0.3217796975341787,0.0,0.4515700935562317,1.0,0.0,0.0,0.0,0.0,0.0,1.0,0.0,0.0,0.0,1.0,0.0,0.0,0
1.0618070796976398,0.1399196300258166,-0.4434326153497595,-0.3831577446929184,-0.3817035171569246,1.0,-1.4971899950639356,-0.1058772746650442,-0.3217796975341787,1.0,0.1865008295003771,0.0,1.0,0.0,0.0,0.0,0.0,0.0,0.0,0.0,1.0,0.0,0.0,0.0,0
0.3127781034668581,-0.2875599898199227,-0.3548256793480726,-0.2947825222305131,-0.2933688733111509,0.0,0.9836495971153192,-0.4323050568631192,-0.5955998732702694,1.0,0.1865008295003771,0.0,1.0,0.0,0.0,0.0,0.0,0.0,0.0,0.0,1.0,0.0,0.0,0.0,0
-0.4796656286498884,2.146519228661896,-0.4212808813493377,-0.3610639390773171,-0.3596198561954812,0.0,-0.4635068316559128,-0.4323050568631192,0.0889505660699574,0.0,0.1865008295003771,0.0,0.0,1.0,0.0,0.0,0.0,0.0,0.0,0.0,1.0,0.0,0.0,0.0,0
0.2872332925697533,-0.0742879967299268,-0.3769774133484943,-0.3610639390773171,-0.2933688733111509,1.0,-0.1534018826335059,1.363047745226293,2.4164220598267283,1.0,0.4515700935562317,0.0,0.0,0.0,1.0,0.0,0.0,1.0,0.0,0.0,0.0,0.0,0.0,0.0,1
-0.8193515275689409,-0.2988549562887852,-0.5098878173510246,-0.4494391615397224,-0.4479545000412548,1.0,0.57017633175211,0.7101921808301431,-0.3217796975341787,0.0,0.1865008295003771,1.0,0.0,0.0,0.0,0.0,0.0,1.0,0.0,0.0,0.0,1.0,0.0,0.0,0
0.6603311985957968,-0.0270506520732667,-0.0890048713430118,-0.0296568548432972,-0.0283649417738299,1.0,-0.9803484133599242,-0.4323050568631192,1.458051444750411,0.0,0.1865008295003771,0.0,1.0,0.0,0.0,0.0,0.0,0.0,0.0,0.0,1.0,0.0,0.0,0.0,0
-0.706404030488581,-0.3586067233504649,-0.4877360833506029,-0.4273453559241211,-0.4258708390798114,0.0,-0.8769800970191218,-0.4323050568631192,1.458051444750411,1.0,0.1865008295003771,1.0,0.0,0.0,0.0,0.0,0.0,0.0,0.0,0.0,1.0,0.0,0.0,0.0,0
0.4274262422586043,-0.3021737242143988,0.8413679566747008,0.8982829810119586,0.8991488186067933,1.0,-0.8769800970191218,-0.4323050568631192,0.362770741806048,0.0,0.4515700935562317,0.0,1.0,0.0,0.0,0.0,0.0,0.0,0.0,0.0,1.0,0.0,0.0,0.0,0
0.4552725219893029,-0.2586811311070881,-0.5098878173510246,-0.4494391615397224,-0.4479545000412548,1.0,-1.2904533623823309,-0.4323050568631192,0.4996808296740934,0.0,0.4515700935562317,0.0,1.0,0.0,0.0,0.0,0.0,0.0,0.0,0.0,1.0,0.0,0.0,0.0,0
-0.3063937430567076,-0.6795650483108375,0.4647884786675313,0.522688285546736,0.5237265822622553,1.0,0.3634396990705054,-0.4323050568631192,-0.7325099611383147,0.0,0.1865008295003771,0.0,1.0,0.0,0.0,0.0,0.0,1.0,0.0,0.0,0.0,0.0,0.0,0.0,0
-1.0548973177831866,0.1501129886540765,-0.4877360833506029,-0.4273453559241211,-0.4258708390798114,0.0,0.3634396990705054,1.689475527424368,-0.86942004900636,1.0,-4.054607395393297,1.0,0.0,0.0,0.0,0.0,0.0,1.0,0.0,0.0,0.0,0.0,0.0,0.0,0
-0.3151458260107913,0.177792628704623,0.2211194046628923,0.2796564237751214,0.2808063116863778,1.0,0.9836495971153192,-0.4323050568631192,0.9104110932782294,0.0,0.4515700935562317,1.0,0.0,0.0,0.0,0.0,0.0,1.0,0.0,0.0,0.0,1.0,0.0,0.0,0
0.11225447142429,0.1726053107707105,-0.4434326153497595,-0.3831577446929184,-0.3817035171569246,0.0,0.9836495971153192,-0.4323050568631192,-0.0479595217980879,1.0,0.1865008295003771,0.0,0.0,1.0,0.0,0.0,0.0,1.0,0.0,0.0,0.0,0.0,0.0,0.0,0
0.2145881503409466,-1.422289318705531,-0.4655843493501811,-0.3831577446929184,-0.3375361952340378,0.0,-1.0837167297007264,-0.4323050568631192,-0.3217796975341787,1.0,-0.0785684345554774,0.0,1.0,0.0,0.0,1.0,0.0,0.0,0.0,0.0,0.0,0.0,0.0,0.0,1
0.2274141853649962,-0.2057621215390156,-0.0447014033421683,0.0145307563879054,0.0158023801490568,1.0,0.6735446480929123,0.5469782897311056,-0.3217796975341787,1.0,0.1865008295003771,0.0,1.0,0.0,0.0,0.0,0.0,1.0,0.0,0.0,0.0,0.0,0.0,0.0,0
-0.6963522701290341,-0.3273852049255024,-0.3326739453476508,-0.2726887166149118,-0.2712852123497075,1.0,-0.0500335662927036,-0.4323050568631192,1.868781708354547,0.0,0.1865008295003771,1.0,0.0,0.0,0.0,0.0,0.0,1.0,0.0,0.0,0.0,1.0,0.0,0.0,0
-0.8557563212784332,0.6391571479575444,-0.5098878173510246,-0.4494391615397224,-0.4479545000412548,1.0,-0.2567701989743082,-0.4323050568631192,0.362770741806048,1.0,-0.0785684345554774,1.0,0.0,0.0,0.0,0.0,0.0,1.0,0.0,0.0,0.0,0.0,0.0,1.0,0
-1.1972534727519089,-0.757388761722935,-0.2440670093459639,-0.1843134941525065,-0.1829505685039338,0.0,0.8802812807745168,-0.4323050568631192,1.5949615326184563,1.0,0.1865008295003771,1.0,0.0,0.0,0.0,0.0,0.0,1.0,0.0,0.0,0.0,1.0,0.0,0.0,0
-0.492537965506534,0.5981466585926897,-0.4655843493501811,-0.4052515503085198,-0.403787178118368,1.0,-0.566875147996715,-0.4323050568631192,0.362770741806048,1.0,0.4515700935562317,1.0,0.0,0.0,0.0,0.0,0.0,1.0,0.0,0.0,0.0,0.0,0.0,0.0,0
-0.9755510411307524,1.8007121262714898,-0.4877360833506029,-0.3389701334617158,-0.4479545000412548,1.0,1.6038594951601328,-0.4323050568631192,-0.0479595217980879,1.0,0.4515700935562317,0.0,0.0,0.0,1.0,0.0,0.0,0.0,0.0,1.0,0.0,0.0,0.0,0.0,1
-2.0647881409248963,1.8350430977741383,-0.3326739453476508,-0.3168763278461144,-0.3154525342725943,0.0,-0.4635068316559128,-0.1058772746650442,-0.3217796975341787,0.0,0.4515700935562317,0.0,0.0,1.0,0.0,0.0,0.0,0.0,0.0,0.0,1.0,0.0,0.0,0.0,0
-0.5794642617660596,-0.2837113345786264,-0.1997635413451204,-0.1401258829213038,-0.138783246581047,0.0,0.57017633175211,-0.4323050568631192,0.6365909175421388,1.0,0.1865008295003771,1.0,0.0,0.0,0.0,0.0,0.0,0.0,0.0,0.0,1.0,0.0,0.0,0.0,0
-0.0616949055824553,-0.4529406099715616,-0.4212808813493377,-0.3610639390773171,-0.3596198561954812,0.0,-0.8769800970191218,-0.4323050568631192,0.362770741806048,1.0,0.4515700935562317,0.0,1.0,0.0,0.0,0.0,0.0,1.0,0.0,0.0,0.0,0.0,0.0,0.0,0
-0.1149540264973341,1.5492386128983011,-0.2440670093459639,-0.1843134941525065,-0.1829505685039338,1.0,-1.0837167297007264,-0.4323050568631192,-0.0479595217980879,0.0,0.4515700935562317,0.0,0.0,1.0,0.0,0.0,0.0,0.0,0.0,0.0,1.0,0.0,0.0,0.0,0
-0.5868337091824268,-0.2646075024024727,0.0660572666599402,0.124999784465912,0.1262206849562739,1.0,-0.3601385153151105,0.2205505075330306,0.9104110932782294,1.0,0.4515700935562317,1.0,0.0,0.0,0.0,0.0,0.0,0.0,0.0,0.0,1.0,0.0,0.0,0.0,0
-0.3096705892812968,-0.7178842678872487,7.575495092802906,7.614799888154762,7.612581750885591,0.0,-2.117399893108749,-0.4323050568631192,-1.5539704883465868,1.0,0.4515700935562317,0.0,1.0,0.0,0.0,0.0,0.0,1.0,0.0,0.0,0.0,0.0,0.0,0.0,0
-0.5931938326561188,-0.4236015859581091,0.4647884786675313,0.522688285546736,0.5237265822622553,0.0,0.2600713827297031,0.0573366164339931,-0.3217796975341787,1.0,-3.7895381313374417,1.0,0.0,0.0,0.0,0.0,0.0,1.0,0.0,0.0,0.0,0.0,0.0,0.0,0
1.6580133499389846,0.7724377522922223,-0.4877360833506029,-0.4273453559241211,-0.4258708390798114,0.0,-0.3601385153151105,-0.4323050568631192,-0.0479595217980879,1.0,0.4515700935562317,0.0,0.0,0.0,0.0,0.0,0.0,0.0,1.0,0.0,0.0,0.0,0.0,0.0,0
-0.5977565299307303,-0.2852173301077949,-0.2662187433463857,-0.2064072997681078,-0.2050342294653773,1.0,-0.0500335662927036,-0.4323050568631192,0.9104110932782294,1.0,0.4515700935562317,1.0,0.0,0.0,0.0,0.0,0.0,0.0,0.0,0.0,1.0,0.0,0.0,0.0,0
-1.124526843465276,-0.1954850964924797,-0.5098878173510246,-0.4494391615397224,-0.4479545000412548,0.0,0.8802812807745168,-0.4323050568631192,0.0889505660699574,0.0,-0.0785684345554774,1.0,0.0,0.0,0.0,0.0,0.0,0.0,1.0,0.0,0.0,1.0,0.0,0.0,0
0.7014646058444068,0.0929688249625642,-0.0668531373425901,-0.0075630492276958,-0.0062812808123865,1.0,1.1903862297969237,-0.4323050568631192,-0.3217796975341787,1.0,0.1865008295003771,0.0,1.0,0.0,0.0,0.0,0.0,0.0,0.0,0.0,1.0,0.0,0.0,0.0,0
-0.7664518918939568,0.9919923782860756,-0.2219152753455422,-0.1622196885369051,-0.1608669075424904,1.0,-1.4971899950639356,0.0573366164339931,-0.1848696096661333,0.0,0.1865008295003771,1.0,0.0,0.0,0.0,0.0,0.0,0.0,0.0,0.0,1.0,0.0,0.0,0.0,0
0.4259329958778509,-0.2631154512763173,5.692597702767059,5.736826410828649,5.735470569162901,0.0,-1.1870850460415288,-0.4323050568631192,-0.0479595217980879,1.0,0.4515700935562317,0.0,1.0,0.0,0.0,0.0,0.0,0.0,0.0,0.0,1.0,0.0,0.0,0.0,0
-0.5868337091824268,-0.2646075024024727,0.0660572666599402,0.124999784465912,0.1262206849562739,1.0,-1.3938216787231332,-0.4323050568631192,-0.7325099611383147,1.0,0.4515700935562317,1.0,0.0,0.0,0.0,1.0,0.0,0.0,0.0,0.0,0.0,0.0,0.0,0.0,0
0.2791109281222113,0.3973054214894373,-0.0447014033421683,0.0145307563879054,0.0158023801490568,0.0,-1.4971899950639356,-0.2690911657640817,-0.5955998732702694,0.0,0.4515700935562317,0.0,0.0,1.0,0.0,0.0,0.0,1.0,0.0,0.0,0.0,0.0,0.0,0.0,0
-0.3368393775984309,-0.7474603467525165,-0.1997635413451204,-0.1401258829213038,-0.138783246581047,1.0,0.57017633175211,0.0573366164339931,-1.280150312610496,0.0,0.4515700935562317,0.0,1.0,0.0,0.0,0.0,1.0,0.0,0.0,0.0,0.0,0.0,0.0,0.0,0
-2.852848315945989,-1.0340692603944714,0.486940212667953,-0.4052515503085198,-0.403787178118368,1.0,0.8802812807745168,1.5262616363253303,0.4996808296740934,1.0,0.1865008295003771,0.0,0.0,0.0,0.0,0.0,0.0,1.0,0.0,0.0,0.0,0.0,0.0,0.0,1
0.5645698612499345,0.0994111391708168,-0.3548256793480726,-0.2947825222305131,-0.2933688733111509,1.0,-0.7736117806783196,0.0573366164339931,-0.86942004900636,1.0,0.1865008295003771,0.0,1.0,0.0,0.0,0.0,0.0,1.0,0.0,0.0,0.0,0.0,0.0,0.0,0
-0.0277373767748242,-0.7070634111218188,-0.5098878173510246,-0.4494391615397224,-0.4479545000412548,1.0,-0.7736117806783196,-0.4323050568631192,-1.280150312610496,1.0,0.4515700935562317,0.0,1.0,0.0,0.0,1.0,0.0,0.0,0.0,0.0,0.0,0.0,0.0,0.0,0
1.0195813903741997,-0.0928264012516203,-0.2883704773468074,-0.2285011053837091,-0.2271178904268207,0.0,-0.3601385153151105,-0.4323050568631192,0.2258606539380027,0.0,-0.0785684345554774,0.0,1.0,0.0,0.0,0.0,0.0,1.0,0.0,0.0,0.0,0.0,0.0,0.0,0
0.2278842814478296,-0.3137615231473268,-0.3326739453476508,-0.2726887166149118,-0.2712852123497075,1.0,0.8802812807745168,-0.4323050568631192,-0.458689785402224,0.0,0.4515700935562317,0.0,1.0,0.0,0.0,0.0,0.0,0.0,0.0,0.0,0.0,0.0,0.0,1.0,0
1.163237222748385,0.7586746264835205,-0.3326739453476508,-0.3168763278461144,-0.3154525342725943,0.0,-1.2904533623823309,1.036619963028218,-0.86942004900636,1.0,0.4515700935562317,0.0,0.0,0.0,0.0,0.0,0.0,0.0,0.0,0.0,1.0,0.0,0.0,0.0,0
1.5754561819787805,0.5924433977459093,-0.3326739453476508,-0.2726887166149118,-0.2712852123497075,1.0,0.2600713827297031,2.995186656216667,-0.5955998732702694,0.0,-0.0785684345554774,0.0,0.0,0.0,0.0,0.0,0.0,0.0,0.0,0.0,1.0,0.0,0.0,0.0,0
-0.7689682885726301,0.9303023392008336,-0.4877360833506029,-0.4273453559241211,-0.4258708390798114,0.0,1.1903862297969237,-0.4323050568631192,-0.7325099611383147,1.0,0.4515700935562317,1.0,0.0,0.0,0.0,0.0,0.0,0.0,0.0,0.0,1.0,0.0,0.0,0.0,0
-1.3176395490254482,-0.8323259837038125,-0.5098878173510246,-0.4494391615397224,-0.4479545000412548,0.0,-0.4635068316559128,0.0573366164339931,0.362770741806048,1.0,0.4515700935562317,1.0,0.0,0.0,0.0,1.0,0.0,0.0,0.0,0.0,0.0,0.0,0.0,0.0,0
1.5854802896275435,0.5973518276189674,-0.3548256793480726,-0.2947825222305131,-0.2933688733111509,1.0,0.57017633175211,0.8734060719291806,-0.1848696096661333,0.0,0.4515700935562317,0.0,0.0,0.0,0.0,0.0,0.0,0.0,0.0,0.0,1.0,0.0,0.0,0.0,0
0.2390283238823051,-0.6387218917827332,-0.1111566053434335,-0.0517506604588985,-0.0504486027352734,1.0,-0.566875147996715,-0.4323050568631192,2.0056917962225924,0.0,0.1865008295003771,0.0,1.0,0.0,0.0,0.0,0.0,1.0,0.0,0.0,0.0,1.0,0.0,0.0,0
-1.0746828323287088,1.140779158810439,-0.399129147348916,-0.3389701334617158,-0.3375361952340378,1.0,0.2600713827297031,-0.4323050568631192,-0.3217796975341787,0.0,-0.0785684345554774,1.0,0.0,0.0,0.0,0.0,0.0,1.0,0.0,0.0,0.0,0.0,0.0,0.0,0
1.6813798905272268,0.7438935592524922,-0.5098878173510246,-0.4494391615397224,-0.4479545000412548,0.0,-1.1870850460415288,-0.4323050568631192,0.4996808296740934,0.0,0.4515700935562317,0.0,0.0,0.0,0.0,1.0,0.0,0.0,0.0,0.0,0.0,1.0,0.0,0.0,0
-1.3715899877091362,-0.3386104493792999,-0.5098878173510246,-0.4494391615397224,-0.4479545000412548,0.0,0.8802812807745168,1.5262616363253303,0.4996808296740934,0.0,0.1865008295003771,1.0,0.0,0.0,0.0,0.0,0.0,0.0,0.0,0.0,0.0,0.0,0.0,0.0,0
-0.5426446773953015,-0.7905067189624206,-0.2219152753455422,-0.1622196885369051,-0.1608669075424904,1.0,-0.0500335662927036,-0.4323050568631192,-0.458689785402224,1.0,0.1865008295003771,0.0,1.0,0.0,0.0,0.0,0.0,0.0,0.0,0.0,1.0,0.0,0.0,0.0,0
0.1836399442392349,-0.3824655969659393,-0.2883704773468074,-0.2285011053837091,-0.2271178904268207,1.0,0.1567030663889009,-0.4323050568631192,-0.1848696096661333,1.0,-0.0785684345554774,0.0,1.0,0.0,0.0,0.0,0.0,1.0,0.0,0.0,0.0,0.0,0.0,0.0,0
-0.4675952204051871,0.4638620572385001,-0.4877360833506029,-0.4273453559241211,-0.4258708390798114,0.0,-0.0500335662927036,-0.4323050568631192,0.4996808296740934,0.0,0.4515700935562317,1.0,0.0,0.0,0.0,0.0,0.0,0.0,1.0,0.0,0.0,1.0,0.0,0.0,0
0.1214213450396395,-0.2695995986938071,-0.4877360833506029,-0.4273453559241211,-0.4258708390798114,1.0,-0.4635068316559128,-0.4323050568631192,-0.7325099611383147,1.0,0.1865008295003771,0.0,1.0,0.0,0.0,0.0,0.0,0.0,0.0,0.0,1.0,0.0,0.0,0.0,0
0.5677775756975151,0.1630533946828318,-0.5098878173510246,-0.4494391615397224,-0.4479545000412548,0.0,-0.0500335662927036,-0.4323050568631192,1.1842312690143202,0.0,0.1865008295003771,0.0,1.0,0.0,0.0,0.0,0.0,1.0,0.0,0.0,0.0,1.0,0.0,0.0,0
0.3127781034668581,-0.2875599898199227,-0.3548256793480726,-0.2947825222305131,-0.2933688733111509,0.0,-0.4635068316559128,0.5469782897311056,0.7735010054101842,1.0,0.4515700935562317,0.0,1.0,0.0,0.0,0.0,0.0,0.0,0.0,0.0,1.0,0.0,0.0,0.0,0
-0.9181684894533187,-0.0041399978652521,-0.3548256793480726,-0.2947825222305131,-0.2933688733111509,0.0,1.0870179134561213,-0.4323050568631192,-0.7325099611383147,0.0,-0.0785684345554774,1.0,0.0,0.0,0.0,0.0,0.0,1.0,0.0,0.0,0.0,0.0,0.0,0.0,0
-1.3033178765779103,-3.88596457495184,-0.3548256793480726,-0.3168763278461144,-0.3154525342725943,1.0,1.397122862478528,-0.1058772746650442,1.0473211811462748,1.0,-3.7895381313374417,1.0,0.0,0.0,0.0,0.0,0.0,0.0,0.0,0.0,1.0,0.0,0.0,0.0,1
-1.0548973177831866,0.1501129886540765,-0.4877360833506029,-0.4273453559241211,-0.4258708390798114,0.0,1.0870179134561213,-0.4323050568631192,-0.458689785402224,1.0,0.1865008295003771,1.0,0.0,0.0,0.0,0.0,0.0,0.0,0.0,0.0,1.0,0.0,0.0,0.0,0
0.0534924610690346,0.0306094545309152,-0.1997635413451204,-0.1401258829213038,-0.138783246581047,1.0,-0.6702434643375174,-0.4323050568631192,-0.3217796975341787,1.0,0.1865008295003771,1.0,0.0,0.0,0.0,1.0,0.0,0.0,0.0,0.0,0.0,0.0,0.0,0.0,0
1.2163166010433166,0.8640943135280866,-0.4877360833506029,-0.4273453559241211,-0.4258708390798114,0.0,0.57017633175211,-0.4323050568631192,-0.0479595217980879,0.0,0.1865008295003771,0.0,0.0,0.0,0.0,0.0,0.0,0.0,0.0,0.0,1.0,0.0,0.0,0.0,0
-0.3297879363558317,-0.1232949219120977,-0.4655843493501811,-0.4052515503085198,-0.403787178118368,0.0,0.57017633175211,-0.4323050568631192,0.7735010054101842,1.0,0.4515700935562317,1.0,0.0,0.0,0.0,1.0,0.0,0.0,0.0,0.0,0.0,0.0,0.0,0.0,0
0.5472316116062733,0.0026369820163031,-0.4877360833506029,-0.4273453559241211,-0.4258708390798114,1.0,0.4668080154113077,-0.4323050568631192,-0.7325099611383147,1.0,0.1865008295003771,0.0,1.0,0.0,0.0,0.0,0.0,0.0,0.0,0.0,1.0,0.0,0.0,0.0,0
-0.8795791315941659,-0.0013092840462823,-0.4655843493501811,-0.4052515503085198,-0.403787178118368,1.0,-0.2567701989743082,-0.4323050568631192,-0.458689785402224,0.0,0.4515700935562317,1.0,0.0,0.0,0.0,1.0,0.0,0.0,0.0,0.0,0.0,0.0,0.0,0.0,0
0.254016093111701,0.6472588461285048,-0.5098878173510246,-0.4494391615397224,-0.4479545000412548,1.0,-0.6702434643375174,-0.4323050568631192,-0.3217796975341787,1.0,0.1865008295003771,0.0,0.0,1.0,0.0,0.0,0.0,1.0,0.0,0.0,0.0,0.0,0.0,1.0,0
-1.5607012343766844,-3.027598114725324,0.0217537986590967,-0.3610639390773171,-0.4258708390798114,1.0,-0.2567701989743082,-0.1058772746650442,0.0889505660699574,1.0,0.4515700935562317,1.0,0.0,0.0,0.0,0.0,0.0,0.0,0.0,1.0,0.0,0.0,0.0,0.0,1
0.2546106263929141,-0.1884850061623201,2.414141070704644,2.4669431797196526,2.467088746869276,0.0,-1.2904533623823309,-0.4323050568631192,0.4996808296740934,1.0,0.4515700935562317,0.0,1.0,0.0,0.0,0.0,0.0,0.0,0.0,0.0,1.0,0.0,0.0,0.0,0
-1.5490097799156628,-0.3973163862122308,0.2211194046628923,0.2796564237751214,0.2808063116863778,1.0,0.8802812807745168,-0.1058772746650442,-0.3217796975341787,1.0,0.4515700935562317,1.0,0.0,0.0,0.0,0.0,0.0,1.0,0.0,0.0,0.0,1.0,0.0,0.0,0
1.9085330830272835,0.8485323597261508,-0.3769774133484943,-0.3168763278461144,-0.3154525342725943,0.0,0.57017633175211,-0.4323050568631192,-0.458689785402224,0.0,0.4515700935562317,0.0,0.0,0.0,0.0,0.0,0.0,1.0,0.0,0.0,0.0,0.0,0.0,0.0,0
0.0114050352994151,-0.5089831658222731,-0.2219152753455422,-0.1622196885369051,-0.1608669075424904,1.0,-1.7039266277455398,-0.4323050568631192,1.3211413568823656,1.0,0.4515700935562317,0.0,1.0,0.0,0.0,0.0,0.0,0.0,1.0,0.0,0.0,1.0,0.0,0.0,0
0.3296462570275875,-0.2163877566618673,1.5059199766873526,1.5610971494799983,1.5616586474500955,0.0,-1.2904533623823309,-0.4323050568631192,-0.3217796975341787,1.0,0.4515700935562317,0.0,1.0,0.0,0.0,1.0,0.0,0.0,0.0,0.0,0.0,0.0,0.0,0.0,0
1.822311930892008,0.6003638186773043,-0.399129147348916,-0.3389701334617158,-0.3375361952340378,1.0,0.9836495971153192,-0.4323050568631192,0.362770741806048,1.0,0.1865008295003771,0.0,1.0,0.0,0.0,0.0,0.0,0.0,0.0,0.0,1.0,0.0,0.0,0.0,0
0.1290396668527663,-0.4222210900562558,0.5090919466683748,0.5668758967779387,0.5678939041851422,0.0,-0.2567701989743082,-0.4323050568631192,-0.458689785402224,0.0,0.1865008295003771,0.0,1.0,0.0,0.0,0.0,0.0,0.0,0.0,0.0,1.0,0.0,0.0,0.0,0
1.8294878093329867,0.5971984391854281,-0.4877360833506029,-0.4273453559241211,-0.4258708390798114,0.0,-0.9803484133599242,4.627325567207042,4.059343114243273,1.0,-0.0785684345554774,0.0,1.0,0.0,0.0,0.0,1.0,0.0,0.0,0.0,0.0,0.0,0.0,0.0,0
0.3873159853079143,-0.1445461921574046,-0.4877360833506029,-0.4273453559241211,-0.4258708390798114,0.0,-1.1870850460415288,-0.4323050568631192,-0.458689785402224,1.0,0.4515700935562317,0.0,1.0,0.0,0.0,0.0,0.0,1.0,0.0,0.0,0.0,0.0,0.0,0.0,0
0.270925725738557,-0.3771109461954745,-0.2883704773468074,-0.2285011053837091,-0.2271178904268207,0.0,1.397122862478528,-0.4323050568631192,-0.5955998732702694,1.0,-3.7895381313374417,0.0,1.0,0.0,0.0,0.0,0.0,1.0,0.0,0.0,0.0,0.0,0.0,0.0,0
-0.3335487050184989,2.318216663394274,-0.3548256793480726,-0.2947825222305131,-0.2933688733111509,1.0,0.8802812807745168,-0.4323050568631192,-0.86942004900636,1.0,-0.0785684345554774,0.0,0.0,1.0,0.0,0.0,0.0,0.0,0.0,0.0,1.0,0.0,0.0,0.0,0
-0.8691817123501653,0.0118263436250513,-0.4434326153497595,-0.3831577446929184,-0.3817035171569246,0.0,-0.3601385153151105,0.7101921808301431,0.4996808296740934,0.0,-0.0785684345554774,1.0,0.0,0.0,0.0,0.0,0.0,1.0,0.0,0.0,0.0,1.0,0.0,0.0,0
1.1648272536168325,0.3963711464851887,-0.4434326153497595,-0.3831577446929184,-0.3817035171569246,1.0,-1.2904533623823309,0.2205505075330306,-0.86942004900636,1.0,0.1865008295003771,0.0,0.0,0.0,0.0,0.0,0.0,0.0,0.0,0.0,0.0,0.0,0.0,0.0,1
0.2556337766908341,-0.1909949987110003,0.6420023506709052,0.6994387304715466,0.7003958699538027,0.0,0.1567030663889009,-0.4323050568631192,-0.1848696096661333,1.0,-0.0785684345554774,0.0,1.0,0.0,0.0,0.0,0.0,1.0,0.0,0.0,0.0,0.0,0.0,0.0,0
0.4688914820363251,0.4215686827932793,-0.4877360833506029,-0.4273453559241211,-0.4258708390798114,0.0,-1.6005583114047377,-0.4323050568631192,-1.143240224742451,0.0,0.4515700935562317,0.0,0.0,1.0,0.0,0.0,0.0,0.0,0.0,0.0,1.0,0.0,0.0,0.0,0
0.5472316116062733,0.086261567096272,-0.4655843493501811,-0.4052515503085198,-0.403787178118368,0.0,-1.0837167297007264,-0.4323050568631192,0.362770741806048,0.0,0.4515700935562317,0.0,1.0,0.0,0.0,0.0,0.0,0.0,0.0,0.0,1.0,0.0,0.0,0.0,0
0.2377899185871041,-2.9877235865640244,0.3983332766662661,-0.3389701334617158,-0.3154525342725943,0.0,0.8802812807745168,1.363047745226293,-0.7325099611383147,1.0,-4.054607395393297,0.0,1.0,0.0,0.0,0.0,0.0,0.0,0.0,0.0,1.0,0.0,0.0,0.0,1
-0.6795162428948727,-2.1796833861416203,0.3761815426658444,-0.3168763278461144,-0.4479545000412548,0.0,0.4668080154113077,-0.2690911657640817,0.0889505660699574,1.0,0.1865008295003771,0.0,0.0,0.0,0.0,0.0,0.0,0.0,0.0,1.0,0.0,0.0,0.0,0.0,1
-0.9932179464433348,-0.6069007640266265,-0.5098878173510246,-0.4494391615397224,-0.4479545000412548,1.0,0.57017633175211,-0.4323050568631192,-0.0479595217980879,0.0,-0.0785684345554774,1.0,0.0,0.0,0.0,0.0,0.0,1.0,0.0,0.0,0.0,0.0,1.0,0.0,0
0.1817180808417748,-0.5022340747469419,-0.4434326153497595,-0.3831577446929184,-0.3817035171569246,1.0,-1.3938216787231332,-0.4323050568631192,-0.1848696096661333,0.0,0.1865008295003771,0.0,1.0,0.0,0.0,0.0,0.0,1.0,0.0,0.0,0.0,0.0,0.0,0.0,0
-0.887778160333163,0.7307021539689085,-0.3769774133484943,-0.3168763278461144,-0.3154525342725943,0.0,0.7769129644337146,-0.4323050568631192,-1.143240224742451,0.0,-0.0785684345554774,1.0,0.0,0.0,0.0,0.0,0.0,1.0,0.0,0.0,0.0,0.0,0.0,1.0,0
-0.9570482007753576,0.3537012731578244,-0.3326739453476508,-0.3168763278461144,-0.3154525342725943,0.0,-0.3601385153151105,0.7101921808301431,0.4996808296740934,0.0,-0.0785684345554774,1.0,0.0,0.0,0.0,0.0,0.0,1.0,0.0,0.0,0.0,1.0,0.0,0.0,0
1.42708556242082,0.2003686172397313,-0.0668531373425901,-0.0075630492276958,-0.0062812808123865,1.0,0.6735446480929123,-0.4323050568631192,-1.143240224742451,1.0,-0.0785684345554774,0.0,1.0,0.0,0.0,0.0,0.0,0.0,0.0,0.0,1.0,0.0,0.0,0.0,0
-0.7820756734706924,0.7630252802346718,-0.4877360833506029,-0.4273453559241211,-0.4258708390798114,0.0,0.57017633175211,-0.4323050568631192,-0.7325099611383147,1.0,-0.0785684345554774,1.0,0.0,0.0,0.0,0.0,0.0,1.0,0.0,0.0,0.0,0.0,0.0,0.0,0
1.3071972349408976,0.6966080885161352,-0.5098878173510246,-0.4494391615397224,-0.4479545000412548,1.0,1.293754546137726,-0.4323050568631192,1.3211413568823656,1.0,-0.0785684345554774,0.0,0.0,0.0,0.0,0.0,0.0,0.0,0.0,0.0,1.0,0.0,0.0,0.0,0
0.1419534827755384,-0.2114793267888091,2.6578101447092823,2.7099750414912678,2.710009017445153,0.0,-0.0500335662927036,-0.4323050568631192,-0.7325099611383147,1.0,0.4515700935562317,0.0,1.0,0.0,0.0,0.0,0.0,0.0,0.0,0.0,1.0,0.0,0.0,0.0,0
0.7041469187876847,0.0049517529222069,-0.3548256793480726,-0.2947825222305131,-0.2933688733111509,1.0,-0.1534018826335059,-0.4323050568631192,-1.280150312610496,0.0,0.1865008295003771,0.0,1.0,0.0,0.0,0.0,0.0,0.0,0.0,0.0,1.0,0.0,0.0,0.0,0
-0.9974902902550604,0.3953671494658752,-0.3326739453476508,-0.1843134941525065,-0.1829505685039338,1.0,-0.4635068316559128,-0.4323050568631192,-0.7325099611383147,1.0,0.1865008295003771,1.0,0.0,0.0,0.0,0.0,1.0,0.0,0.0,0.0,0.0,0.0,0.0,0.0,0
1.7842064954711294,0.973976209547908,0.0439055326595185,0.1029059788503107,0.1041370239948304,0.0,1.0870179134561213,-0.4323050568631192,-0.86942004900636,0.0,0.4515700935562317,0.0,0.0,0.0,0.0,0.0,0.0,0.0,0.0,0.0,1.0,0.0,0.0,0.0,0
-1.7307848740660694,-2.2115250559923334,-0.4434326153497595,-0.3831577446929184,-0.3817035171569246,0.0,-0.2567701989743082,-0.4323050568631192,-0.1848696096661333,0.0,0.4515700935562317,0.0,0.0,0.0,1.0,0.0,0.0,1.0,0.0,0.0,0.0,0.0,0.0,0.0,0
1.144875822806804,0.3005312643349236,0.3983332766662661,0.456406868699932,0.4574755993779251,0.0,0.1567030663889009,-0.2690911657640817,0.0889505660699574,1.0,0.1865008295003771,0.0,1.0,0.0,0.0,0.0,1.0,0.0,0.0,0.0,0.0,0.0,0.0,0.0,0
1.0429341046070988,0.6700579451122173,0.6641540846713269,0.721532536087148,0.722479530915246,1.0,-1.1870850460415288,-0.4323050568631192,-1.006330136874405,1.0,0.1865008295003771,0.0,0.0,0.0,0.0,0.0,0.0,0.0,0.0,0.0,1.0,0.0,0.0,0.0,0
-1.629907785230509,-0.2004074707685508,-0.4434326153497595,-0.3831577446929184,-0.3817035171569246,1.0,-0.2567701989743082,0.7101921808301431,2.279511971958683,0.0,0.4515700935562317,1.0,0.0,0.0,0.0,0.0,0.0,1.0,0.0,0.0,0.0,1.0,0.0,0.0,0
0.3540497742692888,-0.5744521381335481,-0.0003979353413249,0.0587183676191081,0.0599697020719436,0.0,0.4668080154113077,-0.4323050568631192,-0.458689785402224,1.0,0.4515700935562317,0.0,1.0,0.0,0.0,0.0,0.0,0.0,0.0,0.0,1.0,0.0,0.0,0.0,0
-0.7723695719955991,0.906220355136557,-0.4655843493501811,-0.4052515503085198,-0.403787178118368,1.0,0.9836495971153192,-0.4323050568631192,0.4996808296740934,0.0,0.1865008295003771,1.0,0.0,0.0,0.0,0.0,0.0,0.0,0.0,0.0,1.0,0.0,0.0,0.0,0
-0.5055485659170003,0.2181756199323077,-0.4877360833506029,-0.4273453559241211,-0.4258708390798114,1.0,-0.3601385153151105,-0.4323050568631192,0.6365909175421388,1.0,-4.054607395393297,1.0,0.0,0.0,0.0,0.0,0.0,1.0,0.0,0.0,0.0,1.0,0.0,0.0,0
1.487285513735261,0.5729770110906252,-0.1333083393438553,-0.0738444660744998,-0.0725322636967168,0.0,0.6735446480929123,-0.4323050568631192,-0.3217796975341787,1.0,-4.054607395393297,0.0,0.0,0.0,0.0,0.0,0.0,1.0,0.0,0.0,0.0,0.0,0.0,0.0,0
0.9909391980018608,-3.207817629981584,-0.1111566053434335,-0.4494391615397224,-0.3817035171569246,1.0,0.3634396990705054,0.0573366164339931,-0.1848696096661333,1.0,0.1865008295003771,0.0,0.0,0.0,1.0,0.0,0.0,1.0,0.0,0.0,0.0,0.0,0.0,0.0,1
0.4053732054312665,-0.1396935398967947,-0.4212808813493377,-0.3610639390773171,-0.3596198561954812,0.0,-1.4971899950639356,-0.1058772746650442,-0.3217796975341787,0.0,0.1865008295003771,0.0,1.0,0.0,0.0,0.0,1.0,0.0,0.0,0.0,0.0,0.0,0.0,0.0,0
-0.3767145865077043,-0.6560129515624417,1.6166786466894612,1.6715661775580049,1.672076952257313,0.0,-2.6342414748127605,-0.4323050568631192,-0.1848696096661333,0.0,-3.7895381313374417,0.0,1.0,0.0,0.0,0.0,0.0,1.0,0.0,0.0,0.0,1.0,0.0,0.0,0
-0.641281896659732,0.3928292681109709,-0.5098878173510246,-0.4494391615397224,-0.4479545000412548,1.0,-0.566875147996715,0.5469782897311056,1.7318716204865017,0.0,-0.0785684345554774,1.0,0.0,0.0,0.0,0.0,0.0,1.0,0.0,0.0,0.0,1.0,0.0,0.0,0
0.6979527115784991,-0.2327166526313012,-0.1111566053434335,-0.0517506604588985,-0.0504486027352734,1.0,-1.1870850460415288,-0.4323050568631192,-0.1848696096661333,0.0,0.1865008295003771,0.0,1.0,0.0,0.0,0.0,0.0,0.0,0.0,0.0,1.0,0.0,0.0,0.0,0
-0.0357704892493151,-0.6933839517315913,-0.5098878173510246,-0.4494391615397224,-0.4479545000412548,1.0,0.7769129644337146,-0.4323050568631192,-0.5955998732702694,1.0,0.1865008295003771,0.0,1.0,0.0,0.0,1.0,0.0,0.0,0.0,0.0,0.0,0.0,0.0,0.0,0
0.6549389199984573,0.0671019573080664,0.243271138663314,0.3017502293907227,0.3028899726478212,0.0,-0.9803484133599242,-0.4323050568631192,0.4996808296740934,0.0,0.1865008295003771,0.0,1.0,0.0,0.0,0.0,0.0,0.0,0.0,0.0,1.0,0.0,0.0,0.0,0
-0.2052677798243877,-0.4354543285490767,-0.399129147348916,-0.3389701334617158,-0.3375361952340378,1.0,-1.0837167297007264,0.0573366164339931,-1.280150312610496,0.0,0.1865008295003771,0.0,1.0,0.0,0.0,0.0,0.0,0.0,1.0,0.0,0.0,1.0,0.0,0.0,0
-0.5795472198983127,-0.281703340539603,-0.1997635413451204,-0.1401258829213038,-0.138783246581047,0.0,0.7769129644337146,0.3837643986320681,0.2258606539380027,1.0,0.4515700935562317,1.0,0.0,0.0,0.0,0.0,0.0,0.0,0.0,0.0,1.0,0.0,0.0,0.0,0
0.3920445988471303,-0.228951663808281,0.4426367446671095,0.5005944799311347,0.5016429213008119,0.0,-0.2567701989743082,-0.4323050568631192,-0.0479595217980879,1.0,0.1865008295003771,0.0,1.0,0.0,0.0,0.0,0.0,0.0,0.0,0.0,1.0,0.0,0.0,0.0,0
1.163237222748385,0.7586746264835205,-0.5098878173510246,-0.4494391615397224,-0.4479545000412548,1.0,-1.2904533623823309,-0.4323050568631192,-0.1848696096661333,1.0,0.1865008295003771,0.0,0.0,0.0,0.0,0.0,0.0,0.0,0.0,0.0,1.0,0.0,0.0,0.0,0
-0.684765784322509,1.1948416094283514,-0.5098878173510246,-0.4494391615397224,-0.4479545000412548,1.0,-0.8769800970191218,-0.4323050568631192,1.458051444750411,1.0,0.1865008295003771,1.0,0.0,0.0,0.0,0.0,0.0,1.0,0.0,0.0,0.0,1.0,0.0,0.0,0
1.0151846093640944,1.0265326646364534,-0.4877360833506029,-0.4273453559241211,-0.4258708390798114,0.0,0.2600713827297031,0.7101921808301431,0.7735010054101842,1.0,0.1865008295003771,0.0,0.0,0.0,0.0,0.0,1.0,0.0,0.0,0.0,0.0,0.0,0.0,0.0,0
-0.7009287937590866,-0.4021411496668147,-0.4877360833506029,-0.4273453559241211,-0.4258708390798114,0.0,-1.3938216787231332,-0.4323050568631192,0.9104110932782294,1.0,0.1865008295003771,1.0,0.0,0.0,0.0,0.0,0.0,1.0,0.0,0.0,0.0,0.0,0.0,1.0,0
-0.3440152560394099,0.1675156036582852,-0.4877360833506029,-0.4273453559241211,-0.4258708390798114,0.0,-0.566875147996715,-0.4323050568631192,0.4996808296740934,1.0,0.4515700935562317,1.0,0.0,0.0,0.0,0.0,0.0,1.0,0.0,0.0,0.0,1.0,0.0,0.0,0
0.3296324306722447,-0.1765207083470505,-0.399129147348916,-0.3389701334617158,-0.3375361952340378,1.0,-0.566875147996715,0.7101921808301431,-0.5955998732702694,0.0,0.4515700935562317,0.0,1.0,0.0,0.0,0.0,0.0,0.0,0.0,0.0,1.0,0.0,0.0,0.0,0
-2.2637962817805835,2.710693778034819,-0.3105222113472291,-0.2726887166149118,-0.4479545000412548,0.0,0.6735446480929123,0.0573366164339931,-1.4170604004785414,1.0,0.1865008295003771,0.0,0.0,0.0,1.0,1.0,0.0,0.0,0.0,0.0,0.0,0.0,0.0,0.0,1
0.2665427710838928,0.3483187335811354,-0.4877360833506029,-0.4273453559241211,-0.4258708390798114,0.0,-0.8769800970191218,-0.4323050568631192,-0.3217796975341787,0.0,0.1865008295003771,0.0,0.0,1.0,0.0,0.0,0.0,1.0,0.0,0.0,0.0,1.0,0.0,0.0,0
-0.1406433947890576,-0.3446483758991849,-0.3548256793480726,-0.2947825222305131,-0.2933688733111509,1.0,-0.0500335662927036,-0.4323050568631192,0.0889505660699574,1.0,0.1865008295003771,0.0,1.0,0.0,0.0,0.0,0.0,0.0,0.0,0.0,1.0,0.0,0.0,0.0,0
0.3804068436424146,-0.5238044887492693,0.3318780746650009,-0.2726887166149118,-0.3596198561954812,0.0,0.3634396990705054,-0.4323050568631192,0.0889505660699574,1.0,0.1865008295003771,0.0,1.0,0.0,0.0,0.0,0.0,0.0,0.0,1.0,0.0,0.0,0.0,0.0,1
-0.6360693606823398,0.7011400195066536,-0.4877360833506029,-0.4273453559241211,-0.4258708390798114,0.0,-0.1534018826335059,-0.4323050568631192,-0.3217796975341787,0.0,0.4515700935562317,1.0,0.0,0.0,0.0,0.0,0.0,1.0,0.0,0.0,0.0,1.0,0.0,0.0,0
-0.141735676863888,-0.4532613312416531,-0.4434326153497595,-0.3831577446929184,-0.3817035171569246,0.0,0.2600713827297031,1.8526894185234053,2.690242235562819,1.0,0.1865008295003771,0.0,1.0,0.0,0.0,0.0,0.0,1.0,0.0,0.0,0.0,0.0,0.0,0.0,0
-0.8524939607658897,-1.914500725183981,0.3761815426658444,-0.3610639390773171,-0.3596198561954812,0.0,1.397122862478528,-0.4323050568631192,-1.280150312610496,1.0,0.1865008295003771,0.0,0.0,1.0,0.0,1.0,0.0,0.0,0.0,0.0,0.0,0.0,0.0,0.0,1
-1.342900300300465,-2.454631778734582,-0.3326739453476508,-0.3168763278461144,-0.3154525342725943,0.0,-0.6702434643375174,-0.2690911657640817,1.7318716204865017,0.0,-3.7895381313374417,0.0,0.0,0.0,1.0,0.0,0.0,1.0,0.0,0.0,0.0,1.0,0.0,0.0,0
1.487285513735261,0.5729770110906252,-0.3326739453476508,-0.2726887166149118,-0.2712852123497075,0.0,1.5004911788193305,3.648042220612817,-0.0479595217980879,1.0,0.1865008295003771,0.0,0.0,0.0,0.0,0.0,0.0,0.0,0.0,0.0,1.0,0.0,0.0,0.0,0
0.2398440788495922,-0.311990583960317,-0.5098878173510246,-0.4494391615397224,-0.4479545000412548,0.0,1.293754546137726,-0.4323050568631192,-1.006330136874405,0.0,0.1865008295003771,0.0,1.0,0.0,0.0,0.0,0.0,1.0,0.0,0.0,0.0,0.0,0.0,0.0,0
2.1231595975550497,0.8531479571351435,-0.4434326153497595,-0.3831577446929184,-0.3817035171569246,0.0,2.017332760523342,-0.4323050568631192,-1.006330136874405,0.0,0.1865008295003771,0.0,0.0,0.0,0.0,0.0,1.0,0.0,0.0,0.0,0.0,1.0,0.0,0.0,0
-0.8986595020153397,-0.3284868127663032,-0.3548256793480726,-0.2947825222305131,-0.2933688733111509,0.0,-0.4635068316559128,0.5469782897311056,0.9104110932782294,0.0,0.4515700935562317,1.0,0.0,0.0,0.0,1.0,0.0,0.0,0.0,0.0,0.0,0.0,0.0,0.0,0
0.2593254135766891,0.2360384002371343,-0.5098878173510246,-0.4494391615397224,-0.4479545000412548,1.0,-0.9803484133599242,4.300897785008967,5.565354080791772,1.0,-0.0785684345554774,0.0,0.0,1.0,0.0,1.0,0.0,0.0,0.0,0.0,0.0,0.0,0.0,1.0,0
0.3286507594404513,-0.4480182356954904,-0.3548256793480726,-0.2947825222305131,-0.2933688733111509,1.0,0.4668080154113077,-0.2690911657640817,0.0889505660699574,0.0,0.1865008295003771,0.0,1.0,0.0,0.0,1.0,0.0,0.0,0.0,0.0,0.0,0.0,0.0,0.0,0
-1.3519427367174348,0.1675713812703372,-0.4655843493501811,-0.4052515503085198,-0.403787178118368,1.0,-1.7039266277455398,-0.4323050568631192,0.0889505660699574,0.0,-0.0785684345554774,1.0,0.0,0.0,0.0,1.0,0.0,0.0,0.0,0.0,0.0,0.0,0.0,0.0,0
2.0405194714626904,0.7103712143246389,-0.4212808813493377,-0.3610639390773171,-0.3596198561954812,1.0,-0.1534018826335059,-0.4323050568631192,-0.5955998732702694,0.0,0.4515700935562317,0.0,0.0,0.0,0.0,0.0,0.0,0.0,1.0,0.0,0.0,1.0,0.0,0.0,0
0.0537551618212351,1.3913321927804525,-0.4434326153497595,-0.3831577446929184,-0.3817035171569246,0.0,-0.3601385153151105,-0.4323050568631192,-0.5955998732702694,1.0,0.4515700935562317,0.0,0.0,1.0,0.0,0.0,0.0,0.0,0.0,0.0,1.0,0.0,0.0,0.0,0
1.8029241726646803,1.6058029439076127,0.4647884786675313,-0.3168763278461144,-0.2712852123497075,0.0,0.2600713827297031,-0.4323050568631192,1.0473211811462748,1.0,-0.0785684345554774,0.0,1.0,0.0,0.0,1.0,0.0,0.0,0.0,0.0,0.0,0.0,0.0,0.0,1
-0.0980858729365064,-0.6022712222146209,-0.3548256793480726,-0.2947825222305131,-0.2933688733111509,1.0,-1.7039266277455398,-0.4323050568631192,-0.0479595217980879,1.0,0.4515700935562317,0.0,1.0,0.0,0.0,0.0,0.0,1.0,0.0,0.0,0.0,0.0,0.0,0.0,0
-1.4244204916073082,-0.9794812690714944,-0.5098878173510246,-0.4494391615397224,-0.4479545000412548,1.0,0.9836495971153192,-0.4323050568631192,0.0889505660699574,0.0,0.1865008295003771,1.0,0.0,0.0,0.0,0.0,0.0,0.0,1.0,0.0,0.0,0.0,0.0,0.0,0
2.1771367776319277,1.8168874547865497,0.4204850106666878,-0.3610639390773171,-0.4479545000412548,1.0,-0.7736117806783196,-0.1058772746650442,0.6365909175421388,1.0,0.4515700935562317,0.0,0.0,0.0,0.0,0.0,0.0,1.0,0.0,0.0,0.0,0.0,0.0,0.0,1
1.187350386527102,0.7966452359838142,-0.2662187433463857,-0.2064072997681078,-0.2050342294653773,1.0,0.2600713827297031,2.995186656216667,-0.5955998732702694,0.0,-0.0785684345554774,0.0,0.0,0.0,0.0,0.0,0.0,0.0,0.0,0.0,1.0,0.0,0.0,0.0,0
-1.8604622611534365,-0.0806808261967853,-0.2662187433463857,-0.2064072997681078,-0.2050342294653773,1.0,1.1903862297969237,0.7101921808301431,0.7735010054101842,0.0,0.4515700935562317,1.0,0.0,0.0,0.0,0.0,0.0,0.0,0.0,0.0,0.0,1.0,0.0,0.0,0
0.2549977643434943,-0.1894471699727928,2.414141070704644,2.4669431797196526,2.467088746869276,0.0,1.1903862297969237,-0.2690911657640817,-1.006330136874405,1.0,0.1865008295003771,0.0,1.0,0.0,0.0,0.0,0.0,1.0,0.0,0.0,0.0,1.0,0.0,0.0,0
-0.1597514179210153,-0.5076445031296569,0.0882090006603619,0.1470935900815134,0.1483043459177173,0.0,-1.1870850460415288,-0.4323050568631192,-0.1848696096661333,1.0,0.4515700935562317,0.0,1.0,0.0,0.0,0.0,0.0,0.0,0.0,0.0,1.0,0.0,0.0,0.0,0
0.6363839510815862,-0.0202178945796595,-0.399129147348916,-0.3389701334617158,-0.3375361952340378,0.0,-1.9106632604271443,-0.4323050568631192,0.4996808296740934,0.0,0.1865008295003771,0.0,1.0,0.0,0.0,1.0,0.0,0.0,0.0,0.0,0.0,0.0,0.0,0.0,0
0.456970199940426,2.5789660607237974,-0.399129147348916,-0.2947825222305131,-0.403787178118368,1.0,-2.427504842131156,-0.2690911657640817,-1.5539704883465868,1.0,0.4515700935562317,0.0,0.0,1.0,0.0,0.0,0.0,1.0,0.0,0.0,0.0,0.0,0.0,0.0,1
0.3240604094550561,-0.4639706327825827,0.1325124686612054,0.1912812013127161,0.1924716678406041,1.0,-1.6005583114047377,-0.4323050568631192,-1.280150312610496,0.0,0.4515700935562317,0.0,1.0,0.0,0.0,0.0,0.0,0.0,0.0,0.0,1.0,0.0,0.0,0.0,0
0.2274141853649962,-0.2057621215390156,-0.0447014033421683,0.0145307563879054,0.0158023801490568,1.0,-0.4635068316559128,-0.4323050568631192,-1.143240224742451,1.0,-0.0785684345554774,0.0,1.0,0.0,0.0,0.0,0.0,1.0,0.0,0.0,0.0,0.0,0.0,0.0,0
-0.6158552291201107,-0.306496489159326,-0.4212808813493377,-0.3610639390773171,-0.3596198561954812,1.0,-0.0500335662927036,-0.4323050568631192,-0.3217796975341787,1.0,0.4515700935562317,1.0,0.0,0.0,0.0,0.0,0.0,0.0,1.0,0.0,0.0,1.0,0.0,0.0,0
-0.8016814453962673,0.1321107643187237,-0.0447014033421683,0.0145307563879054,0.0158023801490568,1.0,1.5004911788193305,-0.1058772746650442,-0.0479595217980879,0.0,0.4515700935562317,1.0,0.0,0.0,0.0,0.0,0.0,1.0,0.0,0.0,0.0,0.0,0.0,0.0,0
0.2754192912363563,0.366850845232171,-0.399129147348916,-0.3389701334617158,-0.3375361952340378,0.0,1.1903862297969237,-0.4323050568631192,0.6365909175421388,1.0,-0.0785684345554774,0.0,0.0,1.0,0.0,0.0,1.0,0.0,0.0,0.0,0.0,1.0,0.0,0.0,0
1.5754561819787805,0.5924433977459093,-0.4212808813493377,-0.3610639390773171,-0.3596198561954812,0.0,-1.2904533623823309,-0.4323050568631192,0.4996808296740934,1.0,0.4515700935562317,0.0,0.0,0.0,0.0,1.0,0.0,0.0,0.0,0.0,0.0,0.0,0.0,0.0,0
-0.9936189107493562,0.3949767061805205,-0.3548256793480726,-0.2947825222305131,-0.2933688733111509,0.0,1.397122862478528,-0.4323050568631192,0.4996808296740934,1.0,0.4515700935562317,1.0,0.0,0.0,0.0,0.0,0.0,1.0,0.0,0.0,0.0,1.0,0.0,0.0,0
1.1773401052336816,0.4143594264175285,-0.4877360833506029,-0.4273453559241211,-0.4258708390798114,0.0,-0.3601385153151105,0.2205505075330306,0.7735010054101842,0.0,0.4515700935562317,0.0,0.0,0.0,0.0,0.0,0.0,0.0,0.0,0.0,1.0,0.0,0.0,0.0,0
1.822311930892008,0.6003638186773043,-0.399129147348916,-0.3389701334617158,-0.3375361952340378,1.0,0.8802812807745168,-0.4323050568631192,0.4996808296740934,1.0,-0.0785684345554774,0.0,1.0,0.0,0.0,0.0,0.0,0.0,0.0,0.0,1.0,0.0,0.0,0.0,0
-1.3949817450566744,-0.9733397139097468,0.1989676706624706,-0.3831577446929184,-0.3817035171569246,0.0,-0.7736117806783196,-0.4323050568631192,-0.7325099611383147,1.0,-0.0785684345554774,1.0,0.0,0.0,0.0,0.0,0.0,0.0,0.0,1.0,0.0,0.0,0.0,0.0,1
0.2289292282058829,-1.5253180255085532,-0.3769774133484943,-0.3389701334617158,-0.3154525342725943,0.0,-1.0837167297007264,0.3837643986320681,0.0889505660699574,1.0,-0.0785684345554774,0.0,1.0,0.0,0.0,1.0,0.0,0.0,0.0,0.0,0.0,0.0,0.0,0.0,1
-1.277225112256431,0.7300049338164752,-0.5098878173510246,-0.4494391615397224,-0.4479545000412548,1.0,-0.9803484133599242,-0.4323050568631192,-0.7325099611383147,0.0,0.4515700935562317,1.0,0.0,0.0,0.0,0.0,0.0,0.0,1.0,0.0,0.0,1.0,0.0,0.0,0
-0.0277373767748242,-0.7070634111218188,-0.4434326153497595,-0.3831577446929184,-0.3817035171569246,1.0,-0.4635068316559128,2.995186656216667,-0.1848696096661333,1.0,0.4515700935562317,0.0,1.0,0.0,0.0,0.0,0.0,0.0,0.0,0.0,1.0,0.0,0.0,0.0,0
-1.96024674422844,1.435041740954191,0.4426367446671095,-0.2726887166149118,-0.2712852123497075,0.0,0.1567030663889009,0.5469782897311056,-1.143240224742451,1.0,0.1865008295003771,0.0,1.0,0.0,0.0,1.0,0.0,0.0,0.0,0.0,0.0,0.0,0.0,0.0,1
0.0830532088665605,-0.5345014234004551,-0.399129147348916,-0.3389701334617158,-0.3375361952340378,0.0,0.0533347500480986,-0.2690911657640817,1.7318716204865017,0.0,0.1865008295003771,0.0,1.0,0.0,0.0,0.0,0.0,0.0,0.0,0.0,1.0,0.0,0.0,0.0,0
1.6669941486782391,-3.430499406943932,-0.08970342245756921,-0.294434160054051,-0.337187993012536,0.5078837069204618,1.0442979359055373,0.7024717979335051,0.1628024050400118,1.0,0.3169457331368655,1.0,0.0,0.0,0.0,0.0,0.0,1.0,0.0,0.0,0.0,0.0,0.0,0.0,1
-1.2570596311728408,-0.5454964539030922,-0.47556445137082376,-0.4380279589069283,-0.4137366109429176,1.0,-0.7435086589045034,0.33623293238728696,0.7073034413290188,0.25824438829895835,0.25495347945333635,1.0,0.0,0.0,0.0,0.7417556117010417,0.0,0.25824438829895835,0.0,0.0,0.0,0.0,0.0,0.0,1
-0.09483590401491554,0.3841711709102527,0.30498697066993735,-0.09078580967401167,-0.1014100910464773,1.0,-1.337913452476541,-0.4323050568631192,-0.914177866639007,0.5408642437617387,0.4515700935562317,0.0,0.5408642437617387,0.4591357562382613,0.0,0.0,0.0,0.0,0.0,0.0,1.0,0.0,0.0,0.0,1
-1.9608181679332826,-2.0694091240202357,0.002255943144372441,-0.4273453559241211,-0.33841810290937513,0.019967424714522952,0.014118767634461182,0.5372014064824525,-1.1459739666146147,1.0,0.1865008295003771,0.0,0.019967424714522952,0.0,0.980032575285477,0.0,0.0,1.0,0.0,0.0,0.0,0.0,0.0,0.0,1
1.6984179243576256,-0.9355886122494934,0.18805532568054578,-0.3488753754947572,-0.3826816342139888,0.0,0.9281501629682023,-0.4323050568631192,-2.240542242486953,1.0,0.3209921779209439,0.0,0.5073819060071304,0.4926180939928696,0.0,0.0,0.0,0.0,0.0,0.4926180939928696,0.5073819060071304,0.0,0.0,0.0,1
1.0545674077330114,-3.2368299416144883,-0.2395249050973822,-0.3238360189245456,-0.3151489906175046,0.6712483897124918,1.3659819920119016,-0.4323050568631192,1.820008591874577,1.0,0.1865008295003771,0.0,0.0,0.6712483897124918,0.0,0.0,0.0,0.0,0.0,1.0,0.0,0.0,0.0,0.0,1
-1.0882318497057697,-1.231215275020508,0.49654976734951406,-0.394947074869834,-0.3993793925891094,0.6334008543167258,0.356492641738151,0.8461486549338562,0.0479607384434666,1.0,-4.054607395393297,0.0,0.36659914568327423,0.0,0.0,0.0,0.0,0.0,0.0,0.6334008543167258,0.36659914568327423,0.0,0.0,0.0,1
-1.0977900108954057,-0.6861371254877755,-0.40889526455974157,-0.4158630115499672,-0.34727230083143623,1.0,-0.4842557567637203,-0.07311566140820686,0.8446543777421324,0.7598543812218069,0.38791487112045825,1.0,0.0,0.0,0.0,0.24014561877819307,0.0,0.7598543812218069,0.0,0.0,0.0,0.0,0.0,0.0,1
0.851039088559818,-1.9304371113065508,0.4466081103163569,-0.3577117198281463,-0.33921153525139625,0.0,0.4839158222674831,-0.13064117260972025,-2.0166330265373205,1.0,0.4314610570056403,0.07586332810866392,0.0,0.0,0.9241366718913361,0.0,0.0,1.0,0.0,0.0,0.0,0.0,0.0,0.0,1
-1.2023927876187661,-3.6685708249511264,0.24464621974747902,-0.37176797059817185,-0.43941609179081514,1.0,0.40661426123782385,0.3206595159416713,-0.16722467561493706,1.0,0.2206628825389561,0.0,0.12887972191064923,0.8711202780893508,0.0,0.0,0.0,0.8711202780893508,0.0,0.12887972191064923,0.0,0.0,0.0,0.0,1
0.9311934335944557,0.12465342706293253,-0.37927408579774213,-0.35311523284081386,-0.3318807534439037,0.12804583895777244,1.3813682337317366,-0.36960847801710295,2.0340812330788363,0.12804583895777244,0.1865008295003771,0.0,1.0,0.0,0.0,0.0,0.0,0.0,0.0,0.0,1.0,0.0,0.0,0.0,1
1.5815722090390172,1.4426469861552709,0.48357530460732107,-0.3356140248787689,-0.3274724924860711,0.8480973064877056,0.5230705547241137,-0.4323050568631192,1.6278865649056968,1.0,-0.0785684345554774,0.0,0.15190269351229435,0.0,0.8480973064877056,0.15190269351229435,0.0,0.8480973064877056,0.0,0.0,0.0,0.0,0.0,0.0,1
1.8426627535843556,-3.5824064365992907,-0.05392719114384937,-0.33527965124619197,-0.3626856684085065,0.13882717264941014,0.45245768431218425,1.0412241928585388,-0.1848696096661333,1.0,0.41477127707109746,0.8611728273505899,0.0,0.0,0.13882717264941014,0.0,0.0,1.0,0.0,0.0,0.0,0.0,0.0,0.0,1
0.7189807540775339,-0.4369084526522986,0.12504164939022913,-0.3361642652546798,-0.33582745506010825,0.3591252551967854,0.4376840450408107,-0.2564623659853127,0.18728630655920955,1.0,0.1865008295003771,0.0,1.0,0.0,0.0,0.0,0.0,0.0,0.0,0.6408747448032146,0.3591252551967854,0.0,0.0,0.0,1
-0.16135910550378746,-1.1645272146320331,0.25531276517832113,-0.4052515503085198,-0.3937532515154529,0.18188008439914483,1.303119671977215,-0.031719452430624184,-0.12256995084190328,1.0,0.4515700935562317,0.0,1.0,0.0,0.0,0.0,0.0,0.0,0.0,0.0,1.0,0.0,0.0,0.0,1
-0.10185992850471459,-1.8594810438892808,-0.15492065167617403,-0.32369592193085495,-0.3154525342725943,0.3456672833238632,-0.7621373238791451,0.1580935892843836,-0.05302544832897853,1.0,0.10468311024220853,0.0,1.0,0.0,0.0,1.0,0.0,0.0,0.0,0.0,0.0,0.0,0.0,0.0,1
0.32342770348825556,-2.2391780141379254,-0.4077150342173123,-0.4250650191153074,-0.3992285985925138,0.0,-0.7276167808909058,0.18685937708151323,1.0473211811462748,1.0,-4.054607395393297,0.0,0.8967884099060118,0.0,0.0,0.10321159009398817,0.0,0.0,0.0,0.0,0.8967884099060118,0.0,0.0,0.0,1
0.3356331110657884,-1.463758088578225,-0.2929848358964405,-0.38085659885859363,-0.34685295878947897,0.0,-1.0347241129366282,-0.003021219062859959,0.2187308256989029,1.0,0.047064228619707826,0.0,0.5260383597371276,0.0,0.47396164026287235,1.0,0.0,0.0,0.0,0.0,0.0,0.0,0.0,0.0,1
-0.7716942536440439,2.1091297116670478,-0.008413487848976609,-0.41265552651706644,-0.39644563592661086,0.3324422614789728,-0.42941916059827434,-0.2690911657640817,1.5945955424408247,1.0,0.3634498679649364,0.0,0.6675577385210272,0.0,0.3324422614789728,0.0,0.0,0.0,0.0,0.3324422614789728,0.6675577385210272,0.0,0.0,0.0,1
-1.5097352321941289,0.28276791304506477,-0.45794998145049026,-0.4014443485704855,-0.38475991005568605,0.17231987120162984,0.9410124203824544,-0.37605506347811324,0.5422216027116372,1.0,0.405893392114616,0.8276801287983702,0.0,0.17231987120162984,0.0,0.0,0.0,1.0,0.0,0.0,0.0,0.0,0.0,0.0,1
1.8369333865087363,2.0540151288183157,-0.3761233553273314,-0.3874061408964919,-0.35027553172797565,0.0,-0.39192098813443177,-0.4323050568631192,-0.5376687047856901,1.0,0.23747073820201386,0.0,0.0,1.0,0.0,0.0,0.0,0.0,0.0,0.0,1.0,0.0,0.0,0.0,1
-1.7214899927689835,2.4309316661420786,0.1930547724513815,-0.38135185816577805,-0.3596198561954812,1.0,0.5237066111510233,-0.09920694878035877,0.259432609002537,1.0,-0.0785684345554774,0.0,0.0,0.0,0.9591313837335211,1.0,0.0,0.0,0.0,0.0,0.0,0.0,0.0,0.0,1
1.961982365022485,-0.9509280475216929,0.1805581412425679,-0.4012184268078908,-0.3378367622169087,0.0,1.1030735645934393,-0.4323050568631192,-2.147868668477176,1.0,0.23128032234214513,0.0,0.16893506307216455,0.8310649369278355,0.0,0.0,0.0,0.0,0.0,0.8310649369278355,0.16893506307216455,0.0,0.0,0.0,1
-2.0774433228532425,2.2854225001094375,0.39690462872897553,-0.30346432059969464,-0.3596198561954812,0.2785903390319586,1.0176017440296425,-0.2236213525080757,0.2258606539380027,1.0,-0.0785684345554774,0.0,0.0,0.0,1.0,0.2785903390319586,0.0,0.0,0.0,0.7214096609680414,0.0,0.0,0.0,0.0,1
-2.034540525813462,-1.3345748376318802,0.2740299106587834,-0.30397539846718297,-0.41805276003703423,0.0,-1.052588777835685,-0.3456333471507207,0.8292104925432229,1.0,0.1865008295003771,0.0,0.0,0.8229895157232532,0.0,0.0,0.0,0.0,0.0,0.0,1.0,0.0,0.0,0.0,1
-0.7161398455698818,-2.5494017938923084,0.2732825323955346,-0.3006618518458322,-0.3115347809087707,0.9112974662429444,-0.0433735037979457,-0.28356865144891447,-0.34606824091577215,1.0,0.42805777821335933,0.0,1.0,0.0,0.0,1.0,0.0,0.0,0.0,0.0,0.0,0.0,0.0,0.0,1
1.4456708236430167,1.4034796390333735,0.3907376384768848,-0.3416354389480812,-0.3348721135568637,1.0,0.4205372091204082,-0.3732367070777663,1.6162577464995516,1.0,-0.014614711412731032,0.0,0.0,0.12063587110060081,0.8793641288993992,0.0,0.0,1.0,0.0,0.0,0.0,0.0,0.0,0.0,1
1.419713302406843,-3.0436079702171015,-0.08596713989216387,-0.3474173974442483,-0.4072517716753896,0.0,0.6015893263561651,-0.1682798705653327,1.5412637094691313,1.0,0.3294318046212337,0.0,0.0,0.0,0.0,0.0,0.0,0.5392212319672742,0.0,0.46077876803272577,0.0,0.0,0.0,0.0,1
1.232104847141176,-3.2662410351525555,-0.379443520313557,-0.2902238251641113,-0.29792547719333834,1.0,1.6038594951601328,-0.29759894067934933,1.3689681924818355,1.0,0.1865008295003771,0.2063337184057925,0.0,0.7936662815942075,0.0,0.0,0.0,0.2063337184057925,0.0,0.7936662815942075,0.0,0.0,0.0,0.0,1
1.7361095074445683,0.45620782408405214,0.2535506046558187,-0.3430711672402228,-0.3154525342725943,0.0,0.09098871227833617,-0.3285450671958438,-0.9192922676901326,1.0,0.3550133495704899,0.6357301389519245,0.0,0.0,0.0,0.0,0.0,0.0,0.0,0.6357301389519245,0.36426986104807546,0.0,0.0,0.0,1
0.6683261286790201,-1.2537579684097186,0.13220967476126863,-0.3830067436569123,-0.43698813541150516,0.4965827291451431,-1.2405353918856652,1.6039643593627257,0.497809394262064,1.0,0.4515700935562317,0.0,0.0,0.4965827291451431,0.5034172708548569,1.0,0.0,0.0,0.0,0.0,0.0,0.0,0.0,0.0,1
-2.6121512529666133,1.6039638433956047,0.008512371220816495,-0.3084632351782086,-0.4137684218589614,1.0,1.2790381052260498,-0.3817731921393336,0.17372670850346703,1.0,0.08556519529072437,0.0,0.0,0.3096051713706347,0.6903948286293653,0.0,0.0,1.0,0.0,0.0,0.0,0.0,0.0,0.0,1
0.8141051305452081,0.22160810379121362,-0.4290094026307901,-0.40612010508450236,-0.40031455424668927,0.0,0.8518358728246168,-0.4323050568631192,-0.8748022775262858,0.039312139841098936,0.1865008295003771,0.0,0.9606878601589011,0.0,0.0,0.0,0.0,0.9606878601589011,0.0,0.0,0.039312139841098936,0.0,0.0,0.0,1
1.8896701670282443,1.7194215215719642,0.27385256360830734,-0.3610639390773171,-0.4213759835839515,1.0,-0.7528771713380742,-0.07313826535698534,0.664053657452918,1.0,0.4515700935562317,0.0,0.0,0.20058960109095736,0.0,0.0,0.0,1.0,0.0,0.0,0.0,0.0,0.0,0.0,1
-2.59508077249937,2.677962919049637,-0.25951805950873263,-0.32252794053325806,-0.3431852129107453,1.0,-1.6438478349797234,0.17880026704924362,0.5378792774416221,1.0,0.11869590527075302,0.0,0.37209961050909224,0.0,0.0,0.6279003894909078,0.0,0.0,0.0,0.37209961050909224,0.0,0.0,0.0,0.0,1
0.9295463392355776,0.7272048564927184,0.4412441224053072,-0.42011988328732863,-0.317258073014689,0.0,0.16515435986710966,-0.3922724276525215,-1.062298318115037,1.0,0.2081726359289837,0.08175903194887191,0.0,0.0,0.0,0.0,0.0,0.0,0.0,0.0,1.0,0.0,0.0,0.0,1
0.30741829248745745,-0.14569556072363804,-0.3069660960796443,-0.36665019768660057,-0.3101199541321817,1.0,-0.25794560083806684,1.4662163686144276,2.2087217196434445,1.0,0.4515700935562317,0.0,0.0,0.12642137589322278,0.8735786241067772,0.12642137589322278,0.0,0.8735786241067772,0.0,0.0,0.0,0.0,0.0,0.0,1
-2.024231979741952,-2.0237798162218925,-0.04071264665808222,-0.42909358572560036,-0.34103104939273443,0.0,0.0533347500480986,0.5082341195235189,-1.0674066585706123,1.0,0.1865008295003771,0.0,0.0,0.0,0.9208724005318132,0.0,0.0,0.9208724005318132,0.0,0.0,0.07912759946818682,0.0,0.0,0.0,1
-0.5636419009229635,-0.2762159421311814,0.29704548570411116,-0.2974814113753748,-0.3194990091455487,0.0,-0.20391008963933294,-0.09590850317674109,-0.39179227459798127,1.0,-0.04618865481795389,0.0,0.0,1.0,0.0,0.9389220401451362,0.0,0.0,0.0,0.06107795985486375,0.0,0.0,0.0,0.0,1
0.26839909212939483,-0.44868089353673557,-0.2761038373219689,-0.33760348879279733,-0.2933688733111509,1.0,1.0934119118880834,-0.29673422192575327,-0.4292512160460634,1.0,0.1865008295003771,0.7231223518527963,0.2768776481472037,0.0,0.0,0.0,0.0,0.0,0.0,0.0,1.0,0.0,0.0,0.0,1
0.38633808145956117,-2.126362724510077,-0.3374818638629838,-0.4230636046713167,-0.3952276076547447,0.0,-0.5965230331840135,0.15728922110305438,1.0473211811462748,1.0,-4.054607395393297,0.0,0.8062012797930613,0.0,0.0,0.19379872020693867,0.0,0.0,0.0,0.0,0.8062012797930613,0.0,0.0,0.0,1
-1.7834843523943191,2.1765365782600474,0.29361370154835736,-0.39984344909174263,-0.35406050854758514,1.0,0.8043740793934916,-0.1058772746650442,0.43265538139501636,1.0,0.05488880265091589,0.0,0.0,0.0,0.7482596903836584,0.7482596903836584,0.0,0.0,0.0,0.0,0.25174030961634164,0.0,0.0,0.0,1
2.0404991154092817,1.7335840306703778,0.43683485281976436,-0.3610639390773171,-0.4357298011460763,1.0,-0.6973172722768903,-0.13599366822375936,0.8134304403572192,1.0,0.4026592427526006,0.0,0.0,0.0,0.0,0.0,0.0,0.8154789806436227,0.0,0.0,0.18452101935637732,0.0,0.0,0.0,1
1.1066196701814393,-3.251425313819559,-0.31358400068551306,-0.3132838152527489,-0.30723847174837743,0.7906506766632897,1.452378885597319,-0.4323050568631192,1.7382717038841806,1.0,0.1865008295003771,0.0,0.0,0.7906506766632897,0.0,0.0,0.0,0.0,0.0,1.0,0.0,0.0,0.0,0.0,1
-1.0040778771770347,-2.5408030271014033,0.32040100456660386,-0.2890589938650635,-0.4062476580980783,0.629527897208618,-0.11885113400487668,-0.3718388634228952,0.0027618463477397173,1.0,0.35336932591609516,0.0,0.0,0.629527897208618,0.0,0.0,0.0,0.0,0.0,1.0,0.0,0.0,0.0,0.0,1
-0.047662001306120416,1.0650915798486593,-0.031673380165743226,-0.4052515503085198,-0.4151707977468264,0.5154770148089787,-1.3405376875899462,-0.4323050568631192,-1.1517160625721798,1.0,0.4515700935562317,0.0,0.5154770148089787,0.4845229851910213,0.0,0.0,0.0,0.0,0.0,0.0,1.0,0.0,0.0,0.0,1
2.1603058438544007,-0.22701895938487615,0.1494251061751876,-0.34538775146547085,-0.3154525342725943,0.0,0.4873987269666288,-0.33139728991111317,-1.3398030039633082,1.0,0.35038116678893316,0.618254771530296,0.0,0.38174522846970405,0.0,0.0,0.0,0.0,0.0,1.0,0.0,0.0,0.0,0.0,1
-1.4258184958039555,-2.9264128195076196,0.11981872041362138,-0.3284611141109228,-0.4095769115991894,1.0,-0.3330381625692781,-0.226300935852425,0.03844256726073947,1.0,0.4515700935562317,0.6310863604302276,0.0,0.3689136395697724,0.0,0.0,0.0,0.0,0.0,1.0,0.0,0.0,0.0,0.0,1
-2.183726308635502,-2.629373220454154,-0.15877975735415215,-0.3643749418736673,-0.33588145398055813,1.0,-1.051396188103059,-0.25686145624200385,1.1534550171770483,1.0,0.16663903905591676,0.0,0.5374652838668521,0.0,0.0,0.5374652838668521,0.0,0.4625347161331479,0.0,0.0,0.0,0.0,0.0,0.0,1
0.7908476297798213,1.0853598070056811,0.22984230122237448,-0.4217660279189582,-0.33775959901325625,0.0,-0.2348494928946374,-0.4323050568631192,-0.9717563608250627,1.0,0.2534385220819776,0.0,0.0,0.25252906186624346,0.0,0.0,0.0,0.0,0.0,0.0,1.0,0.0,0.0,0.0,1
-0.5315863087504773,-0.35639891903862236,0.2875746066641575,-0.2980244084466032,-0.32031313076628914,0.0,-0.1723612872374517,-0.11785169122854408,-0.4637120859332571,1.0,-0.0785684345554774,0.0,0.0,0.9633167971094021,0.0,0.9633167971094021,0.0,0.0366832028905979,0.0,0.0,0.0,0.0,0.0,0.0,1
-1.4514600287022914,0.876570732559883,-0.03738204592693781,-0.38337311019144976,-0.3870629824392597,0.25243694434402075,1.7323141820845627,0.8702241265789452,0.5355765629624518,1.0,0.2534141045581554,0.0,0.0,0.0,0.0,0.0,0.0,0.0,0.0,0.0,1.0,0.0,0.0,0.0,1
-0.8271120281512697,-0.5206844064161447,-0.31304390188854464,-0.4367727644815258,-0.4416242094814719,1.0,-0.9066106677046294,1.014831584460432,0.6758362509260963,0.28665041411544756,0.26248304381126475,0.7133495858845524,0.0,0.28665041411544756,0.0,1.0,0.0,0.0,0.0,0.0,0.0,0.0,0.0,0.0,1
0.8754357568260329,1.031615227364103,0.43693227558813713,-0.4180842368921884,-0.3154525342725943,0.0,0.12420618813199308,-0.415201357081474,-1.006330136874405,1.0,0.1865008295003771,0.0,0.0,0.0,0.10479316231280067,0.10479316231280067,0.0,0.0,0.0,0.0,0.8952068376871993,0.0,0.0,0.0,1
-1.0255701713441816,2.2992351002411375,0.2159930762683673,-0.3831577446929184,-0.3817035171569246,0.5116774421156661,-0.10292480199376833,-0.3487921905478188,1.9356379926624399,1.0,0.1865008295003771,0.0,0.0,0.0,0.5116774421156661,0.0,0.0,0.4883225578843339,0.0,0.5116774421156661,0.0,0.0,0.0,0.0,1
0.048864774004350825,-1.6987560596781581,-0.2780059797300203,-0.41558894401522906,-0.42728920572159046,0.5321134852653157,1.2671984109080392,-0.27957389953788925,0.6453842377209859,1.0,0.32754775943385017,0.0,1.0,0.0,0.0,0.46788651473468434,0.0,0.0,0.0,0.0,0.5321134852653157,0.0,0.0,0.0,1
-2.7689159753783863,2.6575225216161185,-0.3919889268380252,-0.3342344582897677,-0.36908685764741556,1.0,-0.3896241020599147,0.004860733470968062,0.9446106747196076,1.0,-0.0785684345554774,0.0,0.0,0.0,0.10717201133977605,0.892827988660224,0.0,0.10717201133977605,0.0,0.0,0.0,0.0,0.0,0.0,1
1.2441236728988074,-1.0428309457389073,0.0643191537799267,-0.2971062441208874,-0.3991418682710257,0.0,-0.011895991173587861,-0.4323050568631192,-2.526740658380851,1.0,0.3050960963037583,0.5525876331765454,0.44741236682345464,0.0,0.0,0.0,0.0,0.5525876331765454,0.0,0.0,0.44741236682345464,0.0,0.0,0.0,1
1.0891215566470067,1.069619571359055,0.4676785947088615,-0.31975888602519265,-0.3920250389837645,0.5326172664550232,-0.26351338280849834,-0.2690911657640817,0.8910780103243062,1.0,0.06261203228719656,0.0,0.0,0.0,0.0,0.0,0.0,0.0,0.0,0.0,1.0,0.0,0.0,0.0,1
1.3055042346084367,0.04398777126223401,-0.10782077733062133,-0.3496843258113611,-0.3817035171569246,0.0,0.385390221344845,-0.30866572013904925,0.1967874520158478,0.7575294963652703,0.3230271376488113,0.7575294963652703,0.0,0.0,0.0,0.7575294963652703,0.0,0.0,0.0,0.0,0.24247050363472966,0.0,0.0,0.0,1
-2.2014320552138824,-1.8919054581052208,-0.13757463730963534,-0.43329396353203314,-0.3494279476909372,0.0,0.0533347500480986,0.4151455836051298,-0.8852054238923577,1.0,0.1865008295003771,0.0,0.0,0.0,0.730756769050619,0.0,0.0,0.730756769050619,0.0,0.0,0.26924323094938096,0.0,0.0,0.0,1
2.096509392251852,-2.351644323655948,0.18566548402794392,-0.3418832567305495,-0.4062954223206328,1.0,-0.2938805469415007,0.09739447491233191,-0.288177625509885,1.0,0.4515700935562317,0.0,0.0,0.6227158368953774,0.37728416310462265,0.0,0.0,0.0,0.0,0.6227158368953774,0.37728416310462265,0.0,0.0,0.0,1
0.4425228570321308,-0.6569126754620909,0.16570064080599756,-0.4039212028819997,-0.42365461144574446,0.9799288022222736,-0.982423139281151,2.143082319549949,0.759761258153357,1.0,0.44092957830890883,0.0,0.02007119777772637,0.9799288022222736,0.0,1.0,0.0,0.0,0.0,0.0,0.0,0.0,0.0,0.0,1
2.128321608337315,-0.5774763036299502,0.16254671265589613,-0.3846496290607422,-0.3154525342725943,0.0,0.8241656379743039,-0.37973726300635746,-1.7047478580746314,1.0,0.2718741168892339,0.3220791655831783,0.0,0.6779208344168217,0.0,0.0,0.0,0.0,0.0,1.0,0.0,0.0,0.0,0.0,1
-0.8154063806960558,2.0680107355036794,-0.11760062918648115,-0.4133302824309572,-0.3897785398259142,0.21144800699654465,-0.523161099043013,-0.2690911657640817,1.2554058882284709,1.0,0.3955217259555804,0.0,1.0,0.0,0.0,0.0,0.0,0.21144800699654465,0.0,0.0,0.7885519930034554,0.0,0.0,0.0,1
1.6775946431188993,-1.2979063093108112,0.27838081590007524,-0.40563836740819215,-0.3226848747638618,0.0,0.9872691303927128,-0.3254008225159406,-2.056773148555538,1.0,0.273310311622418,0.0,0.0,0.6725026478220854,0.32749735217791465,0.0,0.0,0.32749735217791465,0.0,0.6725026478220854,0.0,0.0,0.0,0.0,1
-2.8277537981020164,-1.3120656383270455,-0.5072348784636411,-0.4388551564976242,-0.3896378761022727,0.11976213181925122,0.0533347500480986,0.01824292935292144,-0.21766289764740954,1.0,0.21824608964346626,0.11976213181925122,0.0,0.0,0.0,0.0,0.0,0.0,0.0,0.0,1.0,0.0,0.0,0.0,1
-2.1834224063817533,-2.2300464074110056,-0.16338838298483002,-0.40767021928806385,-0.3227052095225966,1.0,-1.3583494264333291,-0.0880098061854099,0.5486822112143617,1.0,-0.04955058142700819,0.0,1.0,0.0,0.0,0.890527280739895,0.0,0.10947271926010504,0.0,0.0,0.0,0.0,0.0,0.0,1
-1.6202952075954626,2.2709570004082975,0.24599822628980555,-0.3341266710816461,-0.3285612287661533,1.0,-1.6204284300445422,-0.003765737654255641,0.16583307230918187,1.0,0.29422697874355097,0.0,1.0,0.0,0.0,0.0,0.0,0.5935924535540487,0.0,0.40640754644595134,0.0,0.0,0.0,0.0,1
1.8702583900825323,2.0991823258571856,0.4347018908020148,-0.3468842371106792,-0.41960811769194856,0.6791023191444896,-0.839953086653724,0.6797471123912302,0.8123274362724584,1.0,0.4515700935562317,0.0,0.0,0.0,0.3208976808555104,0.0,0.0,1.0,0.0,0.0,0.0,0.0,0.0,0.0,1
-2.315345967168452,2.2093894922311734,0.41341602960543644,-0.27734672628729923,-0.3782433397455476,0.2108287613926617,1.1685932156955474,-0.30350134826656855,0.19699606969062222,1.0,-0.0785684345554774,0.0,0.0,0.0,1.0,0.0,0.0,0.2108287613926617,0.0,0.7891712386073383,0.0,0.0,0.0,0.0,1
-0.9835313981673252,-2.6930414792387327,-0.021652461473070206,-0.2947825222305131,-0.32645996280261996,0.5015578010709427,0.10421377184901348,-0.35044385653925364,-0.5947467585442545,1.0,0.3194483867117246,0.0,1.0,0.0,0.0,0.5015578010709427,0.0,0.0,0.0,0.4984421989290573,0.0,0.0,0.0,0.0,1
-1.6121609842600355,-0.29348709955177016,0.5302901934577866,-0.42542495597506547,-0.4402764273500802,0.9130797119125763,0.098258769225371,0.4902318959943147,0.5472818867923533,1.0,-4.054607395393297,0.0,0.0,0.0,0.0,0.08692028808742369,0.0,0.0,0.0,0.9130797119125763,0.0,0.0,0.0,0.0,1
0.21117740985613997,0.2569108953986633,0.3876891820824043,-0.4085308491965445,-0.39192589934867383,0.4628934581814522,0.1567030663889009,1.5262616363253303,-0.8592595292046465,1.0,0.32887126525980465,1.0,0.0,0.0,0.0,0.0,0.0,0.4628934581814522,0.0,0.0,0.5371065418185478,0.0,0.0,0.0,1
0.00834126314449124,0.3742737046193146,0.28518470423748415,-0.0033193890558604333,-0.011163629844371525,1.0,-1.3511141407117033,-0.4323050568631192,-0.7743046482159772,0.4131588819791209,0.4515700935562317,0.0,0.4131588819791209,0.5868411180208791,0.0,0.0,0.0,0.0,0.0,0.0,1.0,0.0,0.0,0.0,1
1.4634398390318748,1.3776472709912038,0.5034529896134985,-0.35543972830254045,-0.37046026046436453,1.0,-0.12331707867155417,-0.3106389797026742,1.6298134365756156,1.0,0.11902465826474609,0.0,0.0,0.0,0.25456052581567,0.0,0.0,0.25456052581567,0.0,0.0,0.74543947418433,0.0,0.0,0.0,1
0.3848371444591683,1.1734256103132783,0.1812802061483045,-0.3731431446875847,-0.3786851023348947,0.5683404537703206,0.3753336796979446,-0.2690911657640817,-0.3001071412533394,1.0,-0.0785684345554774,0.0,0.0,0.0,0.5683404537703206,0.0,0.0,0.0,0.0,0.0,1.0,0.0,0.0,0.0,1
2.0474154370155873,0.09815864514705874,0.13816471852364656,-0.3004199910512026,-0.3182699744248898,0.0,0.07971027224455295,-0.22744541047036698,-0.9742222318021948,1.0,0.4515700935562317,1.0,0.0,0.0,0.0,0.0,0.0,0.0,0.0,0.8724196972044362,0.12758030279556376,0.0,0.0,0.0,1
0.35776115664345726,0.7422074316928321,0.02624942485244791,0.0852960430407668,0.08653517401312621,0.7162240942012755,-1.3938216787231332,-0.4323050568631192,-0.47718683432512876,0.28377590579872447,0.4515700935562317,0.0,0.0,1.0,0.0,0.0,0.0,0.0,0.0,0.0,1.0,0.0,0.0,0.0,1
0.4029847062021353,2.307185474458661,0.07028123146111309,-0.37907948185720375,-0.3395070932769036,0.3630822963986351,-0.040808265617868766,-0.2690911657640817,-0.8074916204613299,1.0,0.1865008295003771,0.0,0.0,0.3630822963986351,0.6369177036013649,0.6369177036013649,0.0,0.0,0.0,0.3630822963986351,0.0,0.0,0.0,0.0,1
-1.7414322812039942,0.34524729353262473,0.31756988774873707,-0.3661363720992424,-0.3609945260182143,1.0,1.5197946772766546,0.24087007421506068,0.20881582006299115,1.0,0.10914447795472104,0.0,0.0,1.0,0.0,0.0,0.0,0.0,0.0,1.0,0.0,0.0,0.0,0.0,1
1.4994018267794718,0.5633553547853838,-0.31982855266136334,-0.3641914632876306,-0.4101398763478877,1.0,-0.9355099705157759,0.36066039361125557,-0.45806658884780543,1.0,0.1865008295003771,0.0,0.0,0.0,0.4292216953310881,0.0,0.0,0.0,0.0,0.4292216953310881,0.0,0.0,0.0,0.0,1
0.6485353896995666,1.0910204485420663,0.29913711970681767,-0.43521288776646017,-0.3311803730010105,0.35609672589784624,0.3775577804520961,-0.37418512462170433,-0.8600704347778131,1.0,0.09211053243393566,0.0,0.0,0.0,0.35609672589784624,0.0,0.0,0.0,0.0,0.0,1.0,0.0,0.0,0.0,1
-0.8640726985221918,2.1761409104957585,0.4647884786675313,-0.38345567416486104,-0.3802145537878983,1.0,-0.1547957786620502,-0.2602875709040807,1.8595507159913875,1.0,0.1865008295003771,0.0,0.013484751207020307,0.0,0.9865152487929797,0.013484751207020307,0.0,0.0,0.0,0.9865152487929797,0.0,0.0,0.0,0.0,1
1.4189333845896952,1.3592425169033349,0.14167593916617705,-0.4099254869043126,-0.3241584695043806,0.0,0.03445188684221928,-0.4323050568631192,-0.7904365203878266,1.0,0.1865008295003771,0.0,0.0,0.39422518064311285,0.0,0.0,0.0,0.0,0.0,0.0,1.0,0.0,0.0,0.0,1
-1.4371386863197617,0.5319651646132288,-0.04955239868286203,-0.3157474927242243,-0.2765240483893761,1.0,0.05861613017818133,0.6410938254161448,0.6111073009040366,1.0,0.1865008295003771,0.0,0.0,0.23722679173599448,0.7627732082640055,0.0,0.0,1.0,0.0,0.0,0.0,0.0,0.0,0.0,1
1.2951332727077673,-2.8073410661591125,0.19552846662257162,-0.4030027881433693,-0.39704398926686885,0.10178247262040374,0.6209392339540376,-0.3990804300590045,-1.1965400289911776,1.0,0.2134802346116527,0.0,0.0,0.0,0.10178247262040374,0.0,0.0,0.0,0.0,0.0,1.0,0.0,0.0,0.0,1
0.4424093363086371,1.5958716686198957,-0.33014054972039053,-0.3849881096622791,-0.403787178118368,0.0,-1.2042121764656681,-0.40735632196679505,-0.7229243417662353,1.0,0.370533574500627,0.0,0.0,0.847140860815668,0.0,0.0,0.0,0.0,0.0,0.0,1.0,0.0,0.0,0.0,1
0.5018243409167343,-0.8490794650202209,0.16771002282468234,-0.3940260291740828,-0.431659558787784,0.0,-0.7465161731598622,-0.4323050568631192,-0.35988121383563454,1.0,-0.013372600503746071,0.0,0.0,0.0,0.24595772838450813,0.24595772838450813,0.0,0.7540422716154919,0.0,0.0,0.0,0.0,0.0,0.0,1
0.2757527364359515,1.9015938976310789,-0.13054447606939992,-0.4494391615397224,-0.3781550841870414,1.0,0.2563592445159106,-0.2690911657640817,-0.48068868633394796,1.0,0.14390913614298262,0.0,0.0,0.8393186267404443,0.16068137325955567,0.0,0.0,0.0,0.0,0.8393186267404443,0.16068137325955567,0.0,0.0,0.0,1
-1.4986735471801105,0.2829525277997082,-0.4573187831701115,-0.401129574744849,-0.3831867635896955,0.18656702405130576,0.9203945615443594,-0.37140439697075656,0.5344192869175628,1.0,0.40211690979386117,0.8134329759486942,0.0,0.18656702405130576,0.0,0.0,0.0,1.0,0.0,0.0,0.0,0.0,0.0,0.0,1
1.4767181473108162,1.2397605987399323,-0.3800870887149184,-0.3041829028102564,-0.36591580124266165,0.2850951686938471,-0.6253667835781302,0.6872801046649435,-0.86942004900636,1.0,0.3760001270046739,0.0,0.7149048313061529,0.0,0.0,0.0,0.0,0.0,0.0,0.7149048313061529,0.0,0.0,0.0,0.0,1
2.0670079775505896,1.74693756681128,0.43200658796368635,-0.35723345656399685,-0.4288108815504755,1.0,-0.5406344043119038,-0.16247123286881762,0.8264836708685694,1.0,0.3596580709332352,0.0,0.0,0.0,0.17337359529475482,0.0,0.0,1.0,0.0,0.0,0.0,0.0,0.0,0.0,1
-1.4674036894661286,-0.13830149498900812,0.2296874707983122,-0.39840901638518106,-0.3375361952340378,1.0,1.243742151019544,-0.12272659140772224,0.48554697488867693,1.0,-0.02383980871669311,0.0,0.0,1.0,0.0,0.0,0.0,0.10323457537357483,0.0,0.8967654246264252,0.0,0.0,0.0,0.0,1
0.43003460149665684,-0.6446747099090561,0.2875746066641575,-0.3760670695710787,-0.4373233710201045,0.0,-0.6287753283237169,-0.40611453320934493,-0.5846150641017516,1.0,-0.0785684345554774,0.0,0.0,0.08023374566164221,0.0,0.08023374566164221,0.0,0.9197662543383578,0.0,0.0,0.0,0.0,0.0,0.0,1
1.3697626353298396,0.5187109371970738,0.5312436806687965,-0.4262622561710541,-0.4048697805522947,0.0,-0.33125766678416585,0.9270088226026598,-0.3016445585351899,1.0,0.4515700935562317,0.47548861042974533,0.0,0.5245113895702547,0.0,0.0,0.0,0.0,0.0,0.0,1.0,0.0,0.0,0.0,1
-1.1191284604267298,-1.1657767480475032,-0.10948995149442987,-0.4012922001344567,-0.37774598496926487,0.5896031730103385,1.2196575130747476,-0.1058772746650442,0.661126074122341,1.0,0.3427865086552242,0.0,0.4103968269896615,0.0,0.0,1.0,0.0,0.0,0.0,0.0,0.0,0.0,0.0,0.0,1
-2.882021377915857,-1.3788294021711889,-0.49232232875782095,-0.44866051471432383,-0.38209266180678664,0.017621383091393605,0.0679066916621277,0.08322110694203122,-0.1728068841291373,1.0,0.1865008295003771,0.0,0.0,0.0,0.0,0.0,0.0,0.017621383091393605,0.0,0.0,0.9823786169086064,0.0,0.0,0.0,1
0.1893065413027375,-1.9344996570327073,-0.3007797571394372,-0.3905838418705774,-0.4184481516898966,0.0,0.8223749173655996,0.4738330690218568,-0.13885184184473115,1.0,0.1865008295003771,0.0,0.0,0.8879610978319477,0.0,0.0,0.0,0.0,0.0,0.0,1.0,0.0,0.0,0.0,1
2.134328904255414,-0.25797040557637846,0.17252809646055145,-0.2947825222305131,-0.36864274547461545,0.0,0.11557740296878127,0.22230048765213567,-0.86942004900636,1.0,0.4515700935562317,0.39785559904574164,0.0,0.6021444009542584,0.0,0.0,0.0,0.0,0.0,0.39785559904574164,0.6021444009542584,0.0,0.0,0.0,1
0.4748011563863306,-0.6587487317345435,0.3220650315669975,-0.3264985424225457,-0.3892986997676078,0.0,-0.7144245230906676,-0.4323050568631192,-0.6164989015844824,1.0,-0.06238353498819316,0.03052956672463114,0.0,0.0,0.0,0.0,0.0,0.9694704332753689,0.0,0.0,0.03052956672463114,0.0,0.0,0.0,1
1.5693006627817858,1.6586625333863925,0.4647884786675313,-0.32876216551484216,-0.2712852123497075,0.13449287410601973,0.19055987294882937,-0.3225495303234368,1.065734612357756,1.0,-0.042918507395438066,0.0,1.0,0.0,0.0,1.0,0.0,0.0,0.0,0.0,0.0,0.0,0.0,0.0,1
0.5273587033554357,-0.8624661088935984,0.16060725335973053,-0.39716840209629756,-0.42991055744534645,0.8170720709492799,-1.0748931735483376,1.9701225470840837,0.6733222900507696,1.0,0.4515700935562317,0.0,0.0,0.8170720709492799,0.18292792905072008,1.0,0.0,0.0,0.0,0.0,0.0,0.0,0.0,0.0,1
-0.6504745476689662,-1.2553324495956444,0.35915359069890485,-0.4109496052369647,-0.3489270724209542,0.7420971729550602,-1.1337670840191916,-0.06894335534834697,0.362770741806048,1.0,0.3832079809935051,0.0,0.0,0.0,1.0,1.0,0.0,0.0,0.0,0.0,0.0,0.0,0.0,0.0,1
-1.4867144301048238,0.55270534457464,-0.017222773696508112,-0.3098847507821739,-0.27505903589214875,1.0,0.08604561762068964,0.7060587034584239,0.6565198323845233,1.0,0.1865008295003771,0.0,0.0,0.17088758739006582,0.8291124126099342,0.0,0.0,1.0,0.0,0.0,0.0,0.0,0.0,0.0,1
-0.8644670725866404,-2.48271402808233,0.20735861588202872,-0.33883912471131794,-0.41136664609893264,0.331356780075569,1.014836694843645,-0.21500913634590005,0.49724533895232603,1.0,0.09866833166582839,0.0,0.331356780075569,0.0,0.0,0.0,0.0,0.0,0.0,1.0,0.0,0.0,0.0,0.0,1
-1.6578219980228002,-0.27869412624938794,0.5346220830345549,-0.42578500275611186,-0.4417159531938801,0.9293759891275858,0.08983617553367851,0.5008710112530759,0.5383573878106375,1.0,-4.054607395393297,0.0,0.0,0.0,0.0,0.07062401087241421,0.0,0.0,0.0,0.9293759891275858,0.0,0.0,0.0,0.0,1
-1.3798395215225456,-0.3242080741597624,0.5287288876545185,-0.35353928913074345,-0.3741823222498627,0.4432371069860702,-0.3495267499150904,0.27436397516602384,0.34722791646568485,1.0,-3.9070266650884857,0.5567628930139298,0.0,0.0,0.0,0.0,0.0,0.0,0.0,1.0,0.0,0.0,0.0,0.0,1
1.3303913205943665,-0.21438569031522323,-0.13968227007375666,-0.40211563170451103,-0.33121031381487614,0.5716126894698998,0.4373313066583273,-0.0825009032641455,0.362770741806048,1.0,0.3000531386334576,0.42838731053010015,0.5716126894698998,0.0,0.0,0.42838731053010015,0.0,0.0,0.0,0.0,0.5716126894698998,0.0,0.0,0.0,1
1.2284629735384898,1.1882288227598319,0.48428385703460763,-0.3363207243902669,-0.3878864805376105,0.7200209063397158,-0.30225658027053576,-0.2690911657640817,1.173309947161759,1.0,0.11228697719282042,0.0,0.0,0.0,0.0,0.0,0.0,0.0,0.0,0.0,1.0,0.0,0.0,0.0,1
-0.21425713850402428,-0.6104622023549571,0.274134414105171,-0.3627866313845993,-0.31036209435998824,1.0,0.9755897903769422,-0.18112118526418375,0.5317061800274615,1.0,0.1865008295003771,0.2305070668080631,0.0,0.0,0.7694929331919369,0.0,0.0,0.0,0.0,0.0,1.0,0.0,0.0,0.0,1
1.598207836467433,-3.2843510261184403,-0.2332337045999383,-0.4370416368729924,-0.3181525376797618,0.8129562514424766,0.5835689907290791,-0.17750675174061165,-1.5628396959637365,1.0,-0.028988885779086385,0.0,0.8129562514424766,0.0,0.18704374855752337,1.0,0.0,0.0,0.0,0.0,0.0,0.0,0.0,0.0,1
-0.9349137769347889,-3.0200103161215752,0.2737632171640476,-0.2947825222305131,-0.36740747212290414,0.6763207635957563,1.062541085462696,-0.21153516994804789,-0.3138492379810888,1.0,0.36577267657239787,0.0,1.0,0.0,0.0,0.0,0.0,0.0,0.0,1.0,0.0,0.0,0.0,0.0,1
-0.1992019712777715,-0.7769546518974588,0.09345689799631612,-0.3582540004255957,-0.34412274087272904,0.4254364386164168,1.353146214108722,-0.1509747932517134,-0.4965193181139044,1.0,0.33879996986963434,0.4254364386164168,0.5745635613835832,0.0,0.0,0.0,0.0,0.0,0.0,0.0,1.0,0.0,0.0,0.0,1
-1.4510459584003268,-3.0985762947034625,-0.06044698014069011,-0.3284276573358615,-0.2821589778077735,0.0,1.5450952887077793,-0.35194023083142756,-0.5281867669506446,1.0,0.3170181840512295,0.0,1.0,0.0,0.0,0.507610378684455,0.0,0.492389621315545,0.0,0.0,0.0,0.0,0.0,0.0,1
0.40952115088831575,-2.5355356645659692,0.3714842971084048,-0.3550373939836419,-0.32615912296141203,0.0,0.8051088230614031,1.0069660242166174,-0.3010615701930807,1.0,-4.054607395393297,0.0,0.7575902675849198,0.0,0.0,0.24240973241508024,0.0,0.0,0.0,0.0,0.7575902675849198,0.0,0.0,0.0,1
0.21299458740390664,1.4192084335276265,0.04793492576511692,-0.42914170167331567,-0.36469189120233975,0.8851631752607965,0.6700785613887773,-0.2690911657640817,-0.516988274442611,1.0,-0.0785684345554774,0.0,0.0,0.0,0.8851631752607965,0.0,0.0,0.0,0.0,0.0,1.0,0.0,0.0,0.0,1
0.7422345378547186,1.8457942816310968,0.4647884786675313,-0.3708400099368971,-0.2712852123497075,0.6106200424416326,-0.0555224458260008,0.06600330868667204,1.1309212248109484,1.0,0.08328817071228078,0.0,1.0,0.0,0.0,1.0,0.0,0.0,0.0,0.0,0.0,0.0,0.0,0.0,1
-0.8749829228183716,1.9910556354509055,-0.21849234038687307,-0.4209684085861074,-0.4165352166801113,0.28863055324025577,-0.4176988763319174,-0.31619968144849175,1.6951500511835667,1.0,0.4515700935562317,0.0,0.7113694467597442,0.0,0.28863055324025577,0.28863055324025577,0.0,0.0,0.0,0.0,0.7113694467597442,0.0,0.0,0.0,1
1.7448246936835718,1.244985953032463,-0.2713389835907644,-0.30044484062030863,-0.39661102876233745,0.4187617785773877,-0.4034252153145349,0.7367105932788426,-0.4680910657006964,1.0,0.3405692170940028,0.0,0.5812382214226123,0.0,0.4187617785773877,0.0,0.0,0.0,0.0,1.0,0.0,0.0,0.0,0.0,1
-0.15127350073315937,-0.532202224651721,-0.17553021767168753,-0.30842436153277164,-0.2967777671803542,1.0,1.2299296902029702,-0.38191677806208846,-0.47890420619742147,1.0,0.1865008295003771,0.8456372847257977,0.0,0.0,0.1543627152742023,0.0,0.0,0.0,0.0,0.0,1.0,0.0,0.0,0.0,1
1.5210573885570051,-0.675574176243584,0.18747402421527257,-0.31770970169321383,-0.3694121998869862,0.0,0.21033674047692855,0.2929228609965291,-1.2956429744839322,1.0,0.4515700935562317,0.5188598981451825,0.0,0.4811401018548175,0.0,0.0,0.0,0.0,0.0,0.0,1.0,0.0,0.0,0.0,1
0.21606312057847432,-1.8928680177930621,-0.2883704773468074,-0.3949246720886366,-0.4376323635399281,0.5325894325515859,0.8802812807745168,0.025422327861269522,0.3255484523914769,1.0,0.32767391843075117,0.0,0.5325894325515859,0.46741056744841414,0.0,0.0,0.0,0.0,0.0,0.0,1.0,0.0,0.0,0.0,1
-1.913693044258415,-2.1209878979531,-0.016469672178445367,-0.42047548103091514,-0.3375361952340378,0.0,0.06940548529257812,0.49622836315929036,-1.129049894782468,1.0,0.1865008295003771,0.0,0.05182353682242691,0.0,0.9481764631775731,0.0,0.0,0.9481764631775731,0.0,0.05182353682242691,0.0,0.0,0.0,0.0,1
0.49678449984928313,1.4086108066500282,-0.16732961199195379,-0.36063033335774214,-0.403787178118368,0.0,-0.976291068602934,-0.37736656285850656,-0.5468283998763326,1.0,0.27312319695840237,0.0,0.0,0.6633957218060794,0.0,0.0,0.0,0.0,0.0,0.0,1.0,0.0,0.0,0.0,1
-0.27561218913422253,0.778250423542067,0.42774915382058565,-0.34490959695006285,-0.36983004454187557,0.0,-0.9942426322065988,0.01345993154593303,0.45256366523743985,1.0,0.4515700935562317,0.0,0.0,0.8655853230610258,0.13441467693897424,0.0,0.0,0.0,0.0,1.0,0.0,0.0,0.0,0.0,1
0.19970559079296465,1.4672263058486903,0.02908323991081907,-0.4480389672612026,-0.356820753472757,0.9366250295272323,0.7376071804582063,-0.27943484129322876,-0.6216298915984536,1.0,-0.06176967777269935,0.0,0.0,0.0,0.9366250295272323,0.0,0.0,0.0,0.0,0.0,1.0,0.0,0.0,0.0,1
-0.7286371466841823,-2.4979366433643824,0.26831405006354747,-0.2947825222305131,-0.31611767874469066,1.0,-0.13783497451894178,-0.26745253622671455,-0.319030606602844,1.0,0.4515700935562317,0.0,1.0,0.0,0.0,0.9899602323899452,0.0,0.0,0.0,0.010039767610054762,0.0,0.0,0.0,0.0,1
-0.666813656942164,-0.13878897802977375,0.05907231457157369,-0.32327061499176596,-0.30833378125055483,0.32235384497472297,-0.186723056854527,-0.1058772746650442,-0.2821558124418576,1.0,0.006877661897547432,0.0,0.0,1.0,0.0,0.677646155025277,0.0,0.32235384497472297,0.0,0.0,0.0,0.0,0.0,0.0,1
-0.7527160211690308,-1.0987430919424392,0.4817980327333328,-0.4052515503085198,-0.35433086834544897,1.0,-1.147779129190792,0.46074132579652827,0.4408610607780563,1.0,0.4515700935562317,0.0,0.0,0.19012555414536514,0.8098744458546349,1.0,0.0,0.0,0.0,0.0,0.0,0.0,0.0,0.0,1
-0.22109831852847717,-1.0624605713405157,0.212600313215261,-0.4108775314366998,-0.3873269150437275,0.0,1.4760881897430773,0.015775724337992597,-0.11260245102327765,1.0,0.38407268259929983,0.0,1.0,0.0,0.0,0.25464065476376385,0.0,0.0,0.0,0.0,0.7453593452362361,0.0,0.0,0.0,1
-1.81195361237492,2.1123688574579083,0.3128378753658936,-0.4042681955257665,-0.35258627029593176,1.0,0.8664790780176813,-0.1058772746650442,0.48749359565433326,1.0,0.09027924349231492,0.0,0.0,0.0,0.6815027222239293,0.6815027222239293,0.0,0.0,0.0,0.0,0.31849727777607073,0.0,0.0,0.0,1
1.5686740261853442,-3.716774581593916,0.07149482262001827,-0.3990501818598204,-0.3941005591786362,0.23977214011031345,-0.008921774687967732,0.10314807563938705,-1.1704662607284666,1.0,0.12294460478023908,0.0,0.23977214011031345,0.0,0.7602278598896866,1.0,0.0,0.0,0.0,0.0,0.0,0.0,0.0,0.0,1
-0.14778921492561725,-1.3190941837750894,0.1047847626313188,-0.41841147686063107,-0.3638439632402073,0.4043612593921557,-1.0639446985135512,-0.2343129331978164,0.362770741806048,1.0,0.2936845709401543,0.0,0.0,0.0,1.0,1.0,0.0,0.0,0.0,0.0,0.0,0.0,0.0,0.0,1
0.4592799334520673,2.539593860598474,-0.11708092952712862,-0.31562034751605983,-0.36213066345664235,0.5284238114498416,-1.355092036120619,-0.2690911657640817,-1.2957163387030661,1.0,0.3265697403109763,0.0,0.0,0.5284238114498416,0.47157618855015837,0.47157618855015837,0.0,0.5284238114498416,0.0,0.0,0.0,0.0,0.0,0.0,1
-0.6631374630388622,2.025173824424581,0.3996447605688267,-0.3792622052807597,-0.31025132987980014,1.0,-0.31756721341945043,-0.0002185333170404702,0.7816067083918867,1.0,0.1865008295003771,0.0,1.0,0.0,0.0,0.41184091414726853,0.0,0.5881590858527315,0.0,0.0,0.0,0.0,0.0,0.0,1
-1.8154383186799516,-0.71681601591708,0.29839977507937887,0.08696073211380312,0.03426907909303445,0.6511317334570047,-1.2231469713788123,-0.4323050568631192,2.562811729447885,0.3488682665429953,0.3590958388912382,0.6511317334570047,0.0,0.3488682665429953,0.0,0.0,0.0,0.0,0.0,0.0,1.0,0.0,0.0,0.0,1
1.1389860787749124,0.4259769081998762,-0.38879580755061066,-0.3831577446929184,-0.3754784992125494,0.9295291442478258,-1.2758844549619353,0.18604503980385656,-0.8597718779531935,1.0,0.2051804873719922,0.0,0.0,0.0,0.07047085575217416,0.0,0.0,0.0,0.0,0.07047085575217416,0.0,0.0,0.0,0.0,1
0.43439855929540244,2.407636757475125,0.13893448948614853,-0.35768144285868253,-0.3266741649881872,0.16938059221227086,-0.10087612272013458,-0.2690911657640817,-0.9135704898227108,1.0,0.1865008295003771,0.0,0.0,0.16938059221227086,0.8306194077877291,0.8306194077877291,0.0,0.0,0.0,0.16938059221227086,0.0,0.0,0.0,0.0,1
1.5445409695173304,-3.862171704040733,0.20129181437873578,-0.38393043333042953,-0.4250985052321964,0.0,-0.22423421471955662,0.19771813155753964,-1.0159064743417345,1.0,0.1865008295003771,0.0,0.0,0.0,0.9650269106665126,0.9650269106665126,0.0,0.0,0.0,0.0,0.03497308933348742,0.0,0.0,0.0,1
-0.473819420253926,-0.4783996353883931,0.19395903958830374,-0.3057673170075074,-0.31819747201449783,0.0,-0.2690374350913406,-0.14645134166080903,-0.441672241613064,1.0,-0.0785684345554774,0.0,0.12429722348554473,0.8757027765144553,0.0,1.0,0.0,0.0,0.0,0.0,0.0,0.0,0.0,0.0,1
1.9813030678467574,-3.1354369902030177,-0.23898118614541974,-0.3168763278461144,-0.4241807743160549,0.0,0.3912594750312539,0.3648197825872429,0.6156354323340858,1.0,0.4515700935562317,0.26913252479635574,0.0,0.0,0.0,0.0,0.0,1.0,0.0,0.0,0.0,0.0,0.0,0.0,1
0.4370529089905434,-0.6042980978296769,0.1426692916848516,-0.40252696238583424,-0.4177008284002013,1.0,-0.9293592680419056,2.128798730893343,0.8748027671046072,1.0,0.4515700935562317,0.0,0.0,0.9383404568210378,0.06165954317896216,0.9383404568210378,0.0,0.06165954317896216,0.0,0.0,0.0,0.0,0.0,0.0,1
-2.4536444041742196,2.171782616493562,0.2211194046628923,-0.3107990347704471,-0.4319453416884337,1.0,0.9933491288819938,-0.3731455490137058,0.1137632010832932,1.0,-0.0785684345554774,0.0,0.0,0.0,1.0,0.18123306616566015,0.0,0.8187669338343398,0.0,0.0,0.0,0.0,0.0,0.0,1
-0.8186594387435773,-3.067432609658141,0.4959481172267569,-0.2947825222305131,-0.3787665551094658,0.9335037326332225,1.3283867904720117,-0.1275835037460316,-0.10258358064658316,1.0,0.43394397690285863,0.0,1.0,0.0,0.0,0.0,0.0,0.0,0.0,1.0,0.0,0.0,0.0,0.0,1
1.1150306667413237,1.4567789780021496,-0.12127953634798866,-0.3610639390773171,-0.34975455713857595,1.0,-0.697003386955804,0.015083910279431303,0.7380578107572636,1.0,0.4515700935562317,0.0,0.0,0.741120649290059,0.0,0.0,0.0,1.0,0.0,0.0,0.0,0.0,0.0,0.0,1
-0.917029266637986,-2.5688339737551145,0.15937989930792287,-0.34508085281095946,-0.4009685425486882,0.4255268868200881,1.1705839809846779,-0.19963926679891536,0.6132808772527438,1.0,0.07370673077499745,0.0,0.4255268868200881,0.0,0.0,0.0,0.0,0.0,0.0,1.0,0.0,0.0,0.0,0.0,1
-0.7203556917773186,-2.4426313953126275,0.28294170698259613,-0.29827712649079774,-0.3364105322801569,0.8418287767582721,-0.05530252439313044,-0.2690911657640817,-0.2568139893175151,1.0,0.40964376381673256,0.0,0.8418287767582721,0.0,0.0,0.8418287767582721,0.0,0.0,0.0,0.15817122324172794,0.0,0.0,0.0,0.0,1
-2.57077095739994,2.133502583631857,0.25517761024684793,-0.2916944185109012,-0.4356077569324942,0.8602276233737105,1.1014659486989333,-0.4094922634057823,0.10808681443538821,1.0,-0.0785684345554774,0.0,0.0,0.0,1.0,0.0,0.0,0.8602276233737105,0.0,0.1397723766262895,0.0,0.0,0.0,0.0,1
0.8292656945776744,1.1950383458526317,0.4103662700810792,-0.40925205906441264,-0.3154525342725943,0.0,0.09321444656999184,-0.3988898381966061,-1.006330136874405,1.0,0.1865008295003771,0.0,0.0,0.0,0.2047326881401098,0.2047326881401098,0.0,0.0,0.0,0.0,0.7952673118598902,0.0,0.0,0.0,1
0.9642720135212548,0.09035083186563737,-0.36786438402250726,-0.3612437075413633,-0.3286308564810401,0.20162732004774453,1.3129142894045396,-0.3335799184925292,1.8930445744979902,0.20162732004774453,0.1865008295003771,0.0,1.0,0.0,0.0,0.0,0.0,0.0,0.0,0.0,1.0,0.0,0.0,0.0,1
-0.7533020585164459,-1.7603732905117915,0.3761815426658444,-0.3682955042563428,-0.36323397855205275,0.0,1.397122862478528,-0.35217228715333904,-1.1233072659853962,1.0,0.2298809898341564,0.0,0.1636559428657045,0.8363440571342955,0.0,0.8363440571342955,0.0,0.0,0.0,0.0,0.1636559428657045,0.0,0.0,0.0,1
0.7310050763218765,0.7535041155502936,0.42776255518895656,-0.2980935128763648,-0.3892768173620919,0.0,-0.10246224573999035,-0.2959016258188873,-0.09096659255761717,1.0,-0.0350266203883614,0.0,0.0,0.0,0.0,0.0,0.0,0.0,0.0,0.0,1.0,0.0,0.0,0.0,1
-0.9036967921734129,1.2951756103071168,-0.38431345807984385,-0.3610639390773171,-0.3678095942196631,0.0,1.473791258385345,-0.12966524267148172,-0.3063702373257538,0.1854252797686179,0.1865008295003771,0.0,0.0,0.8145747202313821,0.0,0.0,0.0,0.0,0.0,0.0,1.0,0.0,0.0,0.0,1
-2.51099757941065,1.0537971186001291,0.06488543871437258,-0.30957665728151557,-0.38160616491708577,1.0,1.9822690784527244,0.4908948214025623,-0.09259030786943351,1.0,0.4515700935562317,0.0,0.0,1.0,0.0,0.0,0.0,0.33480277930379987,0.0,0.6651972206962001,0.0,0.0,0.0,0.0,1
-0.25580716609882814,-1.3053929447679211,0.15944400542291176,-0.4168080561276106,-0.360638594236547,0.4769345752308807,-1.0789482614525878,-0.1987780133938233,0.362770741806048,1.0,0.31292152635961823,0.0,0.0,0.0,1.0,1.0,0.0,0.0,0.0,0.0,0.0,0.0,0.0,0.0,1
0.9488569745326099,0.276312872985632,0.3614551520054284,-0.39563363206341395,-0.32337682502660836,0.0,0.1937947693845023,-0.25660669818687454,-1.251967702429815,1.0,0.2816157618477999,0.3588304841235025,0.0,0.0,0.0,0.0,0.0,0.0,0.0,0.0,1.0,0.0,0.0,0.0,1
-0.7909762436140436,-2.5415575445547227,0.19469712782584025,-0.2947825222305131,-0.3181643958955262,0.8772005408131083,-0.08993401591495559,-0.28913374332283176,-0.38902963652388184,1.0,0.4190197312831053,0.0,1.0,0.0,0.0,0.8772005408131083,0.0,0.0,0.0,0.12279945918689172,0.0,0.0,0.0,0.0,1
-2.468868123436332,-0.9429355826888024,-0.20954921521002218,-0.3437227272409381,-0.4479545000412548,1.0,0.580697820184119,-0.3331436587893098,0.07860715600395113,1.0,0.4515700935562317,0.6075548925773646,0.0,0.0,0.3924451074226354,0.0,0.0,0.0,0.0,0.0,1.0,0.0,0.0,0.0,1
-0.5753511000826577,2.060664323219945,-0.11406251551064012,-0.4232933395900138,-0.37948624332527775,0.1834005605284229,-0.5100017265233676,-0.1493570893097279,1.4078326710364206,1.0,0.4029562419495314,0.0,1.0,0.0,0.0,0.1834005605284229,0.0,0.0,0.0,0.0,0.8165994394715771,0.0,0.0,0.0,1
1.2475046002705266,0.7413663656687131,0.5020608816139555,-0.41495371161749506,-0.3773823068938156,0.0,-0.36507805536993904,0.02539981290624116,-0.3920254252762398,1.0,0.3351689265202889,0.0,0.0,0.5608650914297816,0.0,0.0,0.0,0.0,0.0,0.0,1.0,0.0,0.0,0.0,1
0.735780206112268,-0.43259682158614965,0.11477878359240734,-0.3393138122276931,-0.33464691725330803,0.3769444294249076,0.4413679211178996,-0.24773735569948221,0.192165555977826,1.0,0.1865008295003771,0.0,1.0,0.0,0.0,0.0,0.0,0.0,0.0,0.6230555705750924,0.3769444294249076,0.0,0.0,0.0,1
-2.2492798901746487,2.4901493914240858,0.04819837253615489,-0.2726887166149118,-0.40708384595949126,0.0,0.9126768003408646,-0.0936949198700171,-0.656914039149011,1.0,0.06385863921941402,0.0,0.0,0.0,1.0,0.5373202143303936,0.0,0.0,0.0,0.46267978566960644,0.0,0.0,0.0,0.0,1
0.08276588672818719,-3.0410106178885394,-0.3657489348384328,-0.43612199320247097,-0.38624196337276706,0.3013778741641421,0.5192043162440931,-0.20425538573201563,0.39090733887119233,1.0,0.2663868408077842,0.0,0.3013778741641421,0.0,0.0,0.0,0.0,0.0,0.0,0.0,1.0,0.0,0.0,0.0,1
-0.31570539585125157,-2.425788266790552,0.3258635337950091,-0.33360513572687556,-0.4256596645291099,0.0,0.5711647891368774,-0.3102848209024136,0.6418277170641955,1.0,0.1865008295003771,0.0,0.0,0.0,0.0,0.0,0.0,0.0,0.0,1.0,0.0,0.0,0.0,0.0,1
1.4889953085954049,1.3892964063651894,0.49807634102586984,-0.35007714003941826,-0.3597400085404515,1.0,0.10248808892565187,-0.3502541058612997,1.6630441277058823,1.0,0.054687289272208145,0.0,0.0,0.0,0.49727960990752085,0.0,0.0,0.49727960990752085,0.0,0.0,0.5027203900924792,0.0,0.0,0.0,1
-1.8966407087270973,2.3485370200737505,0.2211194046628923,-0.3626358961007237,-0.3801322819177425,1.0,0.6901935084035424,-0.18167794974005747,0.19406839344137633,1.0,-0.0785684345554774,0.0,0.0,0.0,1.0,0.7677873048531827,0.0,0.2322126951468173,0.0,0.0,0.0,0.0,0.0,0.0,1
2.1190624435638794,1.9801298888469612,-0.3965275924228783,-0.3014388618013196,-0.4082227002697934,0.10042542672543153,-0.6806242716159319,-0.25270034110294276,0.5134300836712582,1.0,0.2131205234549824,0.8995745732745685,0.0,0.0,0.0,0.8995745732745685,0.0,0.10042542672543153,0.0,0.0,0.0,0.0,0.0,0.0,1
-1.7207271763519678,-1.8837517065960263,0.08936757016739691,-0.4052515503085198,-0.3239302578514747,1.0,-1.2507711731709679,-0.04322089466596045,0.6158252628602513,1.0,0.12494709249832314,0.0,0.6161087786267886,0.0,0.3838912213732114,1.0,0.0,0.0,0.0,0.0,0.0,0.0,0.0,0.0,1
-0.9620046536796948,-2.6761063005181795,0.00253438691146729,-0.2947825222305131,-0.3255325581345739,0.5435528611139886,0.08250897859261075,-0.3435896793826904,-0.5717485691021855,1.0,0.3305799863713162,0.0,1.0,0.0,0.0,0.5435528611139886,0.0,0.0,0.0,0.4564471388860114,0.0,0.0,0.0,0.0,1
-2.0442133688687187,-2.2028636574993237,-0.1293221740809537,-0.4052515503085198,-0.31751797246449276,1.0,-1.2807855419618268,-0.09061222396928889,0.7350862708923142,1.0,-0.028985697124827015,0.0,0.9064721109645469,0.0,0.09352788903545306,1.0,0.0,0.0,0.0,0.0,0.0,0.0,0.0,0.0,1
-0.3684404686584767,-2.128780554263745,0.02403325376635551,-0.3113865475825232,-0.3154525342725943,0.6242379959139921,-0.5029788539984527,-0.023772850507882637,-0.1674428705435142,1.0,0.2523641777897694,0.0,1.0,0.0,0.0,1.0,0.0,0.0,0.0,0.0,0.0,0.0,0.0,0.0,1
1.2495256696188781,-0.16326191045744587,-0.16638218025769935,-0.42877738083368044,-0.30627655680145355,0.8831019592916359,0.4855914561911749,0.01917784826226155,0.3307616997560791,1.0,0.15551475188023972,0.0,0.8831019592916359,0.0,0.0,0.0,0.0,0.0,0.0,0.0,1.0,0.0,0.0,0.0,1
0.556358095598999,-0.6066529926755024,0.24359145449236724,-0.3831577446929184,-0.44396831909258466,0.06016787638652488,-0.7075601768167769,-0.39302412396627673,-0.6120750517560951,1.0,-0.06261977984189762,0.0,0.0,0.0,0.0,0.0,0.0,0.9398321236134751,0.0,0.0,0.0,0.0,0.0,0.0,1
-1.8017672296999199,0.04107451740150514,0.021084414404441698,-0.3805755125854382,-0.3375361952340378,1.0,1.3828021885031578,-0.16664049194809447,0.4487103065075355,1.0,0.11879787021708366,0.0,0.0,1.0,0.0,0.0,0.0,0.37229194692858214,0.0,0.6277080530714179,0.0,0.0,0.0,0.0,1
-0.9317524064855793,-1.6371282608540665,0.4569517934845086,-0.36825485255948404,-0.3301402531858668,1.0,-0.8408987508396837,-0.051985880604202575,0.13351095615503106,1.0,0.4515700935562317,0.0,0.3349056146570861,0.0,0.6650943853429139,1.0,0.0,0.0,0.0,0.0,0.0,0.0,0.0,0.0,1
2.121926157355658,2.016130838852385,-0.4692253759066424,-0.30709072263494025,-0.3945602664160807,0.0,-0.5982618660149762,-0.29182230266490106,0.36620656773272936,1.0,0.1865008295003771,0.8607279273366127,0.0,0.13927207266338726,0.0,0.8607279273366127,0.0,0.0,0.0,0.0,0.13927207266338726,0.0,0.0,0.0,1
-1.4331668053511057,-0.38173761029271536,0.2458485516115766,-0.40070078287854743,-0.34208487312079006,1.0,1.126512421615689,-0.1058772746650442,0.556080888545309,1.0,0.030626748432855788,0.0,0.0,0.794025189270296,0.0,0.20597481072970403,0.0,0.0,0.0,0.794025189270296,0.0,0.0,0.0,0.0,1
1.9692441872522584,0.883568600821758,-0.2564526403464955,-0.3305760947831292,-0.3892232089046229,0.6200727559285135,-0.3456895130009009,0.9190347127677517,0.6091092897628727,1.0,0.1865008295003771,0.0,0.0,0.0,1.0,0.0,0.0,0.3799272440714865,0.0,0.6200727559285135,0.0,0.0,0.0,0.0,1
-0.34328309423452985,-0.9418738687442877,0.3777064362156266,-0.4052515503085198,-0.3787477435145055,1.0,-1.0906343631817605,1.04722981329332,0.5543923904801993,1.0,0.4515700935562317,0.0,0.0,0.4665389080236785,0.5334610919763215,1.0,0.0,0.0,0.0,0.0,0.0,0.0,0.0,0.0,1
0.2774707920210805,0.46176525102755855,-0.05609838548283344,-0.34131445010616146,-0.36430633663827555,1.0,1.1731049506834919,1.8180530097339629,-0.027266840153600258,1.0,-0.050442619633927044,1.0,0.0,0.0,0.0,0.0,0.0,0.10610741694904235,0.0,0.0,0.8938925830509576,0.0,0.0,0.0,1
0.26537133016538555,1.3442950713937742,0.08857789319280424,-0.4120736245653125,-0.3689569512227234,0.7885972112245307,0.58024181132448,-0.2690911657640817,-0.45088400133627277,1.0,-0.0785684345554774,0.0,0.0,0.0,0.7885972112245307,0.0,0.0,0.0,0.0,0.0,1.0,0.0,0.0,0.0,1
1.975423679848103,-0.9517103312706718,0.18017579825243468,-0.4038878287570253,-0.335549753994909,0.0,1.1119943450510827,-0.4323050568631192,-2.1431424820419407,1.0,0.2267051782468977,0.0,0.15167487973275118,0.8483251202672488,0.0,0.0,0.0,0.0,0.0,0.8483251202672488,0.15167487973275118,0.0,0.0,0.0,1
2.0924136134148372,-0.8395988391365464,0.18372112098991725,-0.38602259529231225,-0.34298839211018217,0.0,0.8681643766539312,-0.1270408271050229,-1.7175097785880926,1.0,0.2691287686009123,0.0,0.0,1.0,0.0,0.0,0.0,0.0,0.0,0.6882779322044518,0.31172206779554823,0.0,0.0,0.0,1
2.1292560165717114,2.0300716471991955,-0.45470929138762106,-0.31674280524110826,-0.38732452836957787,0.0,-0.5418139442795397,-0.3096480451690534,0.2615361399103188,1.0,0.1865008295003771,0.7515108601855343,0.0,0.24848913981446574,0.0,0.7515108601855343,0.0,0.0,0.0,0.0,0.24848913981446574,0.0,0.0,0.0,1
0.7648265697833566,-1.5999759711317805,0.31593477474791687,-0.38827994779135977,-0.3483106496699899,0.0,0.6495798536408584,0.27024642261088694,0.5915888185696986,1.0,-4.054607395393297,0.0,0.25605370742732303,0.0,0.0,0.743946292572677,0.0,0.0,0.0,0.0,0.25605370742732303,0.0,0.0,0.0,1
0.9584843166833733,-3.2168882588140906,-0.12081302581392883,-0.4494391615397224,-0.3809629982370079,0.9664675652642206,0.3634396990705054,0.051863657282742025,-0.17109682390781816,1.0,0.1865008295003771,0.0,0.0,0.0,0.9664675652642206,0.0,0.0,0.9664675652642206,0.0,0.0,0.03353243473577938,0.0,0.0,0.0,1
2.055006875503076,-2.286598116948605,-0.002062552520338601,-0.3546494236057639,-0.38502824711064493,1.0,-0.1545153874207464,0.03452268160292701,-0.34091690332778257,1.0,0.4515700935562317,0.0,0.0,0.4301103151286835,0.5698896848713165,0.0,0.0,0.0,0.0,0.4301103151286835,0.5698896848713165,0.0,0.0,0.0,1
2.1637499332392105,2.0956763289834393,-0.38639739139356943,-0.36216497820123983,-0.3532735407793526,0.0,-0.276173111215337,-0.39353501466607804,-0.2310371699494928,1.0,0.1865008295003771,0.23754131425930947,0.0,0.7624586857406905,0.0,0.23754131425930947,0.0,0.0,0.0,0.0,0.7624586857406905,0.0,0.0,0.0,1
-1.1176152707314437,2.047430921077386,0.28032372814296547,-0.36923208727696205,-0.3457005929236964,0.8767656367617495,-0.38561557260164814,-0.2690911657640817,0.6177850221692739,1.0,0.21916647147033202,0.0,1.0,0.0,0.0,0.0,0.0,0.8767656367617495,0.0,0.0,0.12323436323825054,0.0,0.0,0.0,1
1.6776242229628908,1.523575683206614,0.47994388647543906,-0.3319921031676629,-0.3090572991484064,0.34208174871590746,0.04790889623561856,-0.37647256358123277,1.2346589502452727,1.0,0.01210692282358794,0.0,0.6579182512840925,0.0,0.0,0.6579182512840925,0.0,0.0,0.0,0.0,0.34208174871590746,0.0,0.0,0.0,1
2.1555559962146256,0.3249154028501469,0.08103948032269348,-0.3026807349620835,-0.33913629277034135,0.17874269532798714,-0.03904690732325644,-0.12322471171402904,-0.6981183021444782,1.0,0.40419089885028225,0.8212573046720129,0.0,0.0,0.17874269532798714,0.0,0.0,0.0,0.0,1.0,0.0,0.0,0.0,0.0,1
-2.831930930523839,-1.3176270207470588,-0.5074371325419883,-0.43966205717490364,-0.38903297846840773,0.11063173695520723,0.0533347500480986,0.02122334389898401,-0.2151628113211971,1.0,0.2158259025963148,0.11063173695520723,0.0,0.0,0.0,0.0,0.0,0.0,0.0,0.0,1.0,0.0,0.0,0.0,1
-0.8067378522574973,-2.553957267116287,0.17698782492708165,-0.2947825222305131,-0.3188434298033358,0.8464522917345182,-0.0740420422265482,-0.29415228469943083,-0.4058686184564351,1.0,0.4108693155288373,0.0,1.0,0.0,0.0,0.8464522917345182,0.0,0.0,0.0,0.1535477082654818,0.0,0.0,0.0,0.0,1
-2.439282756001824,-0.8301675059435634,-0.39736504539707784,-0.3554305196298054,-0.4479545000412548,1.0,0.22465249895947362,-0.28989908641429585,-0.28414494578171123,1.0,0.4515700935562317,0.8725113376680176,0.0,0.0,0.12748866233198242,0.0,0.0,0.0,0.0,0.0,1.0,0.0,0.0,0.0,1
1.0313995316076427,2.1540552465414162,0.15676739528907835,-0.33443150418849377,-0.34207274053743,0.39728729056036727,-0.8571476583734514,1.4345318277487973,1.0210533554358876,1.0,0.4515700935562317,0.0,0.0,0.39728729056036727,0.6027127094396327,0.0,0.0,1.0,0.0,0.0,0.0,0.0,0.0,0.0,1
-0.7145796279242047,-2.1259296318505974,0.3761815426658444,-0.32583336141781066,-0.43004865837150386,0.0,0.6553871461959191,-0.30217537785900783,-0.1885725267538556,1.0,0.1865008295003771,0.0,0.0,0.20270463422044638,0.0,0.20270463422044638,0.0,0.0,0.0,0.7972953657795536,0.0,0.0,0.0,0.0,1
1.6878379300533788,1.6585338828235971,-0.3548256793480726,-0.289249949106086,-0.3563091305576991,0.0,-0.3291450912047359,0.6776572186399756,-0.8078444245525442,1.0,0.4118315914197452,0.0,0.8500825726512262,0.14991742734877378,0.0,0.0,0.0,0.0,0.0,0.8500825726512262,0.14991742734877378,0.0,0.0,0.0,1
-2.2148617235140677,0.9952512329243106,0.3267997587385819,-0.32010770104739,-0.38859904785660143,1.0,1.9074251001683424,0.6489039983943642,-0.13345872554314106,1.0,0.33003509632004346,0.0,0.0,1.0,0.0,0.0,0.0,0.0,0.0,1.0,0.0,0.0,0.0,0.0,1
1.664511201339017,0.3079957898715553,0.4389548723049397,-0.37456906148773916,-0.4197371589672922,0.0,-0.5152192213196016,0.4290966376873996,-0.1772344107950471,1.0,0.4515700935562317,0.0,0.0,1.0,0.0,0.0,0.0,0.0,0.0,0.0,1.0,0.0,0.0,0.0,1
-0.700951175021843,-2.174856486845093,0.400988247354917,-0.33543270286917903,-0.4479545000412548,0.27996346345392564,0.6115047746821678,-0.040621534584689756,0.2422698555952345,1.0,0.2607105387206373,0.0,0.0,0.0,0.27996346345392564,0.0,0.0,0.27996346345392564,0.0,0.7200365365460744,0.0,0.0,0.0,0.0,1
-1.0364710815268217,0.018402778600107805,-0.45307769007632404,-0.40694298802411033,-0.34884229138515854,1.0,-0.479333988995658,0.12840149000251944,0.2854726025232775,0.6411476328852973,0.1865008295003771,0.3588523671147027,0.0,0.6411476328852973,0.0,0.3588523671147027,0.0,0.6411476328852973,0.0,0.0,0.0,0.0,0.0,0.0,1
-0.39324004574594373,-1.7087466063346097,-0.16909616886733825,-0.4273453559241211,-0.41730465569658987,0.3060515555329,-0.5922557909388471,0.32045423804390616,0.8797149997056297,1.0,-4.054607395393297,0.0,0.6939484444671,0.0,0.0,0.0,0.0,0.0,0.0,0.3060515555329,0.6939484444671,0.0,0.0,0.0,1
1.7862431828590581,-3.759339320153356,0.06672250811227873,-0.34718519963044675,-0.3899148112726822,0.0,0.13593338464657279,0.7520315166929524,-0.5605034295132729,1.0,0.33036039828364777,0.5427244433475962,0.0,0.0,0.4572755566524038,0.4572755566524038,0.0,0.5427244433475962,0.0,0.0,0.0,0.0,0.0,0.0,1
-1.1781554771072429,-0.4931076191687179,-0.3992885564463476,-0.4052515503085198,-0.337695114461841,0.7482009410930472,0.030282156316042474,-0.31018826994336124,0.8414634307181454,1.0,0.4515700935562317,1.0,0.0,0.0,0.0,0.0,0.0,1.0,0.0,0.0,0.0,0.0,0.0,0.0,1
1.4936133570631793,2.12521765143386,0.15847785094311773,-0.3168763278461144,-0.3367171568466715,0.0,-0.6944763108458356,2.0602191506349063,1.278889806706826,1.0,0.35993671097109026,0.0,0.0,0.0,1.0,0.0,0.0,1.0,0.0,0.0,0.0,0.0,0.0,0.0,1
-0.6293349028826346,-3.128025410824717,0.3902341475244445,-0.34902738511157394,-0.291336924395782,0.18159771680142567,1.1433322641674128,-0.37302651691539573,-0.496149635814591,1.0,0.2346368026471545,0.0,1.0,0.0,0.0,0.8184022831985743,0.0,0.0,0.0,0.18159771680142567,0.0,0.0,0.0,0.0,1
-1.0975816215572682,-0.8056755608611778,-0.3019421972591549,-0.3931154972958464,-0.32556126809618735,0.9084505613336283,-0.44530831734710585,-0.2840333058767529,0.9229451349703126,1.0,0.4273031512242099,0.9084505613336283,0.0,0.09154943866637166,0.0,0.0,0.0,0.9084505613336283,0.0,0.0,0.09154943866637166,0.0,0.0,0.0,1
0.8896261810918484,0.592478723420794,0.060569839022061756,-0.31871102013642116,-0.39458694376022757,0.41660820523387954,-0.6271068588701908,-0.06510242704405814,-0.31031449582587645,1.0,0.03186159580549744,0.0,0.0,0.0,0.0,0.0,0.0,0.0,0.0,0.0,0.5833917947661205,0.0,0.0,0.0,1
0.06058784043688242,2.3005278944100507,0.0834391674221879,-0.37001432754239993,-0.4213976996900874,1.0,0.5902339283987379,-0.3668805373805636,-0.458689785402224,1.0,0.1865008295003771,0.0,0.5991485832363601,0.4008514167636399,0.0,0.5991485832363601,0.0,0.0,0.0,0.4008514167636399,0.0,0.0,0.0,0.0,1
1.4061328606305414,1.5554775605215005,0.02720736772897553,-0.3610639390773171,-0.37666921145197163,1.0,-0.7180002263998906,-0.01806914848910357,0.710247750237719,1.0,0.4515700935562317,0.0,0.0,0.5379941963558673,0.0,0.0,0.0,1.0,0.0,0.0,0.0,0.0,0.0,0.0,1
-2.7746248969677874,-1.0924272752878104,0.45774607671021206,-0.4005927037192389,-0.4026230012633358,0.9472833396118153,0.8475858862098977,1.6295107315377557,0.41307151840381806,1.0,0.1725272631277986,0.0,0.0,0.0,0.0,0.05271666038818468,0.0,0.9472833396118153,0.0,0.0,0.0,0.0,0.0,0.0,1
1.2163667318068432,0.4350018844628432,-0.29396463777133,-0.3865458607842448,-0.3884766379456789,0.8466485968839198,-1.2111949806392865,0.2455795867411031,-0.722452570479186,1.0,0.22714957306628916,0.0,0.0,0.1533514031160802,0.0,0.0,0.0,0.0,0.0,0.0,0.1533514031160802,0.0,0.0,0.0,1
-1.3546540914522516,-0.33000992391872774,0.5274234000653222,-0.3496330681962466,-0.3702778949067975,0.41377016798320276,-0.37084838502219514,0.25993573384571583,0.33915927404951507,1.0,-3.8992158852530165,0.5862298320167972,0.0,0.0,0.0,0.0,0.0,0.0,0.0,1.0,0.0,0.0,0.0,0.0,1
-1.4132015771232487,-0.905938128314571,-0.18647011872444552,-0.39407454417411303,-0.33779628241002846,1.0,0.2673758165908097,-0.1865231060203965,0.8411498298007078,1.0,0.4515700935562317,0.494111321115534,0.0,0.0,0.0,0.505888678884466,0.0,0.494111321115534,0.0,0.0,0.0,0.0,0.0,0.0,1
1.0912914192454686,0.6827816754163184,-0.09054715598043067,-0.4003266538830626,-0.3559619783589264,0.0,0.5359330354068933,-0.4323050568631192,-0.5877588713711747,0.38854576456535217,0.024423105309879817,0.0,0.0,0.0,0.0,0.0,0.0,0.0,0.0,0.0,1.0,0.0,0.0,0.0,1
-0.8699097164703607,0.2745323300761559,-0.42047853739994173,-0.38355786757391885,-0.29376881247059977,1.0,-0.2586422181844909,-0.10883310823496241,0.10382736721926376,1.0,0.19130128259768356,0.01811018382084051,0.0,0.9818898161791595,0.0,0.0,0.0,1.0,0.0,0.0,0.0,0.0,0.0,0.0,1
-0.8315294565959664,1.7633190764077478,-0.4254171859607799,-0.35309648095507007,-0.4366586110814467,1.0,1.4981128052986432,-0.4114339024633593,-0.11798962924880152,1.0,0.3837780508632052,0.0,0.0,0.0,1.0,0.0,0.0,0.0,0.0,0.8721239089441515,0.12787609105584852,0.0,0.0,0.0,1
-1.615563583195581,0.30768330103030533,-0.44904367410111845,-0.40225201936519933,-0.403787178118368,0.0,1.2324871428968693,-0.3215126643597661,0.6180035337225338,1.0,0.4335767366513154,0.9321182824836124,0.0,0.0,0.0,0.0,0.0,0.9321182824836124,0.0,0.0,0.06788171751638761,0.0,0.0,0.0,1
-1.1839372717184269,-0.8490833647222639,-0.1265180082372004,-0.3956436873980644,-0.3442628882835888,0.5651331835892089,-0.5399443178945834,-0.3400674709803377,0.19595924472984683,1.0,0.22103043957959007,1.0,0.0,0.0,0.0,0.0,0.0,0.5651331835892089,0.0,0.43486681641079106,0.0,0.0,0.0,0.0,1
0.888664202799136,1.7452441302225483,-0.07533235229181329,-0.34765966361548356,-0.3288506549894661,0.6966508238768923,-0.7643135451351628,0.7504878079883481,0.8980956924833257,1.0,0.4515700935562317,0.0,0.0,0.6966508238768923,0.30334917612310774,0.0,0.0,1.0,0.0,0.0,0.0,0.0,0.0,0.0,1
-2.035085006258574,1.397094328839251,0.45243843459843025,-0.44259002711029183,-0.34267068740518575,0.9224993811772957,1.5245245042685502,-0.0046838541799492095,0.9942680984820531,1.0,0.4310270615610241,0.0,0.0,0.0,0.0,0.0,0.0,0.0,0.0,0.0,1.0,0.0,0.0,0.0,1
1.757578051497013,1.6746355156998258,0.20647433802312487,-0.3610639390773171,-0.40916304358666244,1.0,-0.7433495312176617,-0.0580945530078658,0.6766729018426604,1.0,0.4515700935562317,0.0,0.0,0.2927613656866014,0.0,0.0,0.0,1.0,0.0,0.0,0.0,0.0,0.0,0.0,1
1.8713750152166322,0.5940770150114987,-0.32028716430760895,-0.3951410464197071,-0.3562512356883796,1.0,0.4825757194535923,-0.29398765650264136,0.9196899417910777,1.0,0.14606741765530945,0.0,0.8474609570857387,0.0,0.15253904291426135,0.0,0.0,1.0,0.0,0.0,0.0,0.0,0.0,0.0,1
2.0727077719600997,1.2362800044313327,0.04504710912799792,-0.37978674429240133,-0.41052608324328155,1.0,-0.24803147479563636,-0.17503290010617256,0.694601315382414,1.0,0.33925716101374953,0.0,0.4237116398331868,0.0,0.0,0.0,0.0,1.0,0.0,0.0,0.0,0.0,0.0,0.0,1
-0.2788027424959104,-1.46361619952468,0.3704445974124196,-0.3878732276750038,-0.3809620531186278,0.6067150463828559,-1.3090446565342528,0.44247402197734453,0.3089260642491447,1.0,0.4515700935562317,0.0,0.0,0.0,1.0,1.0,0.0,0.0,0.0,0.0,0.0,0.0,0.0,0.0,1
-0.5954282694616637,-1.5150641316270157,0.3761815426658444,-0.37980526029205597,-0.36898621414387245,0.0,1.397122862478528,-0.2246330052699914,-0.8736759402816969,1.0,0.29892483440601614,0.0,0.424130671302386,0.575869328697614,0.0,0.575869328697614,0.0,0.0,0.0,0.0,0.424130671302386,0.0,0.0,0.0,1
-0.7551647251566275,0.4196888016728346,-0.19359041106729807,-0.37151184503896123,-0.3166499778907417,0.7364442356247228,-0.44747340835200744,-0.06286131283977417,0.23328433750495364,1.0,0.25636136200101,0.0,0.0,1.0,0.0,0.0,0.0,0.7364442356247228,0.0,0.26355576437527717,0.0,0.0,0.0,0.0,1
0.3103357835057755,2.010924359105791,-0.13219792245643072,-0.4421887494513973,-0.3773552673757391,0.9343670147690148,0.1363499528496579,-0.2690911657640817,-0.49463305650228917,1.0,0.1865008295003771,0.0,0.0,0.9343670147690148,0.06563298523098515,0.06563298523098515,0.0,0.0,0.0,0.9343670147690148,0.0,0.0,0.0,0.0,1
2.089531137726328,1.9691355778266084,-0.41683826370677163,-0.29642699703803094,-0.39392485976343117,0.0,-0.6009987468053992,-0.2812394183928545,0.5404425154264235,1.0,0.16677132999399347,0.9255685129067763,0.07443148709322367,0.0,0.0,1.0,0.0,0.0,0.0,0.0,0.0,0.0,0.0,0.0,1
-2.533824374220006,0.8623049518113539,-0.10605689138876101,-0.3190486185903902,-0.3674047467125151,1.0,1.8936378385496984,0.2459915707085059,0.05414845203947777,1.0,0.4515700935562317,0.0,0.0,1.0,0.0,0.0,0.0,0.5491606285958679,0.0,0.4508393714041321,0.0,0.0,0.0,0.0,1
-2.2273269345906557,-3.085930074461876,-0.06349664300978604,-0.32938562471159544,-0.3571191455831976,1.0,-0.8789588159768527,-0.41382303478099836,1.5794581018123928,1.0,0.39153824260796743,0.0,0.0,0.0,0.0,0.0,0.0,1.0,0.0,0.0,0.0,0.0,0.0,0.0,1
-0.9861709306669455,1.810077244440341,-0.4769906840433491,-0.3396399646686993,-0.44661545275046366,1.0,1.588190097750046,-0.4273568030596122,-0.043808736234005885,1.0,0.4435338290861854,0.0,0.0,0.0,1.0,0.015158801037665426,0.0,0.0,0.0,0.9848411989623346,0.0,0.0,0.0,0.0,1
1.0322916137895026,0.3876525963591858,-0.3363720132695014,-0.2763771138219701,-0.27497191598189197,1.0,-1.3071061959456962,0.11537422683439119,-0.7811941404447704,0.8388980864459341,0.22920399516414325,0.0,0.0,0.1611019135540659,0.0,0.0,0.0,0.0,0.0,0.0,0.1611019135540659,0.0,0.0,0.0,1
0.23953021606157213,-2.9104317209049704,0.2878734945145005,-0.3499872256458144,-0.32646456781754407,0.0,0.661216365843815,1.2206209763081248,-0.5106314388520447,1.0,-4.054607395393297,0.0,1.0,0.0,0.0,0.0,0.0,0.0,0.0,0.0,1.0,0.0,0.0,0.0,1
-1.568636659984592,0.3321658290938194,-0.46733783891041525,-0.4070004543668685,-0.4055352791449921,0.0,1.1412915818856249,-0.4323050568631192,0.49570283505991886,0.9208418826173723,0.4096053257189115,1.0,0.0,0.0,0.0,0.0,0.0,1.0,0.0,0.0,0.0,0.0,0.0,0.0,1
-2.659794520313604,-1.1780956456879832,0.41488968316578023,-0.3937536123625921,-0.40091401348829764,0.8698963620621283,0.7995897167538101,1.781078288253095,0.28593082364977684,1.0,0.15201435394119608,0.0,0.0,0.0,0.0,0.13010363793787172,0.0,0.8698963620621283,0.0,0.0,0.0,0.0,0.0,0.0,1
-1.6834956345231258,1.0835187088312979,0.15735909146928576,-0.4069163677977959,-0.36941364687596945,0.5188380571260721,1.649701878585772,0.5223812288967682,0.7179415617581304,1.0,0.3240288514669545,0.0,0.0,0.0,0.0,0.0,0.0,0.0,0.0,0.0,1.0,0.0,0.0,0.0,1
1.325234716691315,-3.6157070295095735,0.07221226108703815,-0.4102485879118371,-0.407818569672566,0.40872456425507075,-0.0032751786492599133,0.15384098101320193,-0.6705790408384635,1.0,0.1865008295003771,0.0,0.0,0.0,1.0,0.5912754357449292,0.0,0.40872456425507075,0.0,0.0,0.0,0.0,0.0,0.0,1
-0.7109527075330306,-3.1032573979860514,0.47384799881499673,-0.3212289867687311,-0.33764631498208875,0.6009972961298697,1.2733901493350788,-0.2361228423804061,-0.26646950278387677,1.0,0.3458067404850802,0.0,1.0,0.0,0.0,0.39900270387013026,0.0,0.0,0.0,0.6009972961298697,0.0,0.0,0.0,0.0,1
-0.7442343400176709,2.072857407583148,-0.21131424741741814,-0.4237156769141439,-0.40015916572205174,0.05476163882203133,-0.555553911186522,-0.2690911657640817,1.4055694992699537,1.0,0.4370544662551833,0.0,1.0,0.0,0.0,0.0,0.0,0.05476163882203133,0.0,0.0,0.9452383611779687,0.0,0.0,0.0,1
-1.133064389732284,-0.5998128919755314,0.4051391447837636,-0.3244056530297542,-0.3376596809917516,0.0,-0.7048922388485351,-0.10678992185008232,-0.09538253271006436,1.0,-2.545631325144602,1.0,0.0,0.0,0.0,0.0,0.0,0.0,0.0,1.0,0.0,0.0,0.0,0.0,1
2.1119289110680395,-0.4188528710866124,0.18586625676519863,-0.2947825222305131,-0.3863723077148508,0.0,0.13632435929808193,0.38609301087573084,-0.86942004900636,1.0,0.4515700935562317,0.19714655140198856,0.0,0.8028534485980114,0.0,0.0,0.0,0.0,0.0,0.19714655140198856,0.8028534485980114,0.0,0.0,0.0,1
0.4602490100970255,2.5688562308713148,-0.3993343620318796,-0.29519187829399585,-0.40368488609276876,1.0,-2.4222379935195417,-0.2668231342693572,-1.5507996349637518,1.0,0.4503422866273118,0.0,0.0,0.9953679769953971,0.0,0.0,0.0,0.9953679769953971,0.0,0.0,0.0,0.0,0.0,0.0,1
-2.2483310202686666,2.4960168899297623,-0.1922437065456427,-0.346338399334024,-0.35225497355693175,1.0,-0.4979286522391836,-0.051526778546042054,0.8646835775456552,1.0,0.009831945447931256,0.0,0.3334991716911442,0.0,0.0,0.6665008283088558,0.0,0.3334991716911442,0.0,0.0,0.0,0.0,0.0,0.0,1
1.2545089095914872,0.8041119989429643,0.13783528093511696,-0.365563621256086,-0.3549200303542136,0.3981686935909433,-0.8367685648440508,0.05584214320990949,-0.4054300961832694,1.0,0.3460278109759993,0.0,0.0,0.0,1.0,0.0,0.0,0.0,0.0,1.0,0.0,0.0,0.0,0.0,1
1.4005190009041708,-3.428187972355351,0.2297101393159044,-0.3933784363185304,-0.4156548404158195,0.0,0.1735975399311218,-0.08146334720307236,-1.1330005541742314,1.0,0.1865008295003771,0.0,0.0,0.0,0.5373956029379229,0.5373956029379229,0.0,0.0,0.0,0.0,0.4626043970620771,0.0,0.0,0.0,1
2.0797001219012654,-0.7022626432462056,0.14925823279060635,-0.30186529995914774,-0.39847753393305463,0.08014438358723952,0.1567030663889009,0.49465558295107676,-0.8365023252091821,1.0,0.4515700935562317,0.0,0.0,0.9198556164127605,0.08014438358723952,0.0,0.0,0.0,0.0,0.0,1.0,0.0,0.0,0.0,1
-0.9282481325237366,-1.651833658147967,0.4536572782582359,-0.36699104493220125,-0.32988760771910586,1.0,-0.8290730229516248,-0.055720338380074536,0.12567943919910157,1.0,0.4515700935562317,0.0,0.34634599436596125,0.0,0.6536540056340387,1.0,0.0,0.0,0.0,0.0,0.0,0.0,0.0,0.0,1
-0.20790776802634436,-0.8130695068837629,0.1456130914958489,-0.3669239673064911,-0.3510555296362705,0.3469532018962277,1.3612588941494645,-0.11254612989826665,-0.46428387760731527,1.0,0.3596034636677763,0.3469532018962277,0.6530467981037723,0.0,0.0,0.0,0.0,0.0,0.0,0.0,1.0,0.0,0.0,0.0,1
-1.517200075266292,-2.4883578484511704,0.06827221887762114,-0.36686353547591827,-0.41427697220071863,0.7375012481097484,-0.3924404690965947,-0.1915641600743418,-0.12668179704932203,1.0,0.31240939159797293,1.0,0.0,0.0,0.0,0.0,0.0,0.0,0.0,1.0,0.0,0.0,0.0,0.0,1
-1.410350657833828,-2.116551623676711,0.20996770693167338,-0.4073629253603073,-0.38746933367050057,0.45221794088980716,0.47403981456805294,0.5469782897311056,-0.3383686504469604,1.0,0.30636990628489225,0.0,0.0,0.0,1.0,0.0,0.0,1.0,0.0,0.0,0.0,0.0,0.0,0.0,1
0.7902415154438179,-1.4020548383390543,0.11343608640991701,-0.4102139256068823,-0.36954004971570437,0.0,0.24513801830149085,-0.032560020441754614,1.0473211811462748,1.0,-4.054607395393297,0.0,0.22460482293998196,0.0,0.0,0.775395177060018,0.0,0.0,0.0,0.0,0.22460482293998196,0.0,0.0,0.0,1
0.6982703822879721,2.3808972698535014,0.4647884786675313,-0.35686077073512423,-0.31965377267614553,0.4524395161326934,-0.6529730361591377,1.456198124840726,1.1842312690143202,1.0,0.3316422839851517,0.0,0.4524395161326934,0.0,0.5475604838673066,0.4524395161326934,0.0,0.5475604838673066,0.0,0.0,0.0,0.0,0.0,0.0,1
-2.2140085840900143,-2.9069537807640873,-0.12363751433361472,-0.3293245983575708,-0.35339857883126796,1.0,-0.8464125458855295,-0.38632541209351207,1.4792530503962795,1.0,0.3768963600978836,0.0,0.14085702037979986,0.0,0.0,0.14085702037979986,0.0,0.8591429796202001,0.0,0.0,0.0,0.0,0.0,0.0,1
-2.4324962422667515,1.5083079214712984,0.35532174030233193,-0.2908854624375229,-0.39599663730233975,0.8236130134937767,1.9566056444879594,0.6718844270807818,-0.22518306624879164,1.0,0.3580605561517626,0.0,0.0,0.8236130134937767,0.1763869865062233,0.0,0.0,0.0,0.0,1.0,0.0,0.0,0.0,0.0,1
-0.9020652245467481,1.6173111440275951,-0.4544000123576605,-0.35005309838133086,-0.4036429959046346,0.49836777273947974,1.5001537376517193,-0.4323050568631192,-0.2539950587331313,0.49836777273947974,0.3186028082495864,0.0,0.0,0.5016322272605203,0.49836777273947974,0.0,0.0,0.0,0.0,0.49836777273947974,0.5016322272605203,0.0,0.0,0.0,1
-2.2506526648190186,2.511005658609213,0.014275167972885583,-0.2726887166149118,-0.41094886966134,0.0,0.8900627400309068,-0.07941228895410804,-0.7287989592566049,1.0,0.07545656890593855,0.0,0.0,0.0,1.0,0.5810745504954521,0.0,0.0,0.0,0.4189254495045479,0.0,0.0,0.0,0.0,1
0.05480228910545315,1.533196298145816,-0.04189677621019583,-0.440032270993857,-0.36714191319663836,1.0,0.8473308511225834,-0.2829894975937895,-0.5489660526019068,1.0,-0.03342496588504107,0.0,0.0,0.0,1.0,0.0,0.0,0.0,0.0,0.08515409893189996,0.9148459010681,0.0,0.0,0.0,1
0.6401907039229415,-3.3058463170111114,-0.21551609767932872,-0.4494391615397224,-0.3737005331543373,0.6376061008833669,0.3634396990705054,-0.001811101951384557,-0.03602346795342792,1.0,0.1865008295003771,0.0,0.0,0.0,0.6376061008833669,0.0,0.0,0.6376061008833669,0.0,0.0,0.3623938991166331,0.0,0.0,0.0,1
1.4129149699131256,0.2575041463029748,0.3533001350517053,-0.3717469591528676,-0.3525011129755517,0.0,0.1567030663889009,-0.02158221292279683,-0.9489084510580903,1.0,0.297673966828628,0.0,0.0,0.41941164972195655,0.0,0.0,0.0,0.0,0.0,0.0,1.0,0.0,0.0,0.0,1
0.3117182664147038,-1.4775551153495212,-0.3118095439367964,-0.37146885882419833,-0.3398153866395945,0.0,-1.0457045082845822,0.08366651630842431,0.189644023376268,1.0,0.018907000012748282,0.0,0.6322642879195304,0.0,0.3677357120804696,1.0,0.0,0.0,0.0,0.0,0.0,0.0,0.0,0.0,1
1.361566217948062,-3.2254804971080233,-0.137369248213003,-0.27297802299341634,-0.3151633607328232,1.0,1.6038594951601328,0.21200171868659315,0.5140229352908379,1.0,0.1865008295003771,0.9869055434116664,0.0,0.013094456588333636,0.0,0.0,0.0,0.9869055434116664,0.0,0.013094456588333636,0.0,0.0,0.0,0.0,1
2.1274771845661626,-0.3071812043195271,0.17660797875396456,-0.2947825222305131,-0.37406587170805106,0.0,0.12192349102266659,0.2724014161183029,-0.86942004900636,1.0,0.4515700935562317,0.3364626279832894,0.0,0.6635373720167106,0.0,0.0,0.0,0.0,0.0,0.3364626279832894,0.6635373720167106,0.0,0.0,0.0,1
-2.598279744803583,-1.234185930632633,0.09097382710287355,-0.34047728011375,-0.43615944224737174,0.8219640331302486,1.1578802466138982,-0.3451312281379449,0.7154117343357488,1.0,0.40437823084259417,0.0,0.0,0.0,0.8219640331302486,0.0,0.0,0.0,0.0,0.0,1.0,0.0,0.0,0.0,1
2.174623572550761,1.823951878706795,0.38512825180905064,-0.3584836245617963,-0.44623508022057246,0.9610703174694551,-0.7695876849394552,-0.11223113963010467,0.6312610512862068,1.0,0.4412510312579321,0.03892968253054485,0.0,0.0,0.0,0.03892968253054485,0.0,0.9610703174694551,0.0,0.0,0.0,0.0,0.0,0.0,1
0.6124675784086553,0.8478505510011645,0.3579154038483705,-0.29896491988901047,-0.3972211435637618,0.14866272775311296,-0.015098739799272787,-0.2690911657640817,-0.01281656952695262,1.0,-0.0785684345554774,0.0,0.0,0.0,0.14866272775311296,0.0,0.0,0.0,0.0,0.0,1.0,0.0,0.0,0.0,1
-2.5376809067912443,0.8299528066886781,-0.13493719058765802,-0.320648883875388,-0.3650054509585072,1.0,1.878663801836707,0.20461575027503232,0.07893961574765745,1.0,0.4515700935562317,0.0,0.0,1.0,0.0,0.0,0.0,0.5853758762729763,0.0,0.41462412372702373,0.0,0.0,0.0,0.0,1
-0.23692628572897165,-0.9334490182615903,0.3194622483367723,-0.3958230554290915,-0.3741641846248426,0.08534966807864386,1.3883004109889923,0.015545862140612793,-0.35683538920264557,1.0,0.42894651985121407,0.08534966807864386,0.9146503319213561,0.0,0.0,0.0,0.0,0.0,0.0,0.0,1.0,0.0,0.0,0.0,1
-1.5627769256402462,-3.02752915921685,0.021338354209131383,-0.3609258197330792,-0.4256637551923565,1.0,-0.25838571559425716,-0.10689760570268136,0.09365797706862944,1.0,0.4515700935562317,0.9968742518459474,0.0,0.0,0.0,0.0,0.0,0.0031257481540526433,0.0,0.9968742518459474,0.0,0.0,0.0,0.0,1
0.3804239012921274,2.235043359565402,0.02097582609932297,-0.39444712815863264,-0.3487234473066455,0.5021950103312426,0.0023312754445711514,-0.2690911657640817,-0.7313078849090278,1.0,0.1865008295003771,0.0,0.0,0.5021950103312426,0.4978049896687574,0.4978049896687574,0.0,0.0,0.0,0.5021950103312426,0.0,0.0,0.0,0.0,1
-1.006104048051691,-2.6476002853772385,0.2786116831952459,-0.28162820139140265,-0.35489737686465117,1.0,-0.3380337230782429,-0.3662662711429539,-0.15875126746096882,1.0,0.4515700935562317,0.0,0.4046149826799562,0.5953850173200438,0.0,0.4046149826799562,0.0,0.0,0.0,0.5953850173200438,0.0,0.0,0.0,0.0,1
-0.7190384761993307,-2.535415939434635,0.2713663138029107,-0.2992284461889107,-0.31248994590232637,0.9329235226115725,-0.0701988922289422,-0.28003897863986354,-0.3401465903604358,1.0,0.433790181059422,0.0,1.0,0.0,0.0,1.0,0.0,0.0,0.0,0.0,0.0,0.0,0.0,0.0,1
0.6298116678552255,0.9796151130477968,-0.3271386387951531,-0.3610639390773171,-0.30993074607393095,1.0,-0.5410126383701015,0.38381601287177824,1.1842962130277839,1.0,0.4515700935562317,0.0,0.0,0.7499604703991778,0.2500395296008222,0.0,0.0,1.0,0.0,0.0,0.0,0.0,0.0,0.0,1
1.2236805115727765,-0.7271667849968587,0.181465709525503,-0.329694906718753,-0.3514426470895386,0.0,0.2383737949808949,0.16011514227173854,-1.5184514170463672,1.0,0.4515700935562317,0.7900944069044142,0.0,0.20990559309558576,0.0,0.0,0.0,0.0,0.0,0.0,1.0,0.0,0.0,0.0,1
-2.7775003355287744,-1.378765562714855,-0.4127820240509131,-0.43142021184019264,-0.386206186173854,0.0,-0.08365868391474374,0.0074197481302810675,-0.05925304395215347,1.0,0.1865008295003771,0.0,0.0,0.10194571055928625,0.0,0.0,0.0,0.0,0.0,0.0,1.0,0.0,0.0,0.0,1
-0.06454131851792609,-0.7642992766996153,-0.2883704773468074,-0.3129117835939683,-0.32055027893209315,0.7948603595179928,1.2089347891321958,-0.23141522321276312,-0.6201672163238714,1.0,0.1865008295003771,0.7948603595179928,0.0,0.20513964048200717,0.0,0.0,0.0,0.0,0.0,0.0,1.0,0.0,0.0,0.0,1
0.17458291872172793,-2.071239551008482,-0.3094907956732487,-0.39579679699379383,-0.4132375901618709,0.0,0.7817259376151747,0.4224867502338122,-0.10654839189187368,1.0,0.1865008295003771,0.0,0.0,0.8093122793363334,0.0,0.0,0.0,0.0,0.0,0.0,1.0,0.0,0.0,0.0,1
0.8438140754083163,-1.0891587348280256,0.2972902689038547,-0.4060590715652704,-0.362848458087524,0.03654966784809488,0.5512859436107445,-0.0820156206335844,1.0273051081997526,1.0,-4.054607395393297,0.0,0.0,0.0,0.0,0.9634503321519051,0.0,0.0,0.0,0.03654966784809488,0.0,0.0,0.0,0.0,1
-2.2472325951794723,2.459045282966593,0.09878992972113776,-0.2726887166149118,-0.40131972166313534,0.0,0.9464024032160909,-0.11499539982280435,-0.5497080692773141,1.0,0.046562003169925564,0.0,0.0,0.0,1.0,0.47206694510999925,0.0,0.0,0.0,0.5279330548900008,0.0,0.0,0.0,0.0,1
1.6665408721192099,1.7630100342377408,-0.03569994279367822,-0.3168763278461144,-0.3221985759433339,0.0,-0.513254997796825,1.8813814957576096,1.3388961673872624,1.0,0.30184807005383507,0.0,0.0,0.0,1.0,0.0,0.0,1.0,0.0,0.0,0.0,0.0,0.0,0.0,1
-0.8126679402438636,-1.8526178271140805,0.3761815426658444,-0.36396744689090843,-0.36107094351085467,0.0,1.397122862478528,-0.40013136870334415,-1.217177083425718,1.0,0.20391817019576197,0.0,0.06570863942835237,0.9342913605716476,0.0,0.9342913605716476,0.0,0.0,0.0,0.0,0.06570863942835237,0.0,0.0,0.0,1
1.3269590334788548,-0.24649371331591913,-0.18937003156642274,-0.42464191552566644,-0.31319756134360915,0.7755276166950106,0.5005663347703782,-0.015937405812970762,0.362770741806048,1.0,0.24600155894389436,0.22447238330498942,0.7755276166950106,0.0,0.0,0.22447238330498942,0.0,0.0,0.0,0.0,0.7755276166950106,0.0,0.0,0.0,1
1.1802479130521903,1.3760577548877424,0.12545939973077358,-0.3489850088643611,-0.32752591828985456,1.0,0.007907887784256884,-0.21035595333019674,1.297452921121807,1.0,0.16173744110731367,0.0,0.0,0.4532888347480276,0.5467111652519724,0.0,0.0,1.0,0.0,0.0,0.0,0.0,0.0,0.0,1
0.9112880370857708,-2.630842135461863,0.17330406118699343,-0.40740704578626263,-0.36069710907265834,0.52439026932758,0.46176565326032637,-0.02028949835361772,-1.0313746198904925,1.0,0.31257035078751866,0.0,0.0,0.0,1.0,0.0,0.0,1.0,0.0,0.0,0.0,0.0,0.0,0.0,1
0.8374411675076199,-1.0511662794800187,-0.26359432760090556,-0.42996290863281905,-0.3615044587858791,1.0,0.7068590409223653,-0.15847919250387257,0.5438053410428696,1.0,0.3033334864545301,0.0,1.0,0.0,0.0,0.0,0.0,0.0,0.0,0.0,1.0,0.0,0.0,0.0,1
1.2643518337666513,-3.2560881647096043,-0.3191462612458889,-0.28592814106562026,-0.3022191888733919,1.0,1.6038594951601328,-0.17066466256622975,1.1560134855887947,1.0,0.1865008295003771,0.400763060875326,0.0,0.599236939124674,0.0,0.0,0.0,0.400763060875326,0.0,0.599236939124674,0.0,0.0,0.0,0.0,1
-1.1830659469525637,0.4391809639578552,0.3558577183817768,-0.28505330130948625,-0.2960030270236286,0.0,-0.016844170022316862,0.1816139853760308,-0.7601381900729003,1.0,0.038157378744533205,0.0,0.4403596686917821,0.5596403313082179,0.0,1.0,0.0,0.0,0.0,0.0,0.0,0.0,0.0,0.0,1
0.8176500384308767,0.8232796667304185,0.3525111184691041,-0.39001744032754104,-0.29679714626985587,0.0,-0.8911536554984484,-0.2944285303576048,-0.7750178725603762,1.0,0.4104206758155278,0.0,0.0,0.0,0.8447597540692875,0.0,0.0,0.0,0.0,0.8447597540692875,0.1552402459307125,0.0,0.0,0.0,1
-2.318831939880069,-1.0206092985888766,0.23723949887859333,-0.33295426685080354,-0.4278663042752208,1.0,1.3595116533898761,-0.3729186607061059,0.8356877042828991,1.0,0.3551229822333537,0.0,0.0,0.18192813049527112,0.8180718695047289,0.0,0.0,0.0,0.0,0.18192813049527112,0.8180718695047289,0.0,0.0,0.0,1
-0.1496200606423917,-0.5301477516295708,-0.18733476812152,-0.3069972487209467,-0.29642115279668485,1.0,1.2366065955380368,-0.38718804366267745,-0.5054346478783145,1.0,0.1865008295003771,0.8617856210135173,0.0,0.0,0.1382143789864827,0.0,0.0,0.0,0.0,0.0,1.0,0.0,0.0,0.0,1
0.29583673787094034,-0.10472401721125779,-0.3471365146097088,-0.36344496808792914,-0.3005086805029804,1.0,-0.19796151428189457,1.4070212707025092,2.327894018058568,1.0,0.4515700935562317,0.0,0.0,0.053884537866367266,0.9461154621336327,0.053884537866367266,0.0,0.9461154621336327,0.0,0.0,0.0,0.0,0.0,0.0,1
-1.5095427391948626,-0.6902695435181794,-0.31969049784653164,-0.4246956911345887,-0.41497835454337356,1.0,-0.22097805355016187,0.3032612253569468,0.6877007288359598,0.37330931627975295,0.28545365523184546,0.626690683720247,0.0,0.0,0.0,1.0,0.0,0.0,0.0,0.0,0.0,0.0,0.0,0.0,1
1.3446769769495184,0.7056719651107488,0.5132512887242751,-0.411233330488413,-0.3959756712357161,0.0,-0.5217339914885097,0.16281794064158575,-0.20759084984915588,1.0,0.379804002299027,0.0,0.0,0.7292553268564462,0.0,0.0,0.0,0.0,0.0,0.0,1.0,0.0,0.0,0.0,1
-0.29820158089603677,-2.407106380491448,-0.23316828539142165,-0.3973861454177773,-0.408645533095112,1.0,1.3218712947577913,-0.3160966173011294,0.9684612206750267,1.0,0.2628405354018673,0.0,1.0,0.0,0.0,0.0,0.0,0.0,0.0,0.35600045676098424,0.6439995432390158,0.0,0.0,0.0,1
-2.2338515080516346,-1.1415723732999195,0.1305776983124134,-0.34396780782020026,-0.41184911260970697,1.0,1.18587204699171,-0.2988828678829991,0.8544512619985164,1.0,0.4515700935562317,0.0,0.0,0.0,0.5912658289019036,0.4087341710980964,0.0,0.0,0.0,0.0,0.5912658289019036,0.0,0.0,0.0,1
-1.8783078074428008,-1.3252822258160013,0.41845561736050296,-0.27717576627289725,-0.424749591736912,0.0,-1.2563394794280285,-0.41987483919867236,1.0160403474893094,1.0,0.1865008295003771,0.0,0.0,0.9746136443396551,0.0,0.0,0.0,0.0,0.0,0.0,1.0,0.0,0.0,0.0,1
1.2173081779692252,0.43570753305099863,-0.29123438013520414,-0.3866077498254983,-0.388600359193892,0.8438474026338096,-1.2097472069723993,0.24603678055438785,-0.7197679882227597,1.0,0.22789208356464336,0.0,0.0,0.15615259736619036,0.0,0.0,0.0,0.0,0.0,0.0,0.15615259736619036,0.0,0.0,0.0,1
1.9869003812167072,1.7062845235315813,-0.10315737393586832,-0.3894329990581965,-0.36262568724111177,0.0,-0.3295587176219572,-0.20051866831310317,-0.3031447169803525,1.0,0.26178786177122215,0.0,0.0,1.0,0.0,0.0,0.0,0.0,0.0,0.0,1.0,0.0,0.0,0.0,1
-1.5286647754942528,0.9454281221429295,0.02741378637417541,-0.3912066115876077,-0.3811905540316026,0.34107605808984864,1.7048267542350213,0.7544870493147313,0.5962545072198866,1.0,0.2769096092053252,0.0,0.0,0.0,0.0,0.0,0.0,0.0,0.0,0.0,1.0,0.0,0.0,0.0,1
-2.7424089560668876,2.703992854519373,-0.4433760902688414,-0.33956878705304955,-0.35902147748362045,1.0,-0.5612734137473788,0.048491731694625326,1.0324823222881796,1.0,-0.07138611976371609,0.0,0.02709599250348349,0.0,0.0,0.9729040074965165,0.0,0.02709599250348349,0.0,0.0,0.0,0.0,0.0,0.0,1
-1.4317668583754612,-1.429327892307704,0.1596311243693727,-0.37825353489509705,-0.39150743309093633,0.22197216193294944,-0.6588873374106351,-0.35984717633363456,-0.5501685919713141,1.0,0.03910756065343034,1.0,0.0,0.0,0.0,0.0,0.0,0.0,0.0,1.0,0.0,0.0,0.0,0.0,1
1.657764281563034,1.9810926266455235,-0.1196291213467334,-0.3305197736998834,-0.3935812231891971,1.0,1.8896680157955141,0.10740665747485748,-0.7008734904333511,1.0,0.12525000322692073,0.0,0.0,0.0,1.0,0.0,0.0,0.7689252034119286,0.0,0.0,0.2310747965880714,0.0,0.0,0.0,1
-1.1650968273060671,-3.1119799128853805,0.07784031130387548,-0.3393165252453232,-0.2785310217590626,0.0,1.3922609655167157,-0.3787533948480381,-0.550678679966228,1.0,0.27347197848604776,0.0,1.0,0.0,0.0,0.6718927435987284,0.0,0.3281072564012716,0.0,0.0,0.0,0.0,0.0,0.0,1
-2.2214568151900753,2.2376626712950283,0.45998563018479194,-0.27486612056353127,-0.3596198561954812,0.019710537754364155,1.178161559185881,-0.26587413220153744,0.2258606539380027,1.0,-0.0785684345554774,0.0,0.0,0.0,1.0,0.019710537754364155,0.0,0.0,0.0,0.9802894622456358,0.0,0.0,0.0,0.0,1
1.4747711798874377,1.3904547194978953,0.504479575437808,-0.35646362953075095,-0.37020802401830477,0.8958914180154262,-0.2955693422968678,-0.2860831325265872,1.537947472189154,1.0,0.15890484429182752,0.0,0.10410858198457384,0.0,0.0,0.10410858198457384,0.0,0.0,0.0,0.0,0.8958914180154262,0.0,0.0,0.0,1
-0.5447495108100173,0.50107950507864,-0.39911985307645675,-0.3787371295763451,-0.2977874586456078,1.0,-0.33949954850170916,-0.07322080041247483,0.22591809773265303,1.0,0.23953692549992023,0.0,0.0,1.0,0.0,0.0,0.0,1.0,0.0,0.0,0.0,0.0,0.0,0.0,1
-0.11948244566739896,-3.2922817283346,-0.2171625459549266,-0.3223956396304348,-0.3777605973736412,0.0,-0.8253346741860106,1.5029977901771998,-0.22400143605326156,1.0,0.4042433913843882,0.0,0.8214553379456664,0.0,0.0,0.0,0.0,0.0,0.0,0.0,1.0,0.0,0.0,0.0,1
-0.8770938273768487,2.063809945100148,-0.036375561410100954,-0.4043288759469761,-0.3807812664531455,0.3472538921481253,-0.49508504764843053,-0.2690911657640817,1.125253518544767,1.0,0.359523759923997,0.0,1.0,0.0,0.0,0.0,0.0,0.3472538921481253,0.0,0.0,0.6527461078518747,0.0,0.0,0.0,1
2.0055820768235217,0.6518568657326641,-0.08686997242431593,-0.32844540533085637,-0.4163948133403171,0.7618172189532735,-0.34040406636506243,0.3526045972939741,-0.13931681230238174,1.0,0.24963576398320964,0.23818278104672652,0.0,0.0,0.7618172189532735,0.0,0.0,0.0,0.0,1.0,0.0,0.0,0.0,0.0,1
1.100552293718673,-2.9420278860814952,0.1993388942326414,-0.40964562791205905,-0.39939511811190576,0.0,0.6427073800605584,-0.3998446235659985,-1.1303904845860657,1.0,0.1865008295003771,0.0,0.0,0.0,0.0,0.0,0.0,0.0,0.0,0.0,1.0,0.0,0.0,0.0,1
-2.005459664472119,2.4669765959048404,0.15284922895619774,-0.31090031958769854,-0.3208226664938776,1.0,-2.7070990066036518,0.2250080806316712,-0.1220233413133765,1.0,0.3871126198491567,0.0,1.0,0.0,0.0,0.0,0.0,0.24317219099945409,0.0,0.7568278090005459,0.0,0.0,0.0,0.0,1
1.9714756703741545,1.6915027390104602,0.4450940868613056,-0.3610639390773171,-0.42955441129721156,1.0,-0.6587765820933363,-0.15120716940375623,0.9027621288866635,1.0,0.37795159357923674,0.0,0.0,0.0,0.0,0.0,0.0,0.7222669318556592,0.0,0.0,0.27773306814434084,0.0,0.0,0.0,1
0.5164524443787983,-0.48888796663086387,0.2487671648653967,-0.2981944300813474,-0.35005960537384234,0.14430353189371425,0.3932725253382744,-0.3616480340439977,0.1284637845324328,1.0,0.1865008295003771,0.0,1.0,0.0,0.0,0.0,0.0,0.0,0.0,0.8556964681062857,0.14430353189371425,0.0,0.0,0.0,1
1.6384855831689458,1.533925879676236,0.3778734051065932,-0.3314679548424211,-0.34878429608070927,1.0,0.8509745197172855,-0.3214631507217477,1.3134685817996288,1.0,-0.03356493900494656,0.0,0.0,0.0,1.0,0.0,0.0,1.0,0.0,0.0,0.0,0.0,0.0,0.0,1
-0.20233594094532104,-0.789955513661614,0.11223242574214537,-0.3613750718229769,-0.3466184515266711,0.3971835296184548,1.3560666697435713,-0.13714099161444027,-0.4849149933535878,1.0,0.34628894766516116,0.3971835296184548,0.6028164703815452,0.0,0.0,0.0,0.0,0.0,0.0,0.0,1.0,0.0,0.0,0.0,1
1.5638829166849393,0.7957246097778562,0.006294701496136701,-0.3536366584087898,-0.3966452328569913,0.6680851365706462,-0.6693637152629905,0.27611270786155334,-0.18370439263098115,1.0,0.2744812580787954,0.0,0.0,0.0,1.0,0.0,0.0,0.0,0.0,1.0,0.0,0.0,0.0,0.0,1
-1.6818878106328994,-1.2068325225459886,0.2746287139734496,-0.2998620156779207,-0.4032368206678946,0.20498429541582097,-1.0997534289413795,-0.3988487723941085,1.0192567632493255,1.0,0.24083586582925665,0.20498429541582097,0.0,0.795015704584179,0.0,0.0,0.0,0.20498429541582097,0.0,0.0,0.795015704584179,0.0,0.0,0.0,1
-1.3523463610756448,0.5632303274343778,-0.293346311324805,-0.37401743701540024,-0.403787178118368,0.0,1.6287830039444857,0.7213760368997453,0.4430405048227548,1.0,0.26420528262030807,0.29314773026101326,0.0,0.0,0.0,0.0,0.0,0.29314773026101326,0.0,0.0,0.7068522697389867,0.0,0.0,0.0,1
-1.3864483422201275,-0.29500565242540056,0.27757756143569684,-0.40296121403362495,-0.3398254798716629,1.0,1.158239454083966,-0.1058772746650442,0.5280661740641783,1.0,-0.02361205796835869,0.0,0.0,0.8963358185211198,0.0,0.10366418147888024,0.0,0.0,0.0,0.8963358185211198,0.0,0.0,0.0,0.0,1
-0.9756864973675091,-0.4207211180579374,0.5062117951573383,-0.2962188320838887,-0.31602679441390974,0.0,-0.6541156210275573,0.05521452190603381,0.23654122087985355,1.0,-3.792984541633743,0.986998076489264,0.0,0.0,0.0,0.013001923510736035,0.0,0.0,0.0,0.986998076489264,0.0,0.0,0.0,0.0,1
1.5079747139960804,-3.8386765388305446,0.17244939943890017,-0.3888253712704412,-0.42209415627040897,0.08550853085446808,-0.20373696177109674,0.20659432749011075,-0.936088254037889,1.0,0.1865008295003771,0.0,0.0,0.0,1.0,0.9144914691455319,0.0,0.08550853085446808,0.0,0.0,0.0,0.0,0.0,0.0,1
1.3268727788976789,0.4772471182956878,-0.3835670820073577,-0.3739717476702152,-0.39547618588849154,1.0,-1.1185425449036166,0.28841035674981147,-0.6701879707961496,1.0,0.1865008295003771,0.0,0.0,0.0,0.20788625514602732,0.0,0.0,0.0,0.0,0.20788625514602732,0.0,0.0,0.0,0.0,1
-0.24345064570738648,-0.9605144691679102,0.35854951298611004,-0.4023205635338114,-0.3793598043772873,0.026532203873819715,1.3943802732352804,0.044345343732955886,-0.3326772766252713,1.0,0.44453722180161837,0.026532203873819715,0.9734677961261803,0.0,0.0,0.0,0.0,0.0,0.0,0.0,1.0,0.0,0.0,0.0,1
-0.8051783531841116,1.3439651657173917,-0.43333820983841764,-0.3730897367812852,-0.37164013210022634,0.0,1.2470854588801819,-0.4323050568631192,-0.5828914922048299,0.0,0.13840787224747078,0.18143543508979731,0.0,0.8185645649102027,0.0,0.0,0.0,0.18143543508979731,0.0,0.0,0.8185645649102027,0.0,0.0,0.0,1
-2.461746671361205,2.165893760478841,0.32271928139982714,-0.2855703235287929,-0.41112262483102285,0.5830415609696922,1.1301182052827734,-0.36425164760240186,0.14603638259491986,1.0,-0.0785684345554774,0.0,0.0,0.0,1.0,0.0,0.0,0.5830415609696922,0.0,0.4169584390303078,0.0,0.0,0.0,0.0,1
1.6630839489426097,0.49253331694445224,0.27254173685078964,-0.3506477548451099,-0.3154525342725943,0.0,0.09689669630752437,-0.3378735064709465,-0.9271173212577304,1.0,0.339863398075609,0.578575449407502,0.0,0.0,0.0,0.0,0.0,0.0,0.0,0.578575449407502,0.42142455059249795,0.0,0.0,0.0,1
-0.608380499955068,-3.069339211551272,0.34451977783764953,-0.35395006801975587,-0.27602561543800336,0.10732828892302515,0.9538857791955739,-0.4147875892029905,-0.5662112223359128,1.0,0.2149502600575775,0.0,1.0,0.0,0.0,1.0,0.0,0.0,0.0,0.0,0.0,0.0,0.0,0.0,1
-0.9930127805370768,-3.478061082000434,-0.01886550820918359,-0.4133182832301746,-0.43182844208566706,0.0,0.3634396990705054,0.16095901426533005,-0.5575532351154425,1.0,0.40317999281758216,0.0,0.8174435617384409,0.0,0.0,0.0,0.0,0.0,0.0,0.0,1.0,0.0,0.0,0.0,1
1.065040657346077,0.4419850702638908,-0.4510044624012994,-0.39070979081737095,-0.3892520956625589,0.0,0.8122460485747959,-0.4323050568631192,-0.5089726721572937,0.0,0.012036839300599775,0.0,0.34181735169787597,0.0,0.0,0.0,0.0,0.34181735169787597,0.0,0.0,0.658182648302124,0.0,0.0,0.0,1
1.7568631283955078,1.2255082287895105,-0.2283987437494583,-0.27842036752527466,-0.3481618178967807,0.0,-0.25287386118253885,0.5770155158410271,-0.86942004900636,1.0,0.4515700935562317,0.2594234334312925,0.7405765665687075,0.0,0.0,0.0,0.0,0.0,0.0,1.0,0.0,0.0,0.0,0.0,1
-0.0064133134391105295,-2.5962963354358215,-0.25330941439400634,-0.3115602227500474,-0.35654852192212483,0.0,-1.0837167297007264,1.2949497403037131,-0.16582853463914793,1.0,0.2502805191552465,0.0,1.0,0.0,0.0,0.3796924081672669,0.0,0.0,0.0,0.0,0.6203075918327331,0.0,0.0,0.0,1
-2.612486234283065,-1.025461067505368,-0.4968117608026424,-0.39727171467654354,-0.4208111372901798,0.5902949425148077,0.0533347500480986,-0.13535205249385562,-0.34650427456166355,1.0,0.3429698754886702,0.5902949425148077,0.0,0.0,0.0,0.0,0.0,0.0,0.0,0.0,1.0,0.0,0.0,0.0,1
-2.6063332788603204,-1.3685846669980382,-0.254550615283228,-0.4020587937561144,-0.39354317027696967,0.0,-0.3068859838645029,-0.07391851320863613,0.1454359399074599,1.0,0.1865008295003771,0.0,0.0,0.26806364082287626,0.0,0.0,0.0,0.0,0.0,0.0,1.0,0.0,0.0,0.0,1
0.9554739513977222,0.33624266418123666,-0.45725859593308715,-0.3969475693381271,-0.39548701002732006,0.0,0.8414301861840301,-0.4323050568631192,-0.6635888247996566,0.0,0.0868742571093579,0.0,0.624148907849134,0.0,0.0,0.0,0.0,0.624148907849134,0.0,0.0,0.375851092150866,0.0,0.0,0.0,1
-2.0231975751940037,2.5910714993056136,-0.09286193896290432,-0.31791602391628904,-0.4117892675586319,0.4094116521912404,0.6312244549155976,-0.009485052381424941,-0.7444293771700893,1.0,0.07797838415815353,0.0,0.0,0.0,1.0,1.0,0.0,0.0,0.0,0.0,0.0,0.0,0.0,0.0,1
-1.163424400324193,-0.6600462329640908,0.744728913860298,0.4481887862493066,0.44926129036523754,0.0,-1.3755654539791267,-0.4323050568631192,-0.9778270004594907,1.0,0.15890861365114445,1.0,0.0,0.0,0.0,0.0,0.0,0.0,0.0,0.5520471808519802,0.44795281914801977,0.0,0.0,0.0,1
0.515821591572612,-1.6713016763004631,-0.17409727720590737,-0.34860582822023833,-0.37324015670688676,0.0,-1.2640433898138286,0.6684920299588393,0.14866068749545924,1.0,0.15263904167078776,0.0,0.5638734708646833,0.0,0.4361265291353167,1.0,0.0,0.0,0.0,0.0,0.0,0.0,0.0,0.0,1
-0.5395431168039396,-1.863030050701201,0.18049372733770325,-0.36756980832908664,-0.3791285021909141,0.0,1.2449307135592103,-0.1439396424014998,-0.9576276485063788,1.0,0.1865008295003771,0.0,0.0,1.0,0.0,0.7055342404580823,0.0,0.0,0.0,0.0,0.29446575954191767,0.0,0.0,0.0,1
-1.3131562375095305,-3.7170254024543246,0.18298178980361088,-0.37974115684460286,-0.4434011412703295,1.0,0.20678843400712277,0.3416987169120977,-0.09312520011559555,1.0,0.2001642734884313,0.0,0.0,0.9484533069621567,0.0,0.0,0.0,1.0,0.0,0.0,0.0,0.0,0.0,0.0,1
0.5508758766200079,-0.927744157606869,0.15586977039399313,-0.3948058550435424,-0.4310912885748369,0.7636057941597608,-1.102526768612057,1.9090374735423148,0.6440419994378483,1.0,0.4515700935562317,0.0,0.0,0.7636057941597608,0.23639420584023918,1.0,0.0,0.0,0.0,0.0,0.0,0.0,0.0,0.0,1
1.9844273213434256,-0.9522343426873227,0.1799196864615816,-0.405675923037141,-0.3340178054917391,0.0,1.117969914416218,-0.4323050568631192,-2.13997665423008,1.0,0.2236405258853193,0.0,0.14011317576645255,0.8598868242335475,0.0,0.0,0.0,0.0,0.0,0.8598868242335475,0.14011317576645255,0.0,0.0,0.0,1
1.219698647515456,-3.270147091211444,-0.4026413416035086,-0.291876479257775,-0.2962735819369938,1.0,1.6038594951601328,-0.34643364303178303,1.4508970448002274,1.0,0.1865008295003771,0.1315320241020872,0.0,0.8684679758979128,0.0,0.0,0.0,0.1315320241020872,0.0,0.8684679758979128,0.0,0.0,0.0,0.0,1
0.21557285711167076,-1.8798815285594968,-0.2883704773468074,-0.3939269548380228,-0.43663510440398373,0.48743119824951364,0.8802812807745168,0.06964503467488886,0.28227012760763953,1.0,0.315703858498239,0.0,0.48743119824951364,0.5125688017504864,0.0,0.0,0.0,0.0,0.0,0.0,1.0,0.0,0.0,0.0,1
-0.29250413942415776,-0.8003489226748053,0.44497259568788844,-0.3831577446929184,-0.3294245714950549,1.0,0.8911812395423615,-0.03703510923966902,0.8815373655153902,1.0,0.21445179311388904,0.0,0.0,0.0,1.0,0.0,0.0,0.10544777310590858,0.0,0.0,0.8945522268940914,0.0,0.0,0.0,1
-0.15281980468943707,-1.1837884163855643,0.2431749487107176,-0.4052515503085198,-0.39496330316954764,0.2001447440526848,1.2936797363925938,-0.040662590945585775,-0.10256502157753455,1.0,0.4515700935562317,0.0,1.0,0.0,0.0,0.0,0.0,0.0,0.0,0.0,1.0,0.0,0.0,0.0,1
0.7534727639278114,0.7807825737173835,0.36955494044255927,-0.33618482212855905,-0.3403202276557797,0.0,-0.6881342933195147,-0.2690911657640817,-0.3832138515809412,1.0,0.22614803216369064,0.0,0.0,0.0,0.5747864955307666,0.0,0.0,0.0,0.0,0.5747864955307666,0.42521350446923345,0.0,0.0,0.0,1
-2.2480452538972036,2.5904343248396344,0.09418181035333034,-0.29627181982153816,-0.3159487388595739,1.0,-3.391509568427391,0.3690951856671468,-0.30332204767552984,1.0,0.4456141705359741,0.0,1.0,0.0,0.0,0.0,0.0,0.022469308320117398,0.0,0.9775306916798826,0.0,0.0,0.0,0.0,1
-0.8859640233871976,-3.4780884409851884,-0.058927790677711575,-0.4171237610116479,-0.4242209811905627,0.0,0.3634396990705054,0.13284675298216755,-0.47501747496748314,1.0,0.38035198363559364,0.0,0.7313226406150539,0.0,0.0,0.0,0.0,0.0,0.0,0.0,1.0,0.0,0.0,0.0,1
1.2737079067925812,-3.1782178340085503,-0.21269257486070234,-0.4494391615397224,-0.3412139387579039,1.0,0.5529616970654485,-0.09228671030973895,-0.8751735090774828,1.0,0.06500214811214933,0.0,0.4583657853391331,0.0,0.5416342146608669,0.4583657853391331,0.0,0.5416342146608669,0.0,0.0,0.0,0.0,0.0,0.0,1
0.4024269029629474,2.30540180115756,0.06906218298611491,-0.37945943828694206,-0.33973496245762647,0.36652178017385273,-0.039741664677091504,-0.2690911657640817,-0.8056080203577869,1.0,0.1865008295003771,0.0,0.0,0.36652178017385273,0.6334782198261473,0.6334782198261473,0.0,0.0,0.0,0.36652178017385273,0.0,0.0,0.0,0.0,1
0.7526080309656346,0.7654627640977422,0.43191032948608926,-0.31257275936324136,-0.38100676127341515,0.0,-0.07342963508873622,-0.31118201837015924,-0.19350883931201507,1.0,-0.010210335568630768,0.0,0.0,0.0,0.0,0.0,0.0,0.0,0.0,0.0,1.0,0.0,0.0,0.0,1
0.8492350853489681,0.7579393255605086,0.22383382071785157,-0.3831577446929184,-0.3056788424821191,0.13935607407282413,-1.1125267351982704,-0.20085662447094776,-0.7515892134845709,1.0,0.41463108156003503,0.0,0.0,0.0,0.8606439259271759,0.0,0.0,0.0,0.0,0.8606439259271759,0.0,0.0,0.0,0.0,1
-0.6326910393832286,-2.6174582156154127,0.19229124294504515,-0.2947825222305131,-0.3263885683291244,0.8349302367992991,-0.30696873414098824,0.08115065284809853,-0.3217796975341787,1.0,0.4515700935562317,0.0,1.0,0.0,0.0,0.8349302367992991,0.0,0.0,0.0,0.0,0.16506976320070088,0.0,0.0,0.0,1
0.9281194775029561,0.8557281015519005,0.4506222101618274,-0.4266561255489951,-0.31648590513183616,0.0,0.16637698830447234,-0.4323050568631192,-0.9956526428222723,0.9844021807035521,0.18236632701859146,0.0,0.0,0.0,0.0,0.0,0.0,0.0,0.0,0.0,1.0,0.0,0.0,0.0,1
-0.10293276268231022,0.7855881159788152,-0.3687469567722406,-0.37267843577914267,-0.3038433705158624,1.0,-0.45288462809144514,-0.028463323732190515,0.4136395601580367,1.0,0.3122257838118707,0.0,0.0,1.0,0.0,0.0,0.0,1.0,0.0,0.0,0.0,0.0,0.0,0.0,1
1.0332951293630852,-0.5708856484367251,0.23766383863795257,-0.3579353773105042,-0.3451188095195911,0.0,0.24232518400097267,0.3095206148136429,-1.5263481934403307,1.0,0.4515700935562317,1.0,0.0,0.0,0.0,0.0,0.0,0.0,0.0,0.0,1.0,0.0,0.0,0.0,1
0.41414210107896404,2.415015770018312,-0.3327762732512625,-0.3368966582092742,-0.3977736354421972,1.0,-1.7238060953918493,-0.2690911657640817,-1.2557175283395523,1.0,0.37938979091872527,0.0,0.0,1.0,0.0,0.0,0.0,0.727692673480631,0.0,0.27230732651936895,0.0,0.0,0.0,0.0,1
-2.564577792637239,0.4562645572138577,-0.4655843493501811,-0.34018909356005317,-0.33875459563121524,0.9816093234525333,1.6977227451455357,-0.27209277964333756,0.36780648009018097,1.0,0.4515700935562317,0.018390676547466733,0.0,0.9816093234525333,0.0,0.0,0.0,1.0,0.0,0.0,0.0,0.0,0.0,0.0,1
-0.9998874122223009,-0.07470848628694648,0.19643981413521563,-0.3572770080595623,-0.401894582018459,0.914298806560499,0.16556185446313954,1.6941131393624373,-1.0180634947986036,1.0,0.16378407722666016,0.914298806560499,0.0,0.0,0.0,0.085701193439501,0.0,0.914298806560499,0.0,0.0,0.0,0.0,0.0,0.0,1
-1.1455949721869247,2.396579172020381,0.015291581986044057,-0.3831577446929184,-0.3817035171569246,0.11775108289014113,-0.062205297478363744,-0.41308644444349396,1.9895704851175458,1.0,0.1865008295003771,0.0,0.0,0.0,0.11775108289014113,0.0,0.0,0.8822489171098589,0.0,0.11775108289014113,0.0,0.0,0.0,0.0,1
2.0057222596080155,-2.909308133498415,-0.24485595063144378,-0.3730145038745014,-0.37313796742125205,0.0,-0.07430809017109985,-0.15001856510896644,1.3162652591143211,1.0,-1.344469365247229,0.0,0.0,0.0,0.0,0.0,0.0,1.0,0.0,0.0,0.0,0.0,0.0,0.0,1
-2.5045286207963984,1.1080646980941269,0.11332933406176596,-0.3068923677781208,-0.38563075038325856,1.0,2.0073865698767706,0.5602987393186304,-0.13417507580926905,1.0,0.4515700935562317,0.0,0.0,1.0,0.0,0.0,0.0,0.274055220687206,0.0,0.725944779312794,0.0,0.0,0.0,0.0,1
0.3887956088606894,-1.051799736008618,-0.00869730233004734,-0.3634579355897681,-0.38888220899168663,0.0,-0.8545789414080607,-0.06848334212840596,-0.29041222902491837,1.0,-0.0785684345554774,0.0,0.4458219974842066,0.0,0.0,0.4458219974842066,0.0,0.5541780025157934,0.0,0.0,0.0,0.0,0.0,0.0,1
-0.7491432278149617,-2.6968820335416748,0.3658042295213333,-0.2947825222305131,-0.3385462761577214,1.0,0.3870794308684715,-0.2121981309891981,-0.2263315670146679,1.0,0.4515700935562317,0.0,1.0,0.0,0.0,0.6514203883518642,0.0,0.0,0.0,0.3485796116481358,0.0,0.0,0.0,0.0,1
0.9816773776392915,-0.49002424791416976,0.22584562224575438,-0.3540167394351397,-0.3337762709512007,0.0,0.24247207963569473,-0.02602889169136091,-1.5743302531411225,1.0,0.4064398787654224,0.8297418037072016,0.0,0.0,0.0,0.0,0.0,0.0,0.0,0.0,1.0,0.0,0.0,0.0,1
-1.311253531656352,-0.7581005374945521,-0.3998403588688425,-0.3961302874021118,-0.34280375855734113,1.0,-0.2747888380398275,-0.2690911657640817,0.6277995487324509,1.0,0.4515700935562317,1.0,0.0,0.0,0.0,0.0,0.0,0.7935787282393968,0.0,0.0,0.2064212717606032,0.0,0.0,0.0,1
1.9176261812345061,0.4563229557433846,-0.463879312649283,-0.40476567090659393,-0.3591341998913132,1.0,0.4543051921641179,-0.2655018218016639,0.7735010054101842,1.0,0.1894154857105648,0.0,0.9890041713415195,0.010995828658480478,0.0,0.0,0.0,1.0,0.0,0.0,0.0,0.0,0.0,0.0,1
1.8148149856056421,-2.976831300676751,-0.24381262190041347,-0.32594930135304245,-0.4358627566615224,0.0,0.43418788462781793,-0.009688292523227199,1.097821329684161,1.0,0.41528592033407097,0.0,0.0,0.0,0.0,0.0,0.0,0.8631143699311927,0.0,0.13688563006880727,0.0,0.0,0.0,0.0,1
-1.9551701124233316,-1.3298539414649808,0.3474020452834976,-0.29036046615244604,-0.4214549302480292,0.0,-1.1560996018331653,-0.38335001735910745,0.9241250723785928,1.0,0.1865008295003771,0.0,0.0,0.9000186418481051,0.0,0.0,0.0,0.0,0.0,0.0,1.0,0.0,0.0,0.0,1
-1.099978466599112,-0.6230706627677637,-0.38815162717509016,-0.4052515503085198,-0.32659240935652767,0.8738900775625152,-0.16460195997163107,-0.28967405691130144,0.8758796521543326,1.0,0.4515700935562317,1.0,0.0,0.0,0.0,0.0,0.0,1.0,0.0,0.0,0.0,0.0,0.0,0.0,1
-0.2609323646985836,-1.9505611071968154,0.4429232660301576,-0.32118078013364143,-0.3154525342725943,0.0,0.25606033363168945,0.8373855524240961,-0.34668250824360647,1.0,-3.9478939826670505,0.4025868978296917,0.5974131021703083,0.0,0.0,0.0,0.0,0.0,0.0,0.4025868978296917,0.5974131021703083,0.0,0.0,0.0,1
-2.3294653342306013,1.8820257448279045,0.41169301319556895,-0.2815148194472008,-0.37726395662347356,0.3994831395663466,1.5620313256885225,0.18731721769550136,0.007087566978678128,1.0,0.13321296905967006,0.0,0.0,0.3994831395663466,0.6005168604336534,0.0,0.0,0.0,0.0,1.0,0.0,0.0,0.0,0.0,1
1.6986883776527886,1.2896037056230951,0.18271945476868334,-0.33156951886078534,-0.3227417622063615,0.6650366745462555,0.3278041668356217,0.22374295581022752,1.640151903845612,1.0,0.010220047608248323,0.0,0.0,0.0,1.0,0.0,0.0,1.0,0.0,0.0,0.0,0.0,0.0,0.0,1
0.36202884863416596,-2.660588313285919,0.3789093870893636,-0.35059399028311367,-0.3231982139915845,0.0,0.8258977793569977,1.105440486285973,-0.42037869798203137,1.0,-4.054607395393297,0.0,0.8246287213765504,0.0,0.0,0.1753712786234496,0.0,0.0,0.0,0.0,0.8246287213765504,0.0,0.0,0.0,1
-0.8525914262984724,0.34820871127692476,-0.42696865277178975,-0.38693967635242144,-0.3047094587224082,0.9144119459249598,-0.18599345458532857,-0.1338155933394085,-0.016510245964861614,0.9144119459249598,0.16381406699473353,0.08558805407504022,0.0,0.9144119459249598,0.0,0.0,0.0,1.0,0.0,0.0,0.0,0.0,0.0,0.0,1
-1.9995238533675295,0.6995990165930095,0.32260158139037476,-0.3410436951030571,-0.37604321924128126,1.0,1.7311126400429155,0.46331107085785117,0.02222375862294851,1.0,0.22956370387338024,0.0,0.0,1.0,0.0,0.0,0.0,0.0,0.0,1.0,0.0,0.0,0.0,0.0,1
-0.7140399762156022,-3.102320525073408,0.4770107698013548,-0.32017748673148905,-0.33939801036128303,0.6168614717505025,1.2783097087071975,-0.23094433471616216,-0.257781640071177,1.0,0.35001184584169415,0.0,1.0,0.0,0.0,0.38313852824949746,0.0,0.0,0.0,0.6168614717505025,0.0,0.0,0.0,0.0,1
-0.704690380064075,-2.3417690516532548,0.3187069077881711,-0.3054114609351015,-0.3791968840191164,0.5189177052828375,0.14497011832419038,-0.2690911657640817,-0.12418463980971585,1.0,0.3240499637452517,0.0,0.5189177052828375,0.0,0.0,0.5189177052828375,0.0,0.0,0.0,0.48108229471716246,0.0,0.0,0.0,0.0,1
-0.7446828162805974,2.0609648944654757,-0.23990549893366925,-0.42630769898364423,-0.40586153909234146,0.046965966775055046,-0.5426011834424375,-0.27675666395066656,1.4966321325782939,1.0,0.4515700935562317,0.0,0.953034033224945,0.0,0.046965966775055046,0.046965966775055046,0.0,0.0,0.0,0.0,0.953034033224945,0.0,0.0,0.0,1
1.4662065676498277,-3.294302518220359,-0.11857447953034045,-0.28003638146772014,-0.3227968253508662,0.8337166312439206,1.4147867446584133,0.3833890413714456,0.3858514765371463,1.0,0.23057743968127936,1.0,0.0,0.0,0.0,0.0,0.0,1.0,0.0,0.0,0.0,0.0,0.0,0.0,1
0.31483970349569457,2.5011283824521966,0.21057368995442155,-0.33318229910521796,-0.35016359506140715,0.26196638357362956,0.11738835744544296,-0.3118477185642768,-0.8628667745002463,1.0,0.1865008295003771,0.0,0.26196638357362956,0.0,0.7380336164263704,1.0,0.0,0.0,0.0,0.0,0.0,0.0,0.0,0.0,1
-1.33456868814201,0.736145649581643,-0.1760619236588759,-0.3555759260542117,-0.403787178118368,0.08279866792512647,1.8362724045377818,1.1728060685875017,0.30609087730111717,1.0,0.20844821147209547,0.0,0.0,0.08279866792512647,0.0,0.0,0.0,0.0,0.0,0.08279866792512647,0.9172013320748735,0.0,0.0,0.0,1
1.5001424396511054,1.3943776841079678,0.4957310815776821,-0.3477380136141268,-0.35506390376965435,1.0,0.20098284716138387,-0.36753396847468356,1.6775391409232965,1.0,0.026623743730385396,0.0,0.0,0.0,0.6031521094663882,0.0,0.0,0.6031521094663882,0.0,0.0,0.3968478905336118,0.0,0.0,0.0,1
-1.219442921093577,-1.2693150598615324,0.2424469363816779,-0.36689565808113855,-0.39795813682310743,0.0,-0.4692758880766439,-0.3922606739943463,-0.5309653521494166,1.0,-0.013533926615490535,0.754650890318679,0.0,0.0,0.0,0.0,0.0,0.0,0.0,1.0,0.0,0.0,0.0,0.0,1
-0.8610181448066249,0.4357915187957324,-0.05483492781034624,-0.3868670039482659,-0.41238425047264793,0.6107043859580235,0.31766639511841255,0.7638002128583693,-1.0596286335995369,0.6107043859580235,0.0833105275860984,1.0,0.0,0.0,0.0,0.0,0.0,1.0,0.0,0.0,0.0,0.0,0.0,0.0,1
-0.6230222871500227,-1.2471042076973529,-0.1894779409719979,-0.4145886693188142,-0.39103634890929534,0.28869373677069987,1.468493527435959,-0.1058772746650442,0.5787309994105552,1.0,0.26302466584372114,0.0,0.7113062632293001,0.0,0.0,1.0,0.0,0.0,0.0,0.0,0.0,0.0,0.0,0.0,1
-0.7605528767300762,-2.3499327279651463,0.3683027752595054,-0.3610639390773171,-0.32820163346089104,0.0,1.286826992870504,-0.4323050568631192,-1.0366743982930833,1.0,0.1865008295003771,0.0,0.35567271646494913,0.6443272835350509,0.0,1.0,0.0,0.0,0.0,0.0,0.0,0.0,0.0,0.0,1
-2.2382663599914596,-2.1116160539766504,-0.10640923572480254,-0.4114588954662863,-0.33406601919951534,1.0,-1.4647038728832829,-0.060021663629957034,0.19651925828850292,1.0,-0.0040961394091866,0.0,1.0,0.0,0.0,0.7190459051842455,0.0,0.2809540948157545,0.0,0.0,0.0,0.0,0.0,0.0,1
-1.5476294275025313,0.9063238376334971,0.3965644161954749,-0.2792532660440642,-0.28440828281391667,0.0,0.06456415191212617,0.3530007243835854,-0.9398454237750845,1.0,0.10774299500512921,0.0,0.702878284376825,0.297121715623175,0.0,1.0,0.0,0.0,0.0,0.0,0.0,0.0,0.0,0.0,1
-1.48884603279516,-2.1368812045005727,0.09859291123477922,-0.3706437106704242,-0.40672009324353453,0.5664046402968972,-0.4808703105027796,-0.24741484630430463,-0.26723090670681376,1.0,0.22170448776716167,1.0,0.0,0.0,0.0,0.0,0.0,0.0,0.0,1.0,0.0,0.0,0.0,0.0,1
-1.885344825270638,-0.8793518260917426,-0.12793792762708464,-0.3726399796435027,-0.41324232420509566,0.47605040219909966,-0.37994355212885805,-0.3546070183609423,-0.6021577563489205,1.0,0.17380422497334036,1.0,0.0,0.0,0.0,0.0,0.0,0.0,0.0,0.5239495978009003,0.47605040219909966,0.0,0.0,0.0,1
-0.9262810825616101,1.677747461568239,-0.4653852827059276,-0.34640091735711515,-0.41824501221850025,0.6636711653626481,1.5343280044134784,-0.4323050568631192,-0.18609995270635932,0.6636711653626481,0.3624196568781456,0.0,0.0,0.33632883463735186,0.6636711653626481,0.0,0.0,0.0,0.0,0.6636711653626481,0.33632883463735186,0.0,0.0,0.0,1
-0.7806291375839953,-2.5258682553434193,0.2500302337403678,-0.29896953661065007,-0.3224276873705845,1.0,-0.15993168612231526,-0.25878090171753493,-0.2958337597150945,1.0,0.4515700935562317,0.06317026067524201,0.936829739324758,0.0,0.0,0.936829739324758,0.0,0.0,0.0,0.06317026067524201,0.0,0.0,0.0,0.0,1
0.4951889089640046,-0.33144931574232783,0.11861437105699058,-0.30813971721745975,-0.37143143046915855,0.0,0.5016575593401462,-0.4323050568631192,-0.16734447761522464,0.7325720972102503,0.1865008295003771,0.0,1.0,0.0,0.0,0.0,0.0,0.2674279027897497,0.0,0.7325720972102503,0.0,0.0,0.0,0.0,1
-1.4188004866309432,0.8474423317107675,-0.0647923062932935,-0.38005934285142884,-0.3895471667752003,0.21494037859075676,1.743942052695994,0.9191838097744742,0.5099082724023052,1.0,0.24347491746931577,0.0,0.0,0.0,0.0,0.0,0.0,0.0,0.0,0.0,1.0,0.0,0.0,0.0,1
-2.5668895100038784,0.4906696185893099,-0.4351908867704018,-0.3424149040843611,-0.3375361952340378,1.0,1.7007811151619094,-0.2640016449540626,0.3841171706122561,1.0,0.4515700935562317,0.0,0.0,0.9688168649387153,0.0,0.0,0.0,0.9688168649387153,0.0,0.0,0.031183135061284672,0.0,0.0,0.0,1
-0.572100372003458,1.4542993510908468,-0.31089841775245136,-0.38424158233620426,-0.3596198561954812,0.2622640442998251,1.234464106302513,-0.3894999216975744,-0.494596378751942,0.2622640442998251,0.11698269228951044,0.0,0.0,0.7377359557001749,0.2622640442998251,0.0,0.0,0.0,0.0,0.0,1.0,0.0,0.0,0.0,1
1.1232712872787478,1.1240672050163443,0.05381656959412401,-0.3384263972500403,-0.3201953583938159,0.0,-0.7907239418314882,0.19353117989191693,-0.7879478772258536,1.0,0.4515700935562317,0.0,0.40492206929974517,0.0,0.5950779307002548,0.0,0.0,0.0,0.0,1.0,0.0,0.0,0.0,0.0,1
0.21083933475891048,-1.7544962179391759,-0.2883704773468074,-0.3842939366196636,-0.427006509309464,0.05142581348425035,0.8802812807745168,0.49661784700091854,-0.13558462116643233,1.0,0.20013223203412098,0.0,0.05142581348425035,0.9485741865157497,0.0,0.0,0.0,0.0,0.0,0.0,1.0,0.0,0.0,0.0,1
1.956626488252975,1.8006518972473609,-0.008012563548411233,-0.3059097084663048,-0.3370547158450842,0.0,-0.20170550662464526,-0.3512911902471787,0.775490995070062,1.0,0.05300300129232066,0.49636624720123634,0.5036337527987637,0.0,0.0,1.0,0.0,0.0,0.0,0.0,0.0,0.0,0.0,0.0,1
0.5534449221965028,-0.2338221692657774,0.01037539570320839,-0.32613237098633097,-0.3774262278728829,0.0,0.5718080787115835,-0.4323050568631192,-0.2974234007859793,0.5968428489168892,0.1865008295003771,0.0,1.0,0.0,0.0,0.0,0.0,0.4031571510831108,0.0,0.5968428489168892,0.0,0.0,0.0,0.0,1
0.02613402723146946,-1.0772718941353878,0.3466862381862876,-0.2874581557187362,-0.38914517124842307,0.0,0.39798992731145355,-0.3777518108668012,0.0889505660699574,1.0,0.1865008295003771,0.0,0.6657561091830392,0.0,0.0,0.0,0.0,0.0,0.0,1.0,0.0,0.0,0.0,0.0,1
0.40148381523725835,1.828920633246606,-0.19098291682183455,-0.42919347658233725,-0.36652622548828007,1.0,-0.03274029195525219,-0.19431054450418592,-0.17640991257031646,1.0,0.24722496305764965,0.0,0.0,1.0,0.0,0.0,0.0,0.22908779625417808,0.0,0.7709122037458219,0.0,0.0,0.0,0.0,1
-0.2358045158490542,-1.010289456051864,0.3077027943643053,-0.40760671139222,-0.38405759683821294,0.0,1.4301795083324538,0.03993830075567006,-0.23421344031542968,1.0,0.4233141730484231,0.0,1.0,0.0,0.0,0.1065982531337718,0.0,0.0,0.0,0.0,0.8934017468662282,0.0,0.0,0.0,1
-0.8394967987553389,-1.934425962083137,0.3761815426658444,-0.3577437799892002,-0.36625712538447536,0.0,1.327221068554009,-0.4200415271374677,-1.1772791096139001,1.0,0.1865008295003771,0.0,0.0,0.9248622182641912,0.0,0.9248622182641912,0.0,0.0,0.0,0.07513778173580876,0.0,0.0,0.0,0.0,1
-1.1221751555810247,0.8855882963887796,-0.27610508868365624,-0.3610639390773171,-0.3917820034113523,0.0,1.6982094453068057,0.7562001466824655,0.13948853417592383,0.7281887562036033,0.1865008295003771,0.0,0.0,0.27181124379639665,0.0,0.0,0.0,0.0,0.0,0.0,1.0,0.0,0.0,0.0,1
-2.6039884215197207,1.2958366853310268,-0.11913634225678296,-0.3166770998794695,-0.3932431888590696,1.0,1.3943265321624583,-0.35143399113932194,0.2246260853492455,1.0,0.18411060251021005,0.0,0.0,0.49549131620619846,0.5045086837938015,0.0,0.0,1.0,0.0,0.0,0.0,0.0,0.0,0.0,1
-1.3090065543467229,-2.8387837358578225,0.2047454799101377,-0.300226224149363,-0.3954659488243008,1.0,-0.39908819234172543,-0.3305909421907901,-0.005298666513536887,1.0,0.4515700935562317,0.31159760357226396,0.0,0.688402396427736,0.0,0.0,0.0,0.0,0.0,1.0,0.0,0.0,0.0,0.0,1
0.5944747101694977,-1.6696972991173602,-0.15259548786117544,-0.37067092977277755,-0.3999416024287954,0.0,-1.3174005155022508,0.39789120602041284,-0.01226834260466611,1.0,0.22105136828610994,0.0,0.4348273386037462,0.0,0.5651726613962538,1.0,0.0,0.0,0.0,0.0,0.0,0.0,0.0,0.0,1
-1.6453210525234148,-0.04285416512183271,0.11868821025292739,-0.3889196744314985,-0.3375361952340378,1.0,1.317737046391308,-0.1460935092847132,0.46594590565246224,1.0,0.05205877666963507,0.0,0.0,1.0,0.0,0.0,0.0,0.2464020332391068,0.0,0.7535979667608932,0.0,0.0,0.0,0.0,1
0.8698530804521326,0.4006012808305324,-0.29516631376332453,-0.38715446292253747,-0.3896932833273123,1.0,-1.2904533623823309,0.10245044904026485,-0.9684869193357644,1.0,0.23445124502388676,0.0,0.18089768232580028,0.0,0.0,0.0,0.0,0.0,0.0,0.0,0.18089768232580028,0.0,0.0,0.0,1
1.3851642865646547,0.6907997319071594,0.5179138223874338,-0.4096832168881554,-0.4037226804643204,0.0,-0.5870053947972327,0.22007382420130223,-0.13074535101237605,1.0,0.39840140821324854,0.0,0.0,0.7994158789689793,0.0,0.0,0.0,0.0,0.0,0.0,1.0,0.0,0.0,0.0,1
-0.7258284642250284,0.626121622470315,-0.18133725994340574,-0.3543186222506177,-0.390302738862402,0.30530352914557324,1.6528025689383226,1.3991529619597252,0.2791724758025585,1.0,0.10557424771610488,0.30530352914557324,0.0,0.0,0.0,0.0,0.0,0.0,0.0,0.0,1.0,0.0,0.0,0.0,1
0.21849100494452528,-1.450328080257065,-0.44147040259247555,-0.3711323011705385,-0.33152623429114575,0.0,-1.0837167297007264,-0.21021572290820054,-0.2100014535811323,1.0,-0.0785684345554774,0.0,1.0,0.0,0.0,1.0,0.0,0.0,0.0,0.0,0.0,0.0,0.0,0.0,1
-0.710889543307055,-2.1726184810235503,0.41248994774202913,-0.3440364198264013,-0.4479545000412548,0.4097693331309129,0.6785938456804868,0.06530907080268844,0.31335678768829195,1.0,0.29511808506604653,0.0,0.0,0.0,0.4097693331309129,0.0,0.0,0.4097693331309129,0.0,0.5902306668690871,0.0,0.0,0.0,0.0,1
-0.5465171454502343,1.8718145419449426,-0.028060247055481567,-0.3487774762913107,-0.39150635681929946,0.3609738969400268,0.28024169556296347,-0.3280071200688464,2.5419793317184296,1.0,0.4515700935562317,0.0,0.0,0.6390261030599732,0.3609738969400268,1.0,0.0,0.0,0.0,0.0,0.0,0.0,0.0,0.0,1
-2.1304628908354477,-2.9824389309042143,-0.07463997424773659,-0.3128295347942096,-0.36164232365297266,1.0,-0.7452117264979974,-0.4323050568631192,1.4444994161430094,1.0,0.4515700935562317,0.0,0.0,0.09158207332663415,0.0,0.0,0.0,0.9084179266733658,0.0,0.09158207332663415,0.0,0.0,0.0,0.0,1
-0.7386755271487431,-2.0799351411210187,0.36152836121139365,-0.3223569012184733,-0.4424764431444374,0.0,0.36424213754680257,-0.282586738853956,0.021026932176204438,1.0,0.16458319980074385,0.08268642453775721,0.0,0.0,0.0,0.0,0.0,0.0,0.0,1.0,0.0,0.0,0.0,0.0,1
-2.1034242130395997,-3.583838108286674,0.3066955707461605,-0.4061854462713074,-0.3435791077508842,1.0,-1.5342140894797798,-0.29142186689120847,1.2520010861583035,1.0,-0.006035606941840049,0.0,0.0,0.1368186309189614,0.0,0.0,0.0,0.8631813690810386,0.0,0.1368186309189614,0.0,0.0,0.0,0.0,1
1.9817041977110934,-2.98315413641774,-0.2972942645314049,-0.3168763278461144,-0.44355873441419214,0.0,0.3685835800227121,0.11419030223403337,0.8559070271907063,1.0,0.4515700935562317,0.04976264617919757,0.0,0.0,0.0,0.0,0.0,1.0,0.0,0.0,0.0,0.0,0.0,0.0,1
1.3778947636097856,0.5267449776553143,0.5312436806687965,-0.4249594800108579,-0.4061719585261114,0.0,-0.35868598821784153,0.8933247622317807,-0.27742557132201784,1.0,0.4515700935562317,0.44600577295795574,0.0,0.5539942270420443,0.0,0.0,0.0,0.0,0.0,0.0,1.0,0.0,0.0,0.0,1
1.9919370041331539,0.6816029712198008,-0.10214687321769962,-0.33078955157610096,-0.4234240230416282,0.8148670711613804,-0.3678224358894644,0.39589696129954405,-0.08847539281199064,1.0,0.2355738787001349,0.18513292883861965,0.0,0.0,0.8148670711613804,0.0,0.0,0.0,0.0,1.0,0.0,0.0,0.0,0.0,1
-0.427118704162277,-1.3076288852271098,0.05244597048998356,-0.3555094307583952,-0.35591855093201336,0.0,-0.7649493199111488,0.13210474532115402,0.6021709432181865,1.0,-3.910966110080545,0.5419009473783581,0.45809905262164186,0.0,0.0,0.0,0.0,0.0,0.0,0.5419009473783581,0.45809905262164186,0.0,0.0,0.0,1
1.5285485511420893,1.4073262483041522,0.48975468271526473,-0.3417772434665151,-0.34314783740252774,1.0,0.4519759564862172,-0.4115680523561721,1.7144766237123397,1.0,-0.04489028077600521,0.0,0.0,0.0,0.8729458358764083,0.0,0.0,0.8729458358764083,0.0,0.0,0.12705416412359172,0.0,0.0,0.0,1
-1.1757024022626708,2.14592460065197,0.24725951307803665,-0.3669801103856798,-0.34936310487892425,0.7322248864095612,-0.27710012736567824,-0.312795783992664,0.9029530873100642,1.0,0.1865008295003771,0.0,0.7322248864095612,0.0,0.0,0.0,0.0,1.0,0.0,0.0,0.0,0.0,0.0,0.0,1
-1.4855142462700481,2.17491865241954,0.1954845867423799,-0.3567901386796629,-0.34180803326143633,1.0,-0.40012941223602916,-0.20594735026955338,0.6056157506476243,1.0,0.13522613532420233,0.0,0.8065611478614497,0.0,0.0,0.19343885213855028,0.0,0.8065611478614497,0.0,0.0,0.0,0.0,0.0,0.0,1
-1.5153821543714714,-0.2096713172470763,0.3928702817331592,-0.4127903242772231,-0.3752127574538662,1.0,0.8024053520004327,0.11688790304238456,0.4996808296740934,1.0,-1.435259062599576,0.0,0.0,0.6587833667107174,0.0,0.0,0.0,0.0,0.0,1.0,0.0,0.0,0.0,0.0,1
1.7067138713346506,1.3327821008410408,-0.29347621015160436,-0.2930850619156346,-0.3868024962717946,0.30772343548214753,-0.3919473687395076,0.7729565933543707,-0.5745069508699369,1.0,0.3700020689802396,0.0,0.6922765645178525,0.0,0.30772343548214753,0.0,0.0,0.0,0.0,1.0,0.0,0.0,0.0,0.0,1
-2.1748604619550296,1.3068351667659357,0.3621065229125685,-0.43277995173820616,-0.3375361952340378,1.0,1.5316679620084597,-0.1304906391677235,0.9440879981708976,1.0,0.4515700935562317,0.0,0.0,0.1508043484346807,0.0,0.0,0.0,0.1508043484346807,0.0,0.0,0.8491956515653193,0.0,0.0,0.0,1
-2.2226865132909603,-3.363490665673496,0.18252301628931594,-0.42182923946795203,-0.33202261157347285,1.0,-1.6006955808658017,-0.228341878555225,1.2871410995966555,1.0,-0.0785684345554774,0.0,0.24966800885918594,0.0,0.0,0.24966800885918594,0.0,0.7503319911408141,0.0,0.0,0.0,0.0,0.0,0.0,1
-2.1027576883802226,0.36815277761554555,-0.4655843493501811,-0.3728117702780569,-0.37136229322888237,0.4894249636431405,1.4433414021316726,-0.3524241041459173,0.5025764879877442,1.0,0.4515700935562317,0.5105750363568595,0.0,0.4894249636431405,0.0,0.0,0.0,1.0,0.0,0.0,0.0,0.0,0.0,0.0,1
-0.5363129124731774,0.6663935839420323,0.25153000883789534,-0.3487448502775117,-0.36216305989846764,0.22120944181960223,-0.8202860804428576,0.021232162686769716,0.5154477010750868,1.0,0.39293426961090333,0.0,0.0,1.0,0.0,0.0,0.0,0.22120944181960223,0.0,0.7787905581803978,0.0,0.0,0.0,0.0,1
-1.2843129475716304,-3.8748874742659574,-0.3455377291252501,-0.31714878848028966,-0.3154525342725943,0.987668007996647,1.3907491762259538,-0.08776250306621924,1.0253723177323026,1.0,-3.7928069633821133,0.987668007996647,0.012331992003352998,0.0,0.0,0.0,0.0,0.0,0.0,0.0,1.0,0.0,0.0,0.0,1
0.4393409346368764,-0.648662658106689,0.3507729206447323,-0.2793386103952411,-0.3404769119014057,0.0,-0.7511983505397428,-0.4323050568631192,-0.6338940768647807,1.0,-0.048912135235341436,0.055940660313386736,0.0,0.0,0.0,0.0,0.0,0.9440593396866133,0.0,0.0,0.055940660313386736,0.0,0.0,0.0,1
2.197130608120351,0.19308745285768547,0.13513258537496523,-0.2947825222305131,-0.31893528761280576,0.0,0.05741023315794746,-0.23691614927867363,-0.86942004900636,1.0,0.4515700935562317,0.9605731886314941,0.0,0.0394268113685059,0.0,0.0,0.0,0.0,0.0,0.9605731886314941,0.0394268113685059,0.0,0.0,0.0,1
1.6226404849047733,-3.0093109728044114,-0.16703776119307356,-0.33639122256665044,-0.4219465877660748,0.0,0.5156106926004276,-0.08682604875563882,1.3135083832923413,1.0,0.37352712121519327,0.0,0.0,0.0,0.0,0.0,0.0,0.7055751725156885,0.0,0.29442482748431154,0.0,0.0,0.0,0.0,1
1.9231964709575275,-2.973158635577386,-0.32045748767938187,-0.315224778701657,-0.4363989643398257,0.07475168258433418,0.45616316593912165,0.020735077491625065,0.9615823904327566,1.0,0.4317557200666654,0.0,0.0,0.07475168258433418,0.0,0.0,0.0,0.9252483174156658,0.0,0.07475168258433418,0.0,0.0,0.0,0.0,1
0.3799279442559137,1.8602547136948893,-0.1834604724303423,-0.4334807752428687,-0.36974022305756155,1.0,0.007376911201126796,-0.21014635633451428,-0.23618650808855135,1.0,0.23436580333991136,0.0,0.0,1.0,0.0,0.0,0.0,0.18057534512733353,0.0,0.8194246548726665,0.0,0.0,0.0,0.0,1
0.019138449855903822,-1.5716565458718583,-0.0012476075544567422,-0.4052515503085198,-0.4193304469055038,0.5679452305526295,1.1035851511984576,-0.2207530365949106,0.30027975381940364,1.0,0.4515700935562317,0.0,1.0,0.0,0.0,0.0,0.0,0.0,0.0,0.0,1.0,0.0,0.0,0.0,1
0.039812562406472046,-3.3556912441877813,-0.38976874359015357,-0.4457047912890557,-0.36708516732884156,0.08451170241195816,0.40711886101760053,-0.1334642422531634,0.2721426723503999,1.0,0.20890228426282226,0.0,0.08451170241195816,0.0,0.0,0.0,0.0,0.0,0.0,0.0,1.0,0.0,0.0,0.0,1
-1.218680151285356,-2.9035667253306197,-0.2879633427067303,-0.2970325097874311,-0.3352872407877582,0.0,0.38800226964119006,-0.4323050568631192,-0.8601249551844631,1.0,0.1865008295003771,0.0,1.0,0.0,0.0,0.03394597858579884,0.0,0.0,0.0,0.9660540214142012,0.0,0.0,0.0,0.0,1
-1.5105578755862457,-2.4060211568006125,0.07537512469003028,-0.367749076875986,-0.4125067026159615,0.6974202672468399,-0.4131559866420285,-0.20464770576574448,-0.15960674071999148,1.0,0.29116091939803707,1.0,0.0,0.0,0.0,0.0,0.0,0.0,0.0,1.0,0.0,0.0,0.0,0.0,1
1.990416917412112,0.9669474385372103,-0.3422393279500635,-0.32344589901499554,-0.33933475597341095,0.29734900737255077,-0.24561128140663405,1.235072705279068,1.050950657481891,1.0,0.1865008295003771,0.0,0.0,0.0,1.0,0.0,0.0,0.7026509926274492,0.0,0.29734900737255077,0.0,0.0,0.0,0.0,1
0.5663516742622243,-0.5901791903410174,0.2323076794726721,-0.3831577446929184,-0.4429456736751551,0.0756038046234696,-0.7171336922948395,-0.38294669232516765,-0.616301720338585,1.0,-0.058528189704111694,0.0,0.0,0.0,0.0,0.0,0.0,0.9243961953765304,0.0,0.0,0.0,0.0,0.0,0.0,1
0.18100942321860702,1.481140123741532,-0.013220136433368723,-0.44752086102325017,-0.36025899609687845,0.9710582451653678,0.7769129644337146,-0.2738148621858764,-0.5876750368753396,0.9710582451653678,-0.0785684345554774,0.0,0.0,0.0,0.9710582451653678,0.0,0.0,0.0,0.0,0.0,1.0,0.0,0.0,0.0,1
0.25994285201909983,1.542565278299166,-0.009040092697806645,-0.44081960404910286,-0.3620814561127009,1.0,0.8575680730112001,-0.24180171623486066,-0.6032303531429438,1.0,-0.06379519384152638,0.0,0.0,0.0,1.0,0.0,0.0,0.055733510886566084,0.0,0.0,0.9442664891134339,0.0,0.0,0.0,1
-0.6576223722195661,-3.359092821086764,-0.0620604682919393,-0.3471685058454364,-0.41312067510820427,0.0,-0.397454577450164,1.0787059433719386,-0.5165538277467276,1.0,0.4515700935562317,0.0,1.0,0.0,0.0,0.0,0.0,0.0,0.0,0.0,1.0,0.0,0.0,0.0,1
-0.021952562643450746,2.514077414683695,0.23715914966593787,-0.3199243306984002,-0.4296748801051057,0.8620426509893134,0.7376770918337658,-0.4097885011253771,-0.5342407965026068,1.0,0.1865008295003771,0.0,0.8620426509893134,0.0,0.13795734901068657,1.0,0.0,0.0,0.0,0.0,0.0,0.0,0.0,0.0,1
-0.5702981889969707,-2.3815573482877137,0.2556590295808603,-0.3374833000756812,-0.43422282652523897,0.0,0.45073934846371283,-0.24371946822530477,0.11023332157566139,1.0,0.1865008295003771,0.0,0.0,0.0,0.0,0.0,0.0,0.0,0.0,0.8445493985350704,0.15545060146492962,0.0,0.0,0.0,1
-1.6500333518494603,-0.7843463202794352,0.09856286789638112,-0.3902078885206013,-0.352572949531741,1.0,0.9792359167626425,-0.1058772746650442,0.6861248577492461,1.0,0.28240263835130236,0.0,0.0,0.31910047324325563,0.0,0.6808995267567444,0.0,0.0,0.0,0.31910047324325563,0.0,0.0,0.0,0.0,1
1.4986999922935174,-3.7240383445868668,0.210337127387078,-0.3869376529508707,-0.42209266641520565,0.0,-0.09760772447322763,0.1088570228502233,-1.0531765318081925,1.0,0.1865008295003771,0.0,0.0,0.0,0.8289154741506773,0.8289154741506773,0.0,0.0,0.0,0.0,0.17108452584932266,0.0,0.0,0.0,1
-2.583459014832376,0.5209012011821922,-0.4401710676639078,-0.3373348544863212,-0.34162251552424716,1.0,1.6842753101471597,-0.27513132582636907,0.35263730476467475,1.0,0.43195092055926465,0.0,0.0,0.9629923652845074,0.03700763471549262,0.0,0.0,1.0,0.0,0.0,0.0,0.0,0.0,0.0,1
-0.3416761480923729,-2.1017432528170614,0.006066527128854193,-0.31262239188247437,-0.3154525342725943,0.596269878482053,-0.5289980088899051,-0.005513709416756274,-0.15595551829818244,1.0,0.23753720118034577,0.0,1.0,0.0,0.0,1.0,0.0,0.0,0.0,0.0,0.0,0.0,0.0,0.0,1
-0.15096076975933548,2.040171975036559,0.4647884786675313,-0.4001697797676148,-0.2966823982536947,1.0,-0.23299457272037277,0.23360184934850256,1.341683919631752,1.0,0.1865008295003771,0.0,0.769991162712297,0.0,0.23000883728770305,0.769991162712297,0.0,0.0,0.0,0.23000883728770305,0.0,0.0,0.0,0.0,1
-1.8474913007464733,-0.7067903893075922,0.18105792091792966,0.20773432764799804,0.20359212305458535,1.0,-1.1372338620845241,-0.4323050568631192,3.160203976868376,0.12056688577727881,0.4515700935562317,0.8794331142227212,0.0,0.0,0.0,0.0,0.0,0.12056688577727881,0.0,0.0,0.8794331142227212,0.0,0.0,0.0,1
1.158937251420795,-1.212914565899,-0.0037898788708628506,-0.32027670600270225,-0.3579204477808042,0.0,-0.47937539621281305,-0.40718539392225517,-2.5965728433070376,1.0,0.20689875802297336,0.9230467983707908,0.0,0.0,0.07695320162920916,0.0,0.0,1.0,0.0,0.0,0.0,0.0,0.0,0.0,1
0.7310643771979763,-1.6888756750627676,0.3212132579126071,-0.38512114006144565,-0.34620574478809696,0.0,0.6643586854259522,0.34025174126938174,0.5067664861928135,1.0,-4.054607395393297,0.0,0.30371122412186025,0.0,0.0,0.6962887758781398,0.0,0.0,0.0,0.0,0.30371122412186025,0.0,0.0,0.0,1
-0.4927678980116246,0.24931450653452542,0.11571592759178789,-0.3535548076942159,-0.38877581118009436,1.0,0.5431583968709588,1.6372062669727911,-0.6340716476453279,1.0,0.09641042298336559,1.0,0.0,0.0,0.0,0.0,0.0,0.6601250362319339,0.0,0.0,0.33987496376806614,0.0,0.0,0.0,1
-1.0910217522128218,0.41885734330626734,-0.05588059864350331,-0.3130253705769069,-0.2773633696525898,1.0,0.07135188010455504,1.0081717304648043,1.2256874713406212,1.0,0.2594566988149652,0.0,0.0,0.0,1.0,0.0,0.0,1.0,0.0,0.0,0.0,0.0,0.0,0.0,1
2.0182709334034543,-0.5893114373708094,0.1975199143858515,-0.29767046280923076,-0.39945725630271484,0.0,0.16345884129948327,0.5149771016617352,-0.9231077031754628,1.0,0.4515700935562317,0.06535634079894237,0.0,0.9346436592010576,0.0,0.0,0.0,0.0,0.0,0.0,1.0,0.0,0.0,0.0,1
-1.2166873515432974,-3.0693580012091375,0.25963769587805036,-0.30751853379744565,-0.40259181193213506,1.0,-0.23536961199540216,-0.17500624254679936,-0.09112594965442247,1.0,0.36799631574355,0.0,0.0,1.0,0.0,0.0,0.0,0.31529033783061033,0.0,0.6847096621693897,0.0,0.0,0.0,0.0,1
-1.2945662122069443,-0.12736108805545043,-0.1729560854249041,-0.3543796009557643,-0.29511309793464324,1.0,-0.12212846647790965,0.2570387606307897,0.8473628056533369,1.0,0.3295033893348496,0.5394912923753372,0.0,0.0,0.4605087076246628,0.0,0.0,1.0,0.0,0.0,0.0,0.0,0.0,0.0,1
-2.3147355553464424,2.209570845927626,0.41379418603322005,-0.277312438330808,-0.37810625089460204,0.20927683516103646,1.1687536356971957,-0.3032480523476063,0.19720854404735877,1.0,-0.0785684345554774,0.0,0.0,0.0,1.0,0.0,0.0,0.20927683516103646,0.0,0.7907231648389635,0.0,0.0,0.0,0.0,1
1.4129945031407345,0.561421352370251,0.5312436806687965,-0.4193364619870549,-0.41179239466908474,0.0,-0.47707159466077725,0.7479382527397714,-0.17289203303757705,1.0,0.4515700935562317,0.3187525029320699,0.0,0.6812474970679301,0.0,0.0,0.0,0.0,0.0,0.0,1.0,0.0,0.0,0.0,1
1.1145667881964614,-1.0053363419676549,0.038170143822144426,-0.32514181105423534,-0.35135816818996385,0.0,-0.2575073196264641,-0.24912588442685682,-2.2907164796215316,1.0,0.28566552702516784,1.0,0.0,0.0,0.0,0.0,0.0,0.6258913764370091,0.0,0.0,0.3741086235629909,0.0,0.0,0.0,1
0.45015212272314986,2.484634255383833,-0.4067065191225193,-0.3073784495621273,-0.403787178118368,0.8859777482361871,-2.309641960229032,-0.2877011811463277,-1.4759165058071066,1.0,0.4515700935562317,0.0,0.0,1.0,0.0,0.0,0.0,0.8859777482361871,0.0,0.0,0.11402225176381287,0.0,0.0,0.0,1
1.6448872448848286,0.6359662741744567,-0.2660809275213004,-0.35594422156190975,-0.42250505869627947,1.0,-0.7811674355128629,0.421585362188816,-0.27919486654522296,1.0,0.1865008295003771,0.0,0.0,0.0,0.6158631881823046,0.0,0.0,0.0,0.0,0.6158631881823046,0.0,0.0,0.0,0.0,1
-0.5473790257185414,-0.5770797389301657,0.4574873834921702,-0.32051732898811,-0.32574173038902465,0.0,-0.3812759201664683,0.019314394091064592,0.41722766688728485,1.0,-3.851288527865226,0.7670405252463662,0.0,0.0,0.0,0.23295947475363377,0.0,0.0,0.0,0.7670405252463662,0.0,0.0,0.0,0.0,1
2.17035435323497,0.24019909550990823,0.1406202629978478,-0.29801715897798653,-0.3154525342725943,0.0,0.055857017754997636,-0.27307371226778193,-0.8727607621533147,1.0,0.4451021963466525,0.975599218443462,0.0,0.0,0.0,0.0,0.0,0.0,0.0,0.975599218443462,0.02440078155653802,0.0,0.0,0.0,1
-0.3612226061251216,-1.2900214382052277,-0.2316883210459636,-0.42160533546555995,-0.39804979326380485,0.12990112609907012,1.599806525935854,-0.1058772746650442,0.5352503788508569,1.0,0.2209336253954844,0.0,0.8700988739009299,0.0,0.0,1.0,0.0,0.0,0.0,0.0,0.0,0.0,0.0,0.0,1
1.3369856139440912,-0.10961152264978896,-0.009821021971394091,-0.3399099779194894,-0.3817035171569246,0.0,0.27106429867552967,-0.2725626290703575,0.3482107572639077,0.9787305891496129,0.44029435939420425,0.9787305891496129,0.0,0.0,0.0,0.9787305891496129,0.0,0.0,0.0,0.0,0.021269410850387138,0.0,0.0,0.0,1
1.31481101002923,-2.9780340562406513,0.2265648196201723,-0.39417828275781863,-0.39825308655941183,0.0,0.6476408938230062,-0.22780078136899284,-1.1429134725902932,1.0,0.21971356490940594,0.1252983273158006,0.0,0.0,0.0,0.0,0.0,0.1252983273158006,0.0,0.0,0.8747016726841994,0.0,0.0,0.0,1
-1.4035597387871959,-3.412714776927237,0.11548879622642648,-0.3727501732993876,-0.43755170741758587,1.0,0.016606505998302656,0.15311238870901883,-0.05588309292271794,1.0,0.3113651167078257,0.471062865972788,0.0,0.528937134027212,0.0,0.0,0.0,0.528937134027212,0.0,0.471062865972788,0.0,0.0,0.0,0.0,1
-0.7332088724617535,-2.2313487820190385,0.3545854445126312,-0.319568780695649,-0.4466088917536132,0.060932301487103824,0.42271872950286304,-0.2591461677447518,0.0889505660699574,1.0,0.20265210981279316,0.060932301487103824,0.0,0.0,0.0,0.0,0.0,0.0,0.0,1.0,0.0,0.0,0.0,0.0,1
1.3991086795277945,0.18409061915570668,0.46438417710528646,-0.41831965301180396,-0.38614711995785767,0.0,0.1567030663889009,1.3292134100629043,-0.760058566009066,1.0,0.4515700935562317,0.7987832357736654,0.0,0.2012167642263346,0.0,0.0,0.0,0.0,0.0,0.0,1.0,0.0,0.0,0.0,1
1.4380340253669393,1.3667373645941296,0.5070326101410846,-0.36092700899641783,-0.3817491395594902,0.9979341105333375,-0.3607791578628558,-0.2690911657640817,1.5926988037512049,1.0,0.1865008295003771,0.0020658894666625294,0.0,0.0,0.0,0.0020658894666625294,0.0,0.0,0.0,0.0,0.9979341105333375,0.0,0.0,0.0,1
-0.8603304696984704,-2.3808641843839977,0.3451060432790793,-0.30137921049074495,-0.4247194975584312,0.35071181545171015,0.14053560645468272,-0.32633220581836286,0.04093458060010208,1.0,0.2794637523178546,0.0,0.0,0.35071181545171015,0.0,0.0,0.0,0.0,0.0,1.0,0.0,0.0,0.0,0.0,1
0.33120273725423466,2.5004992544322056,0.20928203685403202,-0.33382643677232454,-0.3463005436431854,0.2328117110688731,0.08725166334260137,-0.3070892710210573,-0.8788330495978075,1.0,0.1865008295003771,0.0,0.2328117110688731,0.0,0.7671882889311269,1.0,0.0,0.0,0.0,0.0,0.0,0.0,0.0,0.0,1
-0.1800525986665273,-0.697515993391314,-0.021266476802254852,-0.3391834396114313,-0.32887329741542976,0.5980690863907578,1.3353014679628337,-0.2355029317736528,-0.5674247710409395,1.0,0.2930403609720762,0.5980690863907578,0.40193091360924216,0.0,0.0,0.0,0.0,0.0,0.0,0.0,1.0,0.0,0.0,0.0,1
-1.9817880561973464,2.570483271323275,-0.05540036108499963,-0.32570010998821514,-0.4055648580314393,0.47987562030390885,0.6239407131690992,-0.020985750799372038,-0.6286626403800504,1.0,0.059300551988073325,0.0,0.0,0.0,1.0,1.0,0.0,0.0,0.0,0.0,0.0,0.0,0.0,0.0,1
1.391643088373468,1.33173713912741,0.15948668253784332,-0.4108857121470675,-0.32367857733286975,0.0,0.04119066704910854,-0.4323050568631192,-0.802337097829846,1.0,0.1865008295003771,0.0,0.0,0.3724945367816299,0.0,0.0,0.0,0.0,0.0,0.0,1.0,0.0,0.0,0.0,1
1.2315634809998512,-2.634010452930654,0.2570280597696061,-0.3885058306047068,-0.40936652168232807,0.0,0.6735446480929123,-0.4323050568631192,-1.4185093317824435,1.0,0.21998514387641604,0.0,0.12632288581366125,0.0,0.0,0.0,0.0,0.0,0.0,0.0,1.0,0.0,0.0,0.0,1
-2.2544426234186417,2.7060432712071467,-0.3020603211910675,-0.2744470003028393,-0.44654851896171427,0.015916530800704876,0.6718993831020569,0.054738817509212376,-1.3909107969127938,1.0,0.1822818463947119,0.0,0.0,0.0,1.0,1.0,0.0,0.0,0.0,0.0,0.0,0.0,0.0,0.0,1
-0.8863795718971066,2.033240628231716,0.37969553714991766,-0.3713033833774056,-0.3221840811421317,1.0,-0.33618532825488384,-0.11780717458700862,0.6583093660199483,1.0,0.1865008295003771,0.0,1.0,0.0,0.0,0.2317265861354818,0.0,0.7682734138645182,0.0,0.0,0.0,0.0,0.0,0.0,1
1.6027776844731958,0.023507557437773996,0.31001877425586544,-0.35016287069767515,-0.36688389820502165,0.0,0.1567030663889009,0.13786623719437852,-0.9266165358612402,1.0,0.340832960060154,0.0,0.0,0.5822332178326662,0.0,0.0,0.0,0.0,0.0,0.0,1.0,0.0,0.0,0.0,1
-2.2863139149168283,-1.3495501411080386,0.04128385061986928,-0.34716375423956836,-0.40726062871577745,0.0,-0.7242388316330826,-0.22599110921271942,0.5281289632961461,1.0,0.1865008295003771,0.0,0.0,0.5786429977229298,0.0,0.0,0.0,0.0,0.0,0.0,1.0,0.0,0.0,0.0,1
-0.44601769130569985,-2.064225878027324,0.2017913310996714,-0.33426974470248,-0.4421593565592616,0.0,0.5753107180624466,-0.054940097509428076,0.0170953057747672,1.0,0.1865008295003771,0.0,0.0,0.2624176984111085,0.0,0.0,0.0,0.0,0.0,0.7375823015888915,0.2624176984111085,0.0,0.0,0.0,1
1.693599711976091,1.5097619476573034,0.4710722292126349,-0.34424562930576874,-0.36390156289647946,1.0,0.24931044174859746,-0.3543615627303858,1.4703436204223468,1.0,0.048016530048845374,0.0,0.0,0.0,0.7612228542316977,0.0,0.0,1.0,0.0,0.0,0.0,0.0,0.0,0.0,1
-2.1709655084040067,2.25440732576864,0.43786935381932063,-0.2848926845203167,-0.3596198561954812,0.11047411313139466,1.1218690913551101,-0.2510602558941915,0.2258606539380027,1.0,-0.0785684345554774,0.0,0.0,0.0,1.0,0.11047411313139466,0.0,0.0,0.0,0.8895258868686053,0.0,0.0,0.0,0.0,1
-0.20705708483875016,-0.8095405593506967,0.14051667146442132,-0.36607678521901754,-0.35037809516190677,0.35462215764077654,1.3604661671060585,-0.11630117022146905,-0.46743374982184227,1.0,0.3575706592124918,0.35462215764077654,0.6453778423592235,0.0,0.0,0.0,0.0,0.0,0.0,0.0,1.0,0.0,0.0,0.0,1
-2.0144167678341813,-3.1780431997705945,-0.32866503990883855,-0.3265135344646462,-0.33777189285732023,0.0,1.542270185247947,-0.12844698525440185,-0.5373416165752022,1.0,0.4515700935562317,0.0,1.0,0.0,0.0,0.0,0.0,0.7127610083459183,0.0,0.0,0.28723899165408173,0.0,0.0,0.0,1
-0.2169591667343191,-1.0771444600945512,0.18583312133717006,-0.4117981243241986,-0.3882470852291972,0.0,1.489009477067458,0.00897501513012871,-0.0783742726883089,1.0,0.37302791813318886,0.0,1.0,0.0,0.0,0.2963081204559901,0.0,0.0,0.0,0.0,0.7036918795440099,0.0,0.0,0.0,1
0.0053763648055640545,-1.7511510012456075,-0.22690772725935832,-0.3286475649777268,-0.3154525342725943,0.23360775104990994,-0.8663879705090122,0.23125227847306393,-0.006999207098741508,1.0,0.04527603474160839,0.0,1.0,0.0,0.0,1.0,0.0,0.0,0.0,0.0,0.0,0.0,0.0,0.0,1
0.2566189325684279,-1.5394077840673261,-0.3573962334073603,-0.3399001322112822,-0.32102996464488526,0.0,-1.1011211382692259,0.4112451717093493,0.094713548361718,1.0,-0.056253212958129475,0.0,0.9579068103636381,0.0,0.04209318963636188,1.0,0.0,0.0,0.0,0.0,0.0,0.0,0.0,0.0,1
0.9250938350040496,0.8311682131429219,0.45964127624671003,-0.4257657429657771,-0.315847256187294,0.0,0.15855066492867928,-0.4235532335518471,-1.018565746748902,1.0,0.1912386602259455,0.01787393473341381,0.0,0.0,0.0,0.0,0.0,0.0,0.0,0.0,1.0,0.0,0.0,0.0,1
1.9302461390824561,0.7857921951225332,-0.1494767254962549,-0.3395126517309082,-0.4460565579638513,0.9877223897360315,-0.47112152706596255,0.5369589070082068,0.07886499386966017,1.0,0.18975524661741183,0.0,0.0,0.0,1.0,0.0,0.0,0.0,0.0,1.0,0.0,0.0,0.0,0.0,1
-0.3382444327813212,-2.1009478947839795,-0.0008930765571634192,-0.39899194653111075,-0.3471063969953461,0.0,1.4419186798403054,-0.2455143099943623,0.03114917105516518,1.0,0.1865008295003771,0.0,1.0,0.0,0.0,1.0,0.0,0.0,0.0,0.0,0.0,0.0,0.0,0.0,1
0.3620203875191262,2.1761949093284794,-0.01924404682979375,-0.4069829703635134,-0.35624149903395647,0.6156733528403183,0.03752147106349529,-0.2690911657640817,-0.669162565532877,1.0,0.1865008295003771,0.0,0.0,0.6156733528403183,0.3843266471596817,0.3843266471596817,0.0,0.0,0.0,0.6156733528403183,0.0,0.0,0.0,0.0,1
-1.4055739637557223,-2.2953451365074904,0.3372491839248254,-0.2726887166149118,-0.39585263875109133,0.6796472826930698,-0.7284213998416597,-0.4323050568631192,0.3029166276039833,1.0,0.36665443454139046,0.0,0.0,1.0,0.0,0.0,0.0,0.0,0.0,0.6796472826930698,0.32035271730693016,0.0,0.0,0.0,1
1.7741915393325056,0.7005012895943665,-0.21831120023535905,-0.34861425140839575,-0.43349496545186794,1.0,-0.6439911270434803,0.47573415715920536,-0.12021754668608177,1.0,0.1865008295003771,0.0,0.0,0.0,0.7817461121349358,0.0,0.0,0.0,0.0,0.7817461121349358,0.0,0.0,0.0,0.0,1
0.8543124527552838,0.8382132430173668,0.46035469249620875,-0.42623980804908257,-0.32097773551537057,0.05003881604977467,0.08428907205436831,-0.4323050568631192,-1.026882592980968,1.0,0.19976458164491717,0.0,0.05003881604977467,0.0,0.0,0.0,0.0,0.0,0.0,0.0,1.0,0.0,0.0,0.0,1
0.40967697213391313,-0.5552250014252912,0.32241241784793967,-0.29629097521644626,-0.3784929932529573,0.0,0.14258813769367773,-0.4323050568631192,-0.05730704817910626,1.0,0.12986745970964328,0.0,0.786345014415552,0.0,0.0,0.0,0.0,0.21365498558444795,0.0,0.786345014415552,0.0,0.0,0.0,0.0,1
-1.1655258839409701,-3.8056519478621307,-0.28748498219037555,-0.31885175715109754,-0.3154525342725943,0.9105889976877405,1.3509115386217188,0.025460783684996005,0.8881846947680359,1.0,-3.8132382399188485,0.9105889976877405,0.08941100231225951,0.0,0.0,0.0,0.0,0.0,0.0,0.0,1.0,0.0,0.0,0.0,1
-1.3837969260304879,-0.15124511485355363,-0.42858379627467125,-0.4052515503085198,-0.3669003290125645,0.41758077578492836,0.5429169038593121,-0.36415007359910634,0.750932958951581,1.0,0.4515700935562317,1.0,0.0,0.0,0.0,0.0,0.0,1.0,0.0,0.0,0.0,0.0,0.0,0.0,1
1.163531080460205,-1.1017259659864986,-0.017924012378131127,-0.31954706446132086,-0.3569503458832386,0.0,-0.4669124518069092,-0.37311634270687066,-2.533401729357835,1.0,0.21854285075270027,1.0,0.0,0.0,0.0,0.0,0.0,0.8791183075621647,0.0,0.0,0.12088169243783531,0.0,0.0,0.0,1
0.8294235238256,-1.936967748155026,0.07351762216905891,-0.3574006992085342,-0.4442929421960315,0.0,-1.474338163850744,1.081722471503187,0.19559367920051396,1.0,0.4515700935562317,0.0,0.05526797770858971,0.0,0.9447320222914103,0.9447320222914103,0.0,0.0,0.0,0.0,0.05526797770858971,0.0,0.0,0.0,1
0.04904334918467518,-1.6990966071288918,-0.27801672339820516,-0.4155782284425127,-0.427310627026638,0.5325984887501303,1.2667973389588816,-0.27973221814979565,0.6455170414604304,1.0,0.3276763189506345,0.0,1.0,0.0,0.0,0.4674015112498697,0.0,0.0,0.0,0.0,0.5325984887501303,0.0,0.0,0.0,1
-0.7075431549685183,-3.5387148390969934,-0.06366300483897569,-0.3254175414660984,-0.3154525342725943,0.6134113892107077,1.1973177934094337,0.4619924081283814,0.3592587324109563,1.0,-3.8920108898917345,0.6134113892107077,0.3865886107892923,0.0,0.0,0.0,0.0,0.0,0.0,0.0,1.0,0.0,0.0,0.0,1
1.0472031782481783,-0.7915087740033611,0.18051602820492124,-0.3278988868532204,-0.3559798004067848,0.0,0.3291354538468957,-0.02445016442795027,-1.805223737396694,1.0,0.4515700935562317,0.8329660539079248,0.16703394609207523,0.0,0.0,0.0,0.0,0.0,0.0,0.0,1.0,0.0,0.0,0.0,1
2.1756600670543773,1.810059769597714,0.4130510613691529,-0.3606737017624204,-0.4465892965777515,0.9911686261369765,-0.7681344751951382,-0.0914632457457003,0.6438455425716314,1.0,0.44922916778575794,0.0,0.0,0.0,0.008831373863023462,0.0,0.0,1.0,0.0,0.0,0.0,0.0,0.0,0.0,1
-0.9633737270596954,-1.5044319913661517,0.486680325911093,-0.3796590026235126,-0.332420035926325,1.0,-0.9476099088833722,-0.01828746324665899,0.20417977684131405,1.0,0.4515700935562317,0.0,0.2316717013834434,0.0,0.7683282986165566,1.0,0.0,0.0,0.0,0.0,0.0,0.0,0.0,0.0,1
-1.1947275128936723,1.793025154001317,-0.1440427587899641,-0.4001904581076842,-0.4428957317058018,0.9427317741351257,-0.020434965855319398,-0.42295808688337455,2.303033765464304,1.0,0.4515700935562317,0.0,0.0,0.057268225864874345,0.9427317741351257,1.0,0.0,0.0,0.0,0.0,0.0,0.0,0.0,0.0,1
-0.3323584905143838,-0.006180952349115421,-0.3582188854859043,-0.341226355234136,-0.3397913810332996,0.6496466489923685,1.040246494011607,-0.4323050568631192,-0.8764106853522716,0.6496466489923685,0.09363292458928174,1.0,0.0,0.0,0.0,0.0,0.0,0.35035335100763154,0.0,0.0,0.6496466489923685,0.0,0.0,0.0,1
-2.68864814696845,2.354572953735263,-0.048249210854995395,-0.3121156962387116,-0.4133040695230772,1.0,0.43825652024301565,-0.24023664473471537,0.4648840952337129,1.0,-0.0785684345554774,0.0,0.0,0.0,0.6077367948788591,0.3922632051211409,0.0,0.6077367948788591,0.0,0.0,0.0,0.0,0.0,0.0,1
-1.7054850526221184,-0.7644032288618788,-0.430951385745053,-0.38371841968481873,-0.38002226450455984,1.0,-0.15864824271609881,-0.2690911657640817,0.24323250551985126,1.0,0.4515700935562317,1.0,0.0,0.0,0.0,0.0,0.0,0.5126885110165086,0.0,0.0,0.4873114889834914,0.0,0.0,0.0,1
0.10522172069957497,-0.7700347290685501,0.26368145395073445,-0.4052515503085198,-0.4054947034157515,1.0,-1.0280363134957533,1.6896864728374896,0.6787579328378327,1.0,0.4515700935562317,0.0,0.0,0.7693301882822413,0.2306698117177587,1.0,0.0,0.0,0.0,0.0,0.0,0.0,0.0,0.0,1
0.7338345480790727,0.7550704132571223,0.4283058146838957,-0.29998994878875224,-0.3881936372823661,0.0,-0.09865966626741196,-0.29790299275575616,-0.10439718091442061,1.0,-0.031776279026549004,0.0,0.0,0.0,0.0,0.0,0.0,0.0,0.0,0.0,1.0,0.0,0.0,0.0,1
-0.06587439547153676,-1.4799455195272564,-0.2711028952004696,-0.4224739764800038,-0.4135254634939274,0.22048620907017535,1.524897505837334,-0.17785009889708264,0.5600544021890732,1.0,0.24494494667307376,0.0,1.0,0.0,0.0,0.7795137909298246,0.0,0.0,0.0,0.0,0.22048620907017535,0.0,0.0,0.0,1
-1.6456477797908626,-1.9346924725787822,0.03639513242042043,-0.33335285073861715,-0.385820756528359,0.18643826214425452,0.3757022382858434,3.119676558942106,-0.8369368785168242,1.0,-0.02914938161704738,0.0,0.0,0.0,0.0,0.8135617378557455,0.0,0.18643826214425452,0.0,0.0,0.0,0.0,0.0,0.0,1
-0.7248777340038477,-0.842663590376828,0.2893755716683256,-0.3240014290045726,-0.33492286129815385,0.0,-0.71581142806307,0.09331149216180604,0.4069233084867464,1.0,-3.847963512715586,0.7795844735667533,0.2204155264332467,0.0,0.0,0.0,0.0,0.0,0.0,0.7795844735667533,0.2204155264332467,0.0,0.0,0.0,1
-0.20755590580676897,-0.8116098526554227,0.1435050944291407,-0.36657355322281093,-0.35077532708702225,0.3501252591667301,1.3609310039300762,-0.11409930132798973,-0.46558673752619617,1.0,0.3587626487815412,0.3501252591667301,0.6498747408332699,0.0,0.0,0.0,0.0,0.0,0.0,0.0,1.0,0.0,0.0,0.0,1
1.012125539040475,-0.7755485159116378,0.1780972522471536,-0.3351362389048824,-0.34392308552568013,0.0,0.28398778308571854,0.02901443149350804,-1.7304768058687199,1.0,0.4515700935562317,0.9421573234366036,0.05784267656339637,0.0,0.0,0.0,0.0,0.0,0.0,0.0,1.0,0.0,0.0,0.0,1
-1.1624259867786382,-3.0998466517505707,-0.14289036380192283,-0.3804271827581094,-0.3361715411528965,1.0,2.1047320313556273,-0.11596303458393281,1.3296016801269916,1.0,-0.07037849146564074,0.0,0.9691026301408113,0.030897369859188673,0.0,0.0,0.0,0.0,0.0,1.0,0.0,0.0,0.0,0.0,1
0.973778366459607,-0.9097577364532574,0.2128567549494333,-0.34153774552912297,-0.3375361952340378,0.0,0.2961099549488041,0.03836885851824266,-1.7227023456169612,1.0,0.4515700935562317,0.8837858849634257,0.0,0.0,0.1162141150365743,0.0,0.0,0.1162141150365743,0.0,0.0,0.8837858849634257,0.0,0.0,0.0,1
-2.2230415061529665,2.177909567333233,0.4679893030771262,-0.2854585327049596,-0.3580243621123259,0.07224771680478703,1.2127906043336574,-0.2572993347813511,0.285209301474057,1.0,-0.04026713630915596,0.0,0.0,0.0,0.927752283195213,0.0,0.0,0.0,0.0,0.927752283195213,0.07224771680478703,0.0,0.0,0.0,1
-1.329962177363798,-0.47393575439732794,-0.5063910000462313,-0.44921415038650275,-0.44784204612302314,1.0,-0.8775064668186686,0.5552894305315226,0.637288087991055,0.005092177353564709,0.18785060920392838,0.9949078226464353,0.0,0.005092177353564709,0.0,1.0,0.0,0.0,0.0,0.0,0.0,0.0,0.0,0.0,1
-2.228700090037057,-3.1289931687201737,-0.03796706055513811,-0.3360863670147739,-0.3557796124689123,1.0,-0.935389112861663,-0.40392293659436984,1.5711535187679806,1.0,0.3593815220893939,0.0,0.0,0.0,0.0,0.0,0.0,1.0,0.0,0.0,0.0,0.0,0.0,0.0,1
-1.9569642980844186,-1.7024370400186122,0.15258305772045422,-0.3518943044155895,-0.39045399156104876,0.39624201890265875,0.5058246048743922,2.7087619088492847,-0.4922458692427545,1.0,0.02646314578305635,0.0,0.0,0.0,0.0,0.6037579810973412,0.0,0.39624201890265875,0.0,0.0,0.0,0.0,0.0,0.0,1
-2.0584915911789308,-1.1346768188290668,-0.12357298582933257,-0.39918204106229427,-0.3649588357315538,0.7582384757040913,0.6803574269948844,-0.06641843556667448,0.541803864668926,1.0,0.38748654423409357,0.0,0.0,0.0,0.0,0.7582384757040913,0.0,0.0,0.0,0.0,0.2417615242959087,0.0,0.0,0.0,1
0.7250291033010724,0.7580448431560778,0.39355032902474785,-0.3062690234942625,-0.37022229006752216,0.0,-0.43619841486038047,-0.2690911657640817,-0.16075649728401908,1.0,0.08258274756579226,0.0,0.0,0.0,0.30397938194620777,0.0,0.0,0.0,0.0,0.30397938194620777,0.6960206180537922,0.0,0.0,0.0,1
-2.5319954709094654,-1.579623506371821,0.033649694412371145,-0.4307455021638306,-0.3817035171569246,0.8461040936601449,-1.6084120065553846,0.0573366164339931,-1.1115910961343198,1.0,0.1865008295003771,0.0,0.8461040936601449,0.0,0.0,0.0,0.0,0.8461040936601449,0.0,0.0,0.15389590633985506,0.0,0.0,0.0,1
-1.254778160713033,1.7788813908785288,0.30099480551576485,-0.348857097665447,-0.32533495874993057,1.0,-0.2649534163377764,-0.05868101979126217,0.5501094357539291,1.0,0.1865008295003771,0.0,0.8158331249906178,0.0,0.18416687500938222,0.0,0.0,1.0,0.0,0.0,0.0,0.0,0.0,0.0,1
0.8720591494692052,0.8315867720559114,0.4548449829750748,-0.392634131359226,-0.3352784122503275,0.0,0.08710293430093342,-0.39567323781316477,-0.7605047095839127,1.0,0.12700853229935832,0.0,0.0,0.0,0.0,0.0,0.0,0.0,0.0,0.0,1.0,0.0,0.0,0.0,1
1.2389334142828647,-0.7245205232906566,0.1817738849302084,-0.32908016771123866,-0.352364332202863,0.0,0.2369357327180744,0.1669270478691109,-1.5070232403439423,1.0,0.4515700935562317,0.7761823851773769,0.0,0.22381761482262308,0.0,0.0,0.0,0.0,0.0,0.0,1.0,0.0,0.0,0.0,1
-0.8934038492208716,-3.0260275669366994,0.0463252260817168,-0.3303739477903834,-0.3019611119336031,0.0,0.7519826931584682,-0.4323050568631192,-0.7223856181638997,1.0,0.1865008295003771,0.0,1.0,0.0,0.0,0.5369744228934136,0.0,0.0,0.0,0.46302557710658643,0.0,0.0,0.0,0.0,1
-0.24806388222622144,-1.5056412142748412,0.35814737009468256,-0.2988893159391516,-0.41199699416165925,0.0,0.42473090182631723,-0.3355290229095951,0.0889505660699574,1.0,0.1865008295003771,0.0,0.40706006515829685,0.0,0.0,0.0,0.0,0.0,0.0,1.0,0.0,0.0,0.0,0.0,1
-0.18333637043960682,-0.7099777416171927,0.416073760397523,-0.3411699907272202,-0.3339990019108819,0.0,-0.14937408388847284,-0.011199147510950178,0.5708032590295791,1.0,-3.9008443711927763,0.5800862078378112,0.0,0.0,0.0,0.4199137921621888,0.0,0.0,0.0,0.5800862078378112,0.0,0.0,0.0,0.0,1
-0.7707580144905792,-2.5159405952181144,0.2674494647503106,-0.292761229828661,-0.32151362717117443,1.0,-0.1817724036809579,-0.2840230884801142,-0.29672875564038625,1.0,0.4515700935562317,0.0,0.9085131626022451,0.09148683739775487,0.0,0.9085131626022451,0.0,0.0,0.0,0.09148683739775487,0.0,0.0,0.0,0.0,1
-0.8468085786757996,-3.1625303379168286,0.509964144658771,-0.30561194575590445,-0.38982185544945985,1.0,1.2577895550052571,-0.04587700639899894,-0.06473636586263702,1.0,0.41908873459562734,0.0,0.8774608626303804,0.12253913736961963,0.0,0.0,0.0,0.12253913736961963,0.0,0.8774608626303804,0.0,0.0,0.0,0.0,1
-0.6988130715622448,-1.2912827616454572,0.3062883519243389,-0.38764720317116885,-0.3316707739421638,0.7343999574112939,-1.1596304168190887,0.14403584928793867,0.29004409146889537,1.0,0.3107652779118478,0.0,0.26560004258870606,0.0,0.7343999574112939,1.0,0.0,0.0,0.0,0.0,0.0,0.0,0.0,0.0,1
-1.2883327120437025,-0.8918857401416892,0.21044359100383955,-0.3717118347123497,-0.37312302632375216,0.0,-0.6932853445542295,-0.3900277883472152,-0.6970461626322113,1.0,-0.0785684345554774,0.8704850787171958,0.0,0.12951492128280417,0.0,0.12951492128280417,0.0,0.0,0.0,0.8704850787171958,0.0,0.0,0.0,0.0,1
-1.5981864600046078,2.3497813283562587,0.14225787052597771,-0.37824178809744397,-0.36944725493741354,1.0,0.6851755684883624,-0.14219299221869136,0.1953976336167485,1.0,-0.0195895053676155,0.0,0.0,0.0,1.0,0.8887480798689772,0.0,0.0,0.0,0.11125192013102281,0.0,0.0,0.0,0.0,1
2.084267659690095,-0.6462613213066994,0.171460576655582,-0.29870183094033304,-0.4008490462866417,0.04434850177024663,0.1567030663889009,0.5180251235777676,-0.8512047771838182,1.0,0.4515700935562317,0.0,0.0,0.9556514982297534,0.04434850177024663,0.0,0.0,0.0,0.0,0.0,1.0,0.0,0.0,0.0,1
1.2045371703324608,-1.1154110567861137,-0.011106167510427478,-0.3107840765983206,-0.3717987640205058,0.0,-0.3958555151187343,-0.4323050568631192,-2.6114989512214217,1.0,0.22304656052545122,0.8621276172654506,0.13787238273454938,0.0,0.0,0.0,0.0,0.8621276172654506,0.0,0.0,0.13787238273454938,0.0,0.0,0.0,1
0.7367151661342395,1.8229615636470513,-0.4444866031299276,-0.4010430354905945,-0.39116743084522587,0.0,-1.1575416469750146,-0.4323050568631192,-0.7911825361657587,1.0,0.40107865966908474,0.0,0.0,1.0,0.0,0.0,0.0,0.0,0.0,0.0,1.0,0.0,0.0,0.0,1
1.3643394617843163,0.6411393797801302,0.3502336595765818,-0.38164325593903403,-0.3154525342725943,0.0,0.12106601038256687,-0.37603575903561665,-0.9591292861504803,1.0,0.2778855839697457,0.3447580193609783,0.0,0.0,0.0,0.0,0.0,0.0,0.0,0.3447580193609783,0.6552419806390217,0.0,0.0,0.0,1
-1.8770035143439103,-0.6537494959140602,0.2699291884465138,-0.3655584705187528,-0.38712976298803276,1.0,1.2832404645909519,-0.2524899070677148,0.6841573002396564,1.0,0.15953937790201633,0.0,0.0,0.5508573706091393,0.4491426293908607,0.0,0.0,0.0,0.0,0.5508573706091393,0.4491426293908607,0.0,0.0,0.0,1
2.031243708588857,1.9880707667753512,-0.18050987171678637,-0.30246999648896783,-0.4018661920043499,0.9130132400885899,2.0981859443811697,0.16376071729607455,-0.6967818663098315,0.9130132400885899,0.16344331306805632,0.0,0.0,0.0,0.9130132400885899,0.0,0.0,0.9130132400885899,0.0,0.0,0.08698675991141014,0.0,0.0,0.0,1
-1.3788541719865162,2.196745593549294,0.2997421271000644,-0.3700882249699689,-0.3465563375101033,1.0,0.019851573136871414,-0.20242592752690874,0.3878380990911038,1.0,0.07823243691047786,0.0,0.5915467869293013,0.0,0.4084532130706987,0.4084532130706987,0.0,0.5915467869293013,0.0,0.0,0.0,0.0,0.0,0.0,1
0.5639535453267802,2.1138597940440627,-0.3661063597734423,-0.3194848451806235,-0.3708658707026757,1.0,-1.7725937052382292,-0.1474352797050626,-0.6865485889499405,1.0,0.4515700935562317,0.0,0.0,1.0,0.0,0.0,0.0,1.0,0.0,0.0,0.0,0.0,0.0,0.0,1
-1.2128813052111338,-3.0136895798245433,0.26455861977031025,-0.30138346464649973,-0.39891246063896996,1.0,-0.27555465262270856,-0.22032792798701517,-0.08352243515677142,1.0,0.3827173492591584,0.0,0.0,1.0,0.0,0.0,0.0,0.2597537837603262,0.0,0.7402462162396738,0.0,0.0,0.0,0.0,1
-1.2280323374374575,-2.8560328537043733,-0.14510066141842065,-0.28867181998516356,-0.34975198811014946,0.27657988631141506,0.1347229216165735,-0.4323050568631192,-0.6422205897817811,1.0,0.2598136564175958,0.0,0.7234201136885849,0.27657988631141506,0.0,0.0,0.0,0.0,0.0,1.0,0.0,0.0,0.0,0.0,1
0.21566453580472525,-1.882309986808817,-0.2883704773468074,-0.39411352679324224,-0.4368215906922975,0.4958757350787708,0.8802812807745168,0.06137544038829573,0.29036312356272936,1.0,0.3179422456608628,0.0,0.4958757350787708,0.5041242649212292,0.0,0.0,0.0,0.0,0.0,0.0,1.0,0.0,0.0,0.0,1
0.294504088325413,-0.6580072073842478,0.3354687030980548,-0.27626995529519904,-0.36677904481273094,0.0,0.3718173099546721,-0.41907718860597926,0.0889505660699574,1.0,0.1865008295003771,0.0,0.9189537840923521,0.0,0.0,0.0,0.0,0.0,0.0,1.0,0.0,0.0,0.0,0.0,1
-2.2038345138163598,2.063004033683697,0.47454335810943804,-0.31160619552451035,-0.35475740501421654,0.22018320194981134,1.2586661304131601,-0.23315420861920783,0.40673246309410016,1.0,0.03815916404111876,0.0,0.0,0.0,0.7798167980501887,0.0,0.0,0.0,0.0,0.7798167980501887,0.22018320194981134,0.0,0.0,0.0,1
1.9876831454289017,0.9776395885518996,-0.3673552027488983,-0.37026145377776915,-0.373609468347181,1.0,1.0234051567869067,-0.11400145680017013,0.29648522992340565,1.0,0.1865008295003771,0.0,0.6832587636595959,0.0,0.3167412363404041,0.0,0.0,1.0,0.0,0.0,0.0,0.0,0.0,0.0,1
-1.3211872829606548,-3.091378402629124,-0.1602912281222971,-0.376429663049209,-0.3341736990546636,0.9238691405096998,2.112831558097054,-0.11830288847517018,1.185641282272637,1.0,-0.038208532761410334,0.0,1.0,0.0,0.0,0.0,0.0,0.07613085949030018,0.0,0.9238691405096998,0.0,0.0,0.0,0.0,1
-0.6867346081913961,-2.2261593998031506,0.3597014183603766,-0.31358892232816243,-0.4282391236599314,0.1487930859512313,0.3745250707437214,-0.2690911657640817,0.02783674265473529,1.0,0.2259413032900695,0.0,0.1487930859512313,0.0,0.0,0.1487930859512313,0.0,0.0,0.0,0.8512069140487687,0.0,0.0,0.0,0.0,1
0.34258784794785113,-1.4597457400830076,-0.2875103746062899,-0.38358667144777375,-0.3488995730704862,0.0,-1.0315308761993542,-0.02823110017249214,0.22718963276396661,1.0,0.05525270398497065,0.0,0.4951465270139743,0.0,0.5048534729860257,1.0,0.0,0.0,0.0,0.0,0.0,0.0,0.0,0.0,1
0.6234730639815963,1.6885750148990997,0.2628426268131486,-0.36020610630356,-0.3048394232362921,0.0,-0.6004987108217054,-0.2690911657640817,-0.8747358358144162,1.0,0.31388955986747374,0.0,0.0,0.0,1.0,0.519413422673352,0.0,0.0,0.0,0.480586577326648,0.0,0.0,0.0,0.0,1
1.800832886762738,1.5778726376677137,0.4598535896633581,-0.3479753966378807,-0.382541836704552,1.0,0.02245875805838593,-0.29925563396832533,1.2854437323537282,1.0,0.13751190255491674,0.0,0.0,0.0,0.5924077846595176,0.0,0.0,1.0,0.0,0.0,0.0,0.0,0.0,0.0,1
-2.4068035199494124,-1.1758048154246215,0.18228319858252262,-0.32849672182480866,-0.4324677556068678,1.0,1.3065106956044625,-0.3750760533929569,0.8864081489181008,1.0,0.4515700935562317,0.0,0.0,0.0,0.8246809659251492,0.17531903407485083,0.0,0.0,0.0,0.0,0.8246809659251492,0.0,0.0,0.0,1
-0.202246485557354,-0.5955384306409877,0.1883857018076665,-0.35242002857008914,-0.30777163364601406,1.0,1.024091089689228,-0.21941186302862625,0.33898802269577544,1.0,0.1865008295003771,0.34780920790219305,0.0,0.0,0.652190792097807,0.0,0.0,0.0,0.0,0.0,1.0,0.0,0.0,0.0,1
-1.2218095040570187,-0.42053628175287305,-0.4055074155122702,-0.4052515503085198,-0.34389486276038134,0.6780161525590636,0.1391054076684397,-0.3216434023759558,0.8222454195877696,1.0,0.4515700935562317,1.0,0.0,0.0,0.0,0.0,0.0,1.0,0.0,0.0,0.0,0.0,0.0,0.0,1
-0.9143991937871573,-0.8200398554724604,0.2502409442980935,-0.3831577446929184,-0.33463299041961203,1.0,0.8802812807745168,-0.1058772746650442,0.8509554183106097,1.0,0.3016119382069941,0.0,0.0,0.0,0.5657319639957911,0.43426803600420893,0.0,0.0,0.0,0.0,0.5657319639957911,0.0,0.0,0.0,1
-1.6700383450713092,-0.9206196174977229,0.015598355109511769,-0.37725807399792494,-0.39939440251355124,0.2670282701694213,-0.5527936790558399,-0.3887223338553229,-0.6593922332740194,1.0,0.0629935395563554,1.0,0.0,0.0,0.0,0.0,0.0,0.0,0.0,0.7329717298305787,0.2670282701694213,0.0,0.0,0.0,1
2.003200410733303,1.7579141003363485,0.33176265415638073,-0.3610639390773171,-0.43187273464794407,1.0,-0.7610659667135921,-0.08606800247532626,0.6532076967748,1.0,0.4515700935562317,0.0,0.0,0.12137001364484201,0.0,0.0,0.0,1.0,0.0,0.0,0.0,0.0,0.0,0.0,1
-0.6314089979705365,-0.215198587027442,0.14397893035150122,-0.3126850426360953,-0.3109789592141509,0.2025739783930719,-0.1743416137144558,-0.1058772746650442,-0.34775210067592405,1.0,-0.024872299185959262,0.0,0.0,1.0,0.0,0.7974260216069281,0.0,0.2025739783930719,0.0,0.0,0.0,0.0,0.0,0.0,1
1.4310610737537501,0.5292468855410939,-0.3450761219590375,-0.3680655471460744,-0.4043314188131436,1.0,-1.0080112919771427,0.3320413176593022,-0.5420903237097675,1.0,0.1865008295003771,0.0,0.0,0.0,0.3415481653415745,0.0,0.0,0.0,0.0,0.3415481653415745,0.0,0.0,0.0,0.0,1
-1.7279974857283777,-0.24400455192203846,0.5467756670854036,-0.4075380465272546,-0.4281562854244876,0.8505817290942419,-0.05478105561047608,0.473816877543649,0.4587670924764959,1.0,-4.015001204287809,0.1494182709057581,0.0,0.0,0.0,0.0,0.0,0.0,0.0,1.0,0.0,0.0,0.0,0.0,1
1.8933714755125197,-2.6257630275755623,-0.0966668021312394,-0.44357520928360805,-0.28300773184419215,0.0,-0.5056325641521642,-0.3889861971976041,1.7597691327113911,1.0,-3.824714359824971,0.0,0.0,0.0,0.0,0.13270579904019764,0.0,0.8672942009598024,0.0,0.0,0.0,0.0,0.0,0.0,1
-0.8498025187124825,-3.4431869453094643,-0.39358727393497267,-0.34909318635996756,-0.3412141868567133,0.7083629767150348,0.7339102447271036,-0.010678847947284686,1.0473211811462748,1.0,-3.8668421424710275,0.7083629767150348,0.2916370232849652,0.0,0.0,0.0,0.0,0.0,0.0,0.0,1.0,0.0,0.0,0.0,1
1.1904294221914293,-0.6054461029782151,0.16959506187064477,-0.331768141779582,-0.33393685283638697,0.0,0.22637606706362629,0.004133238683900697,-1.5569934590043326,1.0,0.4515700935562317,1.0,0.0,0.0,0.0,0.0,0.0,0.0,0.0,0.16298667163632796,0.837013328363672,0.0,0.0,0.0,1
-1.1874952213225232,1.9876144745427866,-0.2732870686741735,-0.35233814689981746,-0.4212307493546285,1.0,1.2911408386372325,-0.33355133704419815,0.0348788957328115,1.0,0.2911880595337989,0.0,0.0,0.0,1.0,0.30252853833071636,0.0,0.0,0.0,0.6974714616692836,0.0,0.0,0.0,0.0,1
2.1236525165198077,1.5695988506534546,0.15123842208793958,-0.34693012385114874,-0.3985088607784135,0.6801407717603004,-0.5752319213430828,0.4161774177843207,0.8993426478043535,1.0,0.36678524332526086,0.0,0.0,0.0,0.3198592282396996,0.0,0.0,1.0,0.0,0.0,0.0,0.0,0.0,0.0,1
1.3479774022489879,-3.269863521768662,0.24007761476204167,-0.39682522423480393,-0.412209635136416,0.0,0.31873315074399344,-0.18331337293352365,-1.1757184131696323,1.0,0.1865008295003771,0.0,0.0,0.0,0.3813886217848157,0.3813886217848157,0.0,0.0,0.0,0.0,0.6186113782151843,0.0,0.0,0.0,1
-0.8070065287929734,-2.3215339359492337,0.35427052177284624,-0.3059494668509421,-0.43157173436100843,0.24728336044235877,0.23675663375910627,-0.3094512452259249,0.055094979463488535,1.0,0.2520480478660918,0.0,0.0,0.24728336044235877,0.0,0.0,0.0,0.0,0.0,1.0,0.0,0.0,0.0,0.0,1
-1.108178955791417,2.3699866058219587,-0.07632180627421775,-0.3901661254248927,-0.38520609852897086,0.0,-0.13200727977870708,-0.4064185004800641,1.9188332406146111,1.0,0.22854216803591348,0.0,0.1586051052930737,0.0,0.0,0.0,0.0,0.8413948947069263,0.0,0.0,0.1586051052930737,0.0,0.0,0.0,1
2.1854476052981053,2.196407028261423,-0.29676945576232705,-0.37789370811413237,-0.33227457570514773,0.11912924080107157,-0.2272870169248946,-0.39341796299348497,-0.42606979575076753,1.0,-0.287161673299714,0.11912924080107157,0.0,0.8808707591989284,0.0,0.0,0.0,0.0,0.0,0.0,1.0,0.0,0.0,0.0,1
0.7065619105177205,0.7432822547803467,0.4091294583314076,-0.28684603754680205,-0.3896363577019234,0.0,-0.27262775151987495,-0.2690911657640817,-0.016324917193596633,1.0,-0.010627750986345552,0.0,0.0,0.0,0.128156472254768,0.0,0.0,0.0,0.0,0.128156472254768,0.871843527745232,0.0,0.0,0.0,1
1.6111346787917813,1.5529685045636,-0.34899477704192317,-0.27462726797336184,-0.3622034045257955,0.029247283034559146,-0.36316175771993575,0.86385894619289,-0.8413903123752184,1.0,0.4438175377666278,0.0,0.9707527169654409,0.0,0.029247283034559146,0.0,0.0,0.0,0.0,1.0,0.0,0.0,0.0,0.0,1
-1.8694658529586277,2.471442229019491,0.10150711338951923,-0.37546100298388657,-0.3596198561954812,1.0,0.37212101023431476,-0.0774481487604449,0.3689453178499227,1.0,-0.0785684345554774,0.0,0.0,0.0,0.8258167505647627,1.0,0.0,0.0,0.0,0.0,0.0,0.0,0.0,0.0,1
-1.1746078233320205,2.0928547508400994,0.3026453702164782,-0.3639111648789837,-0.3432280321568972,0.8711301325265548,-0.32017533163173345,-0.29012451827984,0.6937602633467536,1.0,0.1865008295003771,0.0,0.8711301325265548,0.0,0.0,0.0,0.0,1.0,0.0,0.0,0.0,0.0,0.0,0.0,1
0.5531688604682482,2.160745825638557,-0.3694352924766176,-0.31699467470288667,-0.37418457348138295,1.0,-1.8386134225711106,-0.15969906139551016,-0.7739909080380042,1.0,0.4515700935562317,0.0,0.0,1.0,0.0,0.0,0.0,1.0,0.0,0.0,0.0,0.0,0.0,0.0,1
2.135557987311682,0.36851083805655466,0.058649889222080975,-0.3061162796855128,-0.3494381945173877,0.25649174370839223,-0.07923084846416673,-0.05977608813696289,-0.623605898826551,1.0,0.38358201581504525,0.7435082562916078,0.0,0.0,0.25649174370839223,0.0,0.0,0.0,0.0,1.0,0.0,0.0,0.0,0.0,1
-0.8246860808222714,-1.9571314621933449,0.3761815426658444,-0.3539603432891659,-0.3738205243575921,0.0,1.247565544371804,-0.40606680869639805,-1.0600537976741788,1.0,0.1865008295003771,0.0,0.0,0.8392401039516918,0.0,0.8392401039516918,0.0,0.0,0.0,0.1607598960483082,0.0,0.0,0.0,0.0,1
0.45853676468014587,-0.39287206096863203,0.186713616468291,-0.2968195237233691,-0.36765976524179567,0.0,0.45752191024709743,-0.4323050568631192,-0.08550448898922935,0.8179670241190622,0.1865008295003771,0.0,1.0,0.0,0.0,0.0,0.0,0.1820329758809378,0.0,0.8179670241190622,0.0,0.0,0.0,0.0,1
-1.0842278830758814,-0.7903776122499804,-0.2802959183697963,-0.401542755466815,-0.32657380997557994,0.8321341779577419,-0.4295465448978023,-0.2964891997621372,0.6346207999280628,1.0,0.36257795373848684,1.0,0.0,0.0,0.0,0.0,0.0,0.8321341779577419,0.0,0.16786582204225808,0.0,0.0,0.0,0.0,1
-2.5332555731456097,2.6635855022654673,-0.19282325564130987,-0.3172063091623164,-0.337866025035087,1.0,-1.9924176189272544,0.21811283176343518,0.3729948226597606,1.0,0.18254189611607735,0.0,0.4925322662391638,0.0,0.0,0.5074677337608362,0.0,0.0,0.0,0.4925322662391638,0.0,0.0,0.0,0.0,1
1.541253505453457,1.4131176399405103,0.48708167079958514,-0.33911122167011365,-0.33781824208591343,1.0,0.5642354604824731,-0.4312627938921555,1.7309973302286359,1.0,-0.07687573623914123,0.0,0.0,0.0,0.9936141282831664,0.0,0.0,0.9936141282831664,0.0,0.0,0.00638587171683358,0.0,0.0,0.0,1
-0.10610942240830376,-1.0380528173093735,0.2328097963228558,-0.38949950941155004,-0.3534856511688368,1.0,0.8802812807745168,-0.19957449588360665,0.8711126772437725,1.0,0.2625858162170176,0.0,0.2870381331749128,0.0,0.7129618668250872,0.0,0.0,0.0,0.0,0.0,1.0,0.0,0.0,0.0,1
-1.0044494891202966,2.29117015115327,-0.1210730004039299,-0.4000848290968699,-0.39016317321497,0.0,-0.24802166370761486,-0.3697822086359249,1.795905519162352,1.0,0.2880417293261274,0.0,0.3830730816242578,0.0,0.0,0.0,0.0,0.6169269183757422,0.0,0.0,0.3830730816242578,0.0,0.0,0.0,1
2.089994491897238,-0.5840610734596678,0.1985509118826028,-0.2972765357838049,-0.40212526585504266,0.0,0.17615059740130912,0.528554227187573,-0.892602267180953,1.0,0.44658312761188296,0.0,0.0,1.0,0.0,0.0,0.0,0.0,0.0,0.018813821972576528,0.9811861780274235,0.0,0.0,0.0,1
-0.977263581615915,1.157257954703237,-0.3478771620406157,-0.3610639390773171,-0.37588166667538825,0.0,1.5493581257255091,0.16862641219328256,-0.1562391311943822,0.3681864729833316,0.1865008295003771,0.0,0.0,0.6318135270166684,0.0,0.0,0.0,0.0,0.0,0.0,1.0,0.0,0.0,0.0,1
0.9419552443306536,0.4374642164046178,0.3899721810063578,-0.4043851566510464,-0.3211899484733841,0.0,0.18355852514281423,-0.30509439670228206,-1.18417879243404,1.0,0.2553667735321295,0.2598035810641598,0.0,0.0,0.0,0.0,0.0,0.0,0.0,0.0,1.0,0.0,0.0,0.0,1
0.7893235410595371,-0.36628261292155656,-0.26028182596718147,-0.3928357135747713,-0.2933688733111509,1.0,0.8350018315786123,-0.12186944351751333,-0.03809574897663737,1.0,0.1865008295003771,0.36599429690038865,0.6340057030996114,0.0,0.0,0.0,0.0,0.0,0.0,0.0,1.0,0.0,0.0,0.0,1
-2.444811586746771,2.170925183665321,0.33321074121612543,-0.28461904862962056,-0.40731927239460614,0.5399853797158555,1.1345688502470468,-0.35722428072409773,0.1519312081536451,1.0,-0.0785684345554774,0.0,0.0,0.0,1.0,0.0,0.0,0.5399853797158555,0.0,0.4600146202841445,0.0,0.0,0.0,0.0,1
1.0866044157972534,0.6057852836823181,-0.2532371717721464,-0.35883747946836764,-0.3865653368095073,0.0,0.5720998668926063,-0.39637276716236636,-0.2313555386509435,0.2201546048488564,-0.0785684345554774,0.0,0.0,0.0,0.0,0.0,0.0,0.0,0.0,0.0,1.0,0.0,0.0,0.0,1
-0.1948698090977828,-1.5191522995748912,-0.19986415702066648,-0.4202545276074941,-0.3896120331746089,0.0,1.6408773604012983,-0.1407987273354615,0.3825070003782654,1.0,0.1865008295003771,0.0,1.0,0.0,0.0,1.0,0.0,0.0,0.0,0.0,0.0,0.0,0.0,0.0,1
1.8776157764349564,-2.380768203449389,-0.400106296000146,-0.3989971539019366,-0.3269814376732573,1.0,0.30491592661367345,-0.1448808405617868,-0.75314900320035,1.0,0.3248817775288889,0.0,0.238972097497972,0.0,0.761027902502028,0.238972097497972,0.0,0.0,0.0,0.0,0.761027902502028,0.0,0.0,0.0,1
-0.2987433202119152,1.4747201548117448,-0.19347100914045856,-0.40889849337928336,-0.3596198561954812,0.5412665786761103,1.0614239729027526,-0.34396283243552794,-0.5327946402488066,0.5412665786761103,0.04302769583267027,0.0,0.0,0.4587334213238897,0.5412665786761103,0.0,0.0,0.0,0.0,0.0,1.0,0.0,0.0,0.0,1
0.2640076315434918,-2.9186893580056656,0.3942343202342452,-0.34142307588060267,-0.31708707835187505,0.0,0.8688049180177889,1.308685773758728,-0.6666419770930054,1.0,-4.054607395393297,0.0,0.9629920038589946,0.0,0.0,0.03700799614100536,0.0,0.0,0.0,0.0,0.9629920038589946,0.0,0.0,0.0,1
0.6628802551289272,-0.05042720821231686,-0.19295414311764975,-0.3599320072174599,-0.38868760010446274,0.0,0.7035875297385059,-0.4323050568631192,-0.5417798109623915,0.3418721660386861,0.1865008295003771,0.0,1.0,0.0,0.0,0.0,0.0,0.6581278339613139,0.0,0.3418721660386861,0.0,0.0,0.0,0.0,1
-2.3769207825543366,2.1910955798658502,0.37526979555790313,-0.28080549709543795,-0.39207207042222847,0.3673781068660519,1.1524109734297086,-0.32905237609028803,0.1755628850461754,1.0,-0.0785684345554774,0.0,0.0,0.0,1.0,0.0,0.0,0.3673781068660519,0.0,0.6326218931339481,0.0,0.0,0.0,0.0,1
-1.1809367425766726,2.399707719027258,-0.017598887469725488,-0.3816559868687326,-0.378701380611277,0.06797189448998253,-0.07111198716847605,-0.4212110994780359,1.9033253777036012,1.0,0.1865008295003771,0.0,0.06797189448998253,0.0,0.0,0.0,0.0,1.0,0.0,0.0,0.0,0.0,0.0,0.0,1
1.917578700720586,0.5654280833717777,-0.3702120838201664,-0.39619223029278283,-0.3505646958826974,0.8974902720093207,0.4456154994294074,-0.2858221773449444,0.8015702371432508,1.0,0.15932865134332191,0.0,1.0,0.0,0.0,0.10250972799067926,0.0,0.8974902720093207,0.0,0.0,0.0,0.0,0.0,0.0,1
-0.6832630930500361,2.0648939846194936,-0.22599053724991516,-0.42041104791814565,-0.40101472850655373,0.0,-0.5019892921113827,-0.2690911657640817,1.5353979247030194,1.0,0.4515700935562317,0.0,0.9372284872364511,0.06277151276354886,0.0,0.06277151276354886,0.0,0.0,0.0,0.0,0.9372284872364511,0.0,0.0,0.0,1
-1.2335647525384663,-3.5646742155992737,0.10754050140389705,-0.3983557581271801,-0.4479545000412548,0.31211427769918665,0.3311769716788148,0.2714918932638804,-0.5615835883996461,1.0,0.3688381916651836,0.0,0.6878857223008134,0.31211427769918665,0.0,0.0,0.0,0.31211427769918665,0.0,0.0,0.6878857223008134,0.0,0.0,0.0,1
-1.712741891697833,-0.3606470999924433,0.4827681157017915,-0.4273453559241211,-0.44495831881345477,0.9321629408948281,-0.009775073218819395,0.5248343889765646,0.5368311405652889,1.0,-4.054607395393297,0.0,0.0678370591051719,0.0,0.0,0.0,0.0,0.0,0.0,0.9321629408948281,0.0678370591051719,0.0,0.0,0.0,1
-2.5031024936095463,-1.0734238753072405,0.007779728540524639,-0.3301751889371164,-0.4479545000412548,1.0,0.9926915989407366,-0.38318362202268363,0.4983616093205398,1.0,0.4515700935562317,0.30096356694681625,0.0,0.0,0.6990364330531837,0.0,0.0,0.0,0.0,0.0,1.0,0.0,0.0,0.0,1
-2.781620010618373,-1.3314640997281741,-0.29655950656548835,-0.41075362665965387,-0.4010374031172559,0.2918279113547184,0.44548962820197024,-0.08555449039653262,0.13476387022124792,1.0,0.26385543919412946,0.0,0.0,0.0,0.2918279113547184,0.0,0.0,0.0,0.0,0.0,1.0,0.0,0.0,0.0,1
-1.4061430523374747,-1.111695252776953,0.18703220979443344,-0.3816697135959735,-0.38467821285369586,0.0673506014687717,-0.7388021892864831,-0.41031994939596167,-0.6771841005479833,1.0,-0.04286328582538447,1.0,0.0,0.0,0.0,0.0,0.0,0.0,0.0,1.0,0.0,0.0,0.0,0.0,1
2.160807962680194,2.2986408828778293,-0.2285779162871762,-0.31324541149715623,-0.3576511486326525,0.4178295398237267,-0.7134338003865481,-0.20089558075333103,0.2136554346184365,1.0,-1.4748056998276975,1.0,0.0,0.0,0.0,0.5821704601762733,0.0,0.0,0.0,0.0,0.4178295398237267,0.0,0.0,0.0,1
1.736988448358569,1.6154531303023987,-0.11480450243435308,-0.3168763278461144,-0.3162839657973211,0.0,-0.43942867661780166,1.8085262342779407,1.363341685311416,1.0,0.2781837968562866,0.0,0.0,0.0,1.0,0.0,0.0,1.0,0.0,0.0,0.0,0.0,0.0,0.0,1
1.8146136383484905,2.150369469213739,0.4372797678948927,-0.3443131013526446,-0.41446820731578543,0.6209155177674771,-0.851982430036921,0.8222005263414658,0.8441928766296076,1.0,0.4515700935562317,0.0,0.0,0.0,0.3790844822325229,0.0,0.0,1.0,0.0,0.0,0.0,0.0,0.0,0.0,1
1.4414537037567867,1.3676251712002543,0.5080786813027217,-0.3600533234738012,-0.37968321402411975,1.0,-0.31758402212427894,-0.27655690108940567,1.6012240784869904,1.0,0.17437602226127633,0.0,0.0,0.0,0.04574203381251285,0.0,0.0,0.04574203381251285,0.0,0.0,0.9542579661874871,0.0,0.0,0.0,1
-0.7673782546372172,-2.3269108617860477,0.30241674515017897,-0.30897372639865667,-0.3182894718915494,1.0,-0.28619212323141574,-0.22715721030232053,-0.2338401617467391,1.0,0.4515700935562317,0.0,0.8715368061523763,0.0,0.12846319384762372,1.0,0.0,0.0,0.0,0.0,0.0,0.0,0.0,0.0,1
0.20494820939243708,-2.919424676175283,0.40126960318056254,-0.33779867433838817,-0.3154525342725943,0.0,0.8391752714656427,1.3284319972454646,-0.7071025682225494,1.0,-4.047580135963787,0.026511030822603088,0.9734889691773969,0.0,0.0,0.0,0.0,0.0,0.0,0.026511030822603088,0.9734889691773969,0.0,0.0,0.0,1
-0.8886649255484308,2.1663243638139886,0.4454850134729794,-0.38384535130857694,-0.3837653898337159,1.0,-0.15018483893347304,-0.27417073210225135,1.881564515056981,1.0,0.19475035349563868,0.0,0.0,0.0,1.0,0.03112214471430852,0.0,0.0,0.0,0.9688778552856915,0.0,0.0,0.0,0.0,1
-1.066357597019688,-0.44682113286219716,0.1490260062634861,-0.3500016515459297,-0.39825857404826037,0.7496518317429247,0.18258113504063864,2.0165852203743757,-1.0406053265880857,1.0,0.12014122478274292,0.7496518317429247,0.0,0.0,0.0,0.2503481682570753,0.0,0.7496518317429247,0.0,0.0,0.0,0.0,0.0,0.0,1
-1.5849915907409917,2.338145471932784,0.12890705943125244,-0.3774095444874972,-0.37111097788665637,1.0,0.7046442879661974,-0.14834103752537262,0.19024041680458578,1.0,-0.009604706685037837,0.0,0.0,0.0,1.0,0.869913759869368,0.0,0.0,0.0,0.13008624013063197,0.0,0.0,0.0,0.0,1
0.4071042358552153,1.820750668231104,-0.1929442990175235,-0.4280756177025989,-0.36568821628790554,1.0,-0.043200345086485736,-0.19018155693554198,-0.16082392162554215,1.0,0.25057782625068536,0.0,0.0,1.0,0.0,0.0,0.0,0.24173680407097742,0.0,0.7582631959290226,0.0,0.0,0.0,0.0,1
1.300000821523916,-0.28778786421416414,-0.2299062956805289,-0.4450934131163001,-0.29499778069264143,0.9754130835411985,0.5650933154353934,0.04529783751788922,0.3560383480204904,1.0,0.1865008295003771,0.0,1.0,0.0,0.0,0.0,0.0,0.0,0.0,0.02458691645880151,0.9754130835411985,0.0,0.0,0.0,1
-2.872423200184209,-1.3715379275354427,-0.5093977423224096,-0.4474839877516888,-0.3831692241906128,0.022123551528997254,0.0533347500480986,0.050114874574037696,-0.1909274844337098,1.0,0.19236510302247017,0.022123551528997254,0.0,0.0,0.0,0.0,0.0,0.0,0.0,0.0,1.0,0.0,0.0,0.0,1
0.08716930804961552,-3.008750684550016,-0.36328650987682193,-0.4351395989854982,-0.3882058496489087,0.32361021914954125,0.530694916591336,-0.21151264079866194,0.40308266809304716,1.0,0.27227995213129985,0.0,0.32361021914954125,0.0,0.0,0.0,0.0,0.0,0.0,0.0,1.0,0.0,0.0,0.0,1
-1.0453743994558553,-1.5628113346336099,0.2855620224621632,-0.35076978170035455,-0.41407660880096864,0.0,-0.16748909407597923,-0.35255170039812583,-0.33110886833176584,1.0,0.05095585631099214,0.5113568095953342,0.0,0.0,0.0,0.0,0.0,0.0,0.0,1.0,0.0,0.0,0.0,0.0,1
-1.8589551068892347,0.32163709081929,-0.4655843493501811,-0.390033828663304,-0.3885764438851829,0.2295925821922068,1.309049223124652,-0.39483235815605355,0.5737238363385659,1.0,0.4515700935562317,0.7704074178077932,0.0,0.2295925821922068,0.0,0.0,0.0,1.0,0.0,0.0,0.0,0.0,0.0,0.0,1
0.43803252291718986,2.316953002552432,-0.4201758170712653,-0.3297685741646036,-0.403787178118368,0.6832953766065052,-2.100132605155822,-0.32078175967718925,-1.3371701992614888,1.0,0.4515700935562317,0.0,0.0,1.0,0.0,0.0,0.0,0.6832953766065052,0.0,0.0,0.3167046233934948,0.0,0.0,0.0,1
-0.6777107968231305,0.5070001850747524,-0.0360576738220284,-0.3634543692566016,-0.3327575300688076,0.5540972936232517,-0.5794156830441094,-0.03309975890570359,0.33314488091251676,1.0,0.3046959317201756,0.0,0.0,1.0,0.0,0.0,0.0,0.5540972936232517,0.0,0.44590270637674834,0.0,0.0,0.0,0.0,1
0.5597688591764627,-3.2433083512112657,0.019222003362814544,-0.40129410782113484,-0.3596198561954812,0.0,0.738859641777105,-0.34298571103854225,1.7175782081037352,1.0,0.1865008295003771,0.0,0.0,0.0,0.0,0.0,0.0,0.0,0.0,0.7263733337183341,0.2736266662816659,0.0,0.0,0.0,1
0.9927131117701634,-3.2076319394013213,-0.11179357841967988,-0.4494391615397224,-0.3814495109024774,1.0,0.36462864137984796,0.05639797339776381,-0.18920014396292872,1.0,0.18573862287338888,0.0,0.0028754998422888534,0.0,0.9971245001577111,0.0028754998422888534,0.0,0.9971245001577111,0.0,0.0,0.0,0.0,0.0,0.0,1
-1.6249893388306504,1.69440598842497,0.40487412529477107,-0.31035258400933347,-0.2995201425097645,0.42618130223597295,-0.06356515195141468,0.19918474647316536,-0.44305799030031034,1.0,0.1865008295003771,0.0,1.0,0.0,0.0,0.573818697764027,0.0,0.42618130223597295,0.0,0.0,0.0,0.0,0.0,0.0,1
0.8976248276195309,-0.3910589013886905,0.01590712830305044,-0.36965630415616596,-0.323273707334225,0.5486129756703245,0.4768580983060234,-0.16368128146339353,0.23917186747910524,1.0,0.1865008295003771,0.0,1.0,0.0,0.0,0.0,0.0,0.0,0.0,0.4513870243296755,0.5486129756703245,0.0,0.0,0.0,1
1.997584533316331,-2.196601031660785,-0.26180062136983906,-0.3723125259944465,-0.35560326019610106,1.0,0.03830843402008162,-0.052465913598673274,-0.41388628192891047,1.0,0.4515700935562317,0.0,0.0,0.16362382119166918,0.8363761788083308,0.0,0.0,0.0,0.0,0.16362382119166918,0.8363761788083308,0.0,0.0,0.0,1
-1.2739051496577545,-0.530621269114031,-0.48261587157791624,-0.44037228565152925,-0.42076636189366196,1.0,-0.7709291396444755,0.37952862990664865,0.6927762029628008,0.20519045125007063,0.24089051140452203,1.0,0.0,0.0,0.0,0.7948095487499294,0.0,0.20519045125007063,0.0,0.0,0.0,0.0,0.0,0.0,1
-0.9523595992383984,1.2039461259655142,-0.3602116526625304,-0.3610639390773171,-0.3731490919400923,0.0,1.523777072823446,0.06764810156687728,-0.20706182509942123,0.30631777421851136,0.1865008295003771,0.0,0.0,0.6936822257814886,0.0,0.0,0.0,0.0,0.0,0.0,1.0,0.0,0.0,0.0,1
1.8120852265829759,-3.475011569288393,0.023764612988049792,-0.3363868914892602,-0.36937065875431346,0.0,0.5124491817576777,0.8395071787304413,-0.42667430635016157,1.0,0.393050854768419,0.7792303872112396,0.0,0.0,0.0,0.0,0.0,0.7792303872112396,0.0,0.0,0.2207696127887604,0.0,0.0,0.0,1
2.1248074382784097,1.7836497238488207,0.42595965969416405,-0.3592438282690707,-0.43885812463610746,1.0,-0.6629091108901612,-0.13276873668058217,0.7268212870935506,1.0,0.4078967272891453,0.0,0.0,0.0,0.0823810456158427,0.0,0.0,1.0,0.0,0.0,0.0,0.0,0.0,0.0,1
-2.2003685832386046,-2.7819235767211445,-0.13946658323699368,-0.3451122731021554,-0.345508366015628,1.0,-0.9387430267495604,-0.3280111526286307,1.3325043208573393,1.0,0.2821904638274563,0.0,0.3195006979252869,0.0,0.0,0.3195006979252869,0.0,0.6804993020747131,0.0,0.0,0.0,0.0,0.0,0.0,1
0.9424371818147476,-0.8848707173948978,-0.25937336070870987,-0.4341728373916369,-0.3467764737797242,1.0,0.6773141140352719,-0.11182909071077934,0.5046734418366303,1.0,0.27807928767042744,0.0,1.0,0.0,0.0,0.0,0.0,0.0,0.0,0.0,1.0,0.0,0.0,0.0,1
-1.1020662943887607,-3.3691613182736573,0.19922705847313887,-0.3750648359479718,-0.42985078779511626,0.2732595269982093,0.6459034713693943,0.1313510061705102,-0.545450031877788,1.0,0.4515700935562317,0.0,1.0,0.0,0.0,0.0,0.0,0.0,0.0,0.2732595269982093,0.7267404730017907,0.0,0.0,0.0,1
-0.9038330182846693,0.3088549360013655,-0.39733482077667953,-0.3788153010757883,-0.2922837608790359,1.0,-0.23645359560966933,-0.05775877946590724,0.12258693611905269,1.0,0.1865008295003771,0.0,0.0,0.9508635622504104,0.049136437749589645,0.0,0.0,1.0,0.0,0.0,0.0,0.0,0.0,0.0,1
0.03507795367178826,-0.551012237959538,-0.21810039836151252,-0.3014574096259326,-0.30004069584643056,0.8489421082190998,1.1376085467038983,-0.35834081796678513,-0.8772794057965079,1.0,0.22654163370456926,1.0,0.0,0.0,0.0,0.0,0.0,0.0,0.0,0.0,1.0,0.0,0.0,0.0,1
-0.5839253803184669,-1.491734039614359,0.03849348328744051,-0.3550840120664941,-0.40079858749304037,0.4323348010426019,-0.27620526302201076,2.9203239684282503,-0.3145662863542593,1.0,0.15062890052071615,0.0,0.0,0.4323348010426019,0.0,1.0,0.0,0.0,0.0,0.0,0.0,0.0,0.0,0.0,1
-1.0491957494662683,-0.40037693384783946,0.5115899569449865,-0.3022569556283028,-0.32292353568844456,0.056384079832401124,-0.6294451725326126,0.08494461163044797,0.24129975258642855,1.0,-3.804483817883083,0.9436159201675989,0.0,0.0,0.0,0.0,0.0,0.0,0.0,1.0,0.0,0.0,0.0,0.0,1
0.47521593369721493,1.2362955499103931,0.1948535100810966,-0.44016578778799875,-0.34108162466897557,0.5802726830738777,0.5165939279963412,-0.33759649436015304,-0.7679945847931923,1.0,0.032688376446268236,0.0,0.0,0.0,0.5802726830738777,0.0,0.0,0.0,0.0,0.0,1.0,0.0,0.0,0.0,1
-2.291696464584962,1.6958249596544737,0.4049973449481787,-0.39353479940796865,-0.3774495473247647,1.0,1.3510313220559285,-0.22387244789120767,0.7008950712749755,1.0,0.25993877150029504,0.0,0.0,0.0,0.36147405233591445,0.0,0.0,0.36147405233591445,0.0,0.0,0.6385259476640855,0.0,0.0,0.0,1
-1.6425392699938006,-3.0896002113589605,-0.15305468028887675,-0.32113564225783914,-0.28458853342637136,0.0,1.6474447889878014,-0.33398409453476857,-0.5131244693631528,1.0,0.3461800390955032,0.0,1.0,0.0,0.0,0.3975943979627943,0.0,0.6024056020372057,0.0,0.0,0.0,0.0,0.0,0.0,1
1.8511707876237917,0.39897227809987734,0.22362760198069875,-0.3311332664957189,-0.3154525342725943,0.0,0.08167991382993305,-0.3138468959379181,-0.9069628764546702,1.0,0.3788840716767425,0.72578479765133,0.0,0.0,0.0,0.0,0.0,0.0,0.0,0.72578479765133,0.27421520234867003,0.0,0.0,0.0,1
0.843817066247349,-1.9780887647327914,0.48197129234158304,-0.36212592327175797,-0.33718236304377774,0.0,0.5801135530773831,-0.11110741550711428,-1.9668943735763955,1.0,0.44732306049249954,0.0,0.0,0.016022352040171772,0.9839776479598282,0.0,0.0,0.9839776479598282,0.0,0.016022352040171772,0.0,0.0,0.0,0.0,1
-2.7234415226561084,-1.1026112892453233,0.3781307163653397,-0.3690765664390002,-0.4218663649492695,1.0,1.0918421160436234,0.7245536851672966,0.6678066939900081,1.0,0.2950026933073401,0.0,0.0,0.0,0.409334006315043,0.0,0.0,0.590665993684957,0.0,0.0,0.409334006315043,0.0,0.0,0.0,1
-1.0882961459637037,-3.4780367299555204,0.016793654978754458,-0.409931053525421,-0.43859979091526735,0.0,0.3634396990705054,0.1859815454570004,-0.631017749831215,1.0,0.42349904741253086,0.0,0.8940992036791344,0.0,0.0,0.0,0.0,0.0,0.0,0.0,1.0,0.0,0.0,0.0,1
0.2961097766573889,0.26904650845165934,-0.13484991069985217,-0.328808988735776,-0.3443851375364179,1.0,1.293754546137726,1.3272444144725877,-0.09994806571930469,1.0,-0.017614536405673127,1.0,0.0,0.0,0.0,0.0,0.0,0.0,0.0,0.0,1.0,0.0,0.0,0.0,1
1.9664757436506017,-2.313374905265455,-0.3976776877603265,-0.3690328629734171,-0.3610668553989312,0.7868952959749167,0.2007596153076566,-0.07109562670960168,-0.1669279478705445,1.0,0.4515700935562317,0.0,0.0,0.0,0.7868952959749167,0.0,0.0,0.2131047040250833,0.0,0.0,0.7868952959749167,0.0,0.0,0.0,1
-0.5376289451962513,-0.35458745073361186,0.2875746066641575,-0.2975340037315948,-0.31957786145719647,0.0,-0.16949327127644054,-0.11604030429180628,-0.46295235542563345,1.0,-0.0785684345554774,0.0,0.0,0.9688659171154886,0.0,0.9688659171154886,0.0,0.03113408288451136,0.0,0.0,0.0,0.0,0.0,0.0,1
1.640108025391139,-0.002787532216362326,0.045899167625450155,-0.32357812256249474,-0.3586261019668579,0.0,0.18805815515662025,-0.2690911657640817,-0.06644218810023683,1.0,0.4515700935562317,1.0,0.0,0.0,0.0,0.651666825375885,0.0,0.0,0.0,0.34833317462411495,0.0,0.0,0.0,0.0,1
-0.918060935050915,1.967943206804313,-0.21141301919269692,-0.41920320652166004,-0.4200639997786798,0.36852634372376114,-0.37640540960693014,-0.32923978429573814,1.7607812893558688,1.0,0.4515700935562317,0.0,0.6314736562762389,0.0,0.36852634372376114,0.36852634372376114,0.0,0.0,0.0,0.0,0.6314736562762389,0.0,0.0,0.0,1
0.9227805656609207,0.687350100060428,-0.44042791538085546,-0.3801609022315154,-0.3787080507341663,0.0,0.8610393204712934,-0.4323050568631192,-0.3403504214672094,0.0,-0.042613975665221904,0.0,0.0,0.13564175016036295,0.0,0.0,0.0,0.0,0.0,0.0,1.0,0.0,0.0,0.0,1
1.0250208809588042,0.1981667884895501,0.07040559003590882,-0.36579909998916155,-0.345619909026014,0.5267900933084428,0.22777195243864912,-0.09713224392148981,0.23319632199570678,1.0,0.061067427789706474,0.0,0.5267900933084428,0.0,0.0,0.0,0.0,0.0,0.0,0.0,1.0,0.0,0.0,0.0,1
0.45607584472040985,-1.3723882110619428,-0.18426298541055725,-0.4259398994822196,-0.38381073381975556,0.0,-0.9704850379448415,-0.4323050568631192,0.3322882577532106,1.0,0.17806988484559294,0.0,0.0,0.0,0.9681934279147217,0.9681934279147217,0.0,0.03180657208527826,0.0,0.0,0.0,0.0,0.0,0.0,1
1.8179687696652227,0.31145468312846314,-0.42448723060871507,-0.41344947966987766,-0.34732860843002716,1.0,0.48598547560779837,-0.20853048313195777,0.6973000614401479,1.0,0.1865008295003771,0.0,1.0,0.0,0.0,0.0,0.0,0.8144744842968789,0.0,0.0,0.18552551570312115,0.0,0.0,0.0,1
-0.8479873803887685,-3.0554692001272725,0.43989665381586796,-0.2947825222305131,-0.375900954322811,0.8686231679556108,1.2613208431323593,-0.14876232258150318,-0.15588040351222454,1.0,0.4167461333722358,0.0,1.0,0.0,0.0,0.0,0.0,0.0,0.0,1.0,0.0,0.0,0.0,0.0,1
-0.4838822854719431,-0.5431303730526092,0.41294414211622316,-0.38809357040125125,-0.3203860936332609,1.0,0.949559702350979,-0.1058772746650442,0.8186526597353879,1.0,0.12728352168212237,0.0,0.0,0.22340314720825827,0.7765968527917417,0.0,0.0,0.0,0.0,0.22340314720825827,0.7765968527917417,0.0,0.0,0.0,1
-0.06271089581564127,-1.4859783945396485,-0.27129322170913794,-0.42228414768890626,-0.41390494675147527,0.229078155355948,1.5177924256641266,-0.18065474886791238,0.5624070504309586,1.0,0.24722240755185096,0.0,1.0,0.0,0.0,0.770921844644052,0.0,0.0,0.0,0.0,0.229078155355948,0.0,0.0,0.0,1
1.998501993059177,-0.3867142400793292,0.2505424803098532,-0.3119291681618462,-0.40721493268416437,0.0,0.012302598992195546,0.5216447564282312,-0.7206648558665812,1.0,0.4515700935562317,0.0,0.0,1.0,0.0,0.0,0.0,0.0,0.0,0.0,1.0,0.0,0.0,0.0,1
-0.31130239311732644,-0.42243587738519417,0.2875746066641575,-0.3159020801941034,-0.34711732524419614,0.0,-0.27691462114383847,-0.18388568330006816,-0.4914080118005728,1.0,-0.0785684345554774,0.0,0.0,0.7610239909429989,0.0,0.7610239909429989,0.0,0.23897600905700112,0.0,0.0,0.0,0.0,0.0,0.0,1
1.4561852574348189,0.5417862183466762,-0.3357943312199665,-0.36664131357904345,-0.4064667882310321,1.0,-0.9813575540993934,0.3425625789735975,-0.5112005887452314,1.0,0.1865008295003771,0.0,0.0,0.0,0.3737796783685846,0.0,0.0,0.0,0.0,0.3737796783685846,0.0,0.0,0.0,0.0,1
0.2521785479498488,1.4232438566425332,0.060655398664775935,-0.4465394627241644,-0.3538231214321533,0.8687551223176124,0.6955135922274169,-0.2905121529374414,-0.649506116477449,1.0,-0.04377945141710629,0.0,0.0,0.0,0.8687551223176124,0.0,0.0,0.0,0.0,0.0,1.0,0.0,0.0,0.0,1
1.1494838093630078,0.40730484542341105,-0.41533267558029224,-0.379564609257429,-0.3824218142771804,0.9674738205087481,-1.253469421861227,0.2046243345809718,-0.8382479143612462,1.0,0.17787913904008235,0.0,0.0,0.0,0.0,0.0,0.0,0.0,0.0,0.0,0.032526179491251916,0.0,0.0,0.0,1
0.12919031040279672,-3.45825379427959,-0.3780888582999423,-0.43544898342438876,-0.3561239176090673,0.07915215218431315,0.4616215955430263,-0.08003981317131434,0.24753411015900112,1.0,0.1865008295003771,0.07915215218431315,0.0,0.0,0.0,0.0,0.0,0.07915215218431315,0.0,0.0,0.9208478478156868,0.0,0.0,0.0,1
-0.17799146558641238,-0.688965653376998,-0.033614669490349136,-0.3371307893994167,-0.32723193124635086,0.616650314520738,1.3333807576954932,-0.24460107540713164,-0.5750566437688548,1.0,0.2881150485064084,0.616650314520738,0.38334968547926196,0.0,0.0,0.0,0.0,0.0,0.0,0.0,1.0,0.0,0.0,0.0,1
1.885552692369201,1.7180254863618636,0.27175230095975655,-0.3610639390773171,-0.4209952911349812,1.0,-0.7525801830083884,-0.0726693342317147,0.664447014912461,1.0,0.4515700935562317,0.0,0.0,0.20346270902382368,0.0,0.0,0.0,1.0,0.0,0.0,0.0,0.0,0.0,0.0,1
-2.4788145997168076,-0.980847736493361,-0.1464063218797685,-0.339786616609546,-0.4479545000412548,1.0,0.70039876188021,-0.3476823024056035,0.2005628891578865,1.0,0.4515700935562317,0.5184776484874499,0.0,0.0,0.4815223515125501,0.0,0.0,0.0,0.0,0.0,1.0,0.0,0.0,0.0,1
1.305696288452137,2.4723940177791217,0.3920282443244786,-0.3194681121701678,-0.36998223328766705,0.11730818896239448,-0.9197186634297672,2.1317215060588484,1.0557458733464586,1.0,0.42047529824024465,0.0,0.0,0.0,1.0,0.0,0.0,0.8826918110376055,0.0,0.11730818896239448,0.0,0.0,0.0,0.0,1
2.039462368413695,2.0343250711765446,-0.07504068462869101,-0.3003141833480295,-0.39549349634179554,1.0,2.0170254800886718,0.13882226651025542,-0.42400440055323785,1.0,0.15331792369099795,0.0,0.0,0.0,1.0,0.0,0.0,1.0,0.0,0.0,0.0,0.0,0.0,0.0,1
-2.6246835723110804,2.684847034189096,-0.29145249640511023,-0.3250760146161947,-0.3457321170127927,1.0,-1.4769475800275744,0.15997684236992873,0.6168283396038235,1.0,0.08812552126018375,0.0,0.31443471277102863,0.0,0.0,0.6855652872289714,0.0,0.0,0.0,0.31443471277102863,0.0,0.0,0.0,0.0,1
1.6906150613550868,1.5230212042749824,0.4743205003901576,-0.3263834226432705,-0.2997934008277182,0.4303058948994627,0.39351137033154215,-0.4323050568631192,1.3418872705503915,1.0,-0.0785684345554774,0.0,0.5696941051005373,0.0,0.4303058948994627,0.5696941051005373,0.0,0.4303058948994627,0.0,0.0,0.0,0.0,0.0,0.0,1
-1.2779526648032473,-0.6201856401221465,-0.2966732378451147,-0.4405784528740448,-0.42581289964707314,1.0,-0.9391638071702618,0.44879302701210655,0.581683201637621,0.20052472670033672,0.23965377123183673,0.7994752732996633,0.0,0.0,0.20052472670033672,1.0,0.0,0.0,0.0,0.0,0.0,0.0,0.0,0.0,1
1.5832501952904074,-3.1155730437056195,-0.37809458553691433,-0.30564371658790807,-0.36936232441627725,0.5084054532585631,0.9940758877323468,-0.19159988041290657,1.258440269669346,1.0,0.31680743421900115,0.0,0.0,0.5084054532585631,0.0,0.0,0.0,0.4915945467414369,0.0,0.5084054532585631,0.0,0.0,0.0,0.0,1
0.33222351773010006,-0.6284647741704888,0.13272341853136502,-0.4080887898575646,-0.4272888074768733,1.0,-0.973711243640435,2.074319296087822,0.7647101541933138,0.9357910629248659,0.43455027785991723,0.06420893707513409,0.0,0.9357910629248659,0.0,1.0,0.0,0.0,0.0,0.0,0.0,0.0,0.0,0.0,1
1.768166356215596,0.8507591642770207,-0.06740184204763927,-0.377544022544923,-0.3503882543631713,1.0,0.5100189277777222,-0.33731923984830836,1.1741273300769726,1.0,0.07569429665152619,0.0,0.5819714019143988,0.0,0.4180285980856012,0.0,0.0,1.0,0.0,0.0,0.0,0.0,0.0,0.0,1
1.8585469116409779,-2.6750907713529193,0.37463530438179393,-0.3525348557829217,-0.43013342260802745,1.0,-0.31662659008758615,0.1766470473152012,-0.1848696096661333,1.0,0.3802682098067415,0.0,0.0,0.7310065955649023,0.26899340443509767,0.0,0.0,0.26899340443509767,0.0,0.7310065955649023,0.0,0.0,0.0,0.0,1
0.07928535570113127,-0.9431831128466377,0.12748735017364615,-0.3873607907918419,-0.41692956670729536,0.7975591006371882,-0.7292367142521043,2.443446535942226,0.3854741869323024,1.0,0.34424837313841994,0.0,0.0,0.7975591006371882,0.0,1.0,0.0,0.0,0.0,0.0,0.0,0.0,0.0,0.0,1
1.9849204893863381,-2.919340602433571,0.4433945257424211,-0.3374475582189185,-0.4411005717650572,0.6896380410764262,-0.47063036854622586,0.2205505075330306,-0.4398197080688842,1.0,0.3693026775134266,0.0,0.0,0.6896380410764262,0.31036195892357377,0.31036195892357377,0.0,0.0,0.0,0.6896380410764262,0.0,0.0,0.0,0.0,1
-0.048639085849394734,1.9562685225047096,0.23549993008727377,-0.35710650979058794,-0.31940814645492027,0.4552201490818012,0.1374206327863441,0.02810184158921708,2.0046756988517838,1.0,0.3309052236557222,0.0,0.4552201490818012,0.5447798509181988,0.0,1.0,0.0,0.0,0.0,0.0,0.0,0.0,0.0,0.0,1
1.5493073565490572,1.41811258717799,0.48616796734099643,-0.3392268754115937,-0.33881931555163486,1.0,0.554560788363581,-0.4285117897929737,1.7191438673673642,1.0,-0.07240793863273357,0.0,0.0,0.0,0.9883794600918994,0.0,0.0,1.0,0.0,0.0,0.0,0.0,0.0,0.0,1
-0.7528384392575233,2.0999892693646265,-0.22962359165771268,-0.4241441010113446,-0.40218728561060124,0.0,-0.5294315839194421,-0.28091550421904704,1.497726283845289,1.0,0.4323666503253909,0.0,0.9275531122054411,0.0,0.0,0.0,0.0,0.07244688779455888,0.0,0.0,0.9275531122054411,0.0,0.0,0.0,1
-2.5171410238222682,1.002260251871692,0.0188792117625865,-0.3121258749117638,-0.37778409423065884,1.0,1.9584154844626533,0.4249832679221386,-0.05309806105777454,1.0,0.4515700935562317,0.0,0.0,1.0,0.0,0.0,0.0,0.3924935564066848,0.0,0.6075064435933152,0.0,0.0,0.0,0.0,1
0.8089883162372371,0.44165956423495184,0.20867649594451862,-0.3919885100698075,-0.3702186627036044,0.5200611652828765,0.748039383933694,1.6960240491159662,-0.3053002421244947,1.0,0.17586563286510726,1.0,0.0,0.0,0.0,0.0,0.0,0.0,0.0,0.0,1.0,0.0,0.0,0.0,1
0.9639227443811337,0.03186250980253996,-0.18204534038009423,-0.4052538202392881,-0.31986790513178276,1.0,0.8595927493348816,0.7754408461461884,0.2532482980012506,1.0,0.08047857055289687,0.3999794518806963,0.6000205481193037,0.0,0.0,0.0,0.0,0.0,0.0,0.0,1.0,0.0,0.0,0.0,1
0.6907043614598122,-1.7323685968126936,-0.07331179587577681,-0.36750787539666546,-0.415749612524472,0.0,-1.376595316260746,0.608189503796096,0.06613445682235711,1.0,0.29694852337401617,0.0,0.29166257870930323,0.0,0.7083374212906968,1.0,0.0,0.0,0.0,0.0,0.0,0.0,0.0,0.0,1
0.673104006009076,-0.40197300954020293,0.2305278728074733,-0.29290574936638436,-0.36635577280936155,0.0,0.331910490185959,-0.3825218636421429,0.1724706796134784,1.0,0.26735175646851933,0.30501811387345745,0.6949818861265425,0.0,0.0,0.30501811387345745,0.0,0.0,0.0,0.6949818861265425,0.0,0.0,0.0,0.0,1
-0.885362504125651,1.329547397412083,-0.3933940982986053,-0.3610639390773171,-0.3657978753086273,0.0,1.4549585116638855,-0.20400537853956346,-0.3437858560526387,0.13987760281079542,0.1865008295003771,0.0,0.0,0.8601223971892046,0.0,0.0,0.0,0.0,0.0,0.0,1.0,0.0,0.0,0.0,1
-0.3726404735284381,2.0318720624677993,0.02439880332155691,-0.33146811621968597,-0.3644815523177575,0.0,0.35302585230037264,-0.3050225424884033,2.5395391332894452,1.0,0.3932153571995678,0.0,0.0,0.7798509888933498,0.0,0.7798509888933498,0.0,0.2201490111066502,0.0,0.0,0.0,0.0,0.0,0.0,1
1.3456461335898109,-0.9150573143373381,0.19809004498194463,-0.27881603099666724,-0.4427049278011522,0.0,0.6940213044512121,-0.4323050568631192,-2.3645825818355144,1.0,0.44106836067838523,0.0,0.9603811746516429,0.039618825348357145,0.0,0.0,0.0,0.0,0.0,0.039618825348357145,0.9603811746516429,0.0,0.0,0.0,1
-0.6464524639393321,0.5422367230482794,0.027518323507715714,-0.36020258764103674,-0.3392581071054843,0.48050694725782894,-0.6326640544632209,-0.021088792128077044,0.37344592406103644,1.0,0.32420247067287367,0.0,0.0,1.0,0.0,0.0,0.0,0.48050694725782894,0.0,0.5194930527421711,0.0,0.0,0.0,0.0,1
-2.116718565020234,-2.979072290485419,-0.06931766812658186,-0.3122397139157514,-0.36193709868029195,1.0,-0.7410724130490394,-0.4323050568631192,1.4225695332515524,1.0,0.4515700935562317,0.0,0.0,0.10493017841817487,0.0,0.0,0.0,0.8950698215818251,0.0,0.10493017841817487,0.0,0.0,0.0,0.0,1
-1.007725478542772,-1.8943569456637295,0.3521924257097254,-0.3831577446929184,-0.4265735397703938,1.0,0.9586298113469269,0.38895785429090024,0.6697293219318999,1.0,0.4515700935562317,0.0,0.0,0.0,0.7579549841374725,0.24204501586252747,0.0,0.7579549841374725,0.0,0.0,0.0,0.0,0.0,0.0,1
-1.789654281678461,-1.047098617531762,-0.007193209123961819,-0.38404176690823405,-0.36079801126905403,1.0,0.8568439710429486,-0.09716987446488601,0.7716749798824574,0.9866625932671464,0.4480347569691406,0.013337406732853552,0.0,0.0,0.0,1.0,0.0,0.0,0.0,0.0,0.0,0.0,0.0,0.0,1
-0.8864163024952023,1.3275718130253087,-0.3928721710859377,-0.3610639390773171,-0.36591350271138884,0.0,1.4560409599017199,-0.1997325366508612,-0.341635321605518,0.14249554290151323,0.1865008295003771,0.0,0.0,0.8575044570984868,0.0,0.0,0.0,0.0,0.0,0.0,1.0,0.0,0.0,0.0,1
-1.0672361794927723,1.9823541293994096,0.1553538238734829,-0.39418008257919895,-0.4147553476724255,1.0,-0.10183265416886741,-0.35051664251209125,2.073690171130603,1.0,0.3187407451819123,0.0,0.0,0.0,1.0,0.49888815345135606,0.0,0.0,0.0,0.5011118465486439,0.0,0.0,0.0,0.0,1
-0.10588017330856359,0.3560276413225103,0.029414305098587612,-0.3474065264431233,-0.37648489480226116,1.0,0.8595779588105399,1.7280448417318164,-0.329276089661367,1.0,0.022646743932766944,1.0,0.0,0.0,0.0,0.0,0.0,0.3818442656818809,0.0,0.0,0.6181557343181191,0.0,0.0,0.0,1
-2.3046997918744725,1.9718563088789436,0.4252429776976434,-0.2792623977195426,-0.3727611816247954,0.29753502945589605,1.4671874852223266,0.07084178350626302,0.06291846583148997,1.0,0.07916634802194539,0.0,0.0,0.29753502945589605,0.702464970544104,0.0,0.0,0.0,0.0,1.0,0.0,0.0,0.0,0.0,1
-1.5946661520542738,-0.6815581436563242,0.1361656978805426,-0.39288678108253267,-0.34989528701768097,1.0,1.0168364033337571,-0.1058772746650442,0.6529239305369521,1.0,0.21812289476793095,0.0,0.0,0.4403513165130859,0.0,0.5596486834869141,0.0,0.0,0.0,0.4403513165130859,0.0,0.0,0.0,0.0,1
2.08279212997518,-0.9567136672987726,0.1768159366620488,-0.4264818551098045,-0.31566831035430554,0.0,1.1812962653744286,-0.42752084278325936,-2.0975976570826513,1.0,0.18909078083498215,0.00977084741918366,0.0,0.9902291525808163,0.0,0.0,0.0,0.0,0.0,0.9902291525808163,0.00977084741918366,0.0,0.0,0.0,1
1.4784352594400851,2.15700913685392,0.17552111620150762,-0.3168763278461144,-0.33799147365061244,0.0,-0.7103823670911472,2.0759159897615964,1.2736229618087243,1.0,0.3650352348372853,0.0,0.0,0.0,1.0,0.0,0.0,1.0,0.0,0.0,0.0,0.0,0.0,0.0,1
1.2836431932876078,-3.5649592911818218,0.04939834324107695,-0.41512450029809644,-0.4045694539735239,0.48228835661528857,0.04234981351026057,0.14183434821808913,-0.6101492891827991,1.0,0.1865008295003771,0.0,0.0,0.0,1.0,0.5177116433847114,0.0,0.48228835661528857,0.0,0.0,0.0,0.0,0.0,0.0,1
-0.8909290813763979,-0.5833662863372338,0.4215041574211663,-0.3064303543438892,-0.3232141901805281,0.0,-0.6884086884962413,0.0716776496566716,0.2980395146494627,1.0,-3.812828839600927,0.9121335008551666,0.08786649914483335,0.0,0.0,0.0,0.0,0.0,0.0,0.9121335008551666,0.08786649914483335,0.0,0.0,0.0,1
-1.701587726174333,-2.3650014252444755,-0.10913585853074408,-0.38086525635373836,-0.3375361952340378,0.0,0.16206589667660454,0.20361517513051608,-1.0472314968209468,1.0,0.1865008295003771,0.0,0.35062693120918076,0.0,0.6493730687908192,0.0,0.0,0.6493730687908192,0.0,0.35062693120918076,0.0,0.0,0.0,0.0,1
-2.5330009606434416,-1.1873853676735924,0.19758319877702296,-0.31834349390905464,-0.4479545000412548,1.0,1.3525049195889551,-0.4268858482806956,0.8649526878570468,1.0,0.4515700935562317,0.033203108791366565,0.0,0.0,0.9667968912086334,0.0,0.0,0.0,0.0,0.0,1.0,0.0,0.0,0.0,1
0.29977948539039667,-0.11867209731799516,-0.3334611641702214,-0.3645361351607353,-0.30378067865133823,1.0,-0.21838209824554605,1.427173256613221,2.287323792426334,1.0,0.4515700935562317,0.0,0.0,0.07857849715502074,0.9214215028449793,0.07857849715502074,0.0,0.9214215028449793,0.0,0.0,0.0,0.0,0.0,0.0,1
1.2769807606928192,-1.6950210099189458,0.2253452871614516,-0.325305990867146,-0.430423461922572,0.0,0.6735446480929123,-0.4323050568631192,-1.9406886105817953,1.0,0.3463579328468359,0.0,0.6030767237984039,0.0,0.0,0.0,0.0,0.0,0.0,0.0,1.0,0.0,0.0,0.0,1
-2.1077417591212106,-3.587785734638774,0.30678645658335196,-0.4068199834204338,-0.3433978946670963,1.0,-1.5393033791775659,-0.29075222039159243,1.2581800637278087,1.0,-0.008210700049853789,0.0,0.0,0.13271575404306035,0.0,0.0,0.0,0.8672842459569396,0.0,0.13271575404306035,0.0,0.0,0.0,0.0,1
1.7134729200196759,-3.462026576184057,-0.08302028372360026,-0.29776699097572046,-0.34051929362215083,0.43245915173844185,0.9585363338264247,0.7763338087475344,0.11117049265311885,1.0,0.33693846447070375,1.0,0.0,0.0,0.0,0.0,0.0,1.0,0.0,0.0,0.0,0.0,0.0,0.0,1
0.2988405685808056,-1.4849845569519737,-0.3219462981366219,-0.36641373589657983,-0.3360257852872663,0.0,-1.0516172463956066,0.13034624508373532,0.1739813227930036,1.0,0.0037448575388696337,0.0,0.6894649691372657,0.0,0.31053503086273426,1.0,0.0,0.0,0.0,0.0,0.0,0.0,0.0,0.0,1
-1.182410618432327,1.863697469594121,-0.03177426221479057,-0.4008457516014704,-0.43474317285702285,1.0,-0.07064658346175952,-0.39975803608780947,2.1976068943175857,1.0,0.39871175664612757,0.0,0.0,0.0,1.0,0.8005866991090829,0.0,0.0,0.0,0.19941330089091713,0.0,0.0,0.0,0.0,1
-0.12093945425088215,-0.8828722751031239,0.36731419272458343,-0.37871906676696,-0.3772834670216721,0.0,1.1902309248506642,-0.040665284068861426,-0.23957193495507562,1.0,0.3985164156136603,0.0,1.0,0.0,0.0,0.0,0.0,0.0,0.0,0.2001502442448101,0.7998497557551899,0.0,0.0,0.0,1
0.9679242863262831,0.38215738170301966,-0.24701793326074278,-0.34267046107814664,-0.34493345236115047,0.16748258225906976,1.1888681130177912,-0.4049695729213018,2.164861696691401,0.16748258225906976,0.1865008295003771,0.0,0.8325174177409302,0.0,0.0,0.0,0.0,0.0,0.0,0.0,1.0,0.0,0.0,0.0,1
-2.1373624175553396,-3.6148685473270183,0.307409981680493,-0.41117324515818077,-0.34215467670086824,1.0,-1.5742186085604104,-0.286158089868882,1.3005711304585117,1.0,-0.023132993592778255,0.0,0.0,0.10456784033440025,0.0,0.0,0.0,0.8954321596655997,0.0,0.10456784033440025,0.0,0.0,0.0,0.0,1
-0.6293059902612329,0.6157493057249307,-0.17359307292928777,-0.35303129968302155,-0.3877292759085382,0.3635697504563633,1.6226881629561378,1.4371923887588118,0.26321800884376,1.0,0.09012966331393821,0.3635697504563633,0.0,0.0,0.0,0.0,0.0,0.0,0.0,0.0,1.0,0.0,0.0,0.0,1
-0.21083285351706882,2.0515877755075818,0.4647884786675313,-0.39876648206606075,-0.3036956650507938,1.0,-0.22642908901610204,0.19213544338370409,1.385163439404733,1.0,0.1865008295003771,0.0,0.7064757264869012,0.0,0.29352427351309884,0.7064757264869012,0.0,0.0,0.0,0.29352427351309884,0.0,0.0,0.0,0.0,1
-0.7571067941093232,-2.191414656317704,0.46758723018063697,-0.38036631211722255,-0.44586188690102924,1.0,0.9967096235566126,0.5263570993238625,0.6149686082246816,1.0,0.4515700935562317,0.0,0.03158614482564204,0.0,0.968413855174358,0.0,0.0,0.968413855174358,0.0,0.03158614482564204,0.0,0.0,0.0,0.0,1
-1.537379063572461,-3.010102468040551,0.03870991090342693,-0.3554266821487261,-0.4230535048249186,1.0,-0.26995746439221113,-0.12669936965511347,0.08021737909827573,1.0,0.4515700935562317,0.9362122462436898,0.0,0.06378775375631018,0.0,0.0,0.0,0.0,0.0,1.0,0.0,0.0,0.0,0.0,1
-2.0573210798650168,1.416926243931751,0.47110056298181463,-0.4448461877853668,-0.3409793438577081,0.9480287163485276,1.5166077310866994,-0.03801779122369536,1.0117442160895838,1.0,0.4377941036466978,0.0,0.0,0.0,0.0,0.0,0.0,0.0,0.0,0.0,1.0,0.0,0.0,0.0,1
1.1783841288555723,0.8236625685758066,0.09248760248577242,-0.350929429474295,-0.36144380473095905,0.5412963353010705,0.49333914403200607,-0.3439579757409822,1.9089673278150805,0.5412963353010705,0.1865008295003771,0.0,0.45870366469892954,0.0,0.0,0.0,0.0,0.0,0.0,0.0,1.0,0.0,0.0,0.0,1
-1.2467935191614279,-0.6481988124058597,-0.20296743579820173,-0.20598478010470006,-0.14197729535649495,1.0,-0.6007299094065214,-0.3165765304588304,1.6273969905108825,0.7090605194509164,0.4515700935562317,1.0,0.0,0.0,0.0,0.0,0.0,0.7090605194509164,0.0,0.0,0.2909394805490836,0.0,0.0,0.0,1
-2.1896775851227925,-2.216538937939198,-0.15688967661584977,-0.40810233340688445,-0.32400095664684253,1.0,-1.370479588988404,-0.08481764327972444,0.5085165763259696,1.0,-0.044366315146370294,0.0,1.0,0.0,0.0,0.8709691237460856,0.0,0.1290308762539144,0.0,0.0,0.0,0.0,0.0,0.0,1
0.3328834463558653,-0.2357824872473841,-0.21864065768231972,-0.3736977545661698,-0.33125291684255265,1.0,-0.3898367021959417,1.5963726668399412,1.9466894608942678,1.0,0.4515700935562317,0.0,0.0,0.2859130678675722,0.7140869321324278,0.2859130678675722,0.0,0.7140869321324278,0.0,0.0,0.0,0.0,0.0,0.0,1
2.005050483204537,-2.2083022911924552,-0.2280299437513036,-0.3700160011178524,-0.3594290441923487,1.0,0.013237826773727757,-0.041155812549355436,-0.40439893426486284,1.0,0.4515700935562317,0.0,0.0,0.19827191693020818,0.8017280830697918,0.0,0.0,0.0,0.0,0.19827191693020818,0.8017280830697918,0.0,0.0,0.0,1
0.2852367824996648,-0.8810358174645903,0.3627687103801593,-0.3677528174574238,-0.3446272502646571,0.0,0.14911559313557782,-0.05047428790581541,0.7684762470191119,1.0,-3.9646295826723565,0.33945019254280606,0.0,0.0,0.0,0.6605498074571939,0.0,0.0,0.0,0.33945019254280606,0.0,0.0,0.0,0.0,1
1.9297802915915665,-0.40047068350886156,0.26049684302015474,-0.3234210478229426,-0.3996978387117721,0.0,0.1567030663889009,0.728316972046626,-0.8440677390584397,1.0,0.4515700935562317,0.18517488625348777,0.0,0.8148251137465122,0.0,0.0,0.0,0.0,0.0,0.0,1.0,0.0,0.0,0.0,1
1.5902599785726304,-3.877245324006962,0.1794461602298929,-0.3778476191640781,-0.4205631517631995,0.0,-0.19880084148150703,0.2990056424124975,-0.9405189529260402,1.0,0.2077368128715108,0.08011484638467514,0.0,0.0,0.9198851536153249,0.9198851536153249,0.0,0.08011484638467514,0.0,0.0,0.0,0.0,0.0,0.0,1
1.9269246855571383,1.217619668851224,-0.32808114310045516,-0.3168763278461144,-0.30033737323020154,0.0,-0.24038288399445618,1.6120985505411785,1.429250123028395,1.0,0.21438170106934687,0.0,0.0,0.0,1.0,0.0,0.0,1.0,0.0,0.0,0.0,0.0,0.0,0.0,1
