bin,incident date,record type description,check2 description,fatality,injury,borough,postcode,latitude,longitude,community board,council district,bbl,census tract (2020),neighborhood tabulation area (nta) (2020),permit_count,unique_job_types,unique_work_types,residential_any,temperature,rainfall,wind_speed
3000352.0,6/11/2024,Incident,Other Construction Related,0,0,Brooklyn,11201.0,40.689238,-73.981765,302.0,33.0,3001490014.0,33.0,BK0203,3.0,3.0,3.0,1.0,18.4,1.8,12.7
3424473.0,10/29/2024,Accident,Material Failure (Fell),1,2,Bronx,10001.0,40.63278517330147,-74.11313529209056,306.0,35.0,4101510024.0,104.0,BK0202,21.0,7.0,4.0,0.0,15.776277911878488,24.46682518654334,11.031541996087032
3429595.0,5/27/2025,Accident,Worker Fell,0,1,Brooklyn,11217.0,40.689356,-73.978567,302.0,35.0,3020950026.0,33.0,BK0203,27.0,27.0,27.0,1.0,18.6,0.0,14.5
4075030.0,8/15/2025,Incident,Other Construction Related,0,0,Queens,11375.0,40.722869,-73.855793,406.0,29.0,4031660129.0,711.0,QN0602,4.0,4.0,4.0,0.0,27.1,0.0,12.0
3327107.0,4/2/2025,Accident,Struck By,1,2,Bronx,11201.0,40.786907154397454,-74.1858308799045,414.0,9.0,3065530069.0,251.0,BK0504,32.0,4.0,5.0,0.0,21.46378089755455,0.6806630413524741,36.59277240682664
3429094.0,7/5/2024,Accident,Other Construction Related,1,2,Manhattan,11222.0,40.64691830775367,-73.81303632139209,105.0,49.0,2031420048.0,5502.0,BK0104,40.0,5.0,6.0,1.0,9.359559297277363,1.799566900277388,23.512441326924804
1035347.0,10/31/2025,Accident,Worker Fell,0,1,Manhattan,10017.0,40.753979,-73.979997,105.0,4.0,1012770008.0,94.0,MN0502,40.0,40.0,40.0,0.0,11.9,0.0,27.4
4075029.0,8/3/2025,Incident,Other Construction Related,0,0,Queens,11375.0,40.722869,-73.855793,406.0,29.0,4031660129.0,711.0,QN0602,1.0,1.0,1.0,1.0,22.5,0.0,11.0
1028168.0,2/4/2025,Accident,Other Construction Related,0,1,Manhattan,10023.0,40.772885,-73.979865,107.0,6.0,1011187503.0,149.0,MN0701,39.0,39.0,39.0,1.0,3.5,0.0,22.7
3330263.0,6/26/2024,Accident,Other Construction Related,0,1,Brooklyn,11231.0,40.678428,-73.98975,306.0,39.0,3004450011.0,75.0,BK0601,8.0,8.0,8.0,1.0,27.5,0.3,32.4
1091738.0,6/7/2024,Accident,Worker Fell,1,2,Queens,11375.0,40.8894467412644,-73.80712872902637,106.0,8.0,1000890012.0,251.0,BK0702,8.0,4.0,6.0,0.0,11.639317853665956,0.11222624262005568,16.054122494494006
3429314.0,4/25/2024,Accident,Other Construction Related,0,1,Brooklyn,11221.0,40.696176,-73.916696,304.0,37.0,,433.0,BK0402,3.0,3.0,3.0,1.0,7.4,0.0,22.5
3429317.0,4/30/2025,Accident,Material Failure (Fell),0,1,Brooklyn,11201.0,40.689883,-73.979793,302.0,35.0,,3101.0,BK0203,15.0,15.0,15.0,0.0,21.3,0.0,19.8
1009430.0,1/9/2025,Incident,Scaffold/Shoring Installations,0,0,Manhattan,10011.0,40.732624,-73.996092,102.0,2.0,1005720041.0,63.0,MN0202,14.0,14.0,14.0,1.0,-4.2,0.0,29.0
1001416.0,5/15/2024,Accident,Mechanical Construction Equipment,0,2,Manhattan,10007.0,40.714055,-74.011612,101.0,1.0,1001280002.0,21.0,MN0102,45.0,45.0,45.0,0.0,15.7,6.8,26.0
3023696.0,4/16/2024,Incident,Mechanical Construction Equipment,0,0,Brooklyn,11215.0,40.665854,-73.988173,306.0,39.0,3010420012.0,14101.0,BK0602,1.0,1.0,1.0,0.0,13.9,0.0,20.1
3429595.0,5/14/2024,Incident,Mechanical Construction Equipment,0,0,Brooklyn,11217.0,40.689356,-73.978567,302.0,35.0,3020950026.0,33.0,BK0203,27.0,27.0,27.0,1.0,15.4,5.0,23.6
2129483.0,9/19/2024,Incident,Mechanical Construction Equipment,0,0,Bronx,10468.0,40.867472,-73.895959,207.0,14.0,2033160011.0,40304.0,BX0702,21.0,21.0,21.0,1.0,22.4,0.0,15.2
3135716.0,2/11/2024,Incident,Other Construction Related,0,0,Brooklyn,11219.0,40.639345,-73.987612,312.0,39.0,3055940003.0,232.0,BK1202,1.0,1.0,1.0,0.0,7.3,0.0,18.4
1091789.0,9/3/2024,Accident,Other Construction Related,0,1,Manhattan,10036.0,40.765045,-73.996552,104.0,3.0,1010950011.0,12902.0,MN0402,14.0,14.0,14.0,0.0,17.7,0.0,17.2
2130439.0,10/20/2025,Accident,Worker Fell,0,1,Bronx,10451.0,40.822396,-73.916801,201.0,17.0,2024040001.0,69.0,BX0102,6.0,6.0,6.0,1.0,16.2,4.5,25.0
4047330.0,5/8/2024,Accident,Worker Fell,0,1,Queens,11368.0,40.735687,-73.859814,404.0,21.0,4019180090.0,455.0,QN0402,4.0,4.0,4.0,0.0,22.6,0.1,27.0
2805203.0,2/1/2024,Accident,Mechanical Construction Equipment,0,1,Bronx,10451.0,40.820236,-73.929612,204.0,8.0,,6301.0,BX0401,42.0,42.0,42.0,1.0,2.2,0.0,20.9
1089192.0,7/3/2024,Accident,Worker Fell,0,1,Manhattan,10034.0,40.863599,-73.916537,112.0,10.0,1021880001.0,299.0,MN1203,6.0,6.0,6.0,1.0,22.1,0.0,22.5
4042212.0,9/16/2025,Incident,Other Construction Related,0,0,Queens,11368.0,40.757809,-73.861717,403.0,21.0,4017020062.0,373.0,QN0302,1.0,1.0,1.0,0.0,20.4,0.0,16.2
3061068.0,7/16/2024,Accident,Material Failure (Fell),1,2,Staten Island,11230.0,40.61057217543124,-73.78615142382598,402.0,30.0,1011500037.0,397.0,BK0601,34.0,4.0,5.0,1.0,18.025555833672986,2.278628173504834,21.269016115776882
3061583.0,12/21/2024,Incident,Material Failure (Fell),0,0,Brooklyn,11249.0,40.723301,-73.960597,301.0,33.0,3022940001.0,557.0,BK0102,2.0,2.0,2.0,0.0,-2.5,3.7,19.7
1083689.0,1/21/2026,Accident,Mechanical Construction Equipment,0,1,Manhattan,10010.0,40.733824,-73.97734,106.0,4.0,1009780001.0,60.0,MN0601,29.0,29.0,29.0,1.0,-6.9,0.0,18.8
1086331.0,5/15/2024,Accident,Worker Fell,0,1,Manhattan,10004.0,40.692552,-74.016281,101.0,1.0,1000010111.0,5.0,MN0191,14.0,14.0,14.0,1.0,15.7,6.8,26.0
1084612.0,3/29/2024,Accident,Worker Fell,0,1,Manhattan,10002.0,40.71299,-73.994939,103.0,1.0,1002800015.0,8.0,MN0301,4.0,4.0,4.0,1.0,7.4,0.4,34.5
1091791.0,6/16/2025,Accident,Worker Fell,1,1,Manhattan,11201.0,40.7477930416181,-74.10497450857747,207.0,11.0,3049950026.0,79.0,MN0502,11.0,3.0,1.0,1.0,21.676062258033895,0.23069654832499492,25.3066288898694
1077363.0,10/26/2024,Accident,Material Failure (Fell),0,1,Manhattan,10019.0,40.762495,-73.975193,105.0,4.0,1012710038.0,104.0,MN0502,147.0,147.0,147.0,0.0,13.4,0.0,24.6
1028168.0,11/14/2025,Accident,Other Construction Related,1,2,Staten Island,11217.0,40.59072941415254,-74.10865929850833,306.0,33.0,4002660027.0,575.0,MN0401,24.0,2.0,6.0,0.0,13.469119416608258,6.293336688128231,11.326504707736031
1001215.0,10/1/2025,Accident,Other Construction Related,0,1,Manhattan,10038.0,40.709639,-74.008325,101.0,1.0,1000797503.0,1502.0,MN0101,45.0,45.0,45.0,1.0,16.3,0.0,14.4
3061688.0,8/24/2025,Incident,Other Construction Related,0,0,Brooklyn,11249.0,40.719298,-73.957092,301.0,33.0,3023040032.0,517.0,BK0102,1.0,1.0,1.0,1.0,22.7,0.6,17.2
2014932.0,8/9/2024,Accident,Other Construction Related,0,1,Bronx,10468.0,40.861175,-73.908825,207.0,14.0,2032250077.0,255.0,BX0701,4.0,4.0,4.0,0.0,24.7,16.7,44.7
3345008.0,5/29/2024,Accident,Mechanical Construction Equipment,0,1,Brooklyn,11206.0,40.708974,-73.941524,301.0,34.0,3030270001.0,49301.0,BK0104,1.0,1.0,1.0,1.0,18.9,11.4,15.4
4624500.0,4/19/2024,Accident,Worker Fell,0,1,Queens,11435.0,40.697107,-73.805657,412.0,27.0,4100300006.0,208.0,QN1201,5.0,5.0,5.0,0.0,8.2,0.0,20.7
1085486.0,7/18/2025,Accident,Struck By,1,0,Manhattan,10467.0,40.75931229190797,-73.99715488687123,316.0,44.0,4019180090.0,94.0,BX0501,39.0,9.0,5.0,0.0,16.393717579039617,0.5418132293650699,20.103968895749638
3330085.0,12/3/2024,Accident,Worker Fell,0,1,Brooklyn,11222.0,40.726245,-73.958095,301.0,33.0,3025890001.0,561.0,BK0101,2.0,2.0,2.0,0.0,0.7,0.1,10.4
3338398.0,4/2/2024,Accident,Material Failure (Fell),0,1,Brooklyn,11206.0,40.711095,-73.941645,301.0,34.0,3030270001.0,49301.0,BK0104,3.0,3.0,3.0,0.0,7.5,18.8,22.8
1078533.0,12/2/2024,Accident,Material Failure (Fell),1,0,Staten Island,11101.0,40.65699007402953,-74.04612349798319,401.0,5.0,3010420012.0,1903.0,BK0301,49.0,3.0,6.0,1.0,1.232222769884613,3.085276989494403,22.044164178793363
1000863.0,9/19/2025,Accident,Other Construction Related,0,1,Manhattan,10005.0,40.704275,-74.008681,101.0,1.0,1000330001.0,7.0,MN0101,56.0,56.0,56.0,0.0,22.6,0.0,11.1
1078533.0,6/7/2024,Accident,Worker Fell,1,0,Bronx,11219.0,40.64272378932715,-73.91079227924531,105.0,33.0,4049600029.0,299.0,BK0902,14.0,5.0,3.0,0.0,30.699756245333788,10.38370196558518,22.7255297345572
3429652.0,12/12/2024,Accident,Other Construction Related,0,1,Brooklyn,11221.0,40.693039,-73.909199,304.0,37.0,,437.0,BK0402,1.0,1.0,1.0,1.0,2.0,0.1,25.2
3429584.0,2/21/2024,Accident,Other Construction Related,1,0,Brooklyn,10452.0,40.86703772469118,-74.0120747331984,202.0,7.0,3060580012.0,140.0,MN0502,44.0,3.0,6.0,1.0,1.1754530111761579,0.10335819741096423,21.7871123713274
3335795.0,2/3/2024,Accident,Other Construction Related,0,1,Brooklyn,11249.0,40.712706,-73.967694,301.0,33.0,3024147502.0,551.0,BK0102,1.0,1.0,1.0,1.0,1.1,0.0,27.0
3018646.0,6/24/2025,Accident,Other Construction Related,0,1,Brooklyn,11217.0,40.681608,-73.980192,306.0,39.0,3009340007.0,12901.0,BK0602,1.0,1.0,1.0,0.0,34.5,0.0,15.6
2003566.0,10/27/2025,Accident,Mechanical Construction Equipment,0,1,Bronx,10452.0,40.84309,-73.923798,204.0,16.0,2025360029.0,201.0,BX0402,1.0,1.0,1.0,1.0,8.8,0.0,11.0
3073409.0,10/10/2024,Incident,Scaffold/Shoring Installations,0,0,Brooklyn,11221.0,40.69798,-73.926326,304.0,34.0,3032280025.0,423.0,BK0401,2.0,2.0,2.0,0.0,12.5,0.0,23.2
1091010.0,1/8/2024,Accident,Material Failure (Fell),0,1,Manhattan,10017.0,40.755641,-73.975109,105.0,4.0,1012830021.0,94.0,MN0502,92.0,92.0,92.0,0.0,0.7,0.0,17.3
1036511.0,4/10/2024,Accident,Material Failure (Fell),0,1,Manhattan,10022.0,40.759812,-73.969957,105.0,4.0,1013100014.0,100.0,MN0604,2.0,2.0,2.0,0.0,12.1,0.1,16.1
4047330.0,10/28/2024,Accident,Worker Fell,0,1,Queens,11368.0,40.735687,-73.859814,404.0,21.0,4019180090.0,455.0,QN0402,4.0,4.0,4.0,0.0,9.6,0.0,15.5
1000863.0,1/22/2026,Accident,Worker Fell,1,1,Manhattan,11215.0,40.679770963949096,-73.81081806114933,108.0,13.0,2030220054.0,455.0,BK0801,13.0,2.0,3.0,0.0,7.820346553622356,1.9602865538267682,30.126461894746342
3076634.0,11/21/2025,Accident,Other Construction Related,1,2,Queens,11101.0,40.640407572598235,-74.22892450471417,306.0,4.0,3026000031.0,1902.0,MN0502,33.0,4.0,1.0,1.0,15.714001974620118,5.23028286589833,18.89378426955906
4624423.0,9/4/2025,Accident,Worker Fell,1,2,Bronx,10021.0,40.5797280927538,-73.85508329728478,306.0,35.0,3011540024.0,13301.0,BX0802,47.0,1.0,6.0,1.0,27.386835611671255,2.2800452694123825,27.72694803193646
1038655.0,1/15/2024,Accident,Mechanical Construction Equipment,0,1,Manhattan,10017.0,40.748545,-73.970799,106.0,4.0,1013340022.0,88.0,MN0603,39.0,39.0,39.0,1.0,-3.5,0.8,11.9
1090627.0,12/24/2024,Incident,Other Construction Related,0,0,Manhattan,10018.0,40.751762,-73.98657,105.0,4.0,1008120045.0,109.0,MN0502,5.0,5.0,5.0,0.0,-1.7,1.9,10.5
3816613.0,3/22/2024,Accident,Worker Fell,0,1,Brooklyn,11212.0,40.671537,-73.907191,316.0,37.0,3036920001.0,908.0,BK1602,1.0,1.0,1.0,1.0,0.7,0.0,20.3
1036892.0,1/19/2024,Accident,Mechanical Construction Equipment,0,1,Manhattan,10022.0,40.761118,-73.969609,105.0,4.0,1013110013.0,11203.0,MN0604,5.0,5.0,5.0,0.0,-2.3,2.4,17.1
1028235.0,11/18/2025,Notification,Other Construction Related,0,1,Manhattan,10023.0,40.773911,-73.981334,107.0,6.0,1011190061.0,15301.0,MN0701,37.0,37.0,37.0,0.0,4.4,0.0,16.0
1091054.0,12/2/2024,Accident,Worker Fell,0,1,Manhattan,10027.0,40.808523,-73.947278,110.0,9.0,1019090009.0,222.0,MN1001,1.0,1.0,1.0,0.0,0.1,0.0,10.3
1051954.0,10/29/2025,Accident,Mechanical Construction Equipment,0,1,Manhattan,10029.0,40.791797,-73.948703,111.0,8.0,1016320001.0,166.0,MN1101,9.0,9.0,9.0,0.0,10.8,0.0,18.3
3428908.0,1/23/2026,Incident,Scaffold/Shoring Installations,0,0,Brooklyn,11219.0,40.639699,-73.996818,312.0,38.0,3056200040.0,114.0,BK1201,4.0,4.0,4.0,1.0,0.4,0.0,31.6
3429214.0,5/13/2024,Accident,Material Failure (Fell),0,1,Brooklyn,11213.0,40.672347,-73.946733,308.0,36.0,3012427501.0,341.0,BK0802,14.0,14.0,14.0,1.0,12.6,0.1,26.8
3429781.0,10/28/2025,Accident,Worker Fell,0,4,Brooklyn,11220.0,40.63427,-74.010848,310.0,38.0,3057940075.0,118.0,BK0703,6.0,6.0,6.0,1.0,9.7,0.0,23.5
2045727.0,9/3/2024,Accident,Other Construction Related,0,1,Bronx,10461.0,40.841827,-73.842073,211.0,13.0,2041340001.0,284.0,BX1161,6.0,6.0,6.0,1.0,17.8,0.0,15.7
1091738.0,6/10/2024,Accident,Material Failure (Fell),1,1,Brooklyn,10014.0,40.82871639808554,-73.9685108674923,401.0,26.0,3021340001.0,455.0,QN1402,24.0,6.0,4.0,0.0,15.119022843138573,1.5391049799782122,22.894008751111837
4625349.0,7/21/2025,Accident,Worker Fell,0,1,Queens,11694.0,40.578698,-73.83655,414.0,32.0,4161880028.0,938.0,QN1403,8.0,8.0,8.0,0.0,26.4,3.1,13.2
4623202.0,2/20/2024,Accident,Worker Fell,0,1,Queens,11105.0,40.780061,-73.901942,401.0,22.0,4008140010.0,10701.0,QN0101,16.0,16.0,16.0,0.0,-2.5,0.0,12.0
4005002.0,11/25/2025,Accident,Material Failure (Fell),1,2,Manhattan,11231.0,40.84808757297504,-74.18500346894864,306.0,34.0,2033000073.0,61.0,MN0203,9.0,1.0,8.0,1.0,20.7495762242268,1.0577917677408846,7.83995699397258
1038656.0,10/22/2025,Accident,Struck By,1,0,Queens,11237.0,40.75347451456751,-73.81782183164367,315.0,33.0,3023040032.0,367.0,MN0801,17.0,1.0,4.0,1.0,14.154556471442374,1.2799280682226748,16.199977990879482
1091738.0,2/5/2024,Accident,Other Construction Related,0,1,Manhattan,10002.0,40.721627,-73.984307,103.0,2.0,1003977503.0,3002.0,MN0303,1.0,1.0,1.0,1.0,0.9,0.0,28.2
3429272.0,5/28/2025,Accident,Worker Fell,1,2,Bronx,10010.0,40.5233172358549,-74.05891508082033,108.0,39.0,3001497503.0,871.0,MN0903,1.0,1.0,4.0,0.0,13.384410002365463,3.0380484989923797,18.55700274445709
3061068.0,9/5/2024,Accident,Worker Fell,0,1,Brooklyn,11211.0,40.705427,-73.951825,301.0,33.0,3022280016.0,529.0,BK0103,2.0,2.0,2.0,0.0,19.1,0.0,22.0
1061930.0,7/29/2025,Accident,Worker Fell,0,1,Manhattan,10031.0,40.825678,-73.948637,109.0,7.0,1020770010.0,229.0,MN0903,1.0,1.0,1.0,1.0,32.3,0.0,8.1
4624047.0,2/14/2024,Accident,Worker Fell,0,1,Queens,11101.0,40.741194,-73.953794,402.0,26.0,,104.0,QN0201,,,,,-1.8,0.0,28.7
3000370.0,2/6/2024,Accident,Other Construction Related,0,1,Brooklyn,11201.0,40.689985,-73.98254,302.0,33.0,3001497503.0,1502.0,BK0202,62.0,62.0,62.0,1.0,-0.3,0.0,17.8
1083810.0,11/18/2025,Accident,Other Construction Related,0,1,Manhattan,10028.0,40.778633,-73.962546,164.0,6.0,1011110001.0,143.0,MN6491,108.0,108.0,108.0,0.0,4.6,0.0,14.2
1046667.0,1/17/2024,Accident,Material Failure (Fell),0,1,Manhattan,10028.0,40.777826,-73.961041,108.0,4.0,1014930014.0,142.0,MN0802,6.0,6.0,6.0,0.0,-6.5,0.0,23.9
3048468.0,7/23/2025,Incident,Other Construction Related,0,0,Brooklyn,11205.0,40.695423,-73.95353,303.0,33.0,3017360034.0,1237.0,BK0301,1.0,1.0,1.0,1.0,24.4,0.0,15.0
1045571.0,10/31/2024,Notification,Other Construction Related,0,1,Manhattan,10065.0,40.763195,-73.956429,108.0,5.0,1014610021.0,116.0,MN0801,33.0,33.0,33.0,1.0,19.7,0.0,20.4
2817041.0,6/14/2024,Accident,Worker Fell,0,1,Bronx,10456.0,40.826343,-73.909635,203.0,16.0,2023690010.0,18501.0,BX0301,8.0,8.0,8.0,1.0,22.9,9.3,15.8
3429855.0,10/15/2024,Notification,Other Construction Related,0,1,Brooklyn,11212.0,40.669906,-73.913755,316.0,41.0,,902.0,BK1602,1.0,1.0,1.0,1.0,10.0,0.0,22.7
3429828.0,8/4/2025,Accident,Other Construction Related,1,1,Manhattan,11217.0,40.56294838938291,-74.17883038939995,312.0,29.0,1000787511.0,153.0,MN0803,2.0,8.0,8.0,0.0,32.16379245571051,1.5096874444856971,16.90914671802793
1000042.0,1/15/2026,Not DOB Jurisdiction,Worker Fell,0,1,Manhattan,10004.0,40.704294,-74.013237,101.0,1.0,1000120001.0,9.0,MN0101,1.0,1.0,1.0,0.0,2.4,0.1,19.7
3429743.0,7/5/2024,Accident,Worker Fell,0,1,Brooklyn,11231.0,40.679018,-73.990179,306.0,39.0,3004450001.0,75.0,BK0601,31.0,31.0,31.0,1.0,25.6,0.7,20.2
1036085.0,7/8/2024,Accident,Other Construction Related,1,0,Queens,10011.0,40.785611463450515,-73.86414132589191,412.0,16.0,2022600010.0,409.0,MN1203,10.0,5.0,7.0,1.0,6.989170651119529,3.4310669510936034,25.345323823718484
1091010.0,2/27/2025,Accident,Worker Fell,0,1,Manhattan,10017.0,40.755641,-73.975109,105.0,4.0,1012830021.0,94.0,MN0502,92.0,92.0,92.0,0.0,8.0,1.8,13.3
1091745.0,3/9/2025,Notification,Other Construction Related,0,0,Manhattan,10014.0,40.729793,-74.010297,102.0,3.0,1005967502.0,69.0,MN0203,,,,,3.7,0.0,24.4
3333398.0,9/30/2025,Notification,Other Construction Related,0,0,Brooklyn,11212.0,40.66759,-73.90719,316.0,41.0,3035260021.0,906.0,BK1602,7.0,7.0,7.0,0.0,20.7,0.0,11.6
1084771.0,7/31/2025,Accident,Worker Fell,0,1,Manhattan,10022.0,40.756648,-73.974358,105.0,4.0,1013047501.0,100.0,MN0604,138.0,138.0,138.0,1.0,25.9,8.0,16.5
1037552.0,3/26/2024,Accident,Material Failure (Fell),1,1,Manhattan,10001.0,40.57641397070373,-74.12493713511753,202.0,40.0,4026810001.0,387.0,BK0901,15.0,3.0,7.0,1.0,-0.12166336645059594,2.997957477172308,25.28971951526089
3058411.0,1/5/2024,Accident,Worker Fell,0,1,Brooklyn,11201.0,40.691903,-73.97827,302.0,35.0,3020880025.0,3101.0,BK0203,6.0,6.0,6.0,1.0,-1.6,0.0,26.0
2116550.0,5/6/2025,Accident,Worker Fell,0,1,Bronx,10455.0,40.817675,-73.902461,201.0,17.0,2026760079.0,79.0,BX0102,12.0,12.0,12.0,1.0,15.9,21.3,15.1
3023674.0,5/17/2024,Incident,Other Construction Related,0,0,Brooklyn,11215.0,40.66595,-73.990084,306.0,38.0,3010417501.0,14101.0,BK0602,33.0,33.0,33.0,1.0,17.0,0.0,18.7
3058215.0,3/21/2024,Incident,Scaffold/Shoring Installations,0,1,Brooklyn,11201.0,40.695332,-73.982413,302.0,35.0,3020500100.0,1501.0,BK0202,12.0,12.0,12.0,1.0,0.0,0.0,31.9
4437366.0,7/9/2024,Accident,Other Construction Related,0,1,Queens,11377.0,40.738775,-73.917667,402.0,26.0,4022920007.0,23501.0,QN0202,2.0,2.0,2.0,0.0,26.4,0.3,23.7
3044052.0,3/19/2024,Accident,Other Construction Related,0,2,Brooklyn,11221.0,40.690316,-73.933532,303.0,36.0,3016200045.0,291.0,BK0302,2.0,2.0,2.0,0.0,3.6,0.4,28.5
3424473.0,10/23/2025,Incident,Scaffold/Shoring Installations,0,0,Brooklyn,11217.0,40.687257,-73.981571,302.0,33.0,3001677501.0,37.0,BK0202,5.0,5.0,5.0,1.0,12.0,0.1,17.3
3009621.0,4/10/2025,Accident,Mechanical Construction Equipment,0,1,Brooklyn,11232.0,40.659028,-73.995852,307.0,38.0,3006550031.0,101.0,BK0702,2.0,2.0,2.0,0.0,5.5,0.6,17.5
1036443.0,3/20/2025,Accident,Worker Fell,0,1,Manhattan,10017.0,40.75564,-73.97225,106.0,4.0,1013040026.0,100.0,MN0604,6.0,6.0,6.0,1.0,7.8,7.9,15.0
3058215.0,10/31/2024,Accident,Other Construction Related,0,1,Brooklyn,11201.0,40.695332,-73.982413,302.0,35.0,3020500100.0,1501.0,BK0202,9.0,9.0,9.0,0.0,19.6,0.0,23.8
3192870.0,5/1/2025,Accident,Other Construction Related,0,1,Brooklyn,11223.0,40.597532,-73.96815,315.0,44.0,3071300006.0,396.0,BK1501,,,,,13.9,0.0,18.2
4007096.0,5/5/2025,Accident,Material Failure (Fell),1,1,Staten Island,10468.0,40.64077460655736,-73.83156345853473,212.0,15.0,3048880033.0,9903.0,MN0501,17.0,3.0,1.0,1.0,12.798481338037405,0.9274507072379623,36.08596922113992
3058677.0,3/13/2025,Incident,Other Construction Related,0,0,Brooklyn,11217.0,40.688445,-73.977684,302.0,35.0,3020960055.0,33.0,BK0203,1.0,1.0,1.0,1.0,5.8,0.0,13.2
2014932.0,3/12/2025,Accident,Other Construction Related,0,1,Bronx,10468.0,40.861175,-73.908825,207.0,14.0,2032250077.0,255.0,BX0701,1.0,1.0,1.0,1.0,7.5,0.0,13.5
2003155.0,1/30/2025,Accident,Material Failure (Fell),0,1,Bronx,10452.0,40.83554,-73.924681,204.0,16.0,2025090061.0,199.0,BX0402,1.0,1.0,1.0,1.0,-2.1,0.0,15.8
2120979.0,9/4/2025,Accident,Other Construction Related,0,1,Bronx,10473.0,40.824029,-73.843362,209.0,18.0,2037020049.0,98.0,BX0903,4.0,4.0,4.0,0.0,21.2,1.7,21.2
3396710.0,3/25/2025,Accident,Worker Fell,0,1,Brooklyn,11220.0,40.646326,-74.02142,307.0,38.0,3008360019.0,22.0,BK0702,,,,,9.4,0.0,26.5
3029709.0,3/14/2024,Accident,Material Failure (Fell),0,1,Brooklyn,11225.0,40.668183,-73.959685,309.0,35.0,3011880058.0,213.0,BK0901,3.0,3.0,3.0,1.0,10.8,0.0,16.4
1081163.0,9/30/2024,Accident,Worker Fell,0,1,Manhattan,10022.0,40.760465,-73.970151,105.0,4.0,1013100063.0,100.0,MN0604,63.0,63.0,63.0,0.0,18.1,0.0,18.8
1086331.0,4/10/2024,Accident,Worker Fell,0,1,Manhattan,10004.0,40.692552,-74.016281,101.0,1.0,1000010111.0,5.0,MN0191,14.0,14.0,14.0,1.0,12.2,0.6,16.6
3059755.0,1/31/2025,Incident,Other Construction Related,0,0,Brooklyn,11211.0,40.707625,-73.956963,301.0,34.0,3021520002.0,529.0,BK0103,3.0,3.0,3.0,1.0,5.1,10.9,15.6
1087280.0,10/29/2025,Accident,Worker Fell,0,1,Manhattan,10014.0,40.738137,-74.009191,102.0,3.0,1006410005.0,79.0,MN0203,1.0,1.0,1.0,0.0,10.4,0.1,16.7
1084476.0,11/10/2025,Accident,Worker Fell,0,1,Manhattan,10027.0,40.809752,-73.960217,109.0,7.0,1019730001.0,203.0,MN0901,6.0,6.0,6.0,0.0,9.9,13.2,17.5
1083025.0,2/24/2025,Accident,Worker Fell,0,1,Manhattan,10023.0,40.775674,-73.987504,107.0,6.0,1011717514.0,15102.0,MN0701,32.0,32.0,32.0,0.0,3.4,0.0,17.5
3000605.0,2/12/2024,Accident,Mechanical Construction Equipment,0,1,Brooklyn,11201.0,40.688896,-73.989969,302.0,33.0,3001750001.0,43.0,BK0202,45.0,45.0,45.0,0.0,3.8,0.0,11.4
1016278.0,10/29/2025,Accident,Worker Fell,0,1,Manhattan,10010.0,40.741132,-73.98987,105.0,3.0,1008510001.0,56.0,MN0501,47.0,47.0,47.0,0.0,10.4,0.1,16.7
1017107.0,12/13/2024,Accident,Mechanical Construction Equipment,1,1,Manhattan,10016.0,40.748248,-73.982056,106.0,4.0,1008640047.0,74.0,MN0501,16.0,16.0,16.0,0.0,-2.4,0.0,11.3
1079064.0,9/24/2025,Accident,Worker Fell,0,1,Manhattan,10038.0,40.708988,-74.007654,101.0,1.0,1000787511.0,1502.0,MN0101,18.0,18.0,18.0,0.0,21.9,3.0,16.9
1014759.0,7/14/2025,Accident,Worker Fell,0,1,Manhattan,10011.0,40.742151,-73.99502,104.0,3.0,1007960063.0,87.0,MN0401,7.0,7.0,7.0,0.0,26.0,17.5,13.7
4618910.0,10/25/2024,Accident,Worker Fell,0,1,Queens,11354.0,40.76438,-73.828871,407.0,20.0,4049600029.0,869.0,QN0707,9.0,9.0,9.0,0.0,11.6,0.0,16.3
1001245.0,12/15/2025,Accident,Other Construction Related,0,1,Manhattan,10038.0,40.711313,-74.008661,101.0,1.0,1000890012.0,1501.0,MN0101,210.0,210.0,210.0,0.0,-6.2,0.0,18.1
4209632.0,8/13/2024,Accident,Worker Fell,0,1,Queens,11432.0,40.707675,-73.793344,412.0,27.0,4097960063.0,460.0,QN1201,8.0,8.0,8.0,1.0,21.4,0.0,13.7
1035371.0,12/30/2024,Accident,Other Construction Related,0,1,Manhattan,10017.0,40.754253,-73.97821,105.0,4.0,1012790023.0,94.0,MN0502,4.0,4.0,4.0,0.0,11.5,5.9,25.4
3429452.0,8/5/2024,Incident,Other Construction Related,0,0,Brooklyn,11203.0,40.659935,-73.931266,309.0,41.0,3046030001.0,878.0,BK1703,8.0,8.0,8.0,0.0,26.4,0.0,23.2
3429285.0,6/8/2024,Incident,Other Construction Related,0,0,Brooklyn,11236.0,40.644677,-73.910933,318.0,42.0,3079680043.0,962.0,BK1803,1.0,1.0,1.0,0.0,20.5,0.0,28.4
1091745.0,7/12/2025,Accident,Material Failure (Fell),0,1,Manhattan,10014.0,40.729793,-74.010297,102.0,3.0,1005967502.0,69.0,MN0203,1.0,1.0,1.0,1.0,25.5,0.2,13.2
3429214.0,10/22/2025,Accident,Material Failure (Fell),1,2,Manhattan,11231.0,40.7365620831889,-73.81624815697617,107.0,21.0,1001020001.0,101.0,MN0603,45.0,3.0,9.0,1.0,10.984658133182823,5.629114929489802,28.096604021280733
4003416.0,10/24/2025,Accident,Other Construction Related,1,0,Queens,10461.0,40.66908461947462,-73.93854373753216,101.0,39.0,3070630012.0,1902.0,MN0203,5.0,4.0,8.0,1.0,10.910558771226318,2.642996739634327,20.193992456133785
1091067.0,12/4/2025,Accident,Worker Fell,0,1,Manhattan,10019.0,40.764727,-73.978142,105.0,6.0,1010100015.0,137.0,MN0502,1.0,1.0,1.0,1.0,0.16,0.1,23.2
2017421.0,8/29/2025,Accident,Other Construction Related,0,1,Bronx,10468.0,40.867778,-73.894581,207.0,14.0,2033140032.0,40304.0,BX0702,3.0,3.0,3.0,1.0,22.2,0.6,17.0
2016012.0,9/22/2025,Accident,Worker Fell,0,1,Bronx,10463.0,40.885338,-73.8943,208.0,11.0,2032630050.0,279.0,BX0801,2.0,2.0,2.0,0.0,17.9,0.0,11.3
1089412.0,8/4/2025,Accident,Other Construction Related,0,1,Manhattan,10001.0,40.755446,-74.00222,104.0,3.0,1007050001.0,9903.0,MN0401,16.0,16.0,16.0,0.0,24.5,0.0,14.6
1010568.0,1/28/2026,Incident,Other Construction Related,0,0,Manhattan,10011.0,40.73485,-73.999275,102.0,3.0,1006060089.0,71.0,MN0203,1.0,1.0,1.0,0.0,-10.4,0.0,15.4
2057045.0,5/3/2024,Accident,Material Failure (Fell),0,1,Bronx,10467.0,40.875953,-73.86197,212.0,12.0,2046330040.0,372.0,BX1201,43.0,43.0,43.0,0.0,13.3,0.0,17.1
4437366.0,10/18/2024,Accident,Other Construction Related,0,1,Queens,11377.0,40.738775,-73.917667,402.0,26.0,4022920007.0,23501.0,QN0202,2.0,2.0,2.0,0.0,12.2,0.0,19.7
3337258.0,7/3/2024,Incident,Other Construction Related,0,0,Brooklyn,11220.0,40.645207,-74.013906,307.0,38.0,3008060043.0,76.0,BK0702,13.0,13.0,13.0,0.0,21.1,0.0,31.7
3250244.0,11/14/2024,Incident,Other Construction Related,0,0,Brooklyn,11229.0,40.595917,-73.929373,315.0,46.0,3089550114.0,628.0,BK1503,1.0,1.0,1.0,1.0,5.8,0.0,14.6
4624423.0,12/4/2025,Accident,Other Construction Related,1,2,Brooklyn,10003.0,40.65491879253052,-74.1952867017967,402.0,4.0,1012430001.0,142.0,BX0802,16.0,8.0,3.0,1.0,25.50606398063629,3.8616591787385794,24.820766520433235
3429327.0,6/26/2024,Accident,Other Construction Related,0,1,Brooklyn,11201.0,40.688566,-73.980045,302.0,35.0,3020940001.0,33.0,BK0203,12.0,12.0,12.0,1.0,27.5,0.3,32.4
3429743.0,7/1/2024,Accident,Worker Fell,0,1,Brooklyn,11231.0,40.679018,-73.990179,306.0,39.0,3004450001.0,75.0,BK0601,12.0,12.0,12.0,1.0,22.2,0.2,26.6
3816613.0,10/16/2024,Accident,Worker Fell,0,1,Brooklyn,11212.0,40.671537,-73.907191,316.0,37.0,3036920001.0,908.0,BK1602,1.0,1.0,1.0,1.0,10.0,0.0,21.3
1091745.0,3/13/2025,Accident,Material Failure (Fell),0,1,Manhattan,10014.0,40.729793,-74.010297,102.0,3.0,1005967502.0,69.0,MN0203,1.0,1.0,1.0,1.0,5.7,0.0,10.9
1027184.0,7/29/2025,Accident,Other Construction Related,0,1,Manhattan,10019.0,40.768668,-73.995404,104.0,3.0,1011090100.0,13501.0,MN0402,14.0,14.0,14.0,0.0,32.1,0.0,10.4
3002558.0,5/2/2025,Accident,Other Construction Related,0,1,Brooklyn,11201.0,40.692459,-73.990491,302.0,33.0,3002667501.0,9.0,BK0201,29.0,29.0,29.0,0.0,20.1,1.2,19.5
2091221.0,4/24/2024,Accident,Scaffold/Shoring Installations,0,1,Bronx,10451.0,40.823118,-73.917512,201.0,17.0,2024160001.0,69.0,BX0102,5.0,5.0,5.0,1.0,13.1,1.4,29.8
1033105.0,4/15/2024,Accident,Worker Fell,0,1,Manhattan,10024.0,40.786594,-73.976488,107.0,6.0,1012320014.0,171.0,MN0702,8.0,8.0,8.0,1.0,17.9,0.0,23.0
1001127.0,7/23/2024,Incident,Scaffold/Shoring Installations,0,0,Manhattan,10038.0,40.708173,-74.006464,101.0,1.0,1000697502.0,1502.0,MN0101,42.0,42.0,42.0,1.0,24.6,3.3,8.5
4831477.0,2/27/2025,Accident,Worker Fell,0,1,Queens,11694.0,40.582462,-73.827994,414.0,32.0,,938.0,QN1403,,,,,8.9,2.5,17.8
4624033.0,1/9/2024,Notification,Material Failure (Fell),0,1,Queens,11101.0,40.750555,-73.942664,402.0,26.0,4004280019.0,1903.0,QN0201,1.0,1.0,1.0,1.0,3.7,29.6,60.6
3429554.0,4/27/2024,Accident,Scaffold/Shoring Installations,0,1,Brooklyn,11215.0,40.67268,-73.986791,306.0,39.0,3009800077.0,11901.0,BK0601,1.0,1.0,1.0,0.0,8.6,0.4,28.0
3128660.0,8/7/2024,Accident,Excavation/Soil Work,0,1,Brooklyn,11204.0,40.632598,-73.983874,312.0,44.0,3054370001.0,476.0,BK1202,1.0,1.0,1.0,0.0,21.9,12.8,23.7
1091788.0,4/29/2025,Accident,Struck By,1,1,Brooklyn,11205.0,40.750780902075654,-73.79358637389865,212.0,1.0,1022030009.0,118.0,BX0102,12.0,4.0,4.0,0.0,15.026365847316004,0.4963352101626376,23.001997378942008
1091739.0,7/31/2024,Accident,Material Failure (Fell),0,1,Manhattan,10037.0,40.814603,-73.938039,110.0,9.0,1017340002.0,212.0,MN1002,42.0,42.0,42.0,0.0,25.6,14.8,20.2
1083699.0,12/6/2024,Accident,Material Failure (Fell),1,0,Staten Island,10011.0,40.56806860886984,-73.76519814726727,302.0,3.0,2026540064.0,5.0,MN0901,10.0,9.0,1.0,0.0,19.267267215889124,3.679012648077809,9.492219419256053
2130685.0,5/15/2024,Accident,Mechanical Construction Equipment,0,1,Bronx,10474.0,40.805223,-73.885975,202.0,17.0,2027770100.0,9302.0,BX0201,2.0,2.0,2.0,0.0,15.5,7.4,25.6
4624066.0,2/2/2024,Accident,Other Construction Related,1,1,Brooklyn,10022.0,40.81764278159475,-74.04189932770369,311.0,19.0,1019890001.0,551.0,MN0502,22.0,7.0,5.0,0.0,7.239055513674788,0.0581135325496068,0.6602420041053598
4624493.0,7/12/2024,Accident,Worker Fell,0,1,Queens,11368.0,40.756726,-73.841343,407.0,21.0,4018330135.0,38301.0,QN0707,17.0,17.0,17.0,1.0,24.6,2.9,20.1
3430375.0,1/30/2026,Incident,Worker Fell,0,1,Brooklyn,11226.0,40.655503,-73.948826,309.0,40.0,3048280021.0,804.0,BK0902,,,,,-12.2,0.0,15.6
3333397.0,7/22/2024,Incident,Material Failure (Fell),0,0,Brooklyn,11212.0,40.667437,-73.90821,316.0,41.0,3035260021.0,906.0,BK1602,11.0,11.0,11.0,1.0,24.6,3.4,21.5
3058868.0,7/18/2024,Notification,Excavation/Soil Work,0,0,Brooklyn,11217.0,40.688422,-73.974846,302.0,35.0,3021000014.0,181.0,BK0203,3.0,3.0,3.0,1.0,26.1,0.2,15.7
3429317.0,1/27/2025,Accident,Worker Fell,0,1,Brooklyn,11201.0,40.689883,-73.979793,302.0,35.0,,3101.0,BK0203,15.0,15.0,15.0,0.0,-0.7,0.0,20.3
2817041.0,6/25/2024,Accident,Worker Fell,0,1,Bronx,10456.0,40.826343,-73.909635,203.0,16.0,2023690010.0,18501.0,BX0301,1.0,1.0,1.0,1.0,25.9,0.0,29.7
1091817.0,8/15/2025,Accident,Worker Fell,0,1,Manhattan,10022.0,40.761118,-73.969609,105.0,4.0,1013110013.0,11203.0,MN0604,59.0,59.0,59.0,0.0,27.1,0.0,12.0
4624981.0,2/19/2024,Accident,Worker Fell,0,1,Queens,11436.0,40.668292,-73.796008,412.0,28.0,4120990030.0,792.0,QN1203,11.0,11.0,11.0,1.0,0.0,0.0,22.0
1091010.0,7/19/2025,Accident,Worker Fell,0,1,Manhattan,10017.0,40.755641,-73.975109,105.0,4.0,1012830021.0,94.0,MN0502,92.0,92.0,92.0,0.0,24.6,0.0,14.4
1047942.0,10/27/2025,Accident,Worker Fell,1,0,Manhattan,10021.0,40.72091648036594,-74.19279189910836,105.0,1.0,4004140023.0,69.0,QN0201,16.0,8.0,4.0,0.0,2.1762149727198494,14.66616392679137,17.414824796537964
1014731.0,4/1/2025,Accident,Other Construction Related,0,1,Manhattan,10011.0,40.740581,-73.994504,104.0,3.0,1007950037.0,87.0,MN0401,9.0,9.0,9.0,0.0,8.8,6.6,22.6
4615049.0,9/25/2024,Accident,Material Failure (Fell),1,1,Manhattan,10467.0,40.7211632037111,-74.05462063938016,306.0,1.0,1013420051.0,11901.0,QN0201,12.0,2.0,3.0,0.0,29.644568110994236,2.7405172832533764,23.553691703946356
3831411.0,4/23/2025,Accident,Other Construction Related,1,1,Manhattan,11101.0,40.87143638022589,-73.92756403959481,301.0,3.0,3089550114.0,94.0,BK1101,3.0,3.0,5.0,1.0,17.2540682081606,1.927591356256253,25.45126635803612
3006610.0,3/7/2025,Accident,Worker Fell,0,1,Brooklyn,11217.0,40.680708,-73.985308,306.0,39.0,3004120050.0,127.0,BK0601,2.0,2.0,2.0,0.0,4.2,0.0,30.9
3128514.0,2/7/2024,Incident,Excavation/Soil Work,0,0,Brooklyn,11204.0,40.632397,-73.983211,312.0,44.0,3054340083.0,476.0,BK1202,1.0,1.0,1.0,0.0,1.8,0.0,14.9
3831411.0,8/27/2024,Incident,Other Construction Related,0,0,Brooklyn,11221.0,40.692153,-73.910711,304.0,37.0,3033970036.0,413.0,BK0402,3.0,3.0,3.0,1.0,22.9,0.1,20.0
1010613.0,4/2/2024,Accident,Other Construction Related,0,1,Manhattan,10011.0,40.736996,-73.998138,102.0,3.0,1006080029.0,71.0,MN0203,10.0,10.0,10.0,1.0,7.3,19.0,20.7
2002826.0,4/23/2025,Accident,Worker Fell,0,1,Bronx,10456.0,40.831063,-73.920361,204.0,16.0,2024620001.0,18102.0,BX0401,5.0,5.0,5.0,0.0,17.3,0.0,13.7
1083858.0,7/18/2024,Accident,Worker Fell,0,1,Manhattan,10036.0,40.755626,-73.979336,105.0,4.0,1012610036.0,96.0,MN0502,35.0,35.0,35.0,0.0,25.7,0.4,13.7
1084081.0,5/28/2024,Notification,Mechanical Construction Equipment,0,0,Manhattan,10031.0,40.819196,-73.950221,109.0,9.0,1019570200.0,21703.0,MN0902,74.0,74.0,74.0,0.0,21.9,0.0,26.6
4071404.0,5/5/2025,Accident,Other Construction Related,0,2,Queens,11379.0,40.71374,-73.882304,405.0,30.0,4030560096.0,65702.0,QN0504,1.0,1.0,1.0,1.0,16.1,11.7,12.8
3058215.0,3/21/2024,Accident,Worker Fell,0,1,Brooklyn,11201.0,40.695332,-73.982413,302.0,35.0,3020500100.0,1501.0,BK0202,29.0,29.0,29.0,1.0,1.0,0.0,31.9
3113806.0,12/17/2024,Notification,Worker Fell,0,1,Brooklyn,11210.0,40.638609,-73.948086,317.0,45.0,3049950026.0,78802.0,BK1702,1.0,1.0,1.0,1.0,11.3,5.1,17.8
1024785.0,10/20/2025,Accident,Material Failure (Fell),0,1,Manhattan,10019.0,40.761193,-73.985478,105.0,3.0,1010200059.0,125.0,MN0502,13.0,13.0,13.0,0.0,15.8,7.0,24.5
3062477.0,5/1/2025,Incident,Other Construction Related,0,0,Brooklyn,11211.0,40.714105,-73.957842,301.0,34.0,3023670028.0,519.0,BK0102,5.0,5.0,5.0,0.0,15.8,0.7,13.2
1026317.0,1/24/2025,Incident,Other Construction Related,0,0,Manhattan,10019.0,40.767349,-73.98435,104.0,6.0,1010487502.0,139.0,MN0402,41.0,41.0,41.0,0.0,-5.9,0.0,10.9
1044694.0,12/31/2024,Accident,Worker Fell,0,1,Manhattan,10065.0,40.763336,-73.961093,108.0,5.0,1014397503.0,118.0,MN0801,6.0,6.0,6.0,0.0,6.4,8.1,12.2
4624423.0,5/28/2024,Accident,Worker Fell,0,1,Queens,11101.0,40.74817,-73.938805,402.0,26.0,4002650013.0,1902.0,QN0201,34.0,34.0,34.0,0.0,22.0,0.1,27.2
1091783.0,7/21/2025,Accident,Scaffold/Shoring Installations,0,1,Manhattan,10022.0,40.759812,-73.969957,105.0,4.0,1013100014.0,100.0,MN0604,19.0,19.0,19.0,0.0,27.2,0.0,17.1
1048273.0,5/8/2024,Accident,Worker Fell,0,1,Manhattan,10128.0,40.782533,-73.952924,108.0,5.0,1015190050.0,14802.0,MN0802,21.0,21.0,21.0,1.0,22.6,0.1,27.0
3107741.0,10/31/2025,Accident,Material Failure (Fell),0,1,Brooklyn,11226.0,40.655503,-73.948826,309.0,40.0,3048280021.0,804.0,BK0902,2.0,2.0,2.0,0.0,12.2,0.1,33.0
1088961.0,1/22/2025,Accident,Mechanical Construction Equipment,0,1,Manhattan,10001.0,40.753717,-73.99978,104.0,3.0,1007027501.0,9903.0,MN0401,99.0,99.0,99.0,0.0,-11.8,0.0,11.0
4624033.0,7/19/2024,Accident,Worker Fell,0,1,Queens,11101.0,40.750555,-73.942664,402.0,26.0,4004280019.0,1903.0,QN0201,1.0,1.0,1.0,1.0,24.2,0.0,15.2
3337808.0,1/30/2024,Accident,Material Failure (Fell),1,1,Queens,11226.0,40.69046270819847,-73.98429090671016,205.0,46.0,1013630001.0,992.0,QN0201,37.0,8.0,7.0,0.0,11.06354146208242,2.3253507890316083,16.50645052677143
1091788.0,10/8/2025,Accident,Other Construction Related,0,1,Manhattan,10016.0,40.748247,-73.974347,106.0,4.0,,88.0,MN0603,22.0,22.0,22.0,1.0,19.2,6.5,17.2
3332217.0,4/22/2024,Accident,Other Construction Related,0,1,Brooklyn,11231.0,40.674833,-74.003558,306.0,38.0,3005380001.0,85.0,BK0601,24.0,24.0,24.0,1.0,8.9,0.0,17.9
1091788.0,6/27/2024,Accident,Worker Fell,0,1,Manhattan,10016.0,40.748247,-73.974347,106.0,4.0,,88.0,MN0603,22.0,22.0,22.0,1.0,25.1,9.8,21.6
1023724.0,4/11/2024,Accident,Worker Fell,0,1,Manhattan,10019.0,40.764727,-73.978142,105.0,6.0,1010100015.0,137.0,MN0502,5.0,5.0,5.0,0.0,12.2,18.1,30.2
3107206.0,2/3/2025,Incident,Other Construction Related,0,0,Brooklyn,11203.0,40.659121,-73.94754,309.0,40.0,3048100003.0,810.0,BK0902,2.0,2.0,2.0,0.0,2.2,0.2,15.2
1080074.0,10/15/2024,Accident,Other Construction Related,1,0,Bronx,10467.0,40.56925437790255,-74.22604063410387,301.0,3.0,1012710038.0,52.0,QN1201,38.0,2.0,6.0,1.0,-4.091552293552807,1.7252762838943474,30.384202498859395
3425051.0,4/28/2025,Incident,Material Failure (Fell),0,0,Brooklyn,11249.0,40.715129,-73.966586,301.0,33.0,3024140001.0,551.0,BK0102,16.0,16.0,16.0,1.0,16.3,0.0,15.4
4143144.0,7/25/2025,Incident,Excavation/Soil Work,0,0,Queens,11367.0,40.71819,-73.823091,408.0,24.0,4066100064.0,77903.0,QN0801,25.0,25.0,25.0,1.0,29.4,2.6,13.3
1091786.0,3/23/2025,Incident,Other Construction Related,0,0,Manhattan,10018.0,40.755474,-73.994799,104.0,3.0,1007350025.0,111.0,MN0401,29.0,29.0,29.0,1.0,3.2,0.0,18.0
1087645.0,5/9/2024,Notification,Other Construction Related,0,1,Manhattan,10034.0,40.864118,-73.916764,112.0,10.0,1021890060.0,299.0,MN1203,2.0,2.0,2.0,0.0,17.0,0.1,14.6
1001245.0,10/16/2025,Accident,Worker Fell,0,1,Manhattan,10038.0,40.711313,-74.008661,101.0,1.0,1000890012.0,1501.0,MN0101,210.0,210.0,210.0,0.0,10.8,0.0,17.5
1091798.0,10/21/2025,Accident,Material Failure (Fell),0,1,Manhattan,10028.0,40.776534,-73.956554,108.0,4.0,1015110031.0,140.0,MN0802,1.0,1.0,1.0,1.0,13.7,0.0,13.6
2130818.0,12/12/2025,Accident,Worker Fell,0,1,Bronx,10452.0,40.838458,-73.920338,204.0,16.0,2028550051.0,219.0,BX0403,7.0,7.0,7.0,0.0,-1.8,0.0,16.9
1010638.0,4/24/2024,Accident,Worker Fell,0,1,Manhattan,10011.0,40.737806,-73.997922,102.0,3.0,1006090020.0,71.0,MN0203,6.0,6.0,6.0,0.0,13.5,1.6,32.0
3327888.0,2/28/2024,Accident,Other Construction Related,0,1,Brooklyn,11206.0,40.709644,-73.94204,301.0,34.0,3030260001.0,49301.0,BK0104,4.0,4.0,4.0,0.0,13.0,10.6,39.6
4003416.0,6/18/2024,Incident,Mechanical Construction Equipment,0,0,Queens,11101.0,40.751719,-73.933283,401.0,26.0,4002390111.0,17102.0,QN0161,6.0,6.0,6.0,0.0,24.5,0.0,24.6
4216206.0,9/12/2025,Accident,Worker Fell,0,1,Queens,11432.0,40.705206,-73.79552,412.0,27.0,4101510024.0,44601.0,QN1201,1.0,1.0,1.0,0.0,20.9,0.0,9.5
3192734.0,3/7/2024,Accident,Other Construction Related,0,1,Brooklyn,11223.0,40.59705,-73.970523,315.0,44.0,3071270009.0,396.0,BK1501,3.0,3.0,3.0,0.0,9.8,3.0,27.9
2130961.0,8/15/2024,Accident,Worker Fell,0,1,Bronx,10451.0,40.816951,-73.929876,201.0,8.0,2023440112.0,6301.0,BX0401,5.0,5.0,5.0,0.0,24.1,0.0,10.7
2003543.0,10/22/2025,Accident,Other Construction Related,0,1,Bronx,10452.0,40.842669,-73.925696,204.0,16.0,2025330029.0,201.0,BX0402,2.0,2.0,2.0,0.0,14.0,6.6,21.2
3132834.0,5/23/2024,Incident,Other Construction Related,0,0,Brooklyn,11204.0,40.619766,-73.988084,311.0,43.0,3055330059.0,248.0,BK1101,34.0,34.0,34.0,1.0,21.5,2.2,17.3
3416888.0,5/4/2025,Incident,Material Failure (Fell),0,0,Brooklyn,11219.0,40.633578,-73.990052,312.0,44.0,3056420033.0,236.0,BK1202,6.0,6.0,6.0,0.0,15.8,11.4,20.5
3429317.0,4/28/2025,Accident,Mechanical Construction Equipment,0,1,Brooklyn,11201.0,40.689883,-73.979793,302.0,35.0,,3101.0,BK0203,15.0,15.0,15.0,0.0,16.3,0.0,15.4
1034211.0,7/30/2025,Accident,Worker Fell,0,1,Manhattan,10036.0,40.754421,-73.980213,105.0,4.0,1012590035.0,96.0,MN0502,8.0,8.0,8.0,0.0,31.0,8.4,14.7
2129656.0,5/1/2025,Accident,Struck By,1,1,Queens,11101.0,40.552768234085214,-73.86257108550454,101.0,3.0,1007080065.0,529.0,MN0303,39.0,8.0,3.0,1.0,33.3268468702264,8.28248894058474,17.50214540707259
3429395.0,3/29/2024,Accident,Other Construction Related,1,2,Brooklyn,11223.0,40.85652871564098,-73.92834803325812,105.0,14.0,1012630055.0,924.0,MN0501,32.0,1.0,7.0,0.0,20.68199162450006,4.8585218425632295,28.78886134235313
1000821.0,3/11/2024,Incident,Material Failure (Fell),0,0,Manhattan,10004.0,40.705189,-74.011505,101.0,1.0,1000250001.0,9.0,MN0101,124.0,124.0,124.0,0.0,5.0,0.0,45.9
1083929.0,3/11/2024,Accident,Mechanical Construction Equipment,0,4,Manhattan,10029.0,40.784557,-73.94378,111.0,8.0,1016690001.0,15602.0,MN1101,77.0,77.0,77.0,0.0,4.8,0.0,44.2
4623202.0,10/17/2024,Accident,Other Construction Related,0,1,Queens,11105.0,40.780061,-73.901942,401.0,22.0,4008140010.0,10701.0,QN0101,16.0,16.0,16.0,0.0,9.3,0.0,22.4
1012047.0,1/22/2026,Accident,Other Construction Related,0,1,Manhattan,10014.0,40.736095,-74.009205,102.0,3.0,1006390001.0,79.0,MN0203,32.0,32.0,32.0,1.0,3.0,0.2,19.2
3429633.0,5/31/2024,Accident,Worker Fell,0,1,Brooklyn,11217.0,40.679223,-73.981829,306.0,39.0,3004200037.0,11901.0,BK0601,26.0,26.0,26.0,1.0,18.3,0.0,20.7
4005002.0,11/4/2025,Accident,Worker Fell,0,1,Queens,11101.0,40.751972,-73.93935,401.0,26.0,4004140023.0,3301.0,QN0105,10.0,10.0,10.0,1.0,10.8,0.0,22.9
1091745.0,7/2/2025,Accident,Worker Fell,0,1,Manhattan,10014.0,40.729793,-74.010297,102.0,3.0,1005967502.0,69.0,MN0203,1.0,1.0,1.0,1.0,25.4,2.7,7.5
1013685.0,9/25/2024,Accident,Material Failure (Fell),0,1,Manhattan,10018.0,40.755569,-73.99172,104.0,3.0,1007630031.0,115.0,MN0402,8.0,8.0,8.0,1.0,17.9,1.1,20.8
3398454.0,1/8/2024,Accident,Worker Fell,0,1,Brooklyn,11205.0,40.697354,-73.964813,302.0,35.0,3018770027.0,211.0,BK0203,22.0,22.0,22.0,1.0,1.5,0.0,19.9
1087205.0,12/6/2024,Accident,Other Construction Related,0,1,Manhattan,10011.0,40.744942,-73.995608,104.0,3.0,1007730134.0,91.0,MN0401,4.0,4.0,4.0,1.0,-1.1,0.0,18.7
3071075.0,3/4/2024,Incident,Other Construction Related,0,0,Brooklyn,11206.0,40.706918,-73.947578,301.0,34.0,3030500036.0,511.0,BK0104,2.0,2.0,2.0,0.0,7.9,0.0,23.9
2003543.0,3/21/2025,Accident,Mechanical Construction Equipment,0,1,Bronx,10452.0,40.842746,-73.925602,204.0,16.0,2025330029.0,201.0,BX0402,2.0,2.0,2.0,0.0,6.5,5.8,26.0
3065351.0,6/7/2024,Accident,Worker Fell,0,1,Brooklyn,11222.0,40.727264,-73.952217,301.0,33.0,3025970033.0,561.0,BK0101,2.0,2.0,2.0,0.0,22.8,0.6,22.1
3426198.0,7/1/2024,Accident,Worker Fell,1,1,Bronx,11217.0,40.54046507132276,-73.90675826636706,109.0,29.0,1006390001.0,10701.0,BK0203,48.0,4.0,6.0,0.0,12.07718959329146,2.2163458197379153,5.569971283019784
1030307.0,3/15/2024,Accident,Other Construction Related,0,1,Manhattan,10019.0,40.770899,-73.98874,107.0,6.0,1011510012.0,147.0,MN0701,9.0,9.0,9.0,0.0,14.6,0.0,22.1
1047390.0,10/22/2024,Accident,Worker Fell,0,1,Manhattan,10128.0,40.786909,-73.956478,108.0,5.0,1015060003.0,16001.0,MN0802,37.0,37.0,37.0,1.0,19.2,0.0,13.3
1005641.0,11/6/2024,Incident,Excavation/Soil Work,0,0,Manhattan,10002.0,40.719207,-73.993835,103.0,1.0,1004230017.0,18.0,MN0302,3.0,3.0,3.0,0.0,20.9,0.0,22.8
1091731.0,6/14/2024,Accident,Worker Fell,0,1,Manhattan,10021.0,40.771548,-73.958849,108.0,5.0,1014290045.0,134.0,MN0801,37.0,37.0,37.0,1.0,23.0,8.3,15.8
3138597.0,10/10/2024,Incident,Other Construction Related,0,0,Brooklyn,11219.0,40.636032,-73.999802,312.0,44.0,3056600068.0,218.0,BK1202,1.0,1.0,1.0,1.0,12.9,0.0,25.7
1011413.0,1/22/2026,Accident,Worker Fell,0,1,Manhattan,10014.0,40.737885,-74.006466,102.0,3.0,1006250003.0,79.0,MN0203,1.0,1.0,1.0,0.0,3.0,0.2,19.2
1022547.0,6/24/2024,Accident,Mechanical Construction Equipment,0,1,Manhattan,10016.0,40.745817,-73.972016,106.0,4.0,1009690001.0,8601.0,MN0603,18.0,18.0,18.0,0.0,25.5,0.0,39.0
2817041.0,4/11/2024,Accident,Worker Fell,0,1,Bronx,10456.0,40.826343,-73.909635,203.0,16.0,2023690010.0,18501.0,BX0301,2.0,2.0,2.0,0.0,12.3,12.8,29.3
1007174.0,10/18/2024,Accident,Other Construction Related,0,1,Manhattan,10012.0,40.720245,-73.995996,102.0,1.0,1004790040.0,41.0,MN0201,28.0,28.0,28.0,0.0,12.2,0.0,20.4
1091731.0,10/20/2025,Accident,Material Failure (Fell),0,1,Manhattan,10021.0,40.771548,-73.958849,108.0,5.0,1014290045.0,134.0,MN0801,37.0,37.0,37.0,1.0,16.0,7.5,24.2
2130688.0,7/26/2024,Incident,Mechanical Construction Equipment,0,0,Bronx,10475.0,40.86948,-73.828246,210.0,12.0,2051411085.0,46205.0,BX1004,1.0,1.0,1.0,1.0,23.2,0.0,17.0
4433860.0,10/28/2024,Accident,Worker Fell,0,1,Queens,11375.0,40.72378,-73.848991,406.0,29.0,4031750001.0,71305.0,QN0602,20.0,20.0,20.0,1.0,9.3,0.0,13.5
4004604.0,6/5/2024,Accident,Worker Fell,1,0,Queens,11101.0,40.75381,-73.9331,401.0,26.0,4003830001.0,31.0,QN0105,,,,,20.3,3.4,24.6
4624033.0,10/16/2024,Accident,Other Construction Related,0,1,Queens,11101.0,40.750555,-73.942664,402.0,26.0,4004280019.0,1903.0,QN0201,1.0,1.0,1.0,1.0,9.9,0.0,20.6
4624506.0,3/19/2025,Accident,Worker Fell,0,1,Queens,11373.0,40.73288,-73.888332,405.0,30.0,4024920141.0,499.0,QN0401,18.0,18.0,18.0,0.0,8.0,0.0,10.7
2001876.0,6/4/2024,Accident,Worker Fell,1,0,Bronx,10451.0,40.818423,-73.918714,201.0,17.0,2024110041.0,67.0,BX0102,4.0,4.0,4.0,0.0,20.9,0.0,17.4
3115856.0,1/28/2025,Incident,Other Construction Related,0,0,Brooklyn,11225.0,40.656766,-73.95546,309.0,40.0,3050490019.0,802.0,BK0902,3.0,3.0,3.0,1.0,1.3,0.0,23.6
4436926.0,9/12/2024,Accident,Worker Fell,0,1,Queens,11101.0,40.754212,-73.918442,401.0,22.0,4007040001.0,159.0,QN0104,6.0,6.0,6.0,0.0,20.1,0.0,16.5
1009430.0,7/21/2025,Accident,Other Construction Related,0,1,Manhattan,10011.0,40.732624,-73.996092,102.0,2.0,1005720041.0,63.0,MN0202,14.0,14.0,14.0,1.0,26.9,0.0,19.2
2019915.0,12/24/2024,Incident,Scaffold/Shoring Installations,0,0,Bronx,10473.0,40.805506,-73.856629,209.0,18.0,2034290045.0,2.0,BX0902,4.0,4.0,4.0,0.0,-1.5,1.9,10.7
1091635.0,1/24/2024,Accident,Other Construction Related,1,2,Brooklyn,10034.0,40.66198400100069,-73.95105853163648,312.0,33.0,3048280021.0,11901.0,MN0101,34.0,5.0,3.0,1.0,14.531215949104686,12.668481286949932,12.556529483730573
3429422.0,3/25/2024,Accident,Worker Fell,0,1,Brooklyn,11218.0,40.650632,-73.973191,307.0,40.0,3053220010.0,50401.0,BK0701,1.0,1.0,1.0,1.0,4.1,0.0,23.4
1080458.0,8/18/2025,Accident,Other Construction Related,1,2,Staten Island,10007.0,40.820096037694505,-73.76620949513256,108.0,8.0,4161880028.0,107001.0,BK0301,45.0,7.0,5.0,0.0,3.842881427891456,17.499700458088974,28.390920051999274
1014167.0,5/20/2024,Accident,Other Construction Related,0,1,Manhattan,10001.0,40.746043,-73.997928,104.0,3.0,1007740001.0,91.0,MN0401,2.0,2.0,2.0,0.0,16.4,0.0,19.0
1091798.0,7/15/2025,Accident,Other Construction Related,0,1,Manhattan,10028.0,40.776534,-73.956554,108.0,4.0,1015110031.0,140.0,MN0802,1.0,1.0,1.0,1.0,25.5,2.6,8.0
4436573.0,5/23/2024,Accident,Worker Fell,0,2,Queens,11101.0,40.743502,-73.95808,402.0,26.0,4000170001.0,101.0,QN0201,2.0,2.0,2.0,0.0,22.4,7.4,16.5
1091635.0,6/27/2024,Accident,Other Construction Related,0,1,Manhattan,10027.0,40.815974,-73.958569,109.0,7.0,1019950026.0,211.0,MN0901,10.0,10.0,10.0,1.0,24.8,8.9,20.3
2001020.0,12/24/2024,Accident,Worker Fell,0,1,Bronx,10451.0,40.814,-73.929709,201.0,8.0,2023440001.0,6301.0,BX0401,5.0,5.0,5.0,0.0,-1.5,1.9,10.7
1090858.0,10/23/2025,Not DOB Jurisdiction,Other Construction Related,0,1,Manhattan,10001.0,40.753481,-74.00432,104.0,3.0,,9903.0,MN0401,1.0,1.0,1.0,1.0,11.4,0.1,18.1
1010613.0,4/28/2025,Accident,Other Construction Related,0,1,Manhattan,10011.0,40.736996,-73.998138,102.0,3.0,1006080029.0,71.0,MN0203,10.0,10.0,10.0,1.0,16.0,0.0,12.7
1022678.0,10/3/2025,Accident,Other Construction Related,0,1,Manhattan,10036.0,40.758393,-73.981537,105.0,4.0,1010000029.0,125.0,MN0502,259.0,259.0,259.0,0.0,15.7,0.0,8.8
3059971.0,7/23/2025,Accident,Worker Fell,0,1,Brooklyn,11211.0,40.705189,-73.961267,301.0,34.0,3021820055.0,535.0,BK0103,2.0,2.0,2.0,1.0,24.4,0.0,15.0
1089192.0,8/9/2024,Incident,Other Construction Related,0,0,Manhattan,10034.0,40.863599,-73.916537,112.0,10.0,1021880001.0,299.0,MN1203,6.0,6.0,6.0,1.0,24.7,16.7,44.7
3430082.0,8/6/2025,Accident,Other Construction Related,0,1,Brooklyn,11217.0,40.689285,-73.979418,302.0,35.0,3020950010.0,33.0,BK0203,8.0,8.0,8.0,0.0,23.5,1.1,14.2
3429691.0,1/15/2024,Accident,Worker Fell,0,1,Brooklyn,11201.0,40.688827,-73.982454,302.0,33.0,3001610003.0,37.0,BK0202,13.0,13.0,13.0,0.0,-3.3,1.0,12.9
4615049.0,6/24/2025,Accident,Mechanical Construction Equipment,0,1,Queens,,,,,,,,,3.0,3.0,3.0,0.0,,,
4451595.0,1/30/2026,Incident,Scaffold/Shoring Installations,0,0,Queens,11365.0,40.72878,-73.811095,408.0,24.0,4067930225.0,122702.0,QN0802,1.0,1.0,1.0,0.0,-12.2,0.0,14.9
3000605.0,11/8/2025,Accident,Other Construction Related,0,1,Brooklyn,11201.0,40.688896,-73.989969,302.0,33.0,3001750001.0,43.0,BK0202,45.0,45.0,45.0,0.0,15.1,3.2,17.1
1051383.0,7/23/2025,Accident,Other Construction Related,0,1,Manhattan,10028.0,40.772879,-73.945963,108.0,5.0,1015900019.0,13601.0,MN0803,15.0,15.0,15.0,0.0,24.3,0.0,13.0
3020885.0,11/13/2025,Incident,Excavation/Soil Work,0,0,Brooklyn,11215.0,40.675828,-73.989538,306.0,39.0,3009720058.0,11901.0,BK0601,2.0,2.0,2.0,0.0,7.7,3.1,21.1
2007633.0,12/23/2024,Incident,Material Failure (Fell),0,0,Bronx,10453.0,40.848741,-73.907721,205.0,14.0,2028050063.0,23301.0,BX0502,4.0,4.0,4.0,0.0,-9.6,0.0,8.1
1811452.0,1/14/2025,Accident,Mechanical Construction Equipment,0,1,Manhattan,10035.0,40.795535,-73.922671,111.0,8.0,1018190203.0,240.0,MN1191,18.0,18.0,18.0,0.0,-1.5,0.0,22.2
3080756.0,3/14/2024,Accident,Worker Fell,0,1,Brooklyn,11212.0,40.671905,-73.911308,316.0,41.0,3034990025.0,924.0,BK1602,5.0,5.0,5.0,1.0,10.8,0.0,16.4
1085694.0,10/29/2024,Accident,Worker Fell,0,1,Manhattan,10016.0,40.742066,-73.974757,106.0,4.0,1009620108.0,62.0,MN0603,144.0,144.0,144.0,0.0,13.4,0.6,24.7
2129656.0,2/28/2024,Notification,Other Construction Related,0,0,Bronx,10458.0,40.859417,-73.891128,206.0,15.0,2030427501.0,387.0,BX0603,35.0,35.0,35.0,1.0,12.6,16.0,34.1
2130854.0,1/27/2025,Accident,Mechanical Construction Equipment,0,1,Bronx,10451.0,40.811091,-73.930586,201.0,8.0,2023220028.0,51.0,BX0101,1.0,1.0,1.0,1.0,-1.2,0.0,18.9
1033691.0,2/17/2024,Accident,Worker Fell,0,1,Manhattan,10025.0,40.794723,-73.973581,107.0,7.0,1012430001.0,183.0,MN0702,15.0,15.0,15.0,1.0,-0.9,5.7,22.2
1033691.0,11/5/2025,Accident,Worker Fell,1,1,Queens,11217.0,40.74700783334993,-74.0843513642968,204.0,4.0,3014370046.0,8.0,QN0801,11.0,4.0,2.0,0.0,21.746167258918426,6.306033231405994,18.72259873236761
2011872.0,12/4/2024,Accident,Worker Fell,0,1,Bronx,10457.0,40.85193,-73.891082,206.0,15.0,2030630152.0,37504.0,BX0602,14.0,14.0,14.0,1.0,0.7,0.1,17.3
2129717.0,4/5/2024,Incident,Mechanical Construction Equipment,0,0,Bronx,10454.0,40.803902,-73.920534,201.0,8.0,2022600010.0,1902.0,BX0101,1.0,1.0,1.0,1.0,5.2,0.0,28.2
3196598.0,2/14/2024,Accident,Worker Fell,0,1,Brooklyn,11235.0,40.575868,-73.968639,313.0,48.0,3072820062.0,35602.0,BK1302,10.0,10.0,10.0,1.0,-0.7,0.0,32.1
1045839.0,3/11/2024,Accident,Other Construction Related,0,1,Manhattan,10021.0,40.767383,-73.955018,108.0,5.0,1014660037.0,124.0,MN0801,24.0,24.0,24.0,1.0,4.8,0.0,44.2
4624423.0,3/27/2025,Accident,Worker Fell,0,1,Queens,11101.0,40.74817,-73.938805,402.0,26.0,4002650013.0,1902.0,QN0201,34.0,34.0,34.0,0.0,4.5,0.0,16.5
1005723.0,2/26/2025,Accident,Worker Fell,0,1,Manhattan,10002.0,40.721548,-73.992096,103.0,1.0,1004260035.0,3601.0,MN0302,4.0,4.0,4.0,0.0,7.2,0.1,19.1
3429554.0,11/21/2024,Accident,Struck By,1,1,Manhattan,11237.0,40.52407422997904,-73.8787887529786,501.0,4.0,4002940106.0,15602.0,BX0102,5.0,9.0,1.0,1.0,6.819679284765469,1.5273770530742963,22.051820310570154
3418384.0,1/24/2024,Accident,Worker Fell,0,1,Brooklyn,11218.0,40.641631,-73.98358,312.0,39.0,3053010020.0,226.0,BK1202,14.0,14.0,14.0,0.0,4.6,2.8,15.0
1046258.0,5/7/2025,Accident,Mechanical Construction Equipment,0,1,Manhattan,10021.0,40.76576,-73.953261,108.0,5.0,1014830023.0,124.0,MN0801,45.0,45.0,45.0,0.0,17.5,0.5,11.4
4617681.0,3/14/2024,Accident,Material Failure (Fell),0,1,Queens,11102.0,40.776815,-73.935511,401.0,22.0,4009157501.0,87.0,QN0102,5.0,5.0,5.0,1.0,11.3,0.0,12.8
4430171.0,9/16/2024,Accident,Worker Fell,0,1,Queens,11104.0,40.750171,-73.913174,402.0,26.0,4001190143.0,17101.0,QN0261,1.0,1.0,1.0,1.0,19.3,0.0,14.6
1022563.0,3/11/2024,Accident,Worker Fell,0,1,Manhattan,10018.0,40.754611,-73.986761,105.0,4.0,1009930011.0,113.0,MN0502,169.0,169.0,169.0,0.0,5.0,0.0,45.9
1091781.0,7/31/2025,Accident,Worker Fell,0,1,Manhattan,10036.0,40.757978,-73.979783,105.0,4.0,1012630055.0,96.0,MN0502,27.0,27.0,27.0,0.0,26.1,9.8,15.3
1083616.0,4/15/2024,Accident,Scaffold/Shoring Installations,0,1,Manhattan,10018.0,40.755067,-73.992456,104.0,3.0,1007620023.0,115.0,MN0402,5.0,5.0,5.0,1.0,18.2,0.0,24.6
1021925.0,4/15/2024,Accident,Other Construction Related,0,1,Manhattan,10016.0,40.746756,-73.972727,106.0,4.0,1009447502.0,78.0,MN0603,42.0,42.0,42.0,0.0,17.9,0.0,23.6
2051271.0,12/4/2025,Accident,Material Failure (Fell),0,1,Bronx,10467.0,40.863672,-73.870409,211.0,15.0,2044270012.0,33202.0,BX1104,7.0,7.0,7.0,0.0,0.7,0.1,24.0
1081137.0,8/26/2024,Accident,Other Construction Related,0,1,Manhattan,10019.0,40.763282,-73.974742,105.0,4.0,1012720047.0,11201.0,MN0502,5.0,5.0,5.0,0.0,23.1,0.4,23.8
3322172.0,6/24/2025,Accident,Worker Fell,0,1,Brooklyn,11223.0,40.592232,-73.978515,313.0,47.0,3071400016.0,382.0,BK1301,6.0,6.0,6.0,0.0,33.2,0.0,14.5
1014251.0,3/28/2024,Accident,Worker Fell,0,1,Manhattan,10001.0,40.747582,-73.994197,105.0,3.0,1007770018.0,95.0,MN0501,23.0,23.0,23.0,0.0,8.5,21.5,18.5
3170767.0,9/21/2025,Incident,Other Construction Related,0,0,Brooklyn,11230.0,40.626337,-73.972989,312.0,44.0,3065170005.0,46202.0,BK1204,,,,,18.0,0.0,17.1
1031993.0,1/3/2025,Accident,Other Construction Related,0,1,Manhattan,10024.0,40.783767,-73.975774,107.0,6.0,1012110050.0,165.0,MN0702,16.0,16.0,16.0,1.0,0.5,0.0,17.9
1001406.0,1/13/2024,Incident,Scaffold/Shoring Installations,0,0,Manhattan,10007.0,40.713437,-74.008073,101.0,1.0,1001247501.0,21.0,MN0102,7.0,7.0,7.0,1.0,9.1,22.9,34.2
1008961.0,9/12/2024,Incident,Other Construction Related,0,0,Manhattan,10003.0,40.730932,-73.989573,103.0,2.0,1005550124.0,42.0,MN0303,3.0,3.0,3.0,1.0,19.5,0.0,16.3
3429322.0,10/31/2025,Incident,Other Construction Related,0,0,Brooklyn,11217.0,40.681435,-73.983069,306.0,39.0,,127.0,BK0601,9.0,9.0,9.0,1.0,12.2,0.1,33.0
1026706.0,8/19/2025,Accident,Scaffold/Shoring Installations,0,1,Manhattan,10019.0,40.765025,-73.991527,104.0,3.0,1010600063.0,133.0,MN0402,3.0,3.0,3.0,0.0,20.9,0.0,12.6
1036207.0,1/9/2026,Not DOB Jurisdiction,Other Construction Related,0,1,Manhattan,10017.0,40.753722,-73.972309,106.0,4.0,1013010033.0,92.0,MN0604,155.0,155.0,155.0,0.0,5.6,2.7,19.9
4452207.0,3/10/2025,Incident,Excavation/Soil Work,0,0,Queens,11433.0,40.696782,-73.783742,412.0,27.0,4102620011.0,414.0,QN1202,1.0,1.0,1.0,1.0,8.2,0.0,16.1
3192735.0,6/18/2024,Accident,Worker Fell,0,1,Brooklyn,11223.0,40.59697,-73.970509,315.0,44.0,3071270009.0,396.0,BK1501,1.0,1.0,1.0,0.0,23.1,0.0,31.4
3428952.0,1/12/2024,Incident,Other Construction Related,0,0,Brooklyn,11208.0,40.682273,-73.873905,305.0,37.0,3041430002.0,1178.0,BK0501,1.0,1.0,1.0,1.0,4.4,0.3,30.0
3185093.0,2/29/2024,Accident,Worker Fell,1,0,Brooklyn,11214.0,40.601919,-73.987677,311.0,43.0,3068510039.0,298.0,BK1103,34.0,34.0,34.0,1.0,1.6,0.4,44.1
1091635.0,1/30/2024,Accident,Worker Fell,0,1,Manhattan,10027.0,40.815974,-73.958569,109.0,7.0,1019950026.0,211.0,MN0901,10.0,10.0,10.0,1.0,0.4,0.0,12.1
2005352.0,5/31/2024,Accident,Worker Fell,0,1,Bronx,10459.0,40.81977,-73.897624,202.0,17.0,2026970001.0,87.0,BX0202,2.0,2.0,2.0,0.0,18.1,0.0,19.7
3345008.0,6/18/2024,Accident,Other Construction Related,0,1,Brooklyn,11206.0,40.708995,-73.94129,301.0,34.0,3030270001.0,49301.0,BK0104,6.0,6.0,6.0,0.0,24.5,0.0,24.6
4624057.0,8/6/2024,Accident,Worker Fell,0,1,Queens,11354.0,40.758879,-73.834483,407.0,20.0,4049730006.0,871.0,QN0707,1.0,1.0,1.0,1.0,25.3,49.4,14.5
3192734.0,8/8/2024,Accident,Worker Fell,0,1,Brooklyn,11223.0,40.59705,-73.970523,315.0,44.0,3071270009.0,396.0,BK1501,3.0,3.0,3.0,0.0,21.7,3.4,34.5
3429791.0,1/21/2026,Accident,Worker Fell,0,1,Brooklyn,11201.0,40.68821,-73.99135,302.0,33.0,3002790001.0,43.0,BK0202,9.0,9.0,9.0,1.0,-6.0,0.0,22.9
1014167.0,7/8/2024,Accident,Worker Fell,0,1,Manhattan,10001.0,40.746043,-73.997928,104.0,3.0,1007740001.0,91.0,MN0401,2.0,2.0,2.0,0.0,27.0,0.0,15.3
4625206.0,4/15/2025,Accident,Worker Fell,0,1,Queens,11101.0,40.743499,-73.95808,402.0,26.0,4000170001.0,101.0,QN0201,,,,,13.3,1.0,23.8
3031228.0,7/15/2024,Accident,Other Construction Related,0,1,Brooklyn,11216.0,40.673817,-73.950117,308.0,36.0,3012340001.0,31701.0,BK0802,22.0,22.0,22.0,1.0,27.5,2.0,19.4
3327107.0,4/1/2024,Accident,Worker Fell,0,1,Brooklyn,11207.0,40.677116,-73.887853,305.0,37.0,3039650011.0,1170.0,BK0501,15.0,15.0,15.0,0.0,8.4,3.1,13.8
1041930.0,4/25/2024,Incident,Mechanical Construction Equipment,0,0,Manhattan,10065.0,40.762668,-73.965786,108.0,4.0,1013950039.0,11402.0,MN0802,12.0,12.0,12.0,0.0,7.4,0.0,19.6
1038598.0,7/28/2025,Accident,Worker Fell,0,1,Manhattan,10022.0,40.759863,-73.966581,106.0,4.0,1013310017.0,10803.0,MN0604,11.0,11.0,11.0,1.0,30.0,0.0,12.6
4006620.0,1/15/2024,Accident,Worker Fell,0,1,Queens,11106.0,40.765712,-73.929359,401.0,22.0,4005680012.0,75.0,QN0103,2.0,2.0,2.0,0.0,-3.5,0.8,11.9
3429585.0,10/15/2024,Notification,Other Construction Related,0,1,Brooklyn,11215.0,40.677917,-73.988488,306.0,39.0,3004530001.0,11901.0,BK0601,4.0,4.0,4.0,0.0,10.0,0.0,22.7
3061319.0,9/17/2024,Incident,Excavation/Soil Work,0,0,Brooklyn,11206.0,40.703296,-73.949143,301.0,33.0,3022420051.0,509.0,BK0103,2.0,2.0,2.0,1.0,20.2,0.0,19.4
2010850.0,1/27/2025,Accident,Worker Fell,0,1,Bronx,10460.0,40.832304,-73.887591,203.0,17.0,2030000057.0,157.0,BX0303,16.0,16.0,16.0,1.0,-1.2,0.0,18.9
1001004.0,5/4/2025,Accident,Material Failure (Fell),1,2,Bronx,11101.0,40.80023535479573,-74.0400776471383,301.0,41.0,2028550051.0,38301.0,MN0401,37.0,3.0,5.0,0.0,18.232314105695547,2.2202496858782332,27.368497119746802
1091745.0,3/28/2024,Accident,Worker Fell,0,1,Manhattan,10014.0,40.729793,-74.010297,102.0,3.0,1005967502.0,69.0,MN0203,4.0,4.0,4.0,1.0,8.5,21.5,18.5
1079205.0,12/26/2024,Incident,Mechanical Construction Equipment,0,0,Manhattan,10027.0,40.810179,-73.963608,109.0,7.0,1019890001.0,205.0,MN0901,8.0,8.0,8.0,0.0,-4.8,0.0,8.7
1000007.0,3/23/2025,Incident,Other Construction Related,0,0,Manhattan,10004.0,40.703026,-74.011202,101.0,1.0,1000050010.0,9.0,MN0101,120.0,120.0,120.0,0.0,3.2,0.0,18.0
2002826.0,1/30/2026,Accident,Struck By,1,1,Bronx,10018.0,40.82373533884193,-73.77603706298875,302.0,3.0,1011510012.0,201.0,QN0802,17.0,7.0,2.0,1.0,11.558478291921894,0.4704649436289021,7.828736635219771
1082732.0,8/23/2024,Accident,Scaffold/Shoring Installations,0,1,Manhattan,10016.0,40.740581,-73.978925,106.0,2.0,1009340001.0,66.0,MN0603,2.0,2.0,2.0,1.0,20.6,0.0,14.0
4624114.0,11/24/2025,Notification,Other Construction Related,0,2,Queens,11367.0,40.722672,-73.8266,408.0,24.0,4022801575.0,38302.0,QN8191,1.0,1.0,1.0,1.0,6.8,0.0,14.3
3000398.0,2/19/2024,Accident,Other Construction Related,0,1,Brooklyn,11201.0,40.691825,-73.986301,302.0,33.0,3001510037.0,11.0,BK0202,2.0,2.0,2.0,0.0,-0.3,0.0,23.1
1085694.0,9/13/2024,Accident,Other Construction Related,0,1,Manhattan,10016.0,40.742066,-73.974757,106.0,4.0,1009620108.0,62.0,MN0603,144.0,144.0,144.0,0.0,20.3,0.0,14.4
3025953.0,7/23/2024,Accident,Material Failure (Fell),1,2,Brooklyn,11211.0,40.67294566921012,-74.22770387006508,102.0,48.0,1014520027.0,115.0,BK0301,8.0,6.0,9.0,0.0,22.34801296207629,2.4397067029115513,21.016475273017907
4007096.0,1/22/2026,Accident,Scaffold/Shoring Installations,0,1,Queens,11102.0,40.765676,-73.924601,401.0,22.0,4005780040.0,73.0,QN0103,8.0,8.0,8.0,0.0,3.3,0.1,16.7
2057922.0,4/26/2025,Incident,Other Construction Related,0,0,Bronx,10467.0,40.880391,-73.863812,212.0,12.0,2046630092.0,390.0,BX1201,1.0,1.0,1.0,1.0,17.5,13.9,22.5
2130734.0,8/12/2024,Accident,Other Construction Related,0,1,Bronx,10464.0,40.867456,-73.797494,228.0,13.0,2056500001.0,504.0,BX2891,16.0,16.0,16.0,0.0,22.1,0.3,18.9
4048639.0,4/4/2024,Incident,Material Failure (Fell),0,0,Queens,11368.0,40.746858,-73.860166,404.0,21.0,4019800033.0,413.0,QN0402,7.0,7.0,7.0,0.0,5.6,6.3,42.3
1014251.0,2/5/2024,Accident,Worker Fell,0,1,Manhattan,10001.0,40.747582,-73.994197,105.0,3.0,1007770018.0,95.0,MN0501,23.0,23.0,23.0,0.0,0.9,0.0,28.2
1091738.0,4/15/2024,Accident,Worker Fell,0,1,Manhattan,10002.0,40.721627,-73.984307,103.0,2.0,1003977503.0,3002.0,MN0303,4.0,4.0,4.0,1.0,18.2,0.0,24.6
3429267.0,1/25/2024,Accident,Other Construction Related,0,1,Brooklyn,11221.0,40.69721,-73.927329,304.0,34.0,3032320005.0,423.0,BK0401,34.0,34.0,34.0,0.0,10.0,5.6,23.9
5072540.0,5/4/2024,Incident,Other Construction Related,0,0,Staten Island,10308.0,40.553156,-74.162337,503.0,51.0,5054870104.0,14604.0,SI0302,1.0,1.0,1.0,1.0,11.1,0.1,17.8
3429314.0,5/14/2024,Incident,Mechanical Construction Equipment,0,0,Brooklyn,11221.0,40.696176,-73.916696,304.0,37.0,,433.0,BK0402,3.0,3.0,3.0,1.0,15.4,5.0,23.6
2004136.0,7/8/2025,Accident,Worker Fell,0,1,Bronx,10455.0,40.811248,-73.901488,202.0,17.0,2026030083.0,83.0,BX0202,17.0,17.0,17.0,0.0,28.2,16.8,11.5
3212196.0,11/24/2025,Accident,Worker Fell,1,0,Brooklyn,11212.0,40.556406032100924,-74.01523401037315,412.0,26.0,4014440019.0,31703.0,BX1201,2.0,5.0,1.0,1.0,13.115891305115259,1.5311761789043645,16.59438495803796
1022678.0,6/25/2024,Accident,Material Failure (Fell),1,1,Bronx,11205.0,40.530292550294085,-73.7643597530796,302.0,32.0,1005720038.0,180.0,BX0102,3.0,6.0,5.0,1.0,7.712469446367511,3.960528562076205,27.215169881514374
1091801.0,12/30/2024,Accident,Mechanical Construction Equipment,0,1,Manhattan,10018.0,40.75543,-73.997152,104.0,3.0,1007340010.0,111.0,MN0401,2.0,2.0,2.0,0.0,11.4,5.8,25.5
2130757.0,5/22/2024,Notification,Other Construction Related,0,1,Bronx,10452.0,40.839368,-73.918501,204.0,16.0,2028560011.0,219.0,BX0403,8.0,8.0,8.0,0.0,21.1,0.0,23.3
1016047.0,1/16/2026,Accident,Worker Fell,0,1,Manhattan,10018.0,40.752335,-73.982416,105.0,4.0,1008410049.0,84.0,MN0502,107.0,107.0,107.0,0.0,-2.9,0.0,20.7
3329436.0,11/4/2024,Incident,Other Construction Related,0,0,Brooklyn,11201.0,40.69152,-73.987527,302.0,33.0,3001540019.0,37.0,BK0202,14.0,14.0,14.0,0.0,9.9,0.0,20.1
1013043.0,6/8/2024,Accident,Material Failure (Fell),0,1,Manhattan,10011.0,40.740704,-74.001844,104.0,3.0,1007390001.0,83.0,MN0401,486.0,486.0,486.0,0.0,20.4,0.0,26.3
1027184.0,8/4/2025,Accident,Worker Fell,0,1,Manhattan,10019.0,40.768668,-73.995404,104.0,3.0,1011090100.0,13501.0,MN0402,14.0,14.0,14.0,0.0,24.9,0.0,13.9
1001068.0,5/9/2025,Accident,Other Construction Related,0,1,Manhattan,10006.0,40.709402,-74.011073,101.0,1.0,1000627501.0,13.0,MN0101,366.0,366.0,366.0,0.0,14.3,14.6,12.5
3325287.0,6/12/2024,Incident,Other Construction Related,0,0,Brooklyn,11237.0,40.702097,-73.926076,304.0,34.0,3031970017.0,429.0,BK0401,1.0,1.0,1.0,0.0,19.2,0.2,22.7
1008814.0,1/16/2024,Accident,Excavation/Soil Work,0,1,Manhattan,10012.0,40.729028,-73.995483,102.0,2.0,1005460026.0,59.0,MN0202,13.0,13.0,13.0,0.0,-2.8,9.5,23.2
1023724.0,11/11/2024,Accident,Other Construction Related,0,1,Manhattan,10019.0,40.764727,-73.978142,105.0,6.0,1010100015.0,137.0,MN0502,5.0,5.0,5.0,0.0,15.6,3.2,25.1
4004668.0,4/9/2024,Accident,Worker Fell,0,1,Queens,11101.0,40.754214,-73.933901,401.0,26.0,4003850026.0,31.0,QN0105,4.0,4.0,4.0,0.0,13.8,0.0,15.9
1078929.0,7/10/2024,Accident,Worker Fell,1,0,Manhattan,10029.0,40.794985,-73.946371,111.0,8.0,1016370001.0,172.0,MN1101,6.0,6.0,6.0,0.0,27.4,0.1,36.8
1034211.0,5/24/2024,Accident,Worker Fell,0,1,Manhattan,10036.0,40.754421,-73.980213,105.0,4.0,1012590035.0,96.0,MN0502,8.0,8.0,8.0,0.0,22.6,0.0,15.5
3429247.0,11/5/2024,Accident,Worker Fell,0,1,Brooklyn,11215.0,40.668453,-73.990289,306.0,38.0,3010280007.0,139.0,BK0602,5.0,5.0,5.0,1.0,16.0,0.0,23.4
1001096.0,11/12/2024,Incident,Other Construction Related,0,0,Manhattan,10038.0,40.70926,-74.009082,101.0,1.0,1000650006.0,1502.0,MN0101,17.0,17.0,17.0,1.0,9.7,0.0,26.9
3031049.0,2/13/2025,Incident,Mechanical Construction Equipment,0,0,Brooklyn,11213.0,40.674773,-73.944464,308.0,36.0,3012290001.0,341.0,BK0802,14.0,14.0,14.0,0.0,4.6,6.4,20.6
4624423.0,5/7/2024,Incident,Other Construction Related,0,0,Queens,11101.0,40.74817,-73.938805,402.0,26.0,4002650013.0,1902.0,QN0201,34.0,34.0,34.0,0.0,18.9,0.0,17.0
2130961.0,6/21/2024,Accident,Worker Fell,0,1,Bronx,10451.0,40.816951,-73.929876,201.0,8.0,2023440112.0,6301.0,BX0401,5.0,5.0,5.0,0.0,27.9,0.0,18.2
3334941.0,5/29/2024,Incident,Excavation/Soil Work,0,0,Brooklyn,11205.0,40.692622,-73.959122,303.0,33.0,3019110045.0,235.0,BK0301,2.0,2.0,2.0,0.0,18.6,7.7,17.3
3002772.0,1/29/2024,Incident,Other Construction Related,0,0,Brooklyn,11201.0,40.690069,-73.993708,302.0,33.0,3002760013.0,9.0,BK0201,26.0,26.0,26.0,1.0,2.9,1.0,30.0
1038656.0,5/13/2024,Incident,Scaffold/Shoring Installations,0,0,Manhattan,10017.0,40.749514,-73.971481,106.0,4.0,1013340041.0,88.0,MN0603,22.0,22.0,22.0,1.0,12.6,0.3,22.7
1048273.0,8/16/2024,Accident,Worker Fell,0,1,Manhattan,10128.0,40.782533,-73.952924,108.0,5.0,1015190050.0,14802.0,MN0802,21.0,21.0,21.0,1.0,24.4,0.4,17.9
2009372.0,7/8/2025,Accident,Worker Fell,0,1,Bronx,10457.0,40.846902,-73.903766,205.0,15.0,2028920016.0,231.0,BX0502,9.0,9.0,9.0,1.0,28.2,16.8,11.5
1080458.0,3/12/2024,Accident,Worker Fell,0,1,Manhattan,10022.0,40.75472,-73.968172,106.0,4.0,1013420051.0,98.0,MN0604,45.0,45.0,45.0,1.0,9.1,0.0,24.6
2001079.0,6/20/2025,Accident,Other Construction Related,0,1,Bronx,10451.0,40.816046,-73.931166,201.0,8.0,2023490046.0,6301.0,BX0401,4.0,4.0,4.0,1.0,23.9,0.4,18.0
3391735.0,2/13/2025,Accident,Other Construction Related,0,1,Brooklyn,11229.0,40.609689,-73.95847,315.0,48.0,3067770017.0,554.0,BK1501,20.0,20.0,20.0,0.0,5.1,6.3,28.7
3429267.0,5/8/2024,Accident,Worker Fell,0,1,Brooklyn,11221.0,40.69721,-73.927329,304.0,34.0,3032320005.0,423.0,BK0401,23.0,23.0,23.0,1.0,22.2,0.9,31.0
3429464.0,12/9/2024,Accident,Other Construction Related,0,1,Brooklyn,11233.0,40.677869,-73.903473,316.0,37.0,3015540016.0,367.0,BK1601,22.0,22.0,22.0,1.0,6.8,9.1,14.9
1033308.0,12/12/2024,Incident,Mechanical Construction Equipment,0,0,Manhattan,10024.0,40.790496,-73.973764,107.0,6.0,1012370017.0,175.0,MN0702,60.0,60.0,60.0,1.0,1.5,0.1,26.2
3816613.0,6/22/2024,Accident,Worker Fell,0,1,Brooklyn,11212.0,40.671537,-73.907191,316.0,37.0,3036920001.0,908.0,BK1602,24.0,24.0,24.0,1.0,25.9,3.2,20.0
1033105.0,7/22/2024,Accident,Material Failure (Fell),0,1,Manhattan,10024.0,40.786594,-73.976488,107.0,6.0,1012320014.0,171.0,MN0702,8.0,8.0,8.0,1.0,24.5,4.2,19.9
1033105.0,11/18/2024,Accident,Material Failure (Fell),0,1,Manhattan,10024.0,40.786643,-73.976607,107.0,6.0,1012320014.0,171.0,MN0702,8.0,8.0,8.0,1.0,12.6,0.0,14.2
1046925.0,11/20/2024,Accident,Worker Fell,0,1,Manhattan,10128.0,40.782727,-73.959236,108.0,4.0,1014990069.0,15002.0,MN0802,8.0,8.0,8.0,1.0,11.7,0.0,10.7
3426198.0,7/26/2024,Accident,Worker Fell,0,1,Brooklyn,11224.0,40.579868,-73.973025,313.0,48.0,3072737501.0,354.0,BK1302,42.0,42.0,42.0,1.0,24.2,0.0,23.1
3049703.0,6/12/2024,Incident,Other Construction Related,0,0,Brooklyn,,,,,,,,,,,,,,,
1076193.0,2/20/2024,Incident,Other Construction Related,0,0,Manhattan,10036.0,40.760216,-73.985334,105.0,3.0,1010197502.0,125.0,MN0502,135.0,135.0,135.0,0.0,-2.5,0.0,13.2
1035721.0,11/5/2025,Accident,Worker Fell,0,1,Manhattan,10022.0,40.760154,-73.97601,105.0,4.0,1012880069.0,102.0,MN0502,44.0,44.0,44.0,0.0,10.9,0.3,19.3
3430033.0,2/12/2025,Accident,Material Failure (Fell),1,0,Manhattan,10065.0,40.72461132904335,-73.77908467824038,203.0,39.0,1006897501.0,289.0,BK0601,35.0,7.0,1.0,1.0,21.584367520599546,0.07061307970259535,16.323787408335715
3398454.0,1/20/2025,Accident,Other Construction Related,1,1,Brooklyn,10010.0,40.65791560868741,-74.01362488641942,106.0,35.0,3032700047.0,149.0,MN0502,7.0,3.0,7.0,1.0,9.381783511737332,1.5177291318611175,26.388417296874
1084476.0,1/5/2025,Accident,Struck By,1,0,Bronx,11219.0,40.59758403788934,-73.97497972260109,205.0,15.0,3004200037.0,908.0,QN0602,49.0,2.0,1.0,1.0,13.514426442218237,6.424892699757698,23.44011517182312
3065421.0,1/30/2026,Accident,Worker Fell,1,2,Staten Island,11215.0,40.71459582439074,-74.0054724884328,401.0,8.0,2033190046.0,66.0,MN0801,44.0,4.0,7.0,1.0,21.289019290621688,2.20875714873196,26.959619298094452
4047331.0,6/20/2024,Incident,Other Construction Related,0,0,Queens,11368.0,40.73552,-73.860392,404.0,21.0,4019180095.0,455.0,QN0402,3.0,3.0,3.0,1.0,26.2,0.0,21.6
3256090.0,8/5/2025,Accident,Worker Fell,0,1,Brooklyn,11249.0,40.703817,-73.963374,301.0,34.0,3021810001.0,545.0,BK0103,7.0,7.0,7.0,0.0,24.9,0.2,12.7
2130734.0,3/19/2025,Accident,Material Failure (Fell),0,1,Bronx,10464.0,40.867456,-73.797494,228.0,13.0,2056500001.0,504.0,BX2891,4.0,4.0,4.0,1.0,8.2,0.0,11.5
3429781.0,6/26/2024,Accident,Struck By,1,0,Staten Island,11231.0,40.872423206364964,-73.90326666773201,313.0,22.0,1012430001.0,5502.0,QN0707,17.0,6.0,1.0,1.0,8.1850557230838,6.153904459176047,20.68681183105252
5052791.0,5/30/2025,Accident,Other Construction Related,0,1,Staten Island,10306.0,40.574044,-74.109282,502.0,50.0,5036450007.0,122.0,SI0202,3.0,3.0,3.0,0.0,18.8,7.2,11.9
4441727.0,3/21/2025,Accident,Mechanical Construction Equipment,0,1,Queens,11101.0,40.738263,-73.940676,402.0,26.0,4002940106.0,19902.0,QN0202,4.0,4.0,4.0,0.0,6.6,5.8,25.5
3429802.0,11/15/2025,Accident,Worker Fell,1,0,Brooklyn,10452.0,40.63753582412402,-74.23826668452803,316.0,47.0,1009340001.0,94.0,MN0502,8.0,7.0,7.0,1.0,26.402541299178466,2.155494873404266,27.203687055114095
4619459.0,6/24/2024,Incident,Other Construction Related,0,0,Queens,11101.0,40.748365,-73.944557,402.0,26.0,4004360001.0,1903.0,QN0201,22.0,22.0,22.0,1.0,25.5,0.0,39.0
3106599.0,6/10/2024,Incident,Excavation/Soil Work,0,0,Brooklyn,11203.0,40.661886,-73.93994,309.0,40.0,3047940026.0,806.0,BK0902,22.0,22.0,22.0,0.0,19.3,0.0,18.7
3429687.0,9/13/2024,Accident,Other Construction Related,0,1,Brooklyn,11217.0,40.681104,-73.98843,306.0,39.0,3004240001.0,75.0,BK0601,2.0,2.0,2.0,0.0,20.0,0.0,15.6
1083810.0,7/9/2025,Accident,Other Construction Related,0,1,Manhattan,10028.0,40.778633,-73.962546,164.0,6.0,1011110001.0,143.0,MN6491,108.0,108.0,108.0,0.0,27.3,1.0,10.1
1015001.0,5/2/2025,Accident,Other Construction Related,0,1,Manhattan,10001.0,40.744851,-73.993425,104.0,3.0,1008010008.0,91.0,MN0401,18.0,18.0,18.0,0.0,21.9,0.0,16.0
3124075.0,10/7/2025,Incident,Scaffold/Shoring Installations,0,0,Brooklyn,11218.0,40.650467,-73.97361,307.0,40.0,3053220004.0,50401.0,BK0701,1.0,1.0,1.0,0.0,21.2,0.0,20.8
4855669.0,6/27/2025,Accident,Excavation/Soil Work,0,1,Queens,11354.0,40.759123,-73.834147,407.0,20.0,,871.0,QN0707,1.0,1.0,1.0,1.0,19.9,0.3,13.6
1091855.0,5/16/2025,Accident,Worker Fell,0,1,Manhattan,10021.0,40.771378,-73.959402,108.0,5.0,1014290004.0,134.0,MN0801,2.0,2.0,2.0,1.0,17.8,0.7,14.1
1016876.0,5/10/2024,Accident,Worker Fell,0,1,Manhattan,10010.0,40.743188,-73.98755,105.0,3.0,1008560009.0,56.0,MN0501,42.0,42.0,42.0,0.0,10.6,12.9,19.7
3251678.0,4/11/2024,Accident,Other Construction Related,0,1,Brooklyn,11249.0,40.707947,-73.968433,301.0,33.0,3021340001.0,547.0,BK0102,3.0,3.0,3.0,0.0,11.8,5.0,33.0
1009706.0,4/21/2025,Accident,Other Construction Related,0,1,Manhattan,10011.0,40.736145,-73.99607,102.0,2.0,1005777502.0,63.0,MN0202,181.0,181.0,181.0,1.0,10.6,0.3,14.6
1084612.0,3/20/2024,Accident,Material Failure (Fell),0,1,Manhattan,10002.0,40.71299,-73.994939,103.0,1.0,1002800015.0,8.0,MN0301,4.0,4.0,4.0,1.0,5.9,2.8,30.7
,8/28/2025,Incident,Other Construction Related,0,0,Staten Island,10309.0,40.5423,-74.236903,503.0,51.0,5072470001.0,22602.0,SI0305,,,,,21.1,0.0,16.7
1026453.0,8/24/2025,Incident,Material Failure (Fell),0,0,Manhattan,10036.0,40.760493,-73.991142,104.0,3.0,1010550029.0,12102.0,MN0402,17.0,17.0,17.0,1.0,22.2,0.2,18.2
3425949.0,6/25/2024,Accident,Material Failure (Fell),0,1,Brooklyn,11239.0,40.654526,-73.876642,305.0,42.0,3044520249.0,107001.0,BK0504,6.0,6.0,6.0,1.0,25.8,0.0,36.0
4003495.0,7/15/2024,Accident,Other Construction Related,0,1,Queens,11101.0,40.747075,-73.939149,402.0,26.0,4002660027.0,1902.0,QN0201,4.0,4.0,4.0,0.0,28.0,2.4,22.2
1083699.0,12/3/2024,Accident,Mechanical Construction Equipment,0,2,Manhattan,10010.0,40.734191,-73.975168,106.0,4.0,1009780001.0,60.0,MN0601,31.0,31.0,31.0,1.0,0.7,0.1,10.4
3861463.0,5/20/2024,Accident,Worker Fell,1,0,Brooklyn,10013.0,40.80365780079564,-74.0146019790134,302.0,3.0,1012830021.0,37504.0,QN0502,32.0,6.0,6.0,0.0,15.788671304024255,3.903733027794375,7.094643821217202
5046953.0,4/22/2025,Accident,Struck By,1,0,Queens,10467.0,40.63494700558072,-73.97444482591335,302.0,37.0,1005967502.0,9.0,BK1302,38.0,3.0,6.0,1.0,24.76842127812236,2.094477537106361,23.707963815384545
4436573.0,4/12/2024,Accident,Worker Fell,0,1,Queens,11101.0,40.743502,-73.95808,402.0,26.0,4000170001.0,101.0,QN0201,2.0,2.0,2.0,0.0,15.2,16.5,42.4
3166438.0,8/13/2025,Incident,Mechanical Construction Equipment,0,0,Brooklyn,11214.0,40.608878,-74.005341,311.0,47.0,3063650042.0,180.0,BK1102,1.0,1.0,1.0,0.0,25.3,2.1,22.3
1030307.0,7/22/2024,Accident,Excavation/Soil Work,0,1,Manhattan,10019.0,40.770899,-73.98874,107.0,6.0,1011510012.0,147.0,MN0701,9.0,9.0,9.0,0.0,24.5,4.2,19.9
2130622.0,4/15/2024,Accident,Material Failure (Fell),0,1,Bronx,10452.0,40.839538,-73.923177,204.0,16.0,,211.0,BX0402,6.0,6.0,6.0,1.0,17.7,0.0,25.4
1083493.0,4/23/2025,Accident,Scaffold/Shoring Installations,0,1,Manhattan,10013.0,40.724032,-74.004961,102.0,1.0,1004777501.0,37.0,MN0201,2.0,2.0,2.0,0.0,17.6,0.0,14.7
1016876.0,4/30/2024,Accident,Worker Fell,0,1,Manhattan,10010.0,40.743188,-73.98755,105.0,3.0,1008560009.0,56.0,MN0501,42.0,42.0,42.0,0.0,15.5,2.2,14.6
4105623.0,5/6/2024,Incident,Other Construction Related,0,0,Queens,11357.0,40.788296,-73.813617,407.0,19.0,4046600050.0,981.0,QN0702,1.0,1.0,1.0,0.0,16.1,0.6,11.2
2003543.0,11/25/2025,Accident,Worker Fell,0,1,Bronx,10452.0,40.842746,-73.925602,204.0,16.0,2025330029.0,201.0,BX0402,2.0,2.0,2.0,0.0,8.0,8.9,19.5
1091704.0,10/7/2024,Accident,Worker Fell,0,1,Manhattan,10016.0,40.747185,-73.977628,106.0,4.0,1008910044.0,80.0,MN0603,20.0,20.0,20.0,1.0,18.8,7.1,20.1
3429327.0,5/13/2024,Accident,Worker Fell,0,1,Brooklyn,11201.0,40.688566,-73.980045,302.0,35.0,3020940001.0,33.0,BK0203,12.0,12.0,12.0,1.0,12.6,0.1,26.8
3138044.0,2/2/2024,Accident,Material Failure (Fell),1,0,Brooklyn,11219.0,40.634951,-73.993518,312.0,44.0,3056480034.0,220.0,BK1202,1.0,1.0,1.0,1.0,4.1,6.3,24.5
1091728.0,12/2/2024,Accident,Worker Fell,0,1,Manhattan,10019.0,40.762023,-73.975782,105.0,4.0,1012700044.0,104.0,MN0502,86.0,86.0,86.0,1.0,-0.1,0.0,10.5
1080293.0,3/20/2024,Accident,Material Failure (Fell),0,1,Manhattan,10011.0,40.74568,-74.007001,104.0,3.0,1006910015.0,9901.0,MN0401,1.0,1.0,1.0,1.0,5.9,2.8,30.7
1001027.0,3/8/2024,Accident,Material Failure (Fell),0,1,Manhattan,10005.0,40.709043,-74.010626,101.0,1.0,1000480001.0,7.0,MN0101,241.0,241.0,241.0,1.0,6.0,0.0,21.6
4623202.0,3/25/2024,Accident,Other Construction Related,0,1,Queens,11105.0,40.780061,-73.901942,401.0,22.0,4008140010.0,10701.0,QN0101,16.0,16.0,16.0,0.0,4.0,0.0,22.4
4617668.0,8/27/2024,Accident,Material Failure (Fell),0,2,Queens,11435.0,40.706166,-73.808184,412.0,27.0,4096940017.0,238.0,QN1201,19.0,19.0,19.0,1.0,22.5,0.0,18.0
4624987.0,10/15/2025,Accident,Worker Fell,0,1,Queens,11436.0,40.668035,-73.795032,412.0,28.0,4120990036.0,792.0,QN1203,10.0,10.0,10.0,0.0,15.5,0.2,15.8
1091654.0,8/7/2024,Accident,Worker Fell,0,1,Manhattan,10014.0,40.729212,-74.009316,102.0,3.0,1005967502.0,69.0,MN0203,3.0,3.0,3.0,0.0,21.2,24.0,21.2
1091775.0,6/18/2024,Accident,Worker Fell,0,1,Manhattan,10003.0,40.732953,-73.993635,102.0,2.0,1005687501.0,61.0,MN0202,4.0,4.0,4.0,1.0,25.1,0.0,24.4
3071075.0,5/12/2025,Accident,Other Construction Related,1,1,Brooklyn,10457.0,40.53259379384423,-73.94162198305636,302.0,3.0,3019110045.0,212.0,BX0301,44.0,6.0,7.0,1.0,10.7940790546782,0.8315198539387431,14.668945536285726
1027184.0,8/16/2024,Accident,Other Construction Related,0,1,Manhattan,10019.0,40.768668,-73.995404,104.0,3.0,1011090100.0,13501.0,MN0402,14.0,14.0,14.0,0.0,24.1,0.0,17.1
2130757.0,6/16/2024,Accident,Other Construction Related,0,1,Bronx,10452.0,40.839368,-73.918501,204.0,16.0,2028560011.0,219.0,BX0403,18.0,18.0,18.0,0.0,19.2,0.0,17.5
3159746.0,4/14/2025,Incident,Other Construction Related,0,0,Brooklyn,11204.0,40.611362,-73.991241,311.0,43.0,3062170036.0,268.0,BK1101,1.0,1.0,1.0,1.0,10.0,0.0,15.7
3036563.0,12/24/2025,Incident,Other Construction Related,0,0,Brooklyn,11213.0,40.67225,-73.928874,308.0,36.0,3013730034.0,347.0,BK0802,1.0,1.0,1.0,1.0,4.1,0.0,26.8
1091738.0,10/18/2024,Accident,Worker Fell,0,1,Manhattan,10002.0,40.721627,-73.984307,103.0,2.0,1003977503.0,3002.0,MN0303,8.0,8.0,8.0,1.0,12.2,0.0,20.4
4003495.0,12/13/2024,Accident,Other Construction Related,0,1,Queens,11101.0,40.747075,-73.939149,402.0,26.0,4002660027.0,1902.0,QN0201,16.0,16.0,16.0,0.0,-2.3,0.0,11.5
4619459.0,1/16/2024,Accident,Worker Fell,0,1,Queens,11101.0,40.748365,-73.944557,402.0,26.0,4004360001.0,1903.0,QN0201,22.0,22.0,22.0,1.0,-2.5,10.4,25.0
2012378.0,1/9/2025,Incident,Other Construction Related,0,0,Bronx,10457.0,40.85092,-73.889266,206.0,15.0,2030820020.0,373.0,BX0602,2.0,2.0,2.0,0.0,-3.9,0.0,30.4
4009057.0,2/27/2025,Accident,Struck By,1,1,Staten Island,10468.0,40.661241770231555,-73.83045598932891,306.0,33.0,1005777502.0,127.0,BK0203,2.0,6.0,1.0,1.0,28.521220912612176,0.3259074020738143,19.613415829577235
2003543.0,12/29/2025,Accident,Other Construction Related,0,1,Bronx,10452.0,40.842746,-73.925602,204.0,16.0,2025330029.0,201.0,BX0402,2.0,2.0,2.0,0.0,3.5,3.9,25.6
3000605.0,8/23/2024,Accident,Other Construction Related,0,1,Brooklyn,11201.0,40.688896,-73.989969,302.0,33.0,3001750001.0,43.0,BK0202,45.0,45.0,45.0,0.0,20.8,0.0,20.4
3429295.0,7/17/2024,Accident,Worker Fell,0,1,Brooklyn,11215.0,40.677648,-73.983636,306.0,39.0,3004340035.0,11901.0,BK0601,2.0,2.0,2.0,0.0,26.9,29.5,22.6
1091844.0,9/19/2025,Accident,Excavation/Soil Work,0,1,Manhattan,10019.0,40.764225,-73.982391,105.0,6.0,1010260021.0,137.0,MN0502,1.0,1.0,1.0,0.0,22.4,0.0,11.6
1057334.0,3/6/2025,Accident,Worker Fell,0,1,Manhattan,10025.0,40.80564,-73.966186,109.0,7.0,1018950008.0,199.0,MN0901,8.0,8.0,8.0,0.0,9.5,3.3,25.2
1002949.0,1/14/2026,Accident,Worker Fell,0,1,Manhattan,10013.0,40.722303,-74.005963,102.0,1.0,1002270063.0,37.0,MN0201,13.0,13.0,13.0,0.0,6.4,0.1,10.0
4430171.0,2/28/2025,Notification,Other Construction Related,0,1,Queens,11104.0,40.750171,-73.913174,402.0,26.0,4001190143.0,17101.0,QN0261,1.0,1.0,1.0,1.0,6.1,0.0,17.2
3428952.0,12/26/2024,Accident,Other Construction Related,0,1,Brooklyn,11208.0,40.682273,-73.873905,305.0,37.0,3041430002.0,1178.0,BK0501,,,,,-3.2,0.0,10.5
1084198.0,12/26/2024,Accident,Material Failure (Fell),0,2,Manhattan,10032.0,40.839928,-73.94254,112.0,10.0,1021380040.0,251.0,MN1201,61.0,61.0,61.0,0.0,-4.8,0.0,7.9
4624423.0,3/8/2024,Accident,Worker Fell,0,1,Queens,11101.0,40.74817,-73.938805,402.0,26.0,4002650013.0,1902.0,QN0201,34.0,34.0,34.0,0.0,5.8,0.0,21.3
1070711.0,5/21/2025,Accident,Worker Fell,0,1,Manhattan,10023.0,40.776083,-73.987179,107.0,6.0,1011587504.0,15501.0,MN0701,36.0,36.0,36.0,1.0,12.1,2.8,17.4
1089192.0,10/30/2024,Accident,Worker Fell,0,1,Manhattan,10034.0,40.863599,-73.916537,112.0,10.0,1021880001.0,299.0,MN1203,6.0,6.0,6.0,1.0,16.8,0.1,12.7
3180761.0,12/12/2025,Accident,Worker Fell,0,1,Brooklyn,11230.0,40.616632,-73.963476,314.0,44.0,3067400025.0,768.0,BK1403,18.0,18.0,18.0,0.0,-1.2,0.0,24.0
1090627.0,1/28/2025,Accident,Worker Fell,0,1,Manhattan,10018.0,40.751762,-73.98657,105.0,4.0,1008120045.0,109.0,MN0502,5.0,5.0,5.0,0.0,0.7,0.0,23.3
1083719.0,1/15/2026,Accident,Worker Fell,0,1,Manhattan,10105.0,40.762605,-73.97846,105.0,6.0,1010070029.0,137.0,MN0502,281.0,281.0,281.0,0.0,1.5,0.1,19.7
2130685.0,8/26/2024,Accident,Mechanical Construction Equipment,0,1,Bronx,10474.0,40.805223,-73.885975,202.0,17.0,2027770100.0,9302.0,BX0201,2.0,2.0,2.0,0.0,23.1,1.0,15.9
2013297.0,3/20/2025,Accident,Worker Fell,0,1,Bronx,10457.0,40.851741,-73.898493,205.0,15.0,2031420048.0,379.0,BX0502,21.0,21.0,21.0,0.0,7.9,8.9,16.0
3251678.0,2/5/2024,Accident,Material Failure (Fell),0,1,Brooklyn,11249.0,40.70697,-73.968397,301.0,33.0,3021340001.0,547.0,BK0102,3.0,3.0,3.0,0.0,0.9,0.0,25.4
2013297.0,1/14/2026,Accident,Other Construction Related,0,1,Bronx,10457.0,40.851741,-73.898493,205.0,15.0,2031420048.0,379.0,BX0502,21.0,21.0,21.0,0.0,6.5,0.0,15.1
4618772.0,2/28/2025,Accident,Worker Fell,0,1,Queens,11102.0,40.776821,-73.935533,401.0,22.0,4009160010.0,87.0,QN0102,45.0,45.0,45.0,1.0,6.1,0.0,17.2
1091739.0,6/7/2024,Accident,Mechanical Construction Equipment,0,1,Manhattan,10037.0,40.814603,-73.938039,110.0,9.0,1017340002.0,212.0,MN1002,42.0,42.0,42.0,0.0,22.8,1.3,22.0
1091789.0,7/10/2024,Accident,Worker Fell,0,1,Manhattan,10036.0,40.765045,-73.996552,104.0,3.0,1010950011.0,12902.0,MN0402,14.0,14.0,14.0,0.0,27.8,1.5,33.1
3212196.0,6/5/2025,Accident,Other Construction Related,1,0,Brooklyn,11234.0,40.61293,-73.939473,318.0,46.0,3077050001.0,644.0,BK1802,3.0,3.0,3.0,0.0,24.3,0.0,24.1
3429452.0,10/15/2025,Incident,Worker Fell,0,1,Brooklyn,11203.0,40.659655,-73.931238,309.0,41.0,3046030001.0,878.0,BK1703,15.0,15.0,15.0,0.0,15.6,0.0,13.7
4441727.0,8/22/2025,Accident,Other Construction Related,0,1,Queens,11101.0,40.738263,-73.940676,402.0,26.0,4002940106.0,19902.0,QN0202,4.0,4.0,4.0,0.0,21.2,0.0,12.4
3251678.0,1/3/2024,Accident,Mechanical Construction Equipment,0,1,Brooklyn,11249.0,40.707373,-73.968411,301.0,33.0,3021340001.0,547.0,BK0102,3.0,3.0,3.0,0.0,1.6,0.0,14.3
1091739.0,5/1/2024,Accident,Mechanical Construction Equipment,0,1,Manhattan,10037.0,40.814603,-73.938039,110.0,9.0,1017340002.0,212.0,MN1002,42.0,42.0,42.0,0.0,14.9,1.5,20.3
3429813.0,5/6/2024,Notification,Other Construction Related,0,0,Brooklyn,11238.0,40.681393,-73.965788,308.0,35.0,3011220021.0,203.0,BK0801,2.0,2.0,2.0,0.0,16.3,0.5,14.8
1026495.0,5/8/2024,Accident,Other Construction Related,0,1,Manhattan,10036.0,40.761866,-73.99095,104.0,3.0,1010560038.0,127.0,MN0402,1.0,1.0,1.0,0.0,22.7,0.8,25.8
4620885.0,4/10/2025,Accident,Material Failure (Fell),1,2,Manhattan,11249.0,40.679143959047344,-74.13830343268518,112.0,26.0,1007350025.0,503.0,BX0502,36.0,8.0,7.0,1.0,11.762631944509703,1.4758071441971332,17.527557125140987
3429402.0,8/16/2024,Accident,Worker Fell,0,1,Brooklyn,11217.0,40.688373,-73.979605,302.0,35.0,3021060035.0,33.0,BK0203,13.0,13.0,13.0,1.0,24.1,0.4,19.1
4623202.0,2/15/2024,Notification,Other Construction Related,0,1,Queens,11105.0,40.780061,-73.901942,401.0,22.0,4008140010.0,10701.0,QN0101,16.0,16.0,16.0,0.0,-1.7,0.3,23.2
2007695.0,10/17/2024,Accident,Scaffold/Shoring Installations,0,1,Bronx,10453.0,40.851716,-73.904197,205.0,14.0,2028080090.0,23501.0,BX0502,2.0,2.0,2.0,0.0,9.4,0.0,19.1
1090786.0,4/30/2025,Accident,Worker Fell,0,1,Manhattan,10001.0,40.747269,-73.988368,105.0,3.0,1008320017.0,76.0,MN0501,5.0,5.0,5.0,0.0,20.4,0.0,17.9
1012047.0,1/16/2026,Accident,Other Construction Related,0,1,Manhattan,10014.0,40.736095,-74.009205,102.0,3.0,1006390001.0,79.0,MN0203,32.0,32.0,32.0,1.0,-2.9,0.0,20.7
3141047.0,4/15/2024,Accident,Worker Fell,0,1,Brooklyn,11219.0,40.629319,-73.999308,312.0,44.0,3057110048.0,192.0,BK1202,1.0,1.0,1.0,0.0,17.6,0.1,29.9
1024785.0,11/14/2025,Accident,Worker Fell,0,1,Manhattan,10019.0,40.761193,-73.985478,105.0,3.0,1010200059.0,125.0,MN0502,13.0,13.0,13.0,0.0,6.3,0.0,17.0
4438110.0,12/31/2024,Accident,Other Construction Related,0,1,Queens,11354.0,40.762215,-73.827425,407.0,20.0,4049780046.0,871.0,QN0707,4.0,4.0,4.0,0.0,6.6,4.9,15.9
2805203.0,11/5/2025,Accident,Other Construction Related,0,1,Bronx,10451.0,40.820236,-73.929612,204.0,8.0,,6301.0,BX0401,,,,,10.9,0.0,23.0
3429452.0,6/10/2024,Notification,Other Construction Related,0,1,Brooklyn,11203.0,40.659655,-73.931238,309.0,41.0,,878.0,BK1703,8.0,8.0,8.0,1.0,19.3,0.0,18.7
3429090.0,8/13/2025,Accident,Other Construction Related,0,1,Brooklyn,11212.0,40.664368,-73.910337,316.0,41.0,3035600001.0,924.0,BK1602,3.0,3.0,3.0,1.0,26.0,1.7,16.1
2130818.0,3/21/2025,Accident,Worker Fell,0,1,Bronx,10452.0,40.838458,-73.920338,204.0,16.0,2028550051.0,219.0,BX0403,7.0,7.0,7.0,0.0,6.5,5.8,26.0
2130757.0,7/17/2024,Accident,Worker Fell,0,1,Bronx,10452.0,40.839368,-73.918501,204.0,16.0,2028560011.0,219.0,BX0403,9.0,9.0,9.0,0.0,27.0,25.7,19.1
3429554.0,4/19/2024,Accident,Other Construction Related,0,1,Brooklyn,11215.0,40.67268,-73.986791,306.0,39.0,3009800077.0,11901.0,BK0601,1.0,1.0,1.0,0.0,8.3,0.0,21.2
3344982.0,2/5/2024,Accident,Other Construction Related,0,1,Brooklyn,11206.0,40.710527,-73.940664,301.0,34.0,3030270001.0,49301.0,BK0104,7.0,7.0,7.0,0.0,0.7,0.0,23.2
3034689.0,9/16/2024,Accident,Worker Fell,0,1,Brooklyn,11213.0,40.664823,-73.940496,309.0,35.0,3013120042.0,331.0,BK0901,2.0,2.0,2.0,0.0,19.0,0.0,17.3
1091787.0,4/4/2025,Incident,Mechanical Construction Equipment,0,0,Manhattan,10018.0,40.755734,-73.994607,104.0,3.0,1007350035.0,111.0,MN0401,12.0,12.0,12.0,1.0,17.5,7.2,15.6
1001162.0,8/22/2025,Accident,Mechanical Construction Equipment,0,1,Manhattan,10038.0,40.70727,-74.004314,101.0,1.0,1000747501.0,1502.0,MN0101,114.0,114.0,114.0,0.0,20.9,0.0,13.3
3058215.0,1/9/2025,Accident,Other Construction Related,0,1,Brooklyn,11201.0,40.695332,-73.982413,302.0,35.0,3020500100.0,1501.0,BK0202,4.0,4.0,4.0,0.0,-4.0,0.0,26.9
1079184.0,2/19/2024,Accident,Other Construction Related,0,1,Manhattan,10001.0,40.751502,-74.005118,104.0,3.0,1006730001.0,9902.0,MN0401,95.0,95.0,95.0,0.0,-0.3,0.0,20.8
1080352.0,8/8/2024,Accident,Other Construction Related,0,1,Manhattan,10018.0,40.757406,-74.000787,104.0,3.0,1007080065.0,9903.0,MN0401,24.0,24.0,24.0,0.0,20.7,5.7,24.3
1091779.0,6/24/2025,Accident,Mechanical Construction Equipment,0,1,Manhattan,10019.0,40.76551,-73.986011,104.0,3.0,1010440015.0,133.0,MN0402,1.0,1.0,1.0,1.0,34.1,0.0,16.3
3429228.0,7/10/2024,Accident,Material Failure (Fell),0,1,Brooklyn,11222.0,40.735698,-73.957082,301.0,33.0,3024870018.0,56301.0,BK0101,11.0,11.0,11.0,1.0,27.4,0.1,37.6
3074551.0,7/14/2025,Incident,Other Construction Related,0,0,Brooklyn,11237.0,40.701919,-73.918081,304.0,37.0,3032700047.0,443.0,BK0401,,,,,26.0,12.2,14.4
3061068.0,11/12/2024,Accident,Worker Fell,0,1,Brooklyn,11211.0,40.705427,-73.951825,301.0,33.0,3022280016.0,529.0,BK0103,2.0,2.0,2.0,0.0,9.9,0.0,28.2
3076057.0,1/31/2024,Accident,Worker Fell,0,1,Brooklyn,11221.0,40.690065,-73.923046,304.0,37.0,3033210152.0,397.0,BK0402,21.0,21.0,21.0,1.0,2.5,0.4,14.0
2051283.0,2/29/2024,Accident,Worker Fell,0,1,Bronx,10467.0,40.863569,-73.86936,211.0,15.0,2044280007.0,33202.0,BX1104,9.0,9.0,9.0,1.0,0.8,0.2,31.2
1036144.0,11/4/2025,Accident,Worker Fell,0,1,Manhattan,10178.0,40.750992,-73.978485,105.0,4.0,1012950001.0,80.0,MN0603,147.0,147.0,147.0,0.0,10.3,0.0,23.1
1022678.0,5/20/2025,Accident,Other Construction Related,0,1,Manhattan,10036.0,40.758393,-73.981537,105.0,4.0,1010000029.0,125.0,MN0502,259.0,259.0,259.0,0.0,13.4,0.0,14.5
3816613.0,2/24/2025,Accident,Worker Fell,1,2,Staten Island,10473.0,40.87372567767256,-74.11315396913854,309.0,3.0,4115570009.0,73.0,BK0103,5.0,4.0,6.0,1.0,14.916681332718326,2.0574694456710465,16.957806986130052
1000007.0,6/14/2024,Accident,Worker Fell,0,1,Manhattan,10004.0,40.703026,-74.011202,101.0,1.0,1000050010.0,9.0,MN0101,120.0,120.0,120.0,0.0,23.2,18.9,15.5
3042707.0,7/22/2025,Incident,Other Construction Related,0,0,Brooklyn,11233.0,40.6772,-73.90798,316.0,37.0,3015710016.0,367.0,BK1601,4.0,4.0,4.0,1.0,23.7,0.3,14.2
3335795.0,1/3/2024,Accident,Struck By,1,0,Manhattan,10019.0,40.642069703928726,-74.16722299065535,406.0,49.0,3001490014.0,33.0,MN0502,10.0,8.0,6.0,0.0,16.76420328377042,0.005642726283296037,13.300143173169332
3172270.0,4/6/2025,Incident,Excavation/Soil Work,0,0,Brooklyn,11204.0,40.613304,-73.980525,311.0,43.0,3065530069.0,436.0,BK1101,3.0,3.0,3.0,0.0,10.0,5.1,16.0
3429272.0,3/18/2025,Accident,Material Failure (Fell),0,1,Brooklyn,11222.0,40.731774,-73.9604,301.0,33.0,3025380001.0,565.0,BK0101,1.0,1.0,1.0,1.0,6.8,0.0,17.2
1037551.0,10/14/2025,Accident,Other Construction Related,0,1,Manhattan,10017.0,40.750288,-73.973288,106.0,4.0,1013160012.0,88.0,MN0603,53.0,53.0,53.0,0.0,14.1,0.1,18.6
1091788.0,3/11/2025,Accident,Other Construction Related,0,1,Manhattan,10016.0,40.748247,-73.974347,106.0,4.0,,88.0,MN0603,22.0,22.0,22.0,1.0,8.9,0.0,11.0
1091865.0,6/10/2025,Accident,Other Construction Related,0,1,Manhattan,10027.0,40.808899,-73.942173,110.0,9.0,1017260017.0,208.0,MN1002,1.0,1.0,1.0,1.0,20.0,18.0,12.3
3429094.0,12/30/2025,Accident,Worker Fell,1,0,Bronx,10029.0,40.78192811584976,-73.90705950167586,302.0,44.0,4009160010.0,871.0,BK1501,43.0,9.0,3.0,0.0,11.257431895416682,1.2239568315815186,20.82610709963115
3144185.0,9/23/2025,Accident,Worker Fell,0,1,Brooklyn,11220.0,40.633089,-74.012073,310.0,38.0,3058210043.0,120.0,BK1002,1.0,1.0,1.0,0.0,21.9,2.5,14.3
3429327.0,6/4/2024,Accident,Worker Fell,0,1,Brooklyn,11201.0,40.688566,-73.980045,302.0,35.0,3020940001.0,33.0,BK0203,12.0,12.0,12.0,1.0,19.5,0.0,19.2
1000007.0,10/22/2025,Incident,Material Failure (Fell),0,0,Manhattan,10004.0,40.703026,-74.011202,101.0,1.0,1000050010.0,9.0,MN0101,120.0,120.0,120.0,0.0,13.7,1.5,21.1
1080074.0,2/2/2024,Accident,Mechanical Construction Equipment,0,2,Manhattan,10003.0,40.727337,-73.992073,102.0,2.0,1005310037.0,5502.0,MN0202,5.0,5.0,5.0,0.0,3.8,6.3,22.6
1050357.0,2/23/2024,Accident,Other Construction Related,0,1,Manhattan,10075.0,40.772632,-73.952462,108.0,5.0,1015590001.0,13603.0,MN0803,8.0,8.0,8.0,1.0,5.1,3.3,13.9
1034250.0,6/5/2024,Incident,Material Failure (Fell),0,0,Manhattan,10036.0,40.755678,-73.980101,105.0,4.0,1012610030.0,96.0,MN0502,17.0,17.0,17.0,0.0,20.3,6.6,23.6
1014167.0,6/26/2024,Accident,Worker Fell,0,2,Manhattan,10001.0,40.746043,-73.997928,104.0,3.0,1007740001.0,91.0,MN0401,2.0,2.0,2.0,0.0,28.4,0.1,28.0
1079205.0,11/5/2024,Incident,Other Construction Related,0,0,Manhattan,10027.0,40.810179,-73.963608,109.0,7.0,1019890001.0,205.0,MN0901,8.0,8.0,8.0,0.0,15.6,0.0,19.5
1087651.0,10/3/2024,Incident,Other Construction Related,0,0,Manhattan,10023.0,40.771986,-73.990169,107.0,6.0,1011517502.0,147.0,MN0701,8.0,8.0,8.0,1.0,17.8,0.1,14.3
1001068.0,1/23/2025,Accident,Other Construction Related,0,1,Manhattan,10006.0,40.709402,-74.011073,101.0,1.0,1000627501.0,13.0,MN0101,366.0,366.0,366.0,0.0,-8.6,0.0,8.3
4202337.0,6/20/2025,Incident,Other Construction Related,0,0,Queens,11419.0,40.684147,-73.832628,410.0,28.0,4095320004.0,96.0,QN1001,2.0,2.0,2.0,0.0,24.0,0.3,20.6
1040751.0,9/29/2025,Notification,Other Construction Related,0,0,Manhattan,10022.0,40.764454,-73.972871,108.0,4.0,1013740001.0,11401.0,MN0802,125.0,125.0,125.0,1.0,20.5,0.0,9.3
1041930.0,5/24/2025,Accident,Worker Fell,0,1,Manhattan,10065.0,40.762668,-73.965786,108.0,4.0,1013950039.0,11402.0,MN0802,12.0,12.0,12.0,0.0,13.3,1.0,18.2
2008247.0,3/6/2024,Accident,Worker Fell,0,1,Bronx,10453.0,40.85042,-73.910369,205.0,14.0,2028530001.0,23301.0,BX0502,3.0,3.0,3.0,0.0,7.2,32.4,24.7
1063303.0,12/4/2024,Accident,Worker Fell,1,1,Bronx,11372.0,40.733467955129264,-74.20903317734867,204.0,2.0,4000170001.0,551.0,BX0402,6.0,1.0,5.0,0.0,16.034183948201893,2.638467825165212,21.16909271275559
4436926.0,7/24/2024,Accident,Scaffold/Shoring Installations,0,1,Queens,11101.0,40.754212,-73.918442,401.0,22.0,4007040001.0,159.0,QN0104,6.0,6.0,6.0,0.0,24.5,6.4,16.2
1064218.0,1/31/2024,Accident,Worker Fell,1,1,Staten Island,11213.0,40.552310571280024,-73.87026723548556,203.0,1.0,3057040043.0,20901.0,QN0104,14.0,4.0,1.0,0.0,5.182920934863795,0.2750621254281328,9.939792616656678
4620885.0,11/4/2024,Accident,Mechanical Construction Equipment,0,1,Queens,11101.0,40.747551,-73.94113,402.0,26.0,4002670021.0,1902.0,QN0201,2.0,2.0,2.0,0.0,9.5,0.0,19.3
3124949.0,6/26/2024,Accident,Other Construction Related,0,1,Brooklyn,11218.0,40.637832,-73.982042,312.0,39.0,3053460043.0,228.0,BK1202,5.0,5.0,5.0,0.0,27.0,0.1,35.4
2084003.0,6/25/2025,Incident,Mechanical Construction Equipment,0,0,Bronx,10463.0,40.885358,-73.898409,208.0,11.0,2032710150.0,283.0,BX0802,4.0,4.0,4.0,0.0,32.7,0.6,12.7
1082792.0,1/22/2026,Accident,Worker Fell,1,1,Brooklyn,10473.0,40.56448769660218,-73.9389536943309,105.0,4.0,4002650013.0,219.0,MN0302,10.0,5.0,4.0,1.0,2.978321873887115,1.9958970820640498,19.250574632057365
1082732.0,5/9/2024,Accident,Scaffold/Shoring Installations,0,1,Manhattan,10016.0,40.740581,-73.978925,106.0,2.0,1009340001.0,66.0,MN0603,2.0,2.0,2.0,1.0,17.5,0.0,16.6
4624882.0,9/16/2025,Accident,Other Construction Related,0,1,Queens,,,,,,,,,,,,,,,
3001453.0,9/30/2025,Accident,Worker Fell,0,1,Brooklyn,11217.0,40.683038,-73.979261,302.0,33.0,3001980036.0,39.0,BK0202,7.0,7.0,7.0,1.0,20.7,0.0,11.6
1034211.0,4/18/2024,Accident,Worker Fell,0,1,Manhattan,10036.0,40.754421,-73.980213,105.0,4.0,1012590035.0,96.0,MN0502,8.0,8.0,8.0,0.0,8.6,6.2,25.0
3429621.0,3/7/2024,Incident,Worker Fell,0,1,Brooklyn,11239.0,40.655529,-73.867753,305.0,42.0,3045867506.0,107001.0,BK0504,6.0,6.0,6.0,1.0,10.0,5.5,26.2
3058215.0,12/13/2024,Accident,Other Construction Related,0,1,Brooklyn,11201.0,40.695332,-73.982413,302.0,35.0,3020500100.0,1501.0,BK0202,2.0,2.0,2.0,0.0,-1.8,0.0,12.5
1035336.0,10/30/2024,Accident,Worker Fell,0,1,Manhattan,10017.0,40.752702,-73.97907,105.0,4.0,1012760051.0,82.0,MN0502,23.0,23.0,23.0,0.0,17.3,0.0,13.9
1046252.0,3/26/2024,Accident,Material Failure (Fell),0,1,Manhattan,10065.0,40.760459,-73.958196,108.0,5.0,1014740040.0,10602.0,MN0801,28.0,28.0,28.0,0.0,5.4,0.0,21.4
1081137.0,7/29/2024,Accident,Worker Fell,0,1,Manhattan,10019.0,40.763282,-73.974742,105.0,4.0,1012720047.0,11201.0,MN0502,5.0,5.0,5.0,0.0,24.6,4.1,16.8
1083689.0,10/20/2025,Accident,Struck By,1,0,Queens,11237.0,40.889310361087944,-74.13737280780491,110.0,4.0,3018830007.0,213.0,MN0101,49.0,7.0,1.0,1.0,7.17892132091957,4.846970723339191,18.484044392787634
1087587.0,6/22/2024,Notification,Other Construction Related,0,1,Manhattan,10019.0,40.767496,-73.996267,104.0,3.0,1011090101.0,13501.0,MN0402,1.0,1.0,1.0,0.0,26.9,2.9,15.7
3255576.0,3/17/2024,Incident,Other Construction Related,0,0,Brooklyn,11218.0,40.641217,-73.989266,312.0,39.0,3055880045.0,224.0,BK1202,2.0,2.0,2.0,0.0,11.3,0.0,33.8
1039972.0,11/5/2025,Accident,Material Failure (Fell),0,1,Manhattan,10022.0,40.757271,-73.963692,106.0,4.0,1013480023.0,10801.0,MN0604,29.0,29.0,29.0,0.0,10.9,0.3,19.3
3058215.0,6/6/2025,Accident,Other Construction Related,0,1,Brooklyn,11201.0,40.695332,-73.982413,302.0,35.0,3020500100.0,1501.0,BK0202,4.0,4.0,4.0,0.0,25.5,0.0,13.4
3116905.0,11/1/2024,Accident,Struck By,1,1,Bronx,11436.0,40.68265267644287,-74.11590352685737,104.0,5.0,5001960001.0,48.0,MN0303,41.0,7.0,1.0,0.0,17.733721129078653,1.4088324932942902,20.400062059415106
3429452.0,10/23/2024,Accident,Other Construction Related,0,1,Brooklyn,11203.0,40.659935,-73.931266,309.0,41.0,3046030001.0,878.0,BK1703,15.0,15.0,15.0,0.0,17.2,0.0,25.3
3079686.0,10/16/2025,Incident,Other Construction Related,0,0,Brooklyn,11207.0,40.685795,-73.90931,304.0,37.0,3034330052.0,403.0,BK0402,2.0,2.0,2.0,0.0,11.0,0.0,17.8
2131120.0,12/3/2025,Accident,Other Construction Related,0,1,Bronx,10451.0,40.812487,-73.929162,201.0,8.0,2023220028.0,51.0,BX0101,1.0,1.0,1.0,1.0,1.4,0.0,17.1
1012154.0,10/28/2024,Accident,Material Failure (Fell),0,1,Manhattan,10014.0,40.73937,-74.008776,102.0,3.0,1006430001.0,79.0,MN0203,19.0,19.0,19.0,1.0,9.3,0.0,15.1
1088177.0,7/11/2025,Accident,Other Construction Related,0,1,Manhattan,10003.0,40.733687,-73.982179,106.0,2.0,1009230026.0,48.0,MN0602,,,,,25.1,0.2,12.1
3854778.0,4/22/2025,Accident,Worker Fell,0,1,Brooklyn,11213.0,40.665607,-73.938452,309.0,35.0,3014170008.0,333.0,BK0901,12.0,12.0,12.0,0.0,18.5,0.1,14.7
2023709.0,1/18/2024,Accident,Worker Fell,0,1,Bronx,10472.0,40.825987,-73.883399,209.0,17.0,2037350012.0,52.0,BX0901,25.0,25.0,25.0,1.0,-3.5,0.5,19.5
4005002.0,8/22/2025,Accident,Other Construction Related,0,1,Queens,11101.0,40.751972,-73.93935,401.0,26.0,4004140023.0,3301.0,QN0105,10.0,10.0,10.0,1.0,21.2,0.0,12.4
1090832.0,3/20/2024,Incident,Other Construction Related,0,0,Manhattan,10006.0,40.709174,-74.013057,101.0,1.0,1000510014.0,13.0,MN0101,32.0,32.0,32.0,1.0,5.9,2.8,30.7
3339963.0,9/20/2024,Accident,Scaffold/Shoring Installations,0,1,Brooklyn,11209.0,40.628777,-74.029833,310.0,47.0,3059680052.0,64.0,BK1001,1.0,1.0,1.0,1.0,22.3,0.1,20.1
4624455.0,11/20/2025,Accident,Other Construction Related,0,1,Queens,11432.0,40.712372,-73.783414,412.0,23.0,4099140001.0,468.0,QN1201,,,,,3.5,0.0,5.8
5108962.0,4/21/2025,Accident,Other Construction Related,0,1,Staten Island,10314.0,40.606619,-74.118187,502.0,49.0,5007060001.0,173.0,SI0203,4.0,4.0,4.0,0.0,10.7,0.3,18.8
1063702.0,11/20/2024,Incident,Other Construction Related,0,0,Manhattan,10033.0,40.848346,-73.931397,112.0,10.0,1021550028.0,269.0,MN1202,1.0,1.0,1.0,1.0,11.8,0.0,11.2
2130757.0,10/7/2024,Accident,Worker Fell,0,1,Bronx,10452.0,40.839368,-73.918501,204.0,16.0,2028560011.0,219.0,BX0403,,,,,18.5,8.8,18.9
1015733.0,4/9/2024,Accident,Other Construction Related,0,1,Manhattan,10001.0,40.745081,-73.987019,105.0,3.0,1008300044.0,76.0,MN0501,11.0,11.0,11.0,1.0,14.1,0.0,18.2
1091692.0,10/31/2024,Accident,Mechanical Construction Equipment,1,0,Manhattan,10034.0,40.863178,-73.917911,112.0,10.0,1022030009.0,299.0,MN1203,4.0,4.0,4.0,1.0,19.4,0.0,18.3
1015233.0,12/4/2024,Accident,Other Construction Related,0,1,Manhattan,10018.0,40.751806,-73.988588,105.0,3.0,1008110062.0,109.0,MN0502,11.0,11.0,11.0,0.0,0.2,0.0,15.8
1090627.0,7/30/2025,Accident,Other Construction Related,0,1,Manhattan,10018.0,40.751762,-73.98657,105.0,4.0,1008120045.0,109.0,MN0502,5.0,5.0,5.0,0.0,31.0,8.4,14.7
3425801.0,3/22/2025,Accident,Struck By,1,2,Brooklyn,11101.0,40.65940085386377,-73.98909961955223,301.0,4.0,1005967502.0,79.0,QN0105,47.0,8.0,7.0,0.0,6.166939787921215,3.166468602821109,21.77490937475539
1088888.0,5/6/2024,Accident,Worker Fell,0,1,Manhattan,10011.0,40.743287,-73.993724,104.0,3.0,1007987507.0,91.0,MN0401,7.0,7.0,7.0,1.0,16.8,0.8,11.6
3429402.0,9/19/2024,Accident,Mechanical Construction Equipment,0,1,Brooklyn,11217.0,40.688373,-73.979605,302.0,35.0,3021060035.0,33.0,BK0203,13.0,13.0,13.0,1.0,23.5,0.0,19.5
2017263.0,3/26/2024,Accident,Worker Fell,0,1,Bronx,10458.0,40.872791,-73.884688,207.0,11.0,2033080092.0,413.0,BX0702,10.0,10.0,10.0,1.0,5.5,0.0,18.1
4047330.0,5/31/2024,Accident,Struck By,1,1,Staten Island,10016.0,40.59156803407415,-74.19895166980822,106.0,35.0,1011090100.0,149.0,MN0501,24.0,3.0,6.0,0.0,15.345590778921844,9.88595360733484,31.364702157656264
1091739.0,8/17/2024,Accident,Worker Fell,0,1,Manhattan,10037.0,40.814603,-73.938039,110.0,9.0,1017340002.0,212.0,MN1002,42.0,42.0,42.0,0.0,23.3,2.8,23.5
2130757.0,6/14/2024,Accident,Worker Fell,0,1,Bronx,10452.0,40.839368,-73.918501,204.0,16.0,2028560011.0,219.0,BX0403,8.0,8.0,8.0,0.0,22.9,9.3,15.8
1041706.0,4/17/2025,Accident,Other Construction Related,0,1,Manhattan,10021.0,40.774549,-73.964003,108.0,4.0,1013900057.0,130.0,MN0802,6.0,6.0,6.0,0.0,9.3,0.0,14.1
2001976.0,6/18/2024,Accident,Other Construction Related,0,1,Bronx,10451.0,40.826109,-73.916638,204.0,16.0,2024220046.0,173.0,BX0401,33.0,33.0,33.0,0.0,24.7,0.0,23.9
4624423.0,7/23/2025,Accident,Other Construction Related,1,1,Bronx,10452.0,40.64634837880009,-73.78563766391045,101.0,26.0,4100260034.0,94.0,MN0101,22.0,4.0,4.0,0.0,12.44743246927107,0.03837406977140083,34.79372956905857
3429452.0,11/15/2024,Accident,Mechanical Construction Equipment,0,1,Brooklyn,11203.0,40.659655,-73.931238,309.0,41.0,,878.0,BK1703,,13.0,13.0,1.0,8.6,0.0,14.7
1083026.0,10/11/2024,Accident,Mechanical Construction Equipment,0,1,Manhattan,10121.0,40.750017,-73.991345,105.0,3.0,1007810002.0,101.0,MN0501,232.0,232.0,232.0,0.0,13.5,0.0,18.9
2094178.0,9/4/2025,Incident,Other Construction Related,0,0,Bronx,10466.0,40.886307,-73.845417,212.0,12.0,2049050003.0,458.0,BX1202,2.0,2.0,2.0,0.0,21.3,2.0,22.0
4624423.0,6/24/2024,Incident,Other Construction Related,0,0,Queens,11101.0,40.74817,-73.938805,402.0,26.0,4002650013.0,1902.0,QN0201,34.0,34.0,34.0,0.0,25.5,0.0,39.0
1080525.0,2/3/2025,Incident,Material Failure (Fell),0,0,Manhattan,10011.0,40.744783,-73.997293,104.0,3.0,1007720075.0,91.0,MN0401,2.0,2.0,2.0,0.0,1.9,0.3,12.8
1088177.0,11/14/2025,Accident,Worker Fell,0,1,Manhattan,10003.0,40.733687,-73.982179,106.0,2.0,1009230026.0,48.0,MN0602,3.0,3.0,3.0,1.0,6.3,0.0,16.5
1014167.0,9/27/2024,Accident,Worker Fell,0,1,Manhattan,10001.0,40.746043,-73.997928,104.0,3.0,1007740001.0,91.0,MN0401,2.0,2.0,2.0,0.0,20.4,0.9,15.4
3429069.0,7/11/2025,Accident,Other Construction Related,0,1,Brooklyn,11206.0,40.697431,-73.951041,303.0,36.0,,255.0,BK0301,16.0,16.0,16.0,1.0,24.5,0.3,12.9
1091777.0,9/9/2025,Accident,Other Construction Related,1,0,Staten Island,10065.0,40.54189029396887,-73.8077617905968,401.0,33.0,2028560011.0,387.0,MN1102,34.0,8.0,1.0,1.0,23.711047688974745,0.8439135729452468,20.21403602516044
1030260.0,12/3/2025,Accident,Worker Fell,0,1,Manhattan,10024.0,40.782279,-73.97628,107.0,6.0,1011500037.0,165.0,MN0702,19.0,19.0,19.0,1.0,1.2,0.0,18.1
3116905.0,3/8/2024,Accident,Worker Fell,0,1,Brooklyn,11226.0,40.651471,-73.95386,317.0,40.0,3050900035.0,822.0,BK1701,16.0,16.0,16.0,1.0,5.8,0.0,22.0
1091646.0,9/30/2025,Accident,Struck By,1,2,Staten Island,11225.0,40.57033779664132,-73.79938157077007,412.0,47.0,3024940006.0,245.0,MN0202,45.0,9.0,5.0,0.0,24.54066528350695,1.5538501606075432,21.639475585183888
4035802.0,12/23/2024,Accident,Worker Fell,0,1,Queens,11372.0,40.754464,-73.872404,403.0,21.0,4014550007.0,27302.0,QN0301,7.0,7.0,7.0,0.0,-10.0,0.0,7.2
3109443.0,3/26/2024,Accident,Worker Fell,0,2,Brooklyn,11203.0,40.649186,-73.945238,317.0,40.0,3048880033.0,856.0,BK1701,5.0,5.0,5.0,1.0,5.5,0.0,22.5
4624423.0,12/26/2024,Accident,Worker Fell,1,2,Queens,10022.0,40.882954395517125,-74.00096109180699,301.0,33.0,4013520125.0,5301.0,MN0903,33.0,8.0,3.0,0.0,14.49445555909999,6.287604336511582,13.438023089825123
3429227.0,3/26/2025,Accident,Material Failure (Fell),0,1,Brooklyn,11222.0,40.735668,-73.957396,301.0,33.0,3024870017.0,56301.0,BK0101,15.0,15.0,15.0,1.0,6.1,0.8,17.7
3058215.0,1/24/2025,Accident,Other Construction Related,0,1,Brooklyn,11201.0,40.695332,-73.982413,302.0,35.0,3020500100.0,1501.0,BK0202,4.0,4.0,4.0,0.0,-5.4,0.0,11.5
1091745.0,6/14/2024,Accident,Material Failure (Fell),1,2,Queens,10016.0,40.67014195231161,-74.09688638714611,102.0,42.0,3008360019.0,134.0,MN0601,41.0,5.0,5.0,0.0,26.253271841542553,0.39331796232123123,10.10487984604919
3428561.0,11/4/2024,Accident,Other Construction Related,0,1,Brooklyn,11216.0,40.680609,-73.952845,303.0,36.0,3018420015.0,245.0,BK0301,15.0,15.0,15.0,0.0,9.9,0.0,20.1
3429267.0,6/11/2024,Accident,Worker Fell,0,1,Brooklyn,11221.0,40.69721,-73.927329,304.0,34.0,3032320005.0,423.0,BK0401,32.0,32.0,32.0,1.0,18.4,1.8,12.7
3065421.0,9/6/2025,Incident,Other Construction Related,0,0,Brooklyn,11222.0,40.728076,-73.949759,301.0,33.0,3026000031.0,573.0,BK0101,1.0,1.0,1.0,0.0,23.7,15.7,18.3
2056371.0,8/22/2024,Accident,Material Failure (Fell),0,1,Bronx,10467.0,40.871394,-73.863986,212.0,12.0,2046030027.0,372.0,BX1201,1.0,1.0,1.0,1.0,19.1,0.0,16.3
3429554.0,8/27/2024,Accident,Other Construction Related,0,1,Brooklyn,11215.0,40.67268,-73.986791,306.0,39.0,3009800077.0,11901.0,BK0601,1.0,1.0,1.0,0.0,22.9,0.1,20.0
3429452.0,2/21/2024,Accident,Worker Fell,1,1,Bronx,10452.0,40.820002375699794,-74.16632705652188,103.0,1.0,1012770008.0,3101.0,BK0204,36.0,3.0,3.0,0.0,19.26886244624505,0.5745853998351924,10.737950450948597
1084129.0,1/12/2026,Accident,Material Failure (Fell),0,1,Manhattan,10027.0,40.817344,-73.953384,109.0,7.0,1019840001.0,219.0,MN0902,9.0,9.0,9.0,0.0,1.4,0.0,22.9
1044935.0,8/30/2024,Accident,Worker Fell,0,1,Manhattan,10021.0,40.769916,-73.95498,108.0,5.0,1014497501.0,134.0,MN0801,25.0,25.0,25.0,1.0,20.9,6.1,17.8
3430019.0,10/12/2025,Accident,Worker Fell,1,2,Manhattan,10452.0,40.75000710121654,-74.12938794433653,303.0,4.0,2023490046.0,180.0,MN0803,2.0,2.0,3.0,0.0,4.627066574262479,4.637134592202405,27.133750703136034
2130818.0,11/17/2025,Accident,Worker Fell,0,1,Bronx,10452.0,40.838458,-73.920338,204.0,16.0,2028550051.0,219.0,BX0403,7.0,7.0,7.0,0.0,4.0,0.0,26.7
1016749.0,5/28/2025,Accident,Worker Fell,0,1,Manhattan,10010.0,40.742616,-73.986698,105.0,2.0,1008550037.0,56.0,MN0501,171.0,171.0,171.0,0.0,15.7,10.6,11.6
2130730.0,1/3/2025,Accident,Worker Fell,0,1,Bronx,10455.0,40.815931,-73.905184,201.0,8.0,2026540064.0,79.0,BX0102,1.0,1.0,1.0,1.0,0.6,0.0,18.2
1091817.0,1/15/2026,Accident,Worker Fell,0,1,Manhattan,10022.0,40.761118,-73.969609,105.0,4.0,1013110013.0,11203.0,MN0604,59.0,59.0,59.0,0.0,2.6,0.1,18.7
1080074.0,4/18/2024,Accident,Material Failure (Fell),0,1,Manhattan,10003.0,40.727337,-73.992073,102.0,2.0,1005310037.0,5502.0,MN0202,5.0,5.0,5.0,0.0,8.6,6.2,25.0
2010965.0,8/6/2025,Accident,Worker Fell,0,1,Bronx,10460.0,40.838969,-73.882285,206.0,15.0,2030160007.0,359.0,BX0601,2.0,2.0,2.0,1.0,24.1,0.7,11.9
3395579.0,2/26/2025,Accident,Worker Fell,0,1,Brooklyn,11217.0,40.681949,-73.984399,306.0,39.0,3004060018.0,127.0,BK0601,4.0,4.0,4.0,0.0,7.8,0.3,19.8
1090627.0,6/13/2025,Incident,Other Construction Related,0,0,Manhattan,10018.0,40.751762,-73.98657,105.0,4.0,1008120045.0,109.0,MN0502,5.0,5.0,5.0,0.0,24.3,0.0,12.5
1079205.0,6/24/2025,Accident,Worker Fell,1,2,Staten Island,11215.0,40.74269916522268,-73.8514261428232,309.0,11.0,4002650013.0,102.0,MN0501,24.0,1.0,5.0,1.0,20.778627217849355,1.6529261145919767,15.617268059249632
1064218.0,4/23/2024,Accident,Other Construction Related,0,1,Manhattan,10040.0,40.862326,-73.929553,112.0,10.0,1021750001.0,287.0,MN1202,9.0,9.0,9.0,0.0,8.9,0.0,23.9
3326746.0,6/7/2024,Accident,Worker Fell,0,1,Brooklyn,11207.0,40.675937,-73.894603,305.0,37.0,3036890012.0,1198.0,BK0502,3.0,3.0,3.0,1.0,22.5,0.1,23.0
1000007.0,1/10/2024,Accident,Worker Fell,0,1,Manhattan,10004.0,40.703026,-74.011202,101.0,1.0,1000050010.0,9.0,MN0101,120.0,120.0,120.0,0.0,9.2,28.2,48.6
3338402.0,9/4/2024,Accident,Material Failure (Fell),0,1,Brooklyn,11206.0,40.710535,-73.94074,301.0,34.0,3030270001.0,49301.0,BK0104,1.0,1.0,1.0,0.0,19.2,0.0,15.5
1031993.0,8/30/2024,Accident,Other Construction Related,1,1,Staten Island,10075.0,40.8844539422335,-73.80733102777336,105.0,4.0,1012630055.0,247.0,MN0201,17.0,8.0,3.0,1.0,34.84196249109915,4.131816169197284,14.840243442504466
3338507.0,9/5/2024,Incident,Excavation/Soil Work,0,0,Brooklyn,11207.0,40.684868,-73.910025,304.0,37.0,3034380033.0,403.0,BK0402,9.0,9.0,9.0,1.0,19.1,0.0,22.0
3322003.0,10/25/2024,Accident,Other Construction Related,0,1,Brooklyn,11224.0,40.575048,-73.992063,313.0,47.0,3070530014.0,342.0,BK1302,12.0,12.0,12.0,0.0,12.1,0.0,19.8
1091643.0,5/6/2024,Accident,Mechanical Construction Equipment,0,1,Manhattan,10013.0,40.726168,-74.007494,102.0,3.0,1005790047.0,37.0,MN0201,35.0,35.0,35.0,0.0,16.8,0.8,11.6
2805203.0,5/2/2024,Accident,Struck By,1,1,Brooklyn,11230.0,40.891026248080664,-73.943477772789,206.0,3.0,3006490028.0,78.0,MN0802,30.0,8.0,7.0,0.0,13.374036109626001,1.5842900296655016,13.624794597274132
4624423.0,4/4/2025,Accident,Other Construction Related,0,2,Queens,11101.0,40.74817,-73.938805,402.0,26.0,4002650013.0,1902.0,QN0201,34.0,34.0,34.0,0.0,17.7,7.6,15.4
4624331.0,1/24/2024,Accident,Worker Fell,0,1,Queens,11375.0,40.713554,-73.834217,406.0,29.0,4033450001.0,76902.0,QN0602,1.0,1.0,1.0,1.0,4.3,3.0,16.9
3076634.0,7/8/2024,Incident,Other Construction Related,0,0,Brooklyn,11221.0,40.695853,-73.914637,304.0,37.0,3033520023.0,435.0,BK0402,3.0,3.0,3.0,1.0,25.9,0.3,16.8
3428561.0,7/10/2024,Accident,Other Construction Related,1,1,Bronx,10128.0,40.52546504357193,-74.03374768828994,101.0,26.0,1004790040.0,387.0,MN0203,46.0,3.0,3.0,1.0,21.176278159415816,12.0140337128605,23.393095995999403
1089807.0,4/15/2024,Accident,Worker Fell,0,1,Manhattan,10011.0,40.745183,-74.008236,104.0,3.0,1006897501.0,9901.0,MN0401,34.0,34.0,34.0,1.0,18.2,0.0,24.6
1046777.0,3/7/2025,Accident,Worker Fell,0,1,Manhattan,10028.0,40.779558,-73.961531,108.0,4.0,1014950001.0,142.0,MN0802,20.0,20.0,20.0,1.0,3.8,0.0,30.9
1044092.0,7/12/2024,Accident,Other Construction Related,0,1,Manhattan,10075.0,40.772846,-73.958332,108.0,5.0,1014310046.0,134.0,MN0801,5.0,5.0,5.0,0.0,25.5,4.6,19.8
3000370.0,9/3/2025,Accident,Other Construction Related,0,1,Brooklyn,11201.0,40.689985,-73.98254,302.0,33.0,3001497503.0,1502.0,BK0202,62.0,62.0,62.0,1.0,20.2,0.0,13.9
1034211.0,9/12/2024,Accident,Worker Fell,0,1,Manhattan,10036.0,40.754421,-73.980213,105.0,4.0,1012590035.0,96.0,MN0502,8.0,8.0,8.0,0.0,19.5,0.0,16.3
2130757.0,7/31/2024,Incident,Other Construction Related,0,0,Bronx,10452.0,40.839368,-73.918501,204.0,16.0,2028560011.0,219.0,BX0403,3.0,3.0,3.0,1.0,25.6,14.8,20.2
1057330.0,3/12/2024,Accident,Other Construction Related,0,1,Manhattan,10025.0,40.805541,-73.966248,109.0,7.0,1018940052.0,199.0,MN0901,11.0,11.0,11.0,0.0,9.2,0.0,21.4
1091739.0,8/6/2024,Accident,Other Construction Related,0,2,Manhattan,10037.0,40.814603,-73.938039,110.0,9.0,1017340002.0,212.0,MN1002,42.0,42.0,42.0,0.0,25.5,39.4,15.5
1034211.0,11/19/2024,Incident,Other Construction Related,0,0,Manhattan,10036.0,40.754421,-73.980213,105.0,4.0,1012590035.0,96.0,MN0502,8.0,8.0,8.0,0.0,10.8,0.0,13.1
1082792.0,2/14/2024,Accident,Mechanical Construction Equipment,0,1,Manhattan,10001.0,40.747563,-73.996849,104.0,3.0,1007510020.0,97.0,MN0401,21.0,21.0,21.0,0.0,-1.9,0.0,25.7
1050357.0,2/6/2025,Accident,Struck By,1,1,Queens,11229.0,40.69980575396152,-73.90420593823762,302.0,4.0,1005720041.0,88.0,QN0602,44.0,6.0,4.0,0.0,3.6862739035339587,3.356027806525014,24.49101239441796
4620900.0,1/22/2024,Accident,Worker Fell,0,1,Queens,11377.0,40.739401,-73.891208,402.0,26.0,4013520125.0,485.0,QN0401,18.0,18.0,18.0,1.0,-2.9,0.0,16.8
1016201.0,5/30/2025,Accident,Worker Fell,0,1,Manhattan,10010.0,40.739279,-73.989726,105.0,2.0,1008490016.0,52.0,MN0501,66.0,66.0,66.0,1.0,19.1,7.7,11.8
4625349.0,5/26/2025,Accident,Worker Fell,0,1,Queens,11694.0,40.578698,-73.83655,414.0,32.0,4161880028.0,938.0,QN1403,10.0,10.0,10.0,0.0,16.0,0.0,9.9
4624999.0,1/22/2026,Accident,Mechanical Construction Equipment,0,1,Queens,11368.0,40.758094,-73.842008,407.0,21.0,,38301.0,QN0707,5.0,5.0,5.0,1.0,3.7,0.2,16.1
3395377.0,7/2/2024,Accident,Material Failure (Fell),0,1,Brooklyn,11222.0,40.735419,-73.95985,301.0,33.0,3024940006.0,56302.0,BK0101,16.0,16.0,16.0,0.0,22.7,0.0,16.5
1017180.0,7/11/2025,Accident,Other Construction Related,0,1,Manhattan,10016.0,40.749146,-73.981965,105.0,4.0,1008660016.0,82.0,MN0502,1.0,1.0,1.0,0.0,25.1,0.2,12.1
3058215.0,6/11/2024,Accident,Other Construction Related,0,1,Brooklyn,11201.0,40.695332,-73.982413,302.0,35.0,3020500100.0,1501.0,BK0202,13.0,13.0,13.0,0.0,18.4,1.8,12.7
2003543.0,1/7/2026,Accident,Other Construction Related,0,1,Bronx,10452.0,40.842746,-73.925602,204.0,16.0,2025330029.0,201.0,BX0402,2.0,2.0,2.0,0.0,4.9,0.3,18.2
2130818.0,8/7/2025,Accident,Worker Fell,0,1,Bronx,10452.0,40.838458,-73.920338,204.0,16.0,2028550051.0,219.0,BX0403,7.0,7.0,7.0,0.0,23.3,0.7,11.8
1091823.0,11/1/2024,Incident,Other Construction Related,0,0,Manhattan,10003.0,40.729384,-73.989497,103.0,2.0,1004640059.0,38.0,MN0303,44.0,44.0,44.0,0.0,21.1,0.3,30.4
1091747.0,9/20/2024,Accident,Struck By,1,1,Queens,11691.0,40.818436811703876,-74.19459690283774,104.0,38.0,3032700047.0,3002.0,BX0603,4.0,8.0,8.0,1.0,28.66258490855501,0.06957205847395888,31.25426046600528
2130783.0,9/12/2024,Accident,Other Construction Related,0,1,Bronx,10454.0,40.80723,-73.911539,201.0,8.0,2025720003.0,33.0,BX0101,9.0,9.0,9.0,1.0,19.8,0.0,15.8
3000519.0,2/26/2025,Accident,Other Construction Related,0,1,Brooklyn,11217.0,40.687759,-73.982898,302.0,33.0,3001667501.0,37.0,BK0202,34.0,34.0,34.0,1.0,7.8,0.3,19.8
3429397.0,8/27/2024,Notification,Worker Fell,0,1,Brooklyn,11238.0,40.674468,-73.956584,308.0,35.0,3012310001.0,221.0,BK0802,1.0,1.0,1.0,0.0,22.9,0.1,20.0
3429727.0,8/5/2024,Accident,Worker Fell,0,1,Brooklyn,11238.0,40.676759,-73.962748,308.0,35.0,3011540024.0,205.0,BK0801,3.0,3.0,3.0,0.0,26.4,0.0,23.2
4619459.0,12/14/2024,Accident,Worker Fell,0,1,Queens,11101.0,40.748365,-73.944557,402.0,26.0,4004360001.0,1903.0,QN0201,22.0,22.0,22.0,1.0,-2.7,0.0,8.0
3429402.0,10/2/2024,Accident,Worker Fell,0,1,Brooklyn,11217.0,40.688373,-73.979605,302.0,35.0,3021060035.0,33.0,BK0203,13.0,13.0,13.0,1.0,16.5,0.0,13.9
2053834.0,7/25/2024,Incident,Scaffold/Shoring Installations,0,0,Bronx,10469.0,40.866003,-73.859608,211.0,13.0,2045160046.0,342.0,BX1104,4.0,4.0,4.0,0.0,24.5,0.1,14.7
1091010.0,3/4/2025,Accident,Worker Fell,0,1,Manhattan,10017.0,40.755641,-73.975109,105.0,4.0,1012830021.0,94.0,MN0502,92.0,92.0,92.0,0.0,3.4,0.0,12.3
3429784.0,6/2/2024,Accident,Worker Fell,0,1,Brooklyn,11238.0,40.680027,-73.959274,308.0,35.0,3011250029.0,305.0,BK0802,4.0,4.0,4.0,0.0,20.3,0.0,22.8
1000863.0,7/12/2024,Accident,Other Construction Related,1,1,Brooklyn,10036.0,40.8304323464956,-74.1908521159299,302.0,1.0,3020880025.0,218.0,QN1401,18.0,9.0,7.0,1.0,28.430712897541202,4.920775646020585,23.527762091655436
1035371.0,6/5/2025,Accident,Worker Fell,0,1,Manhattan,10017.0,40.754253,-73.97821,105.0,4.0,1012790023.0,94.0,MN0502,4.0,4.0,4.0,0.0,26.9,0.0,12.6
4619459.0,8/26/2024,Accident,Other Construction Related,0,1,Queens,11101.0,40.748365,-73.944557,402.0,26.0,4004360001.0,1903.0,QN0201,22.0,22.0,22.0,1.0,23.4,0.6,20.5
3083318.0,3/1/2025,Incident,Other Construction Related,0,0,Brooklyn,11207.0,40.675856,-73.895516,305.0,37.0,3036710041.0,1198.0,BK0502,4.0,4.0,4.0,0.0,7.6,0.0,26.4
3428952.0,7/9/2024,Accident,Worker Fell,0,1,Brooklyn,11208.0,40.682273,-73.873905,305.0,37.0,3041430002.0,1178.0,BK0501,1.0,1.0,1.0,1.0,24.3,0.4,23.1
1091739.0,4/26/2024,Incident,Material Failure (Fell),0,0,Manhattan,10037.0,40.814603,-73.938039,110.0,9.0,1017340002.0,212.0,MN1002,42.0,42.0,42.0,0.0,8.1,0.0,19.8
3429554.0,8/8/2024,Accident,Struck By,1,0,Brooklyn,10457.0,40.61892040807489,-74.17671034129415,105.0,7.0,1013100063.0,232.0,BX2891,25.0,5.0,2.0,1.0,10.58665628280264,2.28082359923962,20.497702970600017
1091791.0,7/22/2025,Accident,Other Construction Related,0,1,Manhattan,10029.0,40.793971,-73.942403,111.0,8.0,1016607503.0,180.0,MN1102,5.0,5.0,5.0,0.0,23.8,0.0,13.3
3007353.0,3/23/2024,Accident,Worker Fell,0,1,Brooklyn,11215.0,40.678027,-73.986657,306.0,39.0,3004400001.0,11901.0,BK0601,50.0,50.0,50.0,1.0,6.6,62.5,40.3
1088749.0,5/9/2024,Incident,Other Construction Related,0,0,Manhattan,10010.0,40.740909,-73.987947,105.0,2.0,1008530002.0,56.0,MN0501,264.0,264.0,264.0,0.0,17.5,0.0,16.6
1001324.0,12/4/2024,Incident,Scaffold/Shoring Installations,0,0,Manhattan,10038.0,40.706878,-74.002049,101.0,1.0,1000970003.0,1501.0,MN0101,9.0,9.0,9.0,0.0,0.2,0.0,15.8
3429317.0,9/25/2024,Accident,Worker Fell,0,1,Brooklyn,11201.0,40.689889,-73.979937,302.0,35.0,3020860034.0,3101.0,BK0203,15.0,15.0,15.0,0.0,18.5,0.7,24.5
3429687.0,1/5/2024,Notification,Other Construction Related,0,1,Brooklyn,11217.0,40.681104,-73.98843,306.0,39.0,3004240001.0,75.0,BK0601,2.0,2.0,2.0,0.0,-1.6,0.0,26.0
1086164.0,5/2/2025,Accident,Worker Fell,0,1,Manhattan,10022.0,40.762621,-73.973128,105.0,4.0,1012930014.0,11202.0,MN0502,58.0,58.0,58.0,0.0,21.0,0.3,16.3
1078533.0,6/2/2025,Incident,Other Construction Related,0,0,Manhattan,10128.0,40.782192,-73.951538,108.0,5.0,1015200038.0,15801.0,MN0802,14.0,14.0,14.0,1.0,16.0,0.0,11.6
1017122.0,9/12/2024,Accident,Other Construction Related,0,1,Manhattan,10016.0,40.748528,-73.982413,105.0,4.0,1008650014.0,82.0,MN0502,105.0,105.0,105.0,0.0,19.5,0.0,16.3
3045807.0,2/27/2024,Incident,Other Construction Related,0,0,Brooklyn,11221.0,40.685418,-73.93142,303.0,36.0,3016560017.0,295.0,BK0302,1.0,1.0,1.0,1.0,7.4,6.8,32.1
4003105.0,1/6/2025,Accident,Other Construction Related,0,1,Queens,11101.0,40.751986,-73.931099,401.0,26.0,4002147501.0,17102.0,QN0161,22.0,22.0,22.0,0.0,-2.3,1.6,15.1
1044694.0,6/19/2024,Notification,Other Construction Related,0,1,Manhattan,10065.0,40.763336,-73.961093,108.0,5.0,1014397503.0,118.0,MN0801,6.0,6.0,6.0,0.0,24.6,0.0,25.8
2045727.0,5/2/2024,Accident,Other Construction Related,0,1,Bronx,10461.0,40.841827,-73.842073,211.0,13.0,2041340001.0,284.0,BX1161,6.0,6.0,6.0,1.0,17.2,0.0,20.8
2817041.0,11/7/2024,Accident,Worker Fell,1,2,Bronx,11229.0,40.83823901483213,-73.82077943675434,108.0,26.0,3044520232.0,34.0,BK1602,35.0,9.0,3.0,0.0,31.211219909732748,3.1650725541367897,23.235614157331067
3099098.0,4/1/2025,Incident,Other Construction Related,0,0,Brooklyn,11203.0,40.66258,-73.934226,309.0,41.0,3045880001.0,88001.0,BK0902,,,,,9.2,7.5,23.2
5095817.0,7/24/2025,Accident,Worker Fell,0,1,Staten Island,10310.0,40.6368,-74.11867,501.0,49.0,5001960001.0,13301.0,SI0104,2.0,2.0,2.0,0.0,26.2,0.0,19.1
4624423.0,12/16/2024,Accident,Other Construction Related,0,1,Queens,11101.0,40.74817,-73.938805,402.0,26.0,4002650013.0,1902.0,QN0201,34.0,34.0,34.0,0.0,6.0,16.8,17.0
2130831.0,4/18/2025,Accident,Worker Fell,0,1,Bronx,10472.0,40.827586,-73.853196,209.0,18.0,2037970033.0,78.0,BX0903,1.0,1.0,1.0,1.0,11.1,0.0,19.8
3096591.0,7/12/2024,Incident,Other Construction Related,0,0,Brooklyn,11207.0,40.661981,-73.88994,305.0,42.0,3043010022.0,1128.0,BK0503,3.0,3.0,3.0,1.0,25.0,5.7,16.3
1007174.0,1/13/2025,Accident,Worker Fell,0,1,Manhattan,10012.0,40.720245,-73.995996,102.0,1.0,1004790040.0,41.0,MN0201,28.0,28.0,28.0,0.0,1.3,0.0,18.3
2009874.0,12/9/2025,Accident,Excavation/Soil Work,0,1,Bronx,10460.0,40.837779,-73.889045,203.0,15.0,2029400025.0,155.0,BX0303,10.0,10.0,10.0,1.0,-3.9,0.0,16.4
1008451.0,7/8/2025,Incident,Other Construction Related,0,0,Manhattan,10012.0,40.725825,-73.994357,102.0,2.0,1005290062.0,5502.0,MN0202,8.0,8.0,8.0,0.0,28.3,15.6,14.6
3429084.0,5/9/2024,Incident,Excavation/Soil Work,0,0,Brooklyn,11211.0,40.714156,-73.948301,301.0,34.0,3027620014.0,503.0,BK0104,8.0,8.0,8.0,1.0,17.4,0.0,16.9
3177549.0,1/19/2024,Accident,Worker Fell,0,1,Brooklyn,11223.0,40.606556,-73.964397,315.0,44.0,3066650014.0,418.0,BK1501,12.0,12.0,12.0,0.0,-1.6,3.4,21.8
2007263.0,5/29/2025,Accident,Other Construction Related,0,1,Bronx,10457.0,40.839028,-73.908895,204.0,16.0,2027840057.0,225.0,BX0403,12.0,12.0,12.0,0.0,16.7,1.8,13.4
4624493.0,12/3/2024,Accident,Struck By,1,2,Manhattan,11432.0,40.642283238092794,-74.18148644809187,107.0,49.0,1008640047.0,1501.0,QN0707,18.0,4.0,6.0,1.0,33.35788900544762,2.4925100050425195,29.990606804135698
3429621.0,6/20/2024,Incident,Excavation/Soil Work,0,0,Brooklyn,11239.0,40.655529,-73.867753,305.0,42.0,3045867506.0,107001.0,BK0504,6.0,6.0,6.0,1.0,23.7,0.0,22.8
3009460.0,2/7/2024,Incident,Other Construction Related,0,0,Brooklyn,11215.0,40.660543,-73.994273,307.0,38.0,3006460043.0,145.0,BK0702,3.0,3.0,3.0,0.0,1.7,0.0,13.8
3853823.0,6/27/2025,Accident,Mechanical Construction Equipment,0,1,Brooklyn,11216.0,40.685271,-73.950541,303.0,36.0,3018180002.0,249.0,BK0301,,,,,20.0,5.2,15.6
1064934.0,2/13/2025,Incident,Other Construction Related,0,0,Manhattan,10034.0,40.865734,-73.927489,112.0,10.0,1022370001.0,295.0,MN1203,5.0,5.0,5.0,1.0,2.9,5.7,23.3
4112220.0,12/4/2025,Accident,Worker Fell,0,1,Queens,11354.0,40.760525,-73.833974,407.0,20.0,4049700011.0,869.0,QN0707,3.0,3.0,3.0,0.0,0.8,0.1,21.5
1035721.0,1/23/2026,Accident,Other Construction Related,0,1,Manhattan,,,,,,,,,44.0,44.0,44.0,0.0,,,
1015733.0,7/25/2025,Accident,Material Failure (Fell),0,1,Manhattan,10001.0,40.745081,-73.987019,105.0,3.0,1008300044.0,76.0,MN0501,11.0,11.0,11.0,1.0,29.5,5.4,22.7
3140147.0,10/31/2024,Incident,Other Construction Related,0,0,Brooklyn,11219.0,40.628624,-73.99358,312.0,44.0,3056920054.0,240.0,BK1202,,,,,19.4,0.0,26.1
1091010.0,1/25/2024,Accident,Other Construction Related,1,1,Bronx,10452.0,40.570891682967634,-74.17512831005544,103.0,26.0,1007720075.0,1198.0,BK0902,19.0,7.0,5.0,1.0,5.3220098442762485,0.5706938798706832,31.98231620413558
2011872.0,7/12/2025,Accident,Worker Fell,1,0,Brooklyn,10451.0,40.89294108698604,-73.76474324297939,306.0,20.0,3004400001.0,199.0,MN0502,30.0,6.0,8.0,1.0,5.065429638270924,2.167844435129505,18.679375527027947
1001021.0,9/6/2024,Accident,Mechanical Construction Equipment,0,1,Manhattan,10005.0,40.708115,-74.008768,101.0,1.0,1000440001.0,7.0,MN0101,297.0,297.0,297.0,0.0,19.2,0.1,17.7
3429090.0,7/25/2024,Accident,Material Failure (Fell),0,1,Brooklyn,11212.0,40.664368,-73.910337,316.0,41.0,3035600001.0,924.0,BK1602,,,,,25.4,2.7,15.7
5024250.0,11/23/2024,Incident,Other Construction Related,0,0,Staten Island,10302.0,40.634673,-74.135621,501.0,49.0,5010360004.0,213.0,SI0106,,,,,6.0,1.1,32.7
1009966.0,12/17/2025,Accident,Worker Fell,0,1,Manhattan,10014.0,40.732151,-74.00411,102.0,3.0,1005870053.0,67.0,MN0203,7.0,7.0,7.0,1.0,-0.6,0.0,14.5
1037552.0,11/3/2025,Accident,Material Failure (Fell),0,1,Manhattan,10017.0,40.750214,-73.973108,106.0,4.0,1013160023.0,88.0,MN0603,133.0,133.0,133.0,0.0,10.4,0.3,15.6
2003543.0,1/5/2026,Accident,Other Construction Related,0,1,Bronx,10452.0,40.842746,-73.925602,204.0,16.0,2025330029.0,201.0,BX0402,2.0,2.0,2.0,0.0,-1.2,0.3,12.2
3429398.0,3/19/2025,Accident,Worker Fell,0,1,Brooklyn,11239.0,40.657328,-73.868777,305.0,42.0,3045860926.0,107001.0,BK0504,1.0,1.0,1.0,1.0,7.5,0.0,13.3
1040462.0,4/18/2024,Accident,Worker Fell,0,1,Manhattan,10022.0,40.756239,-73.961505,106.0,4.0,1013670020.0,10601.0,MN0604,20.0,20.0,20.0,1.0,8.5,10.9,25.1
4541713.0,11/11/2025,Accident,Mechanical Construction Equipment,0,1,Queens,11109.0,40.748068,-73.95667,402.0,26.0,4000210020.0,102.0,QN0201,2.0,2.0,2.0,1.0,2.3,0.7,28.5
3430144.0,12/1/2025,Accident,Other Construction Related,0,1,Brooklyn,11211.0,40.704343,-73.959104,301.0,33.0,3021990022.0,533.0,BK0103,2.0,2.0,2.0,0.0,3.5,0.0,19.2
3022690.0,4/18/2024,Accident,Material Failure (Fell),0,2,Brooklyn,11215.0,40.666803,-73.983148,306.0,39.0,3010180026.0,151.0,BK0602,8.0,8.0,8.0,0.0,8.6,6.9,26.6
3429317.0,5/20/2024,Accident,Worker Fell,0,1,Brooklyn,11201.0,40.689883,-73.979793,302.0,35.0,,3101.0,BK0203,15.0,15.0,15.0,0.0,15.3,0.0,19.3
3393652.0,7/8/2025,Accident,Worker Fell,0,1,Brooklyn,11233.0,40.684815,-73.923593,303.0,41.0,3016680048.0,383.0,BK0302,30.0,30.0,30.0,1.0,28.0,23.4,14.4
4624448.0,4/15/2024,Accident,Other Construction Related,1,0,Staten Island,10128.0,40.75257345520607,-73.9649185487171,306.0,10.0,1014830023.0,9903.0,BX0401,7.0,5.0,8.0,1.0,11.87224062471065,11.664826645528837,37.096258879491714
3429395.0,4/10/2024,Incident,Worker Fell,0,1,Brooklyn,11224.0,40.580357,-73.976164,313.0,47.0,3072690001.0,348.0,BK1302,8.0,8.0,8.0,1.0,10.3,0.0,20.4
3054191.0,3/6/2024,Incident,Excavation/Soil Work,0,0,Brooklyn,11205.0,40.69691,-73.960735,303.0,33.0,3018830007.0,1237.0,BK0301,1.0,1.0,1.0,0.0,7.3,34.6,21.4
1091739.0,9/20/2024,Incident,Material Failure (Fell),0,0,Manhattan,10037.0,40.814603,-73.938039,110.0,9.0,1017340002.0,212.0,MN1002,42.0,42.0,42.0,0.0,21.8,0.3,19.1
1028168.0,12/31/2025,Accident,Other Construction Related,0,1,Manhattan,10023.0,40.772885,-73.979865,107.0,6.0,1011187503.0,149.0,MN0701,39.0,39.0,39.0,1.0,-2.2,0.0,16.7
2003543.0,7/7/2025,Accident,Mechanical Construction Equipment,0,1,Bronx,10452.0,40.842746,-73.925602,204.0,16.0,2025330029.0,201.0,BX0402,2.0,2.0,2.0,0.0,27.0,3.8,17.8
1080458.0,11/21/2024,Accident,Worker Fell,0,1,Manhattan,10022.0,40.75472,-73.968172,106.0,4.0,1013420051.0,98.0,MN0604,45.0,45.0,45.0,1.0,8.9,44.0,15.9
1015287.0,11/28/2025,Accident,Worker Fell,0,1,Manhattan,10011.0,40.736546,-73.99488,105.0,2.0,1008160020.0,54.0,MN0501,1.0,1.0,1.0,1.0,2.5,0.0,25.9
1022547.0,1/15/2026,Accident,Worker Fell,1,1,Brooklyn,11213.0,40.834018837821326,-74.05874629907221,105.0,10.0,2023220028.0,8.0,BK1503,49.0,4.0,1.0,0.0,12.718116498423072,2.2786109772646808,22.67147711475939
1091817.0,8/6/2025,Accident,Worker Fell,0,1,Manhattan,10022.0,40.761118,-73.969609,105.0,4.0,1013110013.0,11203.0,MN0604,59.0,59.0,59.0,0.0,24.0,1.0,12.5
3429272.0,5/6/2024,Accident,Worker Fell,0,1,Brooklyn,11222.0,40.731774,-73.9604,301.0,33.0,3025380001.0,565.0,BK0101,,,,,16.6,0.6,12.3
1010365.0,1/11/2024,Incident,Material Failure (Fell),0,0,Manhattan,10013.0,40.726821,-74.008944,102.0,3.0,1005970037.0,37.0,MN0201,3.0,3.0,3.0,0.0,4.5,0.0,22.9
2010963.0,1/19/2024,Accident,Worker Fell,0,1,Bronx,10460.0,40.835683,-73.882143,203.0,17.0,2030150097.0,161.0,BX0303,3.0,3.0,3.0,0.0,-2.2,2.1,17.4
1060875.0,7/8/2024,Accident,Worker Fell,1,0,Staten Island,10002.0,40.548330060858675,-74.04575592394839,308.0,20.0,4002660027.0,5302.0,BK0601,34.0,7.0,1.0,1.0,26.63309936432438,0.09624917043550797,26.556139223335318
3008793.0,6/12/2024,Incident,Scaffold/Shoring Installations,0,0,Brooklyn,11231.0,40.676712,-74.01485,306.0,38.0,3005970015.0,5301.0,BK0601,,,,,20.0,0.0,18.0
3034540.0,8/18/2025,Incident,Mechanical Construction Equipment,0,0,Brooklyn,11225.0,40.66479,-73.950982,309.0,35.0,3013090006.0,319.0,BK0901,,,,,21.7,0.0,17.5
4209632.0,2/17/2025,Incident,Other Construction Related,0,0,Queens,11432.0,40.70729,-73.794633,412.0,27.0,4097960063.0,460.0,QN1201,8.0,8.0,8.0,1.0,-1.2,0.0,27.4
1030307.0,4/11/2024,Accident,Other Construction Related,0,1,Manhattan,10019.0,40.770899,-73.98874,107.0,6.0,1011510012.0,147.0,MN0701,9.0,9.0,9.0,0.0,12.2,18.1,30.2
1086215.0,9/18/2025,Incident,Material Failure (Fell),0,0,Manhattan,10035.0,40.800833,-73.944218,111.0,9.0,1016237501.0,184.0,MN1102,12.0,12.0,12.0,1.0,21.9,0.4,7.7
4624423.0,8/4/2025,Accident,Worker Fell,0,1,Queens,11101.0,40.74817,-73.938805,402.0,26.0,4002650013.0,1902.0,QN0201,34.0,34.0,34.0,0.0,25.2,0.0,14.1
1017125.0,8/18/2025,Notification,Excavation/Soil Work,0,0,Manhattan,10016.0,40.748281,-73.982092,106.0,4.0,1008650024.0,82.0,MN0502,9.0,9.0,9.0,1.0,21.3,0.2,16.8
2001079.0,8/15/2025,Accident,Worker Fell,0,1,Bronx,10451.0,40.816046,-73.931166,201.0,8.0,2023490046.0,6301.0,BX0401,4.0,4.0,4.0,1.0,27.3,0.0,12.3
1091776.0,9/16/2025,Accident,Worker Fell,0,1,Manhattan,10075.0,40.772467,-73.957051,108.0,5.0,1014320021.0,134.0,MN0801,12.0,12.0,12.0,1.0,20.4,0.0,16.2
1000828.0,12/27/2024,Accident,Worker Fell,0,1,Manhattan,10005.0,40.705774,-74.008869,101.0,1.0,1000270009.0,7.0,MN0101,70.0,70.0,70.0,1.0,-3.8,0.0,6.2
2017024.0,9/10/2025,Accident,Worker Fell,0,1,Bronx,10458.0,40.865701,-73.892213,207.0,15.0,2033000073.0,40501.0,BX0702,,,,,18.0,2.4,13.7
1014718.0,2/12/2025,Accident,Worker Fell,0,1,Manhattan,10011.0,40.740207,-73.994778,104.0,3.0,1007940030.0,87.0,MN0401,22.0,22.0,22.0,0.0,-0.7,4.5,13.0
3321866.0,3/13/2025,Incident,Scaffold/Shoring Installations,0,0,Brooklyn,11205.0,40.690498,-73.958928,303.0,36.0,3019380001.0,233.0,BK0301,13.0,13.0,13.0,1.0,5.8,0.0,13.2
2003543.0,11/14/2025,Accident,Other Construction Related,0,1,Bronx,10452.0,40.842746,-73.925602,204.0,16.0,2025330029.0,201.0,BX0402,2.0,2.0,2.0,0.0,6.4,0.1,18.4
3188894.0,9/11/2024,Accident,Scaffold/Shoring Installations,0,1,Brooklyn,11224.0,40.57762,-73.990378,313.0,47.0,3070150015.0,326.0,BK1302,21.0,21.0,21.0,1.0,19.1,0.0,16.9
3126513.0,4/4/2024,Incident,Other Construction Related,0,0,Brooklyn,11218.0,40.635957,-73.980378,312.0,39.0,3053820007.0,478.0,BK1202,25.0,25.0,25.0,1.0,6.1,4.7,42.7
2130685.0,11/21/2024,Accident,Other Construction Related,0,1,Bronx,10474.0,40.805223,-73.885975,202.0,17.0,2027770100.0,9302.0,BX0201,2.0,2.0,2.0,0.0,8.9,43.8,16.6
3429595.0,3/7/2024,Accident,Worker Fell,0,1,Brooklyn,11217.0,40.689356,-73.978567,302.0,35.0,3020950026.0,33.0,BK0203,27.0,27.0,27.0,1.0,9.9,4.8,26.9
3337808.0,1/23/2025,Accident,Worker Fell,1,0,Brooklyn,11215.0,40.668293,-73.979237,306.0,39.0,3010860001.0,153.0,BK0602,88.0,88.0,88.0,0.0,-8.1,0.0,10.7
1091635.0,2/2/2024,Accident,Worker Fell,0,1,Manhattan,10027.0,40.815974,-73.958569,109.0,7.0,1019950026.0,211.0,MN0901,10.0,10.0,10.0,1.0,3.7,6.1,21.3
3000146.0,6/21/2024,Accident,Other Construction Related,0,1,Brooklyn,11201.0,40.702309,-73.983698,302.0,33.0,3000550020.0,21.0,BK0202,1.0,1.0,1.0,0.0,26.6,0.0,30.3
2008327.0,5/8/2024,Accident,Material Failure (Fell),0,1,Bronx,10452.0,40.844082,-73.916359,204.0,16.0,2028590030.0,209.0,BX0403,27.0,27.0,27.0,1.0,22.6,0.3,24.7
2008433.0,12/4/2025,Accident,Material Failure (Fell),0,1,Bronx,10452.0,40.845745,-73.917105,205.0,14.0,2028650134.0,217.0,BX0501,5.0,5.0,5.0,0.0,0.8,0.1,23.3
4263101.0,5/29/2024,Accident,Worker Fell,1,0,Bronx,11217.0,40.8357048575698,-73.8616715466385,112.0,36.0,1012830021.0,249.0,BK0103,47.0,5.0,4.0,1.0,9.524312445556356,1.1212464961124333,31.15666289837899
5095820.0,12/1/2025,Incident,Worker Fell,0,1,Staten Island,10310.0,40.634462,-74.118439,501.0,49.0,5001960001.0,13301.0,SI0104,2.0,2.0,2.0,0.0,3.7,0.0,23.7
3332221.0,7/10/2024,Accident,Other Construction Related,0,1,Brooklyn,11231.0,40.676375,-74.006861,306.0,38.0,3005380001.0,85.0,BK0601,13.0,13.0,13.0,1.0,26.7,0.1,39.8
1091692.0,6/7/2024,Accident,Worker Fell,0,1,Manhattan,10034.0,40.863178,-73.917911,112.0,10.0,1022030009.0,299.0,MN1203,4.0,4.0,4.0,1.0,22.4,1.2,18.9
3429688.0,10/3/2024,Incident,Mechanical Construction Equipment,0,0,Brooklyn,11231.0,40.680445,-73.988802,306.0,39.0,3004310012.0,75.0,BK0601,1.0,1.0,1.0,1.0,17.9,0.0,15.9
4624163.0,8/2/2024,Accident,Worker Fell,0,1,Queens,11354.0,40.755575,-73.836625,407.0,20.0,4050667508.0,871.0,QN0707,11.0,11.0,11.0,1.0,26.1,4.0,24.4
3224608.0,12/18/2025,Incident,Scaffold/Shoring Installations,0,0,Brooklyn,11236.0,40.639423,-73.90724,318.0,46.0,3080090001.0,964.0,BK1803,1.0,1.0,1.0,1.0,3.0,0.0,14.7
1022581.0,8/30/2024,Accident,Worker Fell,0,1,Manhattan,10036.0,40.756628,-73.986287,105.0,3.0,1009950001.0,119.0,MN0502,73.0,73.0,73.0,0.0,20.7,3.9,18.1
3038668.0,5/23/2024,Accident,Other Construction Related,0,1,Brooklyn,11233.0,40.675235,-73.904872,316.0,37.0,3014370046.0,36502.0,BK1601,2.0,2.0,2.0,0.0,22.0,3.2,15.9
1052455.0,12/23/2024,Incident,Scaffold/Shoring Installations,0,0,Manhattan,10029.0,40.794223,-73.942732,111.0,8.0,1016607503.0,180.0,MN1102,1.0,1.0,1.0,0.0,-9.6,0.0,8.1
2097318.0,11/4/2025,Accident,Worker Fell,0,1,Bronx,10468.0,40.871842,-73.893573,207.0,11.0,2032470001.0,409.0,BX0702,10.0,10.0,10.0,0.0,10.9,0.0,24.3
2004136.0,1/14/2026,Accident,Struck By,1,0,Queens,10014.0,40.883215745616475,-74.02833443651781,105.0,2.0,3021340001.0,13501.0,MN0502,32.0,2.0,7.0,0.0,24.12654819235336,0.638519499849268,4.898860450975372
3141273.0,12/23/2025,Accident,Material Failure (Fell),0,1,Brooklyn,11219.0,40.629401,-73.999481,312.0,44.0,3057180016.0,192.0,BK1202,6.0,6.0,6.0,0.0,2.8,2.9,16.0
4548919.0,7/22/2024,Incident,Other Construction Related,0,0,Queens,11368.0,40.753055,-73.871634,403.0,21.0,4017370058.0,37502.0,QN0303,6.0,6.0,6.0,0.0,24.9,4.3,21.7
1015242.0,9/4/2025,Accident,Worker Fell,0,1,Manhattan,10018.0,40.751394,-73.986635,105.0,4.0,1008120045.0,109.0,MN0502,11.0,11.0,11.0,0.0,20.9,4.2,20.4
1026951.0,9/8/2025,Accident,Worker Fell,0,1,Manhattan,10036.0,40.76317,-73.996596,104.0,3.0,1010740063.0,12901.0,MN0402,6.0,6.0,6.0,0.0,17.6,0.0,9.1
3429697.0,9/10/2025,Accident,Other Construction Related,0,1,Brooklyn,11231.0,40.679847,-73.989613,306.0,39.0,3004380007.0,75.0,BK0601,22.0,22.0,22.0,0.0,18.3,6.1,15.2
2130518.0,10/9/2025,Incident,Scaffold/Shoring Installations,0,0,Bronx,10463.0,40.879381,-73.908648,208.0,11.0,2057110045.0,289.0,BX0802,5.0,5.0,5.0,1.0,11.9,0.0,15.5
4436573.0,2/22/2024,Accident,Worker Fell,0,1,Queens,11101.0,40.743502,-73.95808,402.0,26.0,4000170001.0,101.0,QN0201,2.0,2.0,2.0,0.0,1.0,0.3,21.9
1016920.0,1/6/2026,Accident,Other Construction Related,0,1,Manhattan,10016.0,40.744483,-73.985337,105.0,2.0,1008580058.0,74.0,MN0501,18.0,18.0,18.0,0.0,1.0,0.6,7.5
1085735.0,7/11/2024,Accident,Other Construction Related,0,1,Manhattan,10017.0,40.754162,-73.976557,105.0,4.0,1012809010.0,92.0,MN0604,365.0,365.0,365.0,0.0,27.5,3.5,29.3
1083719.0,10/12/2025,Incident,Material Failure (Fell),0,0,Manhattan,10105.0,40.762605,-73.97846,105.0,6.0,1010070029.0,137.0,MN0502,281.0,281.0,281.0,0.0,13.9,14.2,24.7
3116905.0,6/6/2024,Incident,Other Construction Related,0,0,Brooklyn,11226.0,40.651471,-73.95386,317.0,40.0,3050900035.0,822.0,BK1701,1.0,1.0,1.0,1.0,22.7,27.8,39.9
1091783.0,5/10/2024,Accident,Worker Fell,0,1,Manhattan,10022.0,40.75973,-73.970303,105.0,4.0,1013100014.0,100.0,MN0604,19.0,19.0,19.0,0.0,10.6,12.5,20.6
3428561.0,6/4/2024,Accident,Worker Fell,0,1,Brooklyn,11216.0,40.680609,-73.952845,303.0,36.0,3018420015.0,245.0,BK0301,15.0,15.0,15.0,0.0,19.5,0.0,19.2
3426198.0,7/2/2024,Accident,Other Construction Related,0,1,Brooklyn,11224.0,40.579868,-73.973025,313.0,48.0,3072737501.0,354.0,BK1302,42.0,42.0,42.0,1.0,21.8,0.0,18.9
1091781.0,6/23/2025,Accident,Worker Fell,0,1,Manhattan,10036.0,40.757978,-73.979783,105.0,4.0,1012630055.0,96.0,MN0502,27.0,27.0,27.0,0.0,32.2,0.0,9.4
3173506.0,4/11/2024,Incident,Other Construction Related,0,0,Brooklyn,11230.0,40.613915,-73.973963,312.0,44.0,3065830001.0,440.0,BK1204,4.0,4.0,4.0,1.0,10.9,7.9,36.6
2805203.0,2/6/2025,Incident,Scaffold/Shoring Installations,0,0,Bronx,10451.0,40.820236,-73.929612,204.0,8.0,,6301.0,BX0401,9.0,9.0,9.0,1.0,0.8,9.6,13.2
1084771.0,1/2/2025,Accident,Worker Fell,1,0,Manhattan,10022.0,40.756648,-73.974358,105.0,4.0,1013047501.0,100.0,MN0604,138.0,138.0,138.0,1.0,1.9,0.0,24.8
1084771.0,8/22/2025,Accident,Material Failure (Fell),1,1,Staten Island,11212.0,40.764639384904,-74.05966238453064,105.0,4.0,3030500036.0,1502.0,BK1602,15.0,2.0,4.0,0.0,3.6283541411019886,0.09916151834616609,22.126413652551133
1080352.0,1/28/2025,Accident,Other Construction Related,0,1,Manhattan,10018.0,40.757406,-74.000787,104.0,3.0,1007080065.0,9903.0,MN0401,24.0,24.0,24.0,0.0,0.7,0.0,23.3
2001079.0,2/12/2025,Accident,Excavation/Soil Work,1,0,Bronx,10451.0,40.816046,-73.931166,201.0,8.0,2023490046.0,6301.0,BX0401,4.0,4.0,4.0,1.0,-0.4,4.6,13.9
3430062.0,12/1/2025,Accident,Material Failure (Fell),0,1,Brooklyn,11217.0,40.686441,-73.979498,302.0,33.0,3001740001.0,39.0,BK0202,3.0,3.0,3.0,0.0,3.5,0.0,19.2
3429585.0,6/21/2024,Accident,Material Failure (Fell),1,0,Staten Island,11106.0,40.76520402947208,-73.78063217922386,104.0,4.0,3059680052.0,225.0,BX0102,33.0,6.0,7.0,0.0,11.595911701004836,1.8498178094708078,12.567213657400922
4624423.0,5/17/2024,Incident,Other Construction Related,0,0,Queens,11101.0,40.74817,-73.938805,402.0,26.0,4002650013.0,1902.0,QN0201,34.0,34.0,34.0,0.0,17.4,0.0,19.0
1085486.0,9/11/2025,Incident,Material Failure (Fell),0,0,Manhattan,10282.0,40.71793,-74.014523,101.0,1.0,1000160210.0,31703.0,MN0101,15.0,15.0,15.0,1.0,21.1,0.0,13.6
3429633.0,6/11/2024,Accident,Worker Fell,0,1,Brooklyn,11217.0,40.679223,-73.981829,306.0,39.0,3004200037.0,11901.0,BK0601,30.0,30.0,30.0,1.0,18.4,1.8,12.7
2130818.0,1/21/2026,Accident,Other Construction Related,0,1,Bronx,10452.0,40.838458,-73.920338,204.0,16.0,2028550051.0,219.0,BX0403,7.0,7.0,7.0,0.0,-6.8,0.0,17.9
4624066.0,9/20/2024,Accident,Other Construction Related,0,1,Queens,11101.0,40.739918,-73.947213,402.0,26.0,4000680038.0,104.0,QN0201,4.0,4.0,4.0,0.0,22.3,0.0,19.2
1087239.0,8/22/2025,Accident,Worker Fell,0,1,Manhattan,10282.0,40.713846,-74.013812,101.0,1.0,1000160260.0,31703.0,MN0101,83.0,83.0,83.0,0.0,20.9,0.0,13.3
3429286.0,8/12/2024,Accident,Worker Fell,0,1,Brooklyn,11215.0,40.669079,-73.98637,306.0,39.0,3010110005.0,139.0,BK0602,32.0,32.0,32.0,0.0,22.2,0.3,21.5
2008433.0,9/25/2025,Accident,Worker Fell,0,1,Bronx,10452.0,40.845745,-73.917105,205.0,14.0,2028650134.0,217.0,BX0501,5.0,5.0,5.0,0.0,21.8,28.9,15.8
1091775.0,6/13/2024,Accident,Other Construction Related,0,1,Manhattan,10003.0,40.732953,-73.993635,102.0,2.0,1005687501.0,61.0,MN0202,4.0,4.0,4.0,1.0,21.8,0.0,31.2
1035455.0,3/8/2024,Accident,Worker Fell,0,1,Manhattan,10022.0,40.757519,-73.975827,105.0,4.0,1012850021.0,102.0,MN0502,195.0,195.0,195.0,0.0,5.8,0.0,21.3
3107741.0,8/14/2024,Accident,Worker Fell,0,1,Brooklyn,11226.0,40.655503,-73.948826,309.0,40.0,3048280021.0,804.0,BK0902,2.0,2.0,2.0,0.0,23.3,0.2,16.2
5146739.0,12/1/2025,Incident,Other Construction Related,0,0,Staten Island,10303.0,40.632269,-74.151134,501.0,49.0,5011610012.0,239.0,SI0107,1.0,1.0,1.0,0.0,3.1,0.0,19.2
4112161.0,2/15/2024,Accident,Worker Fell,0,1,Queens,11354.0,40.764459,-73.828892,407.0,20.0,4049600027.0,869.0,QN0707,1.0,1.0,1.0,0.0,-1.0,0.5,23.1
3429754.0,4/24/2025,Accident,Mechanical Construction Equipment,0,1,Brooklyn,11219.0,40.644423,-73.995579,312.0,38.0,,110.0,BK1201,1.0,1.0,1.0,1.0,17.0,0.0,23.6
1091010.0,10/18/2025,Accident,Other Construction Related,0,1,Manhattan,10017.0,40.755641,-73.975109,105.0,4.0,1012830021.0,94.0,MN0502,92.0,92.0,92.0,0.0,11.1,0.0,6.5
3429468.0,7/7/2025,Accident,Worker Fell,0,1,Brooklyn,11219.0,40.625344,-73.995029,311.0,43.0,,250.0,BK1101,12.0,12.0,12.0,1.0,25.6,1.3,24.2
1037551.0,5/28/2025,Incident,Material Failure (Fell),0,0,Manhattan,10017.0,40.750288,-73.973288,106.0,4.0,1013160012.0,88.0,MN0603,53.0,53.0,53.0,0.0,15.6,11.5,11.5
3425801.0,11/10/2024,Incident,Other Construction Related,0,0,Brooklyn,11206.0,40.695235,-73.943945,303.0,36.0,3017567501.0,25901.0,BK0301,2.0,2.0,2.0,1.0,9.6,0.8,24.3
1027073.0,3/24/2025,Accident,Other Construction Related,0,1,Manhattan,10019.0,40.769614,-73.989722,104.0,6.0,1010867501.0,13502.0,MN0402,24.0,24.0,24.0,0.0,6.9,13.0,15.4
3428579.0,8/22/2024,Accident,Excavation/Soil Work,0,1,Brooklyn,11212.0,40.656983,-73.90555,316.0,42.0,3036280009.0,920.0,BK1602,2.0,2.0,2.0,1.0,19.2,0.0,19.4
1013637.0,1/16/2025,Accident,Worker Fell,0,1,Manhattan,10018.0,40.755237,-73.992864,104.0,3.0,1007620011.0,115.0,MN0402,30.0,30.0,30.0,1.0,-3.2,0.3,10.7
1080352.0,11/23/2024,Accident,Scaffold/Shoring Installations,0,1,Manhattan,10018.0,40.757406,-74.000787,104.0,3.0,1007080065.0,9903.0,MN0401,24.0,24.0,24.0,0.0,5.7,1.4,25.4
3153886.0,4/29/2024,Accident,Worker Fell,0,1,Brooklyn,11209.0,40.62316,-74.040648,310.0,47.0,3060580012.0,50.0,BK1001,9.0,9.0,9.0,0.0,18.4,0.6,21.0
3429699.0,3/10/2025,Accident,Other Construction Related,0,1,Brooklyn,11223.0,40.59089,-73.981194,313.0,47.0,,382.0,BK1301,4.0,4.0,4.0,1.0,8.7,0.0,19.2
3428561.0,1/15/2026,Accident,Material Failure (Fell),1,0,Bronx,11203.0,40.66108615492951,-73.78160361344167,308.0,12.0,3013730034.0,17102.0,BK0102,27.0,9.0,8.0,0.0,22.37359986218596,10.144366386239001,28.850575730143056
1028235.0,2/24/2025,Accident,Other Construction Related,1,0,Brooklyn,11367.0,40.87500147746801,-74.22082802021706,104.0,42.0,3020960055.0,372.0,BK0203,22.0,7.0,5.0,0.0,17.28175079986983,10.623207933104524,18.17450833501809
3029573.0,10/30/2025,Accident,Worker Fell,0,1,Brooklyn,11238.0,40.672751,-73.960832,308.0,35.0,3011780007.0,217.0,BK0802,1.0,1.0,1.0,1.0,14.4,39.9,35.3
1063702.0,2/11/2025,Accident,Worker Fell,1,2,Bronx,10038.0,40.80487365198743,-74.22809536903254,105.0,5.0,1013110013.0,104.0,MN0101,11.0,7.0,2.0,1.0,19.555598498028314,0.32327467220895423,19.39166024754004
3429802.0,9/13/2024,Accident,Worker Fell,0,1,Brooklyn,11231.0,40.677701,-73.995158,306.0,39.0,3004640051.0,77.0,BK0601,2.0,2.0,2.0,0.0,20.0,0.0,15.6
2000140.0,9/20/2024,Accident,Worker Fell,0,1,Bronx,10454.0,40.805639,-73.924596,201.0,8.0,2022780001.0,1902.0,BX0101,3.0,3.0,3.0,0.0,21.8,0.3,19.1
3063188.0,1/15/2026,Incident,Other Construction Related,0,0,Brooklyn,11211.0,40.709647,-73.95465,301.0,34.0,3024230001.0,527.0,BK0102,8.0,8.0,8.0,0.0,2.7,0.1,20.6
1036068.0,9/5/2024,Accident,Worker Fell,0,1,Manhattan,10022.0,40.762123,-73.970389,105.0,4.0,1012930037.0,11202.0,MN0502,28.0,28.0,28.0,1.0,19.6,0.0,17.2
1012364.0,3/29/2024,Incident,Other Construction Related,0,0,Manhattan,10011.0,40.749087,-74.005396,104.0,3.0,1006960001.0,9901.0,MN0401,19.0,19.0,19.0,1.0,7.4,0.4,34.5
1037551.0,9/30/2025,Accident,Worker Fell,0,1,Manhattan,10017.0,40.750288,-73.973288,106.0,4.0,1013160012.0,88.0,MN0603,53.0,53.0,53.0,0.0,20.5,0.0,10.8
3429595.0,3/3/2025,Accident,Material Failure (Fell),0,1,Brooklyn,11217.0,40.689356,-73.978567,302.0,35.0,3020950026.0,33.0,BK0203,27.0,27.0,27.0,1.0,-1.4,0.0,14.8
4003495.0,10/30/2024,Accident,Material Failure (Fell),0,1,Queens,11101.0,40.747075,-73.939149,402.0,26.0,4002660027.0,1902.0,QN0201,10.0,10.0,10.0,0.0,17.2,0.1,14.4
3219565.0,10/2/2025,Incident,Other Construction Related,0,0,Brooklyn,11234.0,40.619036,-73.932965,318.0,46.0,3078660044.0,650.0,BK1801,4.0,4.0,4.0,0.0,14.8,0.0,13.8
4005002.0,7/21/2025,Accident,Worker Fell,0,1,Queens,11101.0,40.752027,-73.939299,401.0,26.0,4004140023.0,3301.0,QN0105,10.0,10.0,10.0,1.0,27.2,0.0,17.1
3430082.0,9/22/2025,Incident,Scaffold/Shoring Installations,0,0,Brooklyn,11217.0,40.689285,-73.979418,302.0,35.0,3020950010.0,33.0,BK0203,,,,,17.8,0.0,12.7
2130573.0,3/30/2024,Notification,Other Construction Related,0,0,Bronx,10473.0,40.822884,-73.857564,209.0,18.0,2036720030.0,16.0,BX0902,7.0,7.0,7.0,1.0,8.0,0.0,24.9
3113941.0,2/18/2025,Accident,Material Failure (Fell),0,2,Brooklyn,11210.0,40.634019,-73.947574,317.0,45.0,3050050007.0,78602.0,BK1702,3.0,3.0,3.0,1.0,-4.9,0.0,20.9
4623962.0,1/8/2024,Accident,Worker Fell,0,1,Queens,11432.0,40.707847,-73.800871,412.0,24.0,4097640063.0,44602.0,QN1201,,,,,1.5,0.0,18.6
3017393.0,8/12/2024,Incident,Other Construction Related,0,0,Brooklyn,11215.0,40.660872,-73.991137,307.0,39.0,3008910034.0,145.0,BK0702,24.0,24.0,24.0,1.0,22.2,0.3,21.5
1091747.0,6/10/2025,Accident,Worker Fell,0,1,Manhattan,10027.0,40.814265,-73.947219,110.0,9.0,1019370065.0,226.0,MN1002,6.0,6.0,6.0,1.0,20.0,18.0,12.3
4620885.0,8/29/2024,Notification,Other Construction Related,0,1,Queens,11101.0,40.747551,-73.94113,402.0,26.0,4002670021.0,1902.0,QN0201,2.0,2.0,2.0,0.0,23.5,5.2,18.6
4004536.0,12/21/2024,Incident,Other Construction Related,0,0,Queens,11101.0,40.758831,-73.93938,401.0,26.0,4003630001.0,43.0,QN0105,3.0,3.0,3.0,0.0,-2.5,3.7,19.7
1050357.0,1/30/2024,Accident,Material Failure (Fell),0,1,Manhattan,10075.0,40.772632,-73.952462,108.0,5.0,1015590001.0,13603.0,MN0803,1.0,1.0,1.0,1.0,0.3,0.0,13.1
3429697.0,12/19/2025,Incident,Material Failure (Fell),0,0,Brooklyn,11231.0,40.679847,-73.989613,306.0,39.0,3004380007.0,75.0,BK0601,22.0,22.0,22.0,0.0,9.5,26.1,43.0
3007353.0,1/16/2024,Accident,Worker Fell,0,1,Brooklyn,11215.0,40.678027,-73.986657,306.0,39.0,3004400001.0,11901.0,BK0601,1.0,1.0,1.0,1.0,-2.4,10.0,24.8
4620885.0,4/26/2024,Accident,Worker Fell,0,1,Queens,11101.0,40.747551,-73.94113,402.0,26.0,4002670021.0,1902.0,QN0201,2.0,2.0,2.0,0.0,8.0,0.0,18.6
2129656.0,4/12/2024,Accident,Worker Fell,0,1,Bronx,10458.0,40.859417,-73.891128,206.0,15.0,2030427501.0,387.0,BX0603,35.0,35.0,35.0,1.0,15.1,15.3,35.7
4623245.0,3/19/2024,Accident,Worker Fell,0,1,Queens,11691.0,40.596108,-73.767699,414.0,31.0,4158250007.0,992.0,QN1401,13.0,13.0,13.0,1.0,3.7,0.4,28.2
3816613.0,6/14/2024,Accident,Mechanical Construction Equipment,0,1,Brooklyn,11212.0,40.671537,-73.907191,316.0,37.0,3036920001.0,908.0,BK1602,,,,,22.5,9.1,20.0
4080417.0,2/11/2024,Incident,Other Construction Related,0,0,Queens,11385.0,40.708158,-73.904619,405.0,30.0,4033740037.0,593.0,QN0502,12.0,12.0,12.0,,6.8,0.0,14.8
3429227.0,7/16/2024,Accident,Worker Fell,0,1,Brooklyn,11222.0,40.735668,-73.957396,301.0,33.0,3024870017.0,56301.0,BK0101,15.0,15.0,15.0,1.0,29.0,6.2,28.6
2130961.0,4/28/2025,Accident,Struck By,1,0,Queens,11201.0,40.89302470708706,-74.19156679860446,105.0,44.0,1022030009.0,211.0,MN0604,27.0,2.0,9.0,1.0,15.626307029671693,0.015723788217530073,30.46133646432265
1079205.0,1/9/2025,Incident,Mechanical Construction Equipment,0,0,Manhattan,10027.0,40.810179,-73.963608,109.0,7.0,1019890001.0,205.0,MN0901,8.0,8.0,8.0,0.0,-4.1,0.0,31.1
1052455.0,8/1/2024,Accident,Worker Fell,0,1,Manhattan,10029.0,40.794223,-73.942732,111.0,8.0,1016607503.0,180.0,MN1102,1.0,1.0,1.0,0.0,27.4,0.2,20.6
3330085.0,4/2/2025,Accident,Worker Fell,0,1,Brooklyn,11222.0,40.726245,-73.958095,301.0,33.0,3025890001.0,561.0,BK0101,2.0,2.0,2.0,0.0,4.7,0.0,14.9
2011940.0,1/3/2024,Accident,Other Construction Related,1,0,Staten Island,10010.0,40.803469435108894,-74.18963448832528,102.0,5.0,4002940106.0,201.0,MN0701,19.0,1.0,4.0,1.0,16.745847542815014,3.386832911591526,18.828205243132093
1091789.0,4/23/2025,Accident,Worker Fell,0,1,Manhattan,10036.0,40.765045,-73.996552,104.0,3.0,1010950011.0,12902.0,MN0402,14.0,14.0,14.0,0.0,17.0,0.0,14.7
3429317.0,5/10/2025,Accident,Other Construction Related,0,1,Brooklyn,11201.0,40.689889,-73.979937,302.0,35.0,3020860034.0,3101.0,BK0203,15.0,15.0,15.0,0.0,15.4,0.0,23.0
1008832.0,2/27/2024,Incident,Scaffold/Shoring Installations,0,0,Manhattan,10003.0,40.730785,-73.995486,102.0,2.0,1005480001.0,59.0,MN0202,20.0,20.0,20.0,1.0,7.7,3.8,26.1
3124401.0,5/1/2025,Incident,Excavation/Soil Work,0,0,Brooklyn,11218.0,40.647848,-73.972515,312.0,40.0,3053310006.0,50402.0,BK1203,1.0,1.0,1.0,1.0,15.1,0.0,14.4
2003566.0,9/19/2024,Accident,Worker Fell,1,1,Manhattan,10473.0,40.69811084709997,-73.92948904568784,107.0,4.0,1007050001.0,871.0,MN1203,41.0,3.0,2.0,1.0,-0.8886789191729498,0.16126223758880717,9.311746845436303
3058177.0,9/9/2024,Accident,Material Failure (Fell),0,1,Brooklyn,11205.0,40.693625,-73.969939,302.0,35.0,3020460084.0,187.0,BK0203,6.0,6.0,6.0,0.0,18.6,0.0,21.2
3429584.0,1/27/2026,Incident,Other Construction Related,0,1,Brooklyn,11217.0,40.680192,-73.98609,306.0,39.0,3004260001.0,11901.0,BK0601,1.0,1.0,1.0,1.0,-9.5,0.1,21.9
1091781.0,3/28/2024,Accident,Material Failure (Fell),0,1,Manhattan,10036.0,40.757978,-73.979783,105.0,4.0,1012630055.0,96.0,MN0502,27.0,27.0,27.0,0.0,8.3,21.1,18.9
3429584.0,4/17/2025,Accident,Other Construction Related,0,1,Brooklyn,11217.0,40.680192,-73.98609,306.0,39.0,3004260001.0,11901.0,BK0601,1.0,1.0,1.0,1.0,10.0,0.0,14.9
4541230.0,7/18/2025,Accident,Worker Fell,1,0,Queens,11414.0,40.671837,-73.856675,410.0,32.0,4113580001.0,6202.0,QN1003,5.0,5.0,5.0,0.0,26.9,0.0,16.9
1091791.0,8/6/2024,Accident,Other Construction Related,0,1,Manhattan,10029.0,40.793971,-73.942403,111.0,8.0,1016607503.0,180.0,MN1102,5.0,5.0,5.0,0.0,25.5,39.4,15.5
3000605.0,10/24/2025,Incident,Material Failure (Fell),0,0,Brooklyn,11201.0,40.688896,-73.989969,302.0,33.0,3001750001.0,43.0,BK0202,45.0,45.0,45.0,0.0,10.6,0.1,12.7
1061356.0,7/30/2024,Accident,Worker Fell,0,1,Manhattan,10027.0,40.812239,-73.954005,109.0,7.0,1019660077.0,20901.0,MN0901,4.0,4.0,4.0,1.0,25.8,0.1,32.1
3109443.0,3/30/2024,Accident,Material Failure (Fell),1,2,Brooklyn,10036.0,40.59894629864567,-73.98784668977278,303.0,36.0,2028650160.0,213.0,BK0203,40.0,1.0,7.0,0.0,4.34983142538953,1.6688435990990385,7.871994178746355
3032103.0,10/1/2024,Incident,Other Construction Related,0,0,Brooklyn,11213.0,40.671546,-73.940901,308.0,35.0,3012510066.0,339.0,BK0802,3.0,3.0,3.0,0.0,17.6,0.0,18.0
1088749.0,6/28/2024,Accident,Other Construction Related,0,1,Manhattan,10010.0,40.74078,-73.987741,105.0,2.0,1008530002.0,56.0,MN0501,264.0,264.0,264.0,0.0,20.2,0.0,21.6
1001004.0,12/17/2025,Accident,Worker Fell,0,1,Manhattan,10005.0,40.705914,-74.008609,101.0,1.0,1000400003.0,7.0,MN0101,118.0,118.0,118.0,0.0,-0.6,0.0,14.5
2013946.0,1/12/2026,Incident,Material Failure (Fell),0,0,Bronx,10453.0,40.853406,-73.906244,205.0,14.0,2031780001.0,241.0,BX0502,1.0,1.0,1.0,0.0,1.4,0.0,23.9
3428817.0,1/19/2024,Accident,Worker Fell,0,1,Brooklyn,11207.0,40.676365,-73.888452,305.0,37.0,3039647501.0,1198.0,BK0502,14.0,14.0,14.0,1.0,-2.2,3.0,18.7
3429286.0,1/21/2025,Accident,Worker Fell,0,1,Brooklyn,11215.0,40.668878,-73.985722,306.0,39.0,3010110005.0,139.0,BK0602,32.0,32.0,32.0,0.0,-10.7,0.5,11.9
4031397.0,11/13/2025,Accident,Worker Fell,0,1,Queens,11377.0,40.741858,-73.907397,402.0,26.0,4013340001.0,249.0,QN0203,6.0,6.0,6.0,0.0,7.4,1.1,19.5
4624117.0,3/26/2024,Accident,Other Construction Related,0,1,Queens,11435.0,40.698786,-73.805464,412.0,27.0,4099990001.0,208.0,QN1201,4.0,4.0,4.0,1.0,5.4,0.0,22.4
3099358.0,7/3/2025,Incident,Worker Fell,0,1,Brooklyn,11212.0,40.661748,-73.927833,317.0,41.0,3045940064.0,882.0,BK1704,4.0,4.0,4.0,1.0,26.0,0.0,14.0
1091010.0,10/17/2024,Accident,Other Construction Related,0,1,Manhattan,10017.0,40.755641,-73.975109,105.0,4.0,1012830021.0,94.0,MN0502,92.0,92.0,92.0,0.0,8.7,0.0,23.6
1080352.0,5/9/2024,Accident,Worker Fell,0,1,Manhattan,10018.0,40.757406,-74.000787,104.0,3.0,1007080065.0,9903.0,MN0401,24.0,24.0,24.0,0.0,17.5,0.0,16.6
1080074.0,1/11/2024,Accident,Other Construction Related,0,1,Manhattan,10003.0,40.727337,-73.992073,102.0,2.0,1005310037.0,5502.0,MN0202,5.0,5.0,5.0,0.0,4.5,0.0,22.9
2130777.0,5/6/2025,Accident,Worker Fell,0,1,Bronx,10452.0,40.845745,-73.917105,205.0,14.0,2028650134.0,217.0,BX0501,9.0,9.0,9.0,1.0,15.9,21.3,15.1
4624423.0,8/15/2024,Accident,Worker Fell,0,1,Queens,11101.0,40.74817,-73.938805,402.0,26.0,4002650013.0,1902.0,QN0201,34.0,34.0,34.0,0.0,24.6,0.0,11.6
4027375.0,1/2/2026,Accident,Mechanical Construction Equipment,0,1,Queens,11377.0,40.749905,-73.903311,402.0,26.0,4011980007.0,259.0,QN0203,2.0,2.0,2.0,0.0,-4.4,0.3,13.9
1088966.0,11/15/2025,Accident,Worker Fell,0,1,Manhattan,10006.0,40.708677,-74.014197,101.0,1.0,1000530012.0,13.0,MN0101,4.0,4.0,4.0,0.0,5.8,0.8,13.0
3429225.0,1/16/2024,Incident,Excavation/Soil Work,0,0,Brooklyn,11215.0,40.67921,-73.987691,306.0,39.0,3004390001.0,11901.0,BK0601,1.0,1.0,1.0,0.0,-2.4,10.0,24.8
1000007.0,6/14/2024,Accident,Other Construction Related,0,1,Manhattan,10004.0,40.703026,-74.011202,101.0,1.0,1000050010.0,9.0,MN0101,120.0,120.0,120.0,0.0,23.2,18.9,15.5
4214498.0,1/25/2024,Accident,Other Construction Related,0,1,Queens,11435.0,40.697908,-73.807191,412.0,27.0,4100260034.0,208.0,QN1201,7.0,7.0,7.0,1.0,10.3,7.2,24.9
1091817.0,4/8/2025,Accident,Worker Fell,0,1,Manhattan,10022.0,40.761118,-73.969609,105.0,4.0,1013110013.0,11203.0,MN0604,59.0,59.0,59.0,0.0,4.7,0.0,25.6
3429272.0,5/8/2024,Incident,Other Construction Related,0,1,Brooklyn,11222.0,40.731774,-73.9604,301.0,33.0,3025380001.0,565.0,BK0101,8.0,8.0,8.0,1.0,22.6,0.1,27.0
4216249.0,11/13/2024,Incident,Other Construction Related,0,0,Queens,11432.0,40.705911,-73.793707,412.0,27.0,4101560014.0,444.0,QN1201,4.0,4.0,4.0,0.0,5.2,0.0,15.5
2130685.0,11/14/2024,Accident,Other Construction Related,0,1,Bronx,10474.0,40.805223,-73.885975,202.0,17.0,2027770100.0,9302.0,BX0201,2.0,2.0,2.0,0.0,5.1,0.0,10.3
3000146.0,6/6/2024,Accident,Other Construction Related,0,1,Brooklyn,11201.0,40.702309,-73.983698,302.0,33.0,3000550020.0,21.0,BK0202,1.0,1.0,1.0,0.0,22.7,27.8,39.9
3429094.0,1/6/2025,Accident,Worker Fell,0,1,Brooklyn,11222.0,40.734481,-73.954532,301.0,33.0,3025130006.0,575.0,BK0101,9.0,9.0,9.0,1.0,-2.3,1.6,15.1
4248981.0,5/20/2024,Incident,Excavation/Soil Work,0,0,Queens,11417.0,40.668931,-73.837223,410.0,32.0,4115570009.0,88.0,QN1002,9.0,9.0,9.0,0.0,14.6,0.0,18.3
2007455.0,4/23/2025,Accident,Mechanical Construction Equipment,0,1,Bronx,10457.0,40.845938,-73.906561,205.0,14.0,2027970047.0,22901.0,BX0502,,,,,17.3,0.0,13.7
1084198.0,1/21/2026,Accident,Material Failure (Fell),1,1,Brooklyn,11231.0,40.88459276768762,-73.81628244682857,412.0,8.0,1014700026.0,76.0,MN0101,2.0,8.0,3.0,0.0,6.393812778115448,1.172799557827538,23.948374910619098
2003157.0,4/22/2024,Incident,Worker Fell,0,1,Bronx,10452.0,40.836723,-73.924835,204.0,16.0,2025100003.0,199.0,BX0402,15.0,15.0,15.0,1.0,8.5,0.0,19.5
1091654.0,9/27/2024,Accident,Material Failure (Fell),0,1,Manhattan,10014.0,40.729212,-74.009316,102.0,3.0,1005967502.0,69.0,MN0203,1.0,1.0,1.0,1.0,20.4,0.9,15.4
1015242.0,10/31/2025,Accident,Worker Fell,0,1,Manhattan,10018.0,40.751394,-73.986635,105.0,4.0,1008120045.0,109.0,MN0502,11.0,11.0,11.0,0.0,11.9,0.0,27.4
3426198.0,7/25/2024,Accident,Worker Fell,0,1,Brooklyn,11224.0,40.579868,-73.973025,313.0,48.0,3072737501.0,354.0,BK1302,42.0,42.0,42.0,1.0,25.3,6.7,16.2
3061688.0,8/22/2025,Incident,Other Construction Related,0,0,Brooklyn,11249.0,40.719298,-73.957092,301.0,33.0,3023040032.0,517.0,BK0102,1.0,1.0,1.0,1.0,21.2,0.0,12.4
3259375.0,2/12/2025,Accident,Worker Fell,0,1,Brooklyn,11205.0,40.690852,-73.951673,303.0,36.0,3017780055.0,241.0,BK0301,40.0,40.0,40.0,1.0,-0.2,4.8,13.6
3255546.0,4/16/2024,Incident,Scaffold/Shoring Installations,0,0,Brooklyn,11217.0,40.679652,-73.987035,306.0,39.0,3004320025.0,11901.0,BK0601,8.0,8.0,8.0,0.0,13.9,0.0,20.1
1004004.0,1/24/2024,Incident,Scaffold/Shoring Installations,0,0,Manhattan,10002.0,40.716953,-73.990819,103.0,1.0,1003090010.0,16.0,MN0301,6.0,6.0,6.0,1.0,2.8,3.2,10.5
1091848.0,5/16/2025,Accident,Worker Fell,0,1,Manhattan,10034.0,40.863178,-73.917911,112.0,10.0,1022030009.0,299.0,MN1203,,,,,18.1,0.6,16.4
3061068.0,1/3/2024,Accident,Excavation/Soil Work,0,1,Brooklyn,11211.0,40.705427,-73.951825,301.0,33.0,3022280016.0,529.0,BK0103,2.0,2.0,2.0,0.0,1.6,0.0,14.3
4001555.0,2/28/2024,Incident,Scaffold/Shoring Installations,0,0,Queens,11377.0,40.74201,-73.918919,402.0,26.0,4001530007.0,23502.0,QN0202,19.0,19.0,19.0,1.0,13.0,10.6,39.6
1022547.0,4/15/2024,Accident,Worker Fell,0,1,Manhattan,10016.0,40.745817,-73.972016,106.0,4.0,1009690001.0,8601.0,MN0603,18.0,18.0,18.0,0.0,17.9,0.0,23.6
1001004.0,7/1/2024,Accident,Other Construction Related,1,2,Staten Island,10018.0,40.677115185361366,-74.11466710420376,108.0,2.0,1013160023.0,80.0,QN0202,45.0,4.0,1.0,1.0,22.26174554975736,6.61935225338405,24.543479929638465
4209632.0,2/21/2024,Accident,Scaffold/Shoring Installations,0,1,Queens,11432.0,40.70729,-73.794633,412.0,27.0,4097960063.0,460.0,QN1201,8.0,8.0,8.0,1.0,-0.7,0.0,15.1
3816613.0,2/19/2025,Accident,Worker Fell,0,1,Brooklyn,11212.0,40.671537,-73.907191,316.0,37.0,3036920001.0,908.0,BK1602,9.0,9.0,9.0,1.0,-4.9,0.0,16.9
2011940.0,1/23/2025,Incident,Other Construction Related,0,0,Bronx,10458.0,40.858509,-73.886274,206.0,15.0,2030670023.0,387.0,BX0603,1.0,1.0,1.0,1.0,-8.0,0.0,9.9
1082792.0,4/29/2024,Accident,Material Failure (Fell),0,1,Manhattan,10001.0,40.747563,-73.996849,104.0,3.0,1007510020.0,97.0,MN0401,21.0,21.0,21.0,0.0,19.8,3.4,15.5
4624563.0,8/9/2025,Accident,Other Construction Related,0,1,Queens,11691.0,40.60659,-73.750419,414.0,31.0,4155350001.0,103202.0,QN1401,1.0,1.0,1.0,1.0,22.5,0.0,12.9
4112220.0,3/3/2025,Accident,Worker Fell,1,0,Queens,11354.0,40.760525,-73.833974,407.0,20.0,4049700011.0,869.0,QN0707,3.0,3.0,3.0,0.0,-1.6,0.0,13.7
3060932.0,4/23/2025,Incident,Other Construction Related,0,0,Brooklyn,11211.0,40.705367,-73.95295,301.0,33.0,3022210008.0,529.0,BK0103,1.0,1.0,1.0,1.0,17.1,0.0,15.5
1078158.0,11/3/2025,Incident,Scaffold/Shoring Installations,0,0,Manhattan,10014.0,40.737575,-74.003219,102.0,3.0,1006150112.0,77.0,MN0203,2.0,2.0,2.0,1.0,10.1,0.1,16.3
4623703.0,7/30/2025,Accident,Other Construction Related,0,1,Queens,11436.0,40.668292,-73.796011,412.0,28.0,4120990032.0,792.0,QN1203,3.0,3.0,3.0,0.0,30.1,1.9,13.7
2007695.0,5/1/2024,Accident,Other Construction Related,1,1,Queens,11212.0,40.79698274207464,-74.00702182973991,105.0,33.0,3025130006.0,201.0,QN0301,41.0,1.0,8.0,0.0,10.956228563185999,7.988318179989495,16.948207177786248
3429585.0,3/30/2024,Accident,Other Construction Related,0,1,Brooklyn,11215.0,40.677884,-73.988402,306.0,39.0,3004530001.0,11901.0,BK0601,4.0,4.0,4.0,0.0,8.1,0.1,26.9
3395377.0,1/25/2024,Accident,Worker Fell,0,1,Brooklyn,11222.0,40.735419,-73.95985,301.0,33.0,3024940006.0,56302.0,BK0101,1.0,1.0,1.0,1.0,9.6,8.1,22.4
3429678.0,7/18/2025,Notification,Other Construction Related,0,0,Brooklyn,,,,,,3044340010.0,,,,,,,,,
1036511.0,1/13/2025,Accident,Other Construction Related,0,1,Manhattan,10022.0,40.759812,-73.969957,105.0,4.0,1013100014.0,100.0,MN0604,2.0,2.0,2.0,0.0,1.2,0.0,16.6
3146908.0,3/18/2024,Incident,Other Construction Related,0,0,Brooklyn,11228.0,40.626019,-74.010728,310.0,38.0,3058980068.0,208.0,BK1002,1.0,1.0,1.0,1.0,7.0,0.0,24.5
2110061.0,11/18/2025,Accident,Worker Fell,0,1,Bronx,10463.0,40.885358,-73.898409,208.0,11.0,2032710150.0,283.0,BX0802,2.0,2.0,2.0,0.0,4.5,0.0,15.6
3007199.0,1/5/2024,Accident,Worker Fell,0,2,Brooklyn,11215.0,40.678707,-73.986343,306.0,39.0,3004330028.0,11901.0,BK0601,1.0,1.0,1.0,0.0,-1.6,0.0,26.0
2130783.0,1/31/2024,Accident,Worker Fell,0,1,Bronx,10454.0,40.80723,-73.911539,201.0,8.0,2025720003.0,33.0,BX0101,54.0,54.0,54.0,1.0,1.9,0.2,12.8
3058599.0,11/5/2024,Accident,Worker Fell,0,1,Brooklyn,11217.0,40.689285,-73.979418,302.0,35.0,3020950010.0,33.0,BK0203,3.0,3.0,3.0,0.0,16.0,0.0,23.4
1035721.0,2/10/2025,Incident,Material Failure (Fell),0,0,Manhattan,10022.0,40.760154,-73.97601,105.0,4.0,1012880069.0,102.0,MN0502,44.0,44.0,44.0,0.0,-2.1,0.0,13.3
4441727.0,6/12/2024,Accident,Worker Fell,0,1,Queens,11101.0,40.738263,-73.940676,402.0,26.0,4002940106.0,19902.0,QN0202,4.0,4.0,4.0,0.0,19.7,0.0,19.1
4624882.0,12/29/2025,Accident,Other Construction Related,0,1,Queens,,,,,,,,,,,,,,,
3058036.0,11/5/2025,Accident,Worker Fell,0,1,Brooklyn,11205.0,40.694502,-73.977995,302.0,35.0,3020390001.0,2901.0,BK0203,4.0,4.0,4.0,0.0,11.9,0.0,23.9
1015733.0,11/27/2024,Accident,Material Failure (Fell),0,1,Manhattan,10001.0,40.745081,-73.987019,105.0,3.0,1008300044.0,76.0,MN0501,11.0,11.0,11.0,1.0,5.9,0.0,9.6
4004861.0,1/7/2026,Incident,Other Construction Related,0,0,Queens,11101.0,40.751077,-73.934612,401.0,26.0,4004020010.0,31.0,QN0105,2.0,2.0,2.0,0.0,4.9,0.3,17.6
3076057.0,11/3/2025,Accident,Other Construction Related,1,2,Bronx,11216.0,40.88926193408837,-73.8292960021671,301.0,26.0,1021550028.0,125.0,MN0801,43.0,5.0,1.0,1.0,5.8767345194864875,2.924502117370707,24.751244401874814
3429214.0,2/20/2024,Accident,Worker Fell,0,1,Brooklyn,11213.0,40.672347,-73.946733,308.0,36.0,3012427501.0,341.0,BK0802,14.0,14.0,14.0,1.0,-2.6,0.0,14.9
4005002.0,1/22/2026,Accident,Material Failure (Fell),0,1,Queens,11101.0,40.752027,-73.939299,401.0,26.0,4004140023.0,3301.0,QN0105,10.0,10.0,10.0,1.0,3.3,0.1,16.7
1091728.0,2/28/2024,Accident,Worker Fell,0,1,Manhattan,10019.0,40.762023,-73.975782,105.0,4.0,1012700044.0,104.0,MN0502,86.0,86.0,86.0,1.0,13.5,18.4,32.9
1090972.0,6/9/2025,Accident,Mechanical Construction Equipment,0,1,Manhattan,10006.0,40.707437,-74.013194,101.0,1.0,1000197501.0,13.0,MN0101,15.0,15.0,15.0,1.0,18.1,3.1,10.5
4004870.0,12/20/2024,Accident,Worker Fell,0,1,Queens,11101.0,40.75217,-73.93534,401.0,26.0,4004020032.0,31.0,QN0105,4.0,4.0,4.0,0.0,1.1,1.6,15.1
1085031.0,3/25/2025,Accident,Worker Fell,0,1,Manhattan,10036.0,40.760458,-73.991499,104.0,3.0,1010540036.0,12102.0,MN0402,8.0,8.0,8.0,0.0,9.3,0.0,26.2
2130573.0,6/16/2025,Accident,Other Construction Related,1,0,Staten Island,11249.0,40.791356938644874,-74.10263700098255,112.0,33.0,3022280016.0,171.0,MN0603,46.0,5.0,6.0,0.0,18.84721584826202,2.5469395685444045,5.424559101747709
3170367.0,9/19/2025,Incident,Other Construction Related,0,0,Brooklyn,11230.0,40.62813,-73.973672,314.0,40.0,3065030129.0,46201.0,BK1402,,,,,24.1,0.0,16.7
4263101.0,5/20/2024,Accident,Excavation/Soil Work,0,2,Queens,11436.0,40.667813,-73.789258,412.0,28.0,4121160050.0,788.0,QN1203,15.0,15.0,15.0,0.0,14.6,0.0,18.3
2130506.0,8/14/2024,Accident,Other Construction Related,0,1,Bronx,10474.0,40.813898,-73.890537,202.0,17.0,2027380002.0,9301.0,BX0201,12.0,12.0,12.0,1.0,23.0,0.1,15.1
3070870.0,7/1/2024,Incident,Other Construction Related,0,0,Brooklyn,11206.0,40.709006,-73.946841,301.0,34.0,3030320018.0,511.0,BK0104,34.0,34.0,34.0,1.0,22.2,0.2,26.6
1034211.0,5/14/2025,Accident,Worker Fell,0,1,Manhattan,10036.0,40.754421,-73.980213,105.0,4.0,1012590035.0,96.0,MN0502,8.0,8.0,8.0,0.0,16.3,26.5,17.1
3059755.0,7/31/2025,Accident,Struck By,1,2,Manhattan,11206.0,40.56742157545185,-73.77292099308393,310.0,4.0,1014700026.0,1903.0,MN0502,28.0,8.0,7.0,1.0,-21.242077766980515,5.338060067212437,17.769455889243126
1089192.0,2/7/2024,Accident,Mechanical Construction Equipment,0,1,Manhattan,10034.0,40.86403,-73.916804,112.0,10.0,1021880001.0,299.0,MN1203,6.0,6.0,6.0,1.0,1.0,0.0,11.9
1090832.0,12/9/2024,Accident,Worker Fell,0,1,Manhattan,10006.0,40.709174,-74.013057,101.0,1.0,1000510014.0,13.0,MN0101,32.0,32.0,32.0,1.0,5.5,7.4,11.6
3426198.0,1/10/2025,Accident,Worker Fell,0,1,Brooklyn,11224.0,40.579868,-73.973025,313.0,48.0,3072737501.0,354.0,BK1302,42.0,42.0,42.0,1.0,-0.4,0.0,27.5
1044935.0,7/2/2024,Accident,Material Failure (Fell),1,2,Manhattan,10452.0,40.86219676798023,-73.84443358175005,302.0,4.0,2036720030.0,11901.0,MN0604,45.0,7.0,9.0,0.0,15.472982733619205,0.7693279310819587,27.48836200810538
4619459.0,5/9/2024,Accident,Worker Fell,0,1,Queens,11101.0,40.748365,-73.944557,402.0,26.0,4004360001.0,1903.0,QN0201,22.0,22.0,22.0,1.0,17.4,0.0,16.9
3426897.0,2/5/2024,Accident,Worker Fell,0,1,Brooklyn,11249.0,40.713782,-73.967211,301.0,33.0,3024140026.0,551.0,BK0102,2.0,2.0,2.0,0.0,0.9,0.0,25.4
4031397.0,1/20/2025,Accident,Worker Fell,0,1,Queens,11377.0,40.741858,-73.907397,402.0,26.0,4013340001.0,249.0,QN0203,6.0,6.0,6.0,0.0,-7.1,0.1,15.2
4007096.0,7/25/2025,Accident,Worker Fell,0,1,Queens,11102.0,40.765676,-73.924601,401.0,22.0,4005780040.0,73.0,QN0103,1.0,1.0,1.0,1.0,29.7,4.5,16.8
3430033.0,6/3/2025,Notification,Other Construction Related,0,0,Brooklyn,11238.0,40.679504,-73.956678,303.0,36.0,3020200068.0,227.0,BK0301,12.0,12.0,12.0,0.0,19.0,0.0,11.5
1000868.0,1/31/2026,Incident,Other Construction Related,0,1,Manhattan,10005.0,40.704553,-74.006636,101.0,1.0,1000350010.0,7.0,MN0101,97.0,97.0,97.0,0.0,-13.3,0.0,18.7
3058215.0,7/15/2024,Accident,Worker Fell,0,1,Brooklyn,11201.0,40.695332,-73.982413,302.0,35.0,3020500100.0,1501.0,BK0202,1.0,1.0,1.0,1.0,27.5,2.0,19.4
2018398.0,10/15/2024,Accident,Worker Fell,0,1,Bronx,10467.0,40.877114,-73.874219,207.0,11.0,2033480071.0,42902.0,BX0703,20.0,20.0,20.0,1.0,9.5,0.0,18.2
1091010.0,11/25/2025,Accident,Material Failure (Fell),1,2,Manhattan,11104.0,40.84741394091234,-73.8904354898569,204.0,35.0,3002760013.0,871.0,BK0301,20.0,4.0,6.0,1.0,11.908149095347916,0.12477413881060288,30.783622737429944
2130730.0,2/6/2025,Accident,Worker Fell,0,1,Bronx,10455.0,40.815931,-73.905184,201.0,8.0,2026540064.0,79.0,BX0102,,,,,0.8,9.6,13.2
1089192.0,5/28/2024,Accident,Worker Fell,0,1,Manhattan,10034.0,40.863599,-73.916537,112.0,10.0,1021880001.0,299.0,MN1203,6.0,6.0,6.0,1.0,21.7,0.0,23.7
1042055.0,9/4/2025,Incident,Other Construction Related,0,0,Manhattan,10065.0,40.764592,-73.966052,108.0,4.0,1013977505.0,11402.0,MN0802,45.0,45.0,45.0,1.0,21.0,1.7,20.6
1041710.0,1/16/2025,Incident,Other Construction Related,0,0,Manhattan,10021.0,40.774698,-73.964357,108.0,4.0,1013900064.0,130.0,MN0802,2.0,2.0,2.0,1.0,-3.1,0.4,10.4
4624563.0,1/9/2025,Accident,Other Construction Related,1,1,Queens,10461.0,40.545066334916996,-73.92663473793154,315.0,37.0,1021880001.0,908.0,BK0802,3.0,6.0,6.0,1.0,29.314851036861448,1.87687641642316,22.831863803304422
3429685.0,3/10/2025,Accident,Material Failure (Fell),0,1,Brooklyn,11232.0,40.660189,-73.997527,307.0,38.0,3006520001.0,101.0,BK0702,17.0,17.0,17.0,0.0,9.0,0.0,15.1
1034211.0,4/19/2025,Accident,Worker Fell,0,1,Manhattan,10036.0,40.754421,-73.980213,105.0,4.0,1012590035.0,96.0,MN0502,8.0,8.0,8.0,0.0,21.0,0.1,19.5
3842240.0,11/5/2024,Accident,Other Construction Related,0,1,Brooklyn,11201.0,40.704645,-73.980975,302.0,33.0,,21.0,BK0202,3.0,3.0,3.0,0.0,16.0,0.0,23.4
3330263.0,4/16/2024,Incident,Mechanical Construction Equipment,0,0,Brooklyn,11231.0,40.678428,-73.98975,306.0,39.0,3004450011.0,75.0,BK0601,10.0,10.0,10.0,1.0,13.9,0.0,20.1
1045212.0,2/1/2024,Accident,Worker Fell,0,1,Manhattan,10075.0,40.771378,-73.953405,108.0,5.0,1014520027.0,134.0,MN0801,3.0,3.0,3.0,0.0,2.5,0.0,22.1
3009621.0,3/5/2024,Incident,Other Construction Related,0,0,Brooklyn,11232.0,40.659028,-73.995852,307.0,38.0,3006550031.0,101.0,BK0702,2.0,2.0,2.0,0.0,7.0,17.8,20.2
1091692.0,9/6/2024,Accident,Worker Fell,0,1,Manhattan,10034.0,40.863178,-73.917911,112.0,10.0,1022030009.0,299.0,MN1203,4.0,4.0,4.0,1.0,20.2,0.1,13.8
3025953.0,8/18/2025,Incident,Other Construction Related,0,0,Brooklyn,11215.0,40.665042,-73.976491,306.0,39.0,3010910035.0,167.0,BK0602,11.0,11.0,11.0,0.0,21.7,0.0,17.5
1014167.0,10/20/2025,Accident,Worker Fell,1,2,Queens,10452.0,40.84035373806958,-73.91310069394441,316.0,42.0,1010197502.0,6301.0,MN0402,48.0,3.0,2.0,0.0,5.695302850401056,5.338096067085487,20.011075030126985
1005723.0,4/12/2024,Accident,Other Construction Related,0,1,Manhattan,10002.0,40.721548,-73.992096,103.0,1.0,1004260035.0,3601.0,MN0302,4.0,4.0,4.0,0.0,15.6,14.9,39.0
2130757.0,5/28/2024,Accident,Mechanical Construction Equipment,0,1,Bronx,10452.0,40.839368,-73.918501,204.0,16.0,2028560011.0,219.0,BX0403,,,,,21.9,0.0,26.6
3132834.0,7/2/2025,Accident,Worker Fell,1,0,Queens,11219.0,40.59784120133847,-74.05451997282937,205.0,15.0,2030150097.0,208.0,MN0702,44.0,9.0,2.0,0.0,-0.13654191386858372,0.8800360625662067,27.723955265092133
1091855.0,11/14/2025,Accident,Worker Fell,0,1,Manhattan,10021.0,40.771378,-73.959402,108.0,5.0,1014290004.0,134.0,MN0801,2.0,2.0,2.0,1.0,6.3,0.0,17.7
3426079.0,10/8/2024,Accident,Other Construction Related,0,1,Brooklyn,11239.0,40.654072,-73.877782,305.0,42.0,3044520232.0,107001.0,BK0504,6.0,6.0,6.0,1.0,15.9,0.0,17.5
1083700.0,7/1/2024,Accident,Other Construction Related,0,1,Manhattan,10010.0,40.732967,-73.975298,106.0,4.0,1009780001.0,60.0,MN0601,24.0,24.0,24.0,1.0,22.0,0.1,25.3
1023166.0,1/11/2024,Accident,Worker Fell,0,1,Manhattan,10019.0,40.762713,-73.981261,105.0,4.0,1010067501.0,131.0,MN0502,62.0,62.0,62.0,1.0,4.5,0.1,22.1
1009429.0,7/17/2024,Accident,Other Construction Related,0,1,Manhattan,10011.0,40.732893,-73.996323,102.0,2.0,1005720038.0,63.0,MN0202,12.0,12.0,12.0,1.0,27.4,33.7,18.3
3429227.0,8/12/2024,Accident,Worker Fell,0,1,Brooklyn,11222.0,40.735668,-73.957396,301.0,33.0,3024870017.0,56301.0,BK0101,15.0,15.0,15.0,1.0,22.0,0.2,20.7
3251678.0,6/22/2024,Accident,Worker Fell,0,1,Brooklyn,11249.0,40.707947,-73.968433,301.0,33.0,3021340001.0,547.0,BK0102,3.0,3.0,3.0,0.0,25.9,3.2,20.0
1091777.0,1/3/2024,Accident,Material Failure (Fell),0,1,Manhattan,10036.0,40.759546,-73.988095,105.0,3.0,1010170001.0,119.0,MN0502,51.0,51.0,51.0,0.0,1.9,0.0,14.3
1051155.0,10/31/2025,Incident,Other Construction Related,0,0,Manhattan,10028.0,40.772864,-73.947898,108.0,5.0,1015780140.0,13602.0,MN0803,1.0,1.0,1.0,0.0,12.0,0.4,28.6
3006610.0,1/22/2026,Accident,Struck By,1,2,Staten Island,11205.0,40.78952468865885,-73.90103824528188,302.0,6.0,1008560009.0,92.0,BK1701,39.0,4.0,8.0,0.0,2.093112151953278,1.314977586725739,14.506128017046432
4623739.0,4/8/2024,Accident,Worker Fell,0,1,Queens,11101.0,40.739953,-73.958786,402.0,26.0,4000110001.0,101.0,QN0201,20.0,20.0,20.0,1.0,8.7,0.0,13.7
3012902.0,7/10/2024,Accident,Worker Fell,0,1,Brooklyn,11220.0,40.6472,-74.013777,307.0,38.0,3007820056.0,78.0,BK0702,2.0,2.0,2.0,1.0,26.0,0.3,40.7
1087645.0,7/26/2024,Accident,Other Construction Related,0,1,Manhattan,10034.0,40.864118,-73.916764,112.0,10.0,1021890060.0,299.0,MN1203,2.0,2.0,2.0,0.0,23.2,0.0,17.0
4620885.0,1/31/2024,Accident,Worker Fell,0,1,Queens,11101.0,40.747551,-73.94113,402.0,26.0,4002670021.0,1902.0,QN0201,2.0,2.0,2.0,0.0,2.1,0.4,11.2
2128965.0,6/3/2024,Accident,Worker Fell,0,1,Bronx,10459.0,40.823427,-73.887057,202.0,17.0,2027560085.0,119.0,BX0202,6.0,6.0,6.0,1.0,23.4,0.0,15.2
1033105.0,4/22/2024,Accident,Worker Fell,0,1,Manhattan,10024.0,40.786594,-73.976488,107.0,6.0,1012320014.0,171.0,MN0702,8.0,8.0,8.0,1.0,8.8,0.0,17.4
1035721.0,11/24/2025,Accident,Material Failure (Fell),0,1,Manhattan,10022.0,40.760154,-73.97601,105.0,4.0,1012880069.0,102.0,MN0502,44.0,44.0,44.0,0.0,6.9,0.0,13.4
1082731.0,8/6/2024,Accident,Other Construction Related,0,1,Manhattan,10016.0,40.740485,-73.978998,106.0,2.0,1009340001.0,66.0,MN0603,7.0,7.0,7.0,1.0,25.9,37.5,15.9
1085694.0,11/18/2024,Accident,Worker Fell,0,1,Manhattan,10016.0,40.742066,-73.974757,106.0,4.0,1009620108.0,62.0,MN0603,144.0,144.0,144.0,0.0,12.5,0.0,14.3
1009430.0,4/18/2024,Incident,Excavation/Soil Work,0,0,Manhattan,10011.0,40.732624,-73.996092,102.0,2.0,1005720041.0,63.0,MN0202,14.0,14.0,14.0,1.0,8.6,6.2,25.0
2129717.0,3/27/2024,Accident,Worker Fell,0,2,Bronx,10454.0,40.803902,-73.920534,201.0,8.0,2022600010.0,1902.0,BX0101,1.0,1.0,1.0,1.0,7.4,0.3,14.7
3000603.0,4/16/2024,Accident,Worker Fell,0,1,Brooklyn,11217.0,40.685511,-73.978525,302.0,33.0,3001747502.0,39.0,BK0202,1.0,1.0,1.0,1.0,13.9,0.0,20.1
1035732.0,3/22/2024,Accident,Worker Fell,0,1,Manhattan,10022.0,40.759332,-73.972426,105.0,4.0,1012890036.0,102.0,MN0502,129.0,129.0,129.0,0.0,0.7,0.0,18.9
2129342.0,8/9/2024,Incident,Mechanical Construction Equipment,0,0,Bronx,10453.0,40.85037,-73.917222,205.0,14.0,2028780183.0,21501.0,BX0501,14.0,14.0,14.0,1.0,24.9,17.2,45.6
1021925.0,1/21/2025,Accident,Worker Fell,0,1,Manhattan,10016.0,40.746756,-73.972727,106.0,4.0,1009447502.0,78.0,MN0603,42.0,42.0,42.0,0.0,-11.5,0.4,8.5
3251678.0,6/19/2024,Accident,Worker Fell,0,1,Brooklyn,11249.0,40.707947,-73.968433,301.0,33.0,3021340001.0,547.0,BK0102,3.0,3.0,3.0,0.0,23.7,0.0,27.8
1051965.0,8/22/2025,Accident,Other Construction Related,1,0,Manhattan,10029.0,40.790355,-73.945573,111.0,8.0,1016320033.0,166.0,MN1101,3.0,3.0,3.0,0.0,21.4,0.0,13.5
3020950.0,5/29/2024,Incident,Other Construction Related,0,0,Brooklyn,11215.0,40.672539,-73.981023,306.0,39.0,3009750037.0,135.0,BK0602,1.0,1.0,1.0,1.0,18.6,7.7,17.3
2007580.0,8/6/2024,Accident,Other Construction Related,0,1,Bronx,10457.0,40.847574,-73.903653,205.0,15.0,2028030002.0,23302.0,BX0502,7.0,7.0,7.0,1.0,25.5,39.4,15.5
4439038.0,8/29/2025,Accident,Worker Fell,0,1,Queens,11101.0,40.747372,-73.952556,402.0,26.0,4000260004.0,103.0,QN0201,1.0,1.0,1.0,0.0,22.3,0.0,14.7
1090627.0,2/20/2025,Accident,Material Failure (Fell),1,1,Bronx,11211.0,40.6019206937963,-74.03523851069305,407.0,4.0,2030160007.0,9.0,MN0802,24.0,4.0,5.0,1.0,21.47436141007018,2.1078188737656234,25.40331314931373
1036505.0,4/29/2024,Accident,Other Construction Related,0,1,Manhattan,10022.0,40.760512,-73.971541,105.0,4.0,1013100001.0,100.0,MN0604,92.0,92.0,92.0,0.0,19.8,6.8,14.6
4623357.0,2/23/2024,Accident,Worker Fell,0,1,Queens,11691.0,40.595204,-73.782638,414.0,31.0,4158430001.0,97204.0,QN1402,8.0,8.0,8.0,1.0,5.8,3.1,16.3
4035521.0,7/29/2025,Accident,Worker Fell,1,0,Queens,11372.0,40.752996,-73.883018,403.0,25.0,4014440019.0,281.0,QN0301,5.0,5.0,5.0,1.0,32.0,0.9,10.6
3816613.0,4/10/2024,Accident,Worker Fell,1,0,Manhattan,10014.0,40.82749901608568,-73.97980270499231,101.0,35.0,1006897501.0,101.0,MN0604,13.0,1.0,8.0,1.0,18.58267585077668,3.3332545022021383,22.310754510751018
3429317.0,9/26/2024,Accident,Worker Fell,0,1,Brooklyn,11201.0,40.689883,-73.979793,302.0,35.0,,3101.0,BK0203,15.0,15.0,15.0,0.0,20.7,5.2,21.8
1035371.0,6/28/2025,Incident,Other Construction Related,0,0,Manhattan,10017.0,40.754253,-73.97821,105.0,4.0,1012790023.0,94.0,MN0502,4.0,4.0,4.0,0.0,24.0,0.7,13.8
2130961.0,7/2/2024,Accident,Worker Fell,0,2,Bronx,10451.0,40.816951,-73.929876,201.0,8.0,2023440112.0,6301.0,BX0401,5.0,5.0,5.0,0.0,22.4,0.0,16.3
1000060.0,5/28/2024,Accident,Struck By,1,2,Brooklyn,10025.0,40.63090617618175,-74.02939256844186,102.0,1.0,1006390001.0,22901.0,BK0202,33.0,4.0,4.0,0.0,5.702977666376456,0.7481767759340573,14.270484730304169
4136569.0,1/14/2024,Incident,Scaffold/Shoring Installations,0,0,Queens,11361.0,40.767766,-73.773147,411.0,19.0,4061760047.0,1123.0,QN1102,8.0,8.0,8.0,0.0,0.3,0.5,43.4
3170767.0,4/16/2024,Accident,Material Failure (Fell),1,2,Manhattan,11211.0,40.748356576442916,-74.06897678798076,312.0,50.0,2026760079.0,33.0,SI0104,7.0,6.0,7.0,0.0,2.9270092457704013,5.899000240172012,20.199761694652548
1064218.0,8/12/2024,Accident,Other Construction Related,0,1,Manhattan,10040.0,40.862326,-73.929553,112.0,10.0,1021750001.0,287.0,MN1202,9.0,9.0,9.0,0.0,21.7,0.4,17.7
2001029.0,3/7/2024,Accident,Worker Fell,0,1,Bronx,10451.0,40.816951,-73.929876,201.0,8.0,2023440112.0,6301.0,BX0401,2.0,2.0,2.0,0.0,9.6,4.1,25.3
3321834.0,9/18/2024,Incident,Material Failure (Fell),0,0,Brooklyn,11224.0,40.573621,-73.996127,313.0,47.0,3070500001.0,342.0,BK1302,12.0,12.0,12.0,1.0,21.2,0.0,18.4
1091010.0,4/28/2025,Accident,Worker Fell,0,1,Manhattan,10017.0,40.755641,-73.975109,105.0,4.0,1012830021.0,94.0,MN0502,92.0,92.0,92.0,0.0,15.0,0.0,12.5
2002410.0,3/20/2025,Accident,Worker Fell,0,1,Bronx,10456.0,40.833131,-73.914027,204.0,16.0,2024380050.0,175.0,BX0401,7.0,7.0,7.0,0.0,7.9,8.1,15.3
3430199.0,3/13/2025,Accident,Worker Fell,1,1,Manhattan,10012.0,40.71397853823818,-74.02934837989984,402.0,12.0,3001610003.0,63.0,BX0402,41.0,3.0,4.0,0.0,26.95519100298522,3.060458038091309,17.745432847737348
4120003.0,3/3/2024,Incident,Material Failure (Fell),0,0,Queens,11358.0,40.763249,-73.792475,411.0,19.0,4053070024.0,1139.0,QN1101,8.0,8.0,8.0,0.0,11.2,0.0,16.8
3429346.0,6/28/2024,Accident,Worker Fell,0,1,Brooklyn,11231.0,40.676339,-74.014075,306.0,38.0,3005870001.0,5301.0,BK0601,18.0,18.0,18.0,1.0,20.3,0.0,21.6
1084771.0,6/20/2025,Accident,Material Failure (Fell),0,1,Manhattan,10022.0,40.756648,-73.974358,105.0,4.0,1013047501.0,100.0,MN0604,138.0,138.0,138.0,1.0,23.1,0.3,17.2
1054026.0,1/4/2024,Accident,Worker Fell,0,1,Manhattan,10035.0,40.806511,-73.942179,111.0,9.0,1017500001.0,198.0,MN1102,4.0,4.0,4.0,0.0,2.0,0.2,24.8
3429227.0,12/23/2024,Accident,Other Construction Related,1,1,Queens,11215.0,40.76484978564414,-73.77464478452063,301.0,33.0,1010200059.0,460.0,MN0502,6.0,8.0,3.0,1.0,-11.658587080404631,1.9207413629702574,8.451586694540364
5056908.0,2/11/2025,Incident,Material Failure (Fell),0,0,Staten Island,10306.0,40.562848,-74.100712,502.0,50.0,5040840023.0,12804.0,SI0202,3.0,3.0,3.0,1.0,-3.0,1.6,5.5
1006998.0,1/10/2024,Incident,Other Construction Related,0,0,Manhattan,10013.0,40.719292,-73.997172,102.0,1.0,1004710059.0,41.0,MN0201,2.0,2.0,2.0,0.0,9.2,28.2,48.6
3048468.0,1/8/2025,Accident,Worker Fell,0,2,Brooklyn,11205.0,40.695423,-73.95353,303.0,33.0,3017360034.0,1237.0,BK0301,14.0,14.0,14.0,0.0,-4.1,0.0,26.5
1044022.0,5/31/2024,Accident,Worker Fell,0,1,Manhattan,10021.0,40.771378,-73.959402,108.0,5.0,1014290004.0,134.0,MN0801,8.0,8.0,8.0,1.0,18.2,0.0,20.8
3429519.0,4/3/2024,Accident,Other Construction Related,0,1,Brooklyn,11239.0,40.654576,-73.867067,305.0,42.0,3045860470.0,107001.0,BK0504,5.0,5.0,5.0,1.0,6.1,27.5,47.2
3058215.0,10/12/2025,Accident,Other Construction Related,1,2,Bronx,10452.0,40.56731600663656,-74.17742977588313,105.0,4.0,3009800077.0,10801.0,MN0502,3.0,3.0,2.0,0.0,7.693048124030072,0.5842043800380756,13.905265677003204
3038668.0,4/22/2025,Accident,Other Construction Related,0,1,Brooklyn,11233.0,40.675235,-73.904872,316.0,37.0,3014370046.0,36502.0,BK1601,2.0,2.0,2.0,0.0,18.5,0.1,14.7
5046953.0,6/7/2024,Incident,Excavation/Soil Work,0,0,Staten Island,10304.0,40.59738,-74.090833,502.0,50.0,5031910100.0,9601.0,SI0201,16.0,16.0,16.0,0.0,23.2,0.2,23.4
3430019.0,8/20/2025,Notification,Other Construction Related,0,0,Brooklyn,11217.0,40.68763,-73.980608,302.0,33.0,3001670016.0,37.0,BK0202,,,,,20.5,2.7,18.4
4624066.0,12/2/2024,Accident,Worker Fell,0,1,Queens,11101.0,40.739918,-73.947213,402.0,26.0,4000680038.0,104.0,QN0201,4.0,4.0,4.0,0.0,-0.5,0.0,10.1
1050357.0,6/13/2024,Accident,Other Construction Related,0,1,Manhattan,10075.0,40.772632,-73.952462,108.0,5.0,1015590001.0,13603.0,MN0803,3.0,3.0,3.0,0.0,21.7,0.0,29.6
,6/16/2025,Not DOB Jurisdiction,Other Construction Related,0,0,Manhattan,10001.0,40.753481,-74.00432,104.0,3.0,,9903.0,MN0401,5.0,5.0,5.0,0.0,18.0,3.0,12.1
1045935.0,1/12/2026,Accident,Other Construction Related,0,1,Manhattan,10021.0,40.769267,-73.951995,108.0,5.0,1014700026.0,13201.0,MN0801,9.0,9.0,9.0,0.0,1.4,0.0,21.0
4003416.0,3/11/2024,Accident,Other Construction Related,0,1,Queens,11101.0,40.751719,-73.933283,401.0,26.0,4002390111.0,17102.0,QN0161,6.0,6.0,6.0,0.0,4.8,0.0,44.2
1005132.0,5/28/2024,Accident,Material Failure (Fell),1,1,Bronx,10018.0,40.794413118942984,-73.90041069445526,102.0,4.0,2029170017.0,11901.0,QN0105,38.0,9.0,1.0,0.0,21.047906658133982,0.10228216354995978,13.439663782457476
4620885.0,5/1/2024,Accident,Worker Fell,0,1,Queens,11101.0,40.747551,-73.94113,402.0,26.0,4002670021.0,1902.0,QN0201,2.0,2.0,2.0,0.0,14.9,1.1,19.8
1023724.0,1/19/2024,Incident,Mechanical Construction Equipment,0,0,Manhattan,10019.0,40.764727,-73.978142,105.0,6.0,1010100015.0,137.0,MN0502,5.0,5.0,5.0,0.0,-2.3,2.5,16.4
1005132.0,11/12/2024,Incident,Scaffold/Shoring Installations,0,0,Manhattan,10009.0,40.728055,-73.980885,103.0,2.0,1004040021.0,34.0,MN0303,2.0,2.0,2.0,0.0,9.7,0.0,26.9
2045727.0,9/16/2024,Accident,Material Failure (Fell),0,1,Bronx,10461.0,40.841827,-73.842073,211.0,13.0,2041340001.0,284.0,BX1161,6.0,6.0,6.0,1.0,18.8,0.0,12.8
1036511.0,2/8/2024,Accident,Worker Fell,1,2,Manhattan,10018.0,40.643566804990506,-74.20901039537299,104.0,35.0,4101560014.0,71.0,BK0602,27.0,3.0,1.0,0.0,16.447399813277325,4.2894816254906285,14.993590807072536
1044092.0,7/16/2024,Incident,Material Failure (Fell),0,0,Manhattan,10075.0,40.772846,-73.958332,108.0,5.0,1014310046.0,134.0,MN0801,5.0,5.0,5.0,0.0,29.0,6.2,28.6
2130750.0,10/7/2024,Accident,Worker Fell,0,1,Bronx,10453.0,40.84647,-73.916753,205.0,14.0,2028650160.0,217.0,BX0501,8.0,8.0,8.0,1.0,18.5,8.8,18.9
4619459.0,1/12/2024,Accident,Worker Fell,0,1,Queens,11101.0,40.748365,-73.944557,402.0,26.0,4004360001.0,1903.0,QN0201,22.0,22.0,22.0,1.0,4.0,0.5,21.1
1082732.0,11/15/2024,Accident,Worker Fell,0,1,Manhattan,10016.0,40.740581,-73.978925,106.0,2.0,1009340001.0,66.0,MN0603,2.0,2.0,2.0,1.0,8.3,0.0,14.5
1091865.0,2/29/2024,Accident,Material Failure (Fell),1,0,Queens,10452.0,40.72136179144078,-73.82185108163858,104.0,4.0,4019180090.0,938.0,BK0202,26.0,7.0,5.0,0.0,17.6106317744079,1.041836689783165,39.860561674271196
1072007.0,11/7/2024,Accident,Worker Fell,0,1,Manhattan,10065.0,40.764613,-73.97024,108.0,4.0,1013750049.0,11401.0,MN0802,74.0,74.0,74.0,0.0,18.4,0.0,22.5
3429855.0,12/20/2024,Incident,Other Construction Related,0,1,Brooklyn,11212.0,40.669906,-73.913755,316.0,41.0,,902.0,BK1602,1.0,1.0,1.0,1.0,1.4,1.4,15.0
1091844.0,10/27/2025,Incident,Worker Fell,0,1,Manhattan,10019.0,40.764225,-73.982391,105.0,6.0,1010260021.0,137.0,MN0502,1.0,1.0,1.0,0.0,8.2,0.0,11.7
1001004.0,10/11/2024,Accident,Worker Fell,0,1,Manhattan,10005.0,40.705914,-74.008609,101.0,1.0,1000400003.0,7.0,MN0101,118.0,118.0,118.0,0.0,13.5,0.0,18.9
4625349.0,8/6/2025,Accident,Other Construction Related,0,1,Queens,11694.0,40.578698,-73.83655,414.0,32.0,4161880028.0,938.0,QN1403,12.0,12.0,12.0,0.0,23.3,1.3,14.7
5052791.0,7/30/2025,Accident,Material Failure (Fell),1,2,Manhattan,10022.0,40.59002302341078,-73.85667944142315,309.0,34.0,1008550037.0,96.0,BK0802,44.0,9.0,9.0,0.0,14.712661395577546,6.039650954427441,11.989468509888894
1091866.0,6/18/2025,Accident,Other Construction Related,0,1,Manhattan,10024.0,40.789066,-73.974266,107.0,6.0,1012350036.0,175.0,MN0702,3.0,3.0,3.0,1.0,21.9,9.4,13.5
3428561.0,6/24/2025,Accident,Other Construction Related,1,0,Bronx,10451.0,40.76922069992821,-74.00770119142042,104.0,22.0,2025330029.0,104.0,MN0101,37.0,4.0,1.0,0.0,6.774197055605957,0.2780640196671225,15.79190919806403
1001357.0,5/23/2024,Accident,Worker Fell,0,1,Manhattan,10038.0,40.711909,-74.005843,101.0,1.0,1001020001.0,1501.0,MN0101,33.0,33.0,33.0,0.0,22.7,3.0,16.1
1000060.0,4/28/2025,Accident,Worker Fell,0,1,Manhattan,10281.0,40.714529,-74.015677,101.0,1.0,1000160150.0,31703.0,MN0101,237.0,237.0,237.0,0.0,16.0,0.0,12.7
4005002.0,11/21/2025,Accident,Other Construction Related,0,1,Queens,11101.0,40.752027,-73.939299,401.0,26.0,4004140023.0,3301.0,QN0105,10.0,10.0,10.0,1.0,6.9,0.0,14.2
3033040.0,1/9/2024,Incident,Excavation/Soil Work,0,0,Brooklyn,11213.0,40.668525,-73.94329,309.0,35.0,3012710047.0,33702.0,BK0901,32.0,32.0,32.0,1.0,4.1,29.7,63.5
1014744.0,6/27/2024,Notification,Material Failure (Fell),0,1,Manhattan,10011.0,40.741786,-73.995933,104.0,3.0,1007960013.0,87.0,MN0401,15.0,15.0,15.0,1.0,25.2,10.6,19.2
3007353.0,6/14/2024,Accident,Worker Fell,0,1,Brooklyn,11215.0,40.678027,-73.986657,306.0,39.0,3004400001.0,11901.0,BK0601,6.0,6.0,6.0,0.0,22.5,9.1,20.0
1091876.0,10/31/2025,Incident,Other Construction Related,0,0,Manhattan,10022.0,40.754425,-73.965487,106.0,4.0,1013630001.0,8603.0,MN0604,1.0,1.0,1.0,1.0,12.0,0.4,28.6
1091817.0,6/5/2025,Accident,Material Failure (Fell),1,2,Staten Island,11101.0,40.79593376419256,-74.09298123955192,306.0,39.0,1008650014.0,33.0,BK1602,28.0,5.0,1.0,0.0,-2.066113058345776,9.971169983798353,21.520052286880567
2001079.0,8/14/2024,Accident,Worker Fell,1,1,Staten Island,11249.0,40.70236175859605,-73.81240579211637,102.0,4.0,1008120045.0,809.0,BK0301,12.0,3.0,2.0,1.0,8.092715981213393,4.486555870969735,24.33108661546561
1085096.0,1/5/2025,Incident,Scaffold/Shoring Installations,0,0,Manhattan,10036.0,40.757301,-73.987883,105.0,3.0,1010140055.0,119.0,MN0502,24.0,24.0,24.0,1.0,-2.2,0.0,19.9
2096820.0,1/22/2026,Accident,Worker Fell,0,1,Bronx,10458.0,40.863086,-73.896642,207.0,15.0,2031547501.0,39901.0,BX0701,4.0,4.0,4.0,0.0,3.2,0.2,18.8
5046954.0,6/7/2024,Incident,Excavation/Soil Work,0,0,Staten Island,10304.0,40.597449,-74.090804,502.0,50.0,5031910102.0,9601.0,SI0201,3.0,3.0,3.0,1.0,23.2,0.2,23.4
1016920.0,1/22/2026,Accident,Struck By,1,0,Brooklyn,10306.0,40.88474691374667,-74.21899985739931,313.0,47.0,3032280025.0,3101.0,BK0601,41.0,1.0,1.0,0.0,4.090981061804452,4.006368043423523,30.98445316332719
4623202.0,6/25/2024,Accident,Worker Fell,0,1,Queens,11105.0,40.780061,-73.901942,401.0,22.0,4008140010.0,10701.0,QN0101,16.0,16.0,16.0,0.0,25.9,0.0,29.7
2130712.0,8/6/2024,Incident,Other Construction Related,0,0,Bronx,10467.0,40.871394,-73.863939,212.0,12.0,2046030025.0,372.0,BX1201,33.0,33.0,33.0,1.0,25.3,22.8,13.8
4009057.0,8/22/2025,Accident,Worker Fell,0,1,Queens,11106.0,40.763113,-73.920875,401.0,22.0,4006260001.0,63.0,QN0103,1.0,1.0,1.0,1.0,21.2,0.0,12.4
3107741.0,6/4/2024,Accident,Other Construction Related,1,2,Staten Island,10028.0,40.84331989820708,-73.85822971327211,402.0,2.0,2028590030.0,906.0,BK0202,46.0,6.0,6.0,1.0,18.04980165786827,0.029445039653689737,32.868598495508536
4005226.0,1/21/2025,Accident,Other Construction Related,0,1,Queens,11101.0,40.749882,-73.949205,402.0,26.0,4004460030.0,1903.0,QN0201,,,,,-11.5,0.4,8.5
2128965.0,6/26/2024,Accident,Worker Fell,0,1,Bronx,10459.0,40.823427,-73.887057,202.0,17.0,2027560085.0,119.0,BX0202,6.0,6.0,6.0,1.0,27.8,0.6,26.3
4143910.0,2/27/2024,Incident,Excavation/Soil Work,0,0,Queens,11367.0,40.73072,-73.821146,408.0,24.0,4066450055.0,809.0,QN0801,4.0,4.0,4.0,0.0,7.4,7.7,31.8
3058228.0,3/18/2024,Incident,Material Failure (Fell),0,0,Brooklyn,11201.0,40.69214,-73.984628,302.0,33.0,3020580047.0,1502.0,BK0202,9.0,9.0,9.0,1.0,6.8,0.0,21.3
2826970.0,6/7/2024,Accident,Worker Fell,0,1,Bronx,10457.0,40.847472,-73.903209,205.0,15.0,2028920034.0,231.0,BX0502,16.0,16.0,16.0,1.0,22.8,1.3,22.0
1091787.0,3/22/2025,Accident,Other Construction Related,0,1,Manhattan,10018.0,40.755734,-73.994607,104.0,3.0,1007350035.0,111.0,MN0401,12.0,12.0,12.0,1.0,8.3,0.0,22.1
3429956.0,9/18/2025,Accident,Other Construction Related,0,1,Brooklyn,11231.0,40.67453,-74.007769,306.0,38.0,3005790003.0,5302.0,BK0601,1.0,1.0,1.0,0.0,22.2,0.3,8.8
4620885.0,3/7/2024,Accident,Worker Fell,0,1,Queens,11101.0,40.747551,-73.94113,402.0,26.0,4002670021.0,1902.0,QN0201,2.0,2.0,2.0,0.0,9.7,3.7,25.3
1015242.0,6/21/2025,Accident,Other Construction Related,0,1,Manhattan,10018.0,40.751394,-73.986635,105.0,4.0,1008120045.0,109.0,MN0502,11.0,11.0,11.0,0.0,26.8,0.0,15.2
1015583.0,2/21/2024,Accident,Other Construction Related,0,1,Manhattan,10010.0,40.741865,-73.989365,105.0,3.0,1008250031.0,58.0,MN0501,112.0,112.0,112.0,0.0,-1.1,0.0,15.0
3429272.0,4/8/2024,Accident,Other Construction Related,0,1,Brooklyn,11222.0,40.731774,-73.9604,301.0,33.0,3025380001.0,565.0,BK0101,8.0,8.0,8.0,0.0,8.7,0.0,13.7
3020885.0,1/9/2025,Accident,Worker Fell,1,1,Brooklyn,10011.0,40.82040445801622,-73.93264250495967,309.0,7.0,4008140010.0,792.0,BK0902,48.0,1.0,4.0,0.0,14.67934928146756,12.856590911403856,14.035206697031423
3171055.0,10/1/2024,Notification,Other Construction Related,0,0,Brooklyn,11230.0,40.621982,-73.975487,312.0,44.0,3065240055.0,450.0,BK1204,1.0,1.0,1.0,1.0,17.7,0.0,24.4
1091010.0,4/7/2024,Incident,Mechanical Construction Equipment,0,0,Manhattan,10017.0,40.755641,-73.975109,105.0,4.0,1012830021.0,94.0,MN0502,92.0,92.0,92.0,0.0,6.2,0.0,24.1
2826970.0,1/8/2024,Accident,Material Failure (Fell),0,1,Bronx,10457.0,40.847472,-73.903209,205.0,15.0,2028920034.0,231.0,BX0502,16.0,16.0,16.0,1.0,1.7,0.0,18.1
3074807.0,11/7/2025,Incident,Other Construction Related,0,0,Brooklyn,11237.0,40.700435,-73.919511,304.0,37.0,3032790015.0,431.0,BK0401,5.0,5.0,5.0,0.0,9.6,0.0,24.5
2130596.0,4/29/2024,Accident,Excavation/Soil Work,0,1,Bronx,10471.0,40.896116,-73.896761,208.0,11.0,2058251576.0,351.0,BX0803,13.0,13.0,13.0,1.0,19.6,3.5,13.3
3099358.0,4/28/2025,Accident,Struck By,1,1,Manhattan,10002.0,40.67476304062524,-74.18044630802932,301.0,5.0,1009690001.0,133.0,BK0103,49.0,8.0,4.0,1.0,26.614050160482847,2.3960860176587606,19.191938249706276
4112161.0,11/11/2024,Accident,Material Failure (Fell),1,1,Queens,11201.0,40.764121288987006,-74.0054249609344,306.0,1.0,3053010020.0,14604.0,BK1602,32.0,3.0,2.0,1.0,3.7378492945055726,16.81924112260145,25.29431293834981
1034830.0,5/15/2024,Accident,Other Construction Related,0,1,Manhattan,10019.0,40.762204,-73.974536,105.0,4.0,1012710041.0,104.0,MN0502,2.0,2.0,2.0,0.0,15.6,7.5,27.9
1063303.0,6/3/2025,Accident,Worker Fell,0,1,Manhattan,10032.0,40.835014,-73.945222,112.0,7.0,1021360005.0,247.0,MN1201,21.0,21.0,21.0,1.0,19.2,0.0,11.9
3189543.0,1/8/2024,Accident,Worker Fell,0,1,Brooklyn,11224.0,40.57543,-73.98995,313.0,47.0,3070570012.0,326.0,BK1302,11.0,11.0,11.0,1.0,2.0,0.0,20.6
2083468.0,5/28/2024,Incident,Material Failure (Fell),0,0,Bronx,10463.0,40.880659,-73.919151,208.0,11.0,2057430029.0,29301.0,BX0803,4.0,4.0,4.0,0.0,21.7,0.0,23.7
1060875.0,11/21/2024,Incident,Other Construction Related,0,0,Manhattan,10039.0,40.82741,-73.938587,110.0,9.0,1020460063.0,23502.0,MN1002,,,,,8.9,43.8,16.6
4618910.0,6/15/2024,Incident,Other Construction Related,0,0,Queens,11354.0,40.76438,-73.828871,407.0,20.0,4049600029.0,869.0,QN0707,9.0,9.0,9.0,0.0,21.5,0.0,21.5
4801909.0,2/20/2025,Accident,Material Failure (Fell),0,1,Queens,11102.0,40.776048,-73.932284,401.0,22.0,4009090035.0,87.0,QN0102,1.0,1.0,1.0,1.0,-4.7,0.9,19.3
3141885.0,8/25/2025,Accident,Worker Fell,0,2,Brooklyn,11219.0,40.625671,-73.998253,311.0,43.0,3057410005.0,194.0,BK1002,1.0,1.0,1.0,1.0,25.0,0.0,21.7
1091745.0,10/10/2024,Accident,Worker Fell,1,0,Queens,11368.0,40.79030073481056,-74.05837184749197,206.0,1.0,4003670033.0,396.0,BK0802,3.0,6.0,5.0,1.0,4.057761566579435,6.625073747120202,24.447729011588052
3006610.0,3/2/2024,Incident,Mechanical Construction Equipment,0,0,Brooklyn,11217.0,40.680708,-73.985308,306.0,39.0,3004120050.0,127.0,BK0601,2.0,2.0,2.0,0.0,7.0,28.3,32.5
1047942.0,1/24/2025,Incident,Other Construction Related,0,0,Manhattan,10028.0,40.779339,-73.955714,108.0,4.0,1015140056.0,14801.0,MN0802,17.0,17.0,17.0,1.0,-6.5,0.0,10.3
3429402.0,9/26/2024,Accident,Worker Fell,1,1,Manhattan,11101.0,40.82689237543135,-74.02508416997972,102.0,44.0,1012430001.0,245.0,BK0601,33.0,9.0,1.0,0.0,19.639347777028487,0.20674399114792535,2.5123765598221013
3000259.0,7/22/2024,Accident,Material Failure (Fell),0,1,Brooklyn,11201.0,40.693565,-73.988908,302.0,33.0,3001407501.0,11.0,BK0202,150.0,150.0,150.0,0.0,24.6,3.4,21.5
4624116.0,1/17/2025,Accident,Other Construction Related,0,1,Queens,11435.0,40.698868,-73.806824,412.0,27.0,4099990001.0,208.0,QN1201,3.0,3.0,3.0,0.0,-0.2,0.0,15.1
4624563.0,2/24/2025,Accident,Other Construction Related,0,1,Queens,11691.0,40.60659,-73.750419,414.0,31.0,4155350001.0,103202.0,QN1401,1.0,1.0,1.0,1.0,3.5,0.0,24.1
1033649.0,9/9/2025,Accident,Worker Fell,0,1,Manhattan,10025.0,40.79267,-73.971386,107.0,7.0,1012410035.0,179.0,MN0702,10.0,10.0,10.0,1.0,17.5,0.0,14.3
4026246.0,10/16/2024,Incident,Excavation/Soil Work,0,0,Queens,11377.0,40.75477,-73.898637,403.0,25.0,4011640064.0,30906.0,QN0301,16.0,16.0,16.0,1.0,9.9,0.0,20.6
,4/29/2025,Not DOB Jurisdiction,Other Construction Related,0,1,Brooklyn,11232.0,40.659964,-74.003114,307.0,38.0,,1801.0,BK0702,1.0,1.0,1.0,1.0,18.8,0.0,19.6
3430144.0,7/23/2025,Accident,Worker Fell,1,2,Brooklyn,10017.0,40.687616491809166,-73.966961969069,104.0,43.0,3016560017.0,1902.0,QN1001,3.0,2.0,8.0,1.0,9.611797848972083,0.6106079848808649,16.772229051011298
3337258.0,1/14/2025,Accident,Worker Fell,1,2,Brooklyn,10019.0,40.76253677077479,-73.92355840121445,105.0,17.0,3004400001.0,127.0,MN0604,20.0,6.0,5.0,1.0,25.482172027605017,14.215020529901823,20.606278811462865
1022678.0,5/2/2025,Accident,Other Construction Related,0,1,Manhattan,10036.0,40.758393,-73.981537,105.0,4.0,1010000029.0,125.0,MN0502,259.0,259.0,259.0,0.0,21.7,2.1,15.2
3009549.0,7/29/2025,Incident,Mechanical Construction Equipment,0,0,Brooklyn,11232.0,40.660672,-73.995343,307.0,38.0,3006490028.0,145.0,BK0702,9.0,9.0,9.0,1.0,30.5,0.3,12.8
1050357.0,2/28/2024,Accident,Other Construction Related,0,1,Manhattan,10075.0,40.772632,-73.952462,108.0,5.0,1015590001.0,13603.0,MN0803,1.0,1.0,1.0,1.0,13.0,10.6,39.6
1091781.0,12/19/2024,Accident,Worker Fell,0,1,Manhattan,10036.0,40.757978,-73.979783,105.0,4.0,1012630055.0,96.0,MN0502,27.0,27.0,27.0,0.0,4.4,2.2,15.4
1091830.0,12/24/2025,Accident,Worker Fell,0,1,Manhattan,10028.0,40.779168,-73.954779,108.0,4.0,1015150033.0,14802.0,MN0802,35.0,35.0,35.0,0.0,3.5,0.0,23.9
3000011.0,6/17/2024,Accident,Worker Fell,0,1,Brooklyn,11201.0,40.703756,-73.986309,302.0,33.0,3000200001.0,21.0,BK0202,7.0,7.0,7.0,0.0,21.8,0.0,33.4
1080074.0,6/17/2024,Accident,Struck By,1,0,Manhattan,10456.0,40.847599442463405,-73.84656412151719,103.0,4.0,4030560096.0,373.0,QN0602,8.0,9.0,5.0,0.0,9.533871054613556,8.585967330245438,13.835994124496688
3042822.0,10/9/2024,Incident,Other Construction Related,0,0,Brooklyn,11206.0,40.698807,-73.941194,303.0,36.0,3015790003.0,28501.0,BK0302,1.0,1.0,1.0,0.0,15.3,0.1,21.4
3429492.0,1/15/2024,Accident,Worker Fell,0,1,Brooklyn,11223.0,40.597179,-73.971344,315.0,44.0,3071270004.0,396.0,BK1501,4.0,4.0,4.0,0.0,-3.0,1.2,16.4
3429227.0,12/26/2024,Accident,Worker Fell,0,1,Brooklyn,11222.0,40.735668,-73.957396,301.0,33.0,3024870017.0,56301.0,BK0101,15.0,15.0,15.0,1.0,-5.1,0.0,6.5
2008251.0,3/20/2025,Accident,Material Failure (Fell),0,1,Bronx,10453.0,40.85113,-73.909771,205.0,14.0,2028530012.0,23301.0,BX0502,,,,,7.9,8.1,15.3
4005002.0,5/10/2025,Accident,Other Construction Related,1,2,Bronx,10466.0,40.879220170055916,-74.1643904231831,315.0,26.0,3022940001.0,127.0,BK0202,17.0,1.0,9.0,0.0,6.743799914271317,0.8483532091497863,33.09563914255233
4136294.0,1/18/2024,Incident,Other Construction Related,0,0,Queens,11361.0,40.766168,-73.778401,411.0,19.0,4061600025.0,1129.0,QN1102,1.0,1.0,1.0,1.0,-3.3,0.3,19.5
1022547.0,11/1/2024,Accident,Worker Fell,0,1,Manhattan,10016.0,40.745817,-73.972016,106.0,4.0,1009690001.0,8601.0,MN0603,18.0,18.0,18.0,0.0,21.2,0.3,32.2
1050357.0,3/30/2024,Accident,Other Construction Related,0,1,Manhattan,10075.0,40.772632,-73.952462,108.0,5.0,1015590001.0,13603.0,MN0803,,,,,7.9,0.0,24.9
2815687.0,5/12/2025,Accident,Other Construction Related,0,1,Bronx,10458.0,40.860335,-73.895537,205.0,15.0,2030220054.0,39902.0,BX0503,,,,,15.4,0.0,11.4
5025713.0,5/1/2025,Incident,Other Construction Related,0,0,Staten Island,10302.0,40.634997,-74.137798,501.0,49.0,5010920031.0,213.0,SI0106,1.0,1.0,1.0,1.0,14.3,0.0,17.7
3429802.0,6/4/2025,Accident,Worker Fell,0,1,Brooklyn,11231.0,40.677654,-73.995064,306.0,39.0,3004640051.0,77.0,BK0601,2.0,2.0,2.0,0.0,21.5,0.0,15.9
2815058.0,3/26/2024,Accident,Worker Fell,0,1,Bronx,10473.0,40.822051,-73.874919,209.0,18.0,,28.0,BX0901,6.0,6.0,6.0,0.0,5.5,0.0,21.3
1091755.0,9/9/2024,Accident,Other Construction Related,0,1,Manhattan,10012.0,40.724705,-74.002782,102.0,1.0,1004890025.0,47.0,MN0201,4.0,4.0,4.0,0.0,18.0,0.0,20.9
3429227.0,9/25/2024,Accident,Worker Fell,0,1,Brooklyn,11222.0,40.735668,-73.957396,301.0,33.0,3024870017.0,56301.0,BK0101,15.0,15.0,15.0,1.0,18.1,0.0,20.6
1090634.0,2/8/2024,Accident,Worker Fell,0,1,Manhattan,10018.0,40.751493,-73.984011,105.0,4.0,1008390067.0,84.0,MN0502,22.0,22.0,22.0,0.0,2.1,0.0,10.5
2093875.0,4/17/2025,Accident,Other Construction Related,0,1,Bronx,10475.0,40.883024,-73.833249,212.0,12.0,2052630040.0,46209.0,BX1202,10.0,10.0,10.0,1.0,9.2,0.0,14.9
3256090.0,6/10/2025,Accident,Worker Fell,0,1,Brooklyn,11249.0,40.703817,-73.963374,301.0,34.0,3021810001.0,545.0,BK0103,7.0,7.0,7.0,0.0,20.1,17.5,10.4
3327682.0,8/1/2024,Incident,Material Failure (Fell),0,0,Brooklyn,11219.0,40.635889,-73.986013,312.0,44.0,3056120020.0,232.0,BK1202,2.0,2.0,2.0,1.0,26.3,0.0,27.3
3429317.0,4/2/2025,Accident,Other Construction Related,0,1,Brooklyn,11201.0,40.689883,-73.979793,302.0,35.0,,3101.0,BK0203,15.0,15.0,15.0,0.0,4.7,0.0,17.7
3038668.0,1/12/2024,Accident,Material Failure (Fell),1,0,Manhattan,11101.0,40.68883806653963,-74.184681403905,306.0,11.0,2030820020.0,69.0,MN0501,40.0,5.0,9.0,0.0,23.410103080535492,0.013922845247125145,15.45262354993681
1044022.0,1/15/2025,Accident,Worker Fell,0,1,Manhattan,10021.0,40.771378,-73.959402,108.0,5.0,1014290004.0,134.0,MN0801,4.0,4.0,4.0,1.0,-3.3,0.0,23.0
1043261.0,1/6/2025,Accident,Worker Fell,0,1,Manhattan,10075.0,40.775322,-73.960169,108.0,4.0,1014130071.0,140.0,MN0802,29.0,29.0,29.0,1.0,-2.3,1.6,15.1
3428561.0,5/2/2024,Accident,Worker Fell,0,1,Brooklyn,11216.0,40.680609,-73.952845,303.0,36.0,3018420015.0,245.0,BK0301,15.0,15.0,15.0,0.0,16.3,0.0,27.1
3056728.0,8/29/2025,Incident,Other Construction Related,0,0,Brooklyn,11238.0,40.683006,-73.962733,302.0,35.0,3019800060.0,201.0,BK0204,,,,,22.4,0.1,16.1
1036085.0,3/1/2025,Accident,Scaffold/Shoring Installations,0,1,Manhattan,10022.0,40.763381,-73.971551,105.0,4.0,1012940046.0,11202.0,MN0502,96.0,96.0,96.0,0.0,7.1,0.0,24.5
4059931.0,2/10/2025,Incident,Other Construction Related,0,0,Queens,11378.0,40.719651,-73.91119,405.0,30.0,4026810001.0,525.0,QN0501,3.0,3.0,3.0,0.0,-2.1,0.0,13.3
5175835.0,11/8/2024,Incident,Scaffold/Shoring Installations,0,0,Staten Island,10306.0,40.563129,-74.099439,502.0,50.0,5040820009.0,12804.0,SI0202,1.0,1.0,1.0,1.0,14.0,0.0,28.2
1000824.0,4/23/2025,Accident,Other Construction Related,0,1,Manhattan,10004.0,40.706114,-74.01126,101.0,1.0,1000257502.0,9.0,MN0101,41.0,41.0,41.0,1.0,17.6,0.0,14.7
3425050.0,7/16/2024,Accident,Worker Fell,0,1,Brooklyn,11249.0,40.712706,-73.967694,301.0,33.0,3024147502.0,551.0,BK0102,24.0,24.0,24.0,1.0,28.7,1.8,30.1
3428561.0,5/9/2024,Accident,Mechanical Construction Equipment,0,1,Brooklyn,11216.0,40.680609,-73.952845,303.0,36.0,3018420015.0,245.0,BK0301,15.0,15.0,15.0,0.0,17.2,0.0,18.5
3054518.0,5/3/2025,Incident,Other Construction Related,0,0,Brooklyn,11205.0,40.694109,-73.965114,302.0,35.0,3018910075.0,191.0,BK0204,2.0,2.0,2.0,1.0,21.4,5.9,14.8
3251678.0,4/15/2024,Accident,Material Failure (Fell),0,1,Brooklyn,11249.0,40.707947,-73.968433,301.0,33.0,3021340001.0,547.0,BK0102,3.0,3.0,3.0,0.0,18.1,0.0,25.8
5127083.0,11/11/2025,Notification,Scaffold/Shoring Installations,0,0,Staten Island,10307.0,40.518671,-74.240136,503.0,51.0,5079710125.0,248.0,SI0305,12.0,12.0,12.0,0.0,2.8,1.3,36.6
1033105.0,4/15/2025,Accident,Worker Fell,0,1,Manhattan,10024.0,40.786594,-73.976488,107.0,6.0,1012320014.0,171.0,MN0702,8.0,8.0,8.0,1.0,13.2,2.1,27.0
1031993.0,9/27/2024,Incident,Other Construction Related,0,0,Manhattan,10024.0,40.783767,-73.975774,107.0,6.0,1012110050.0,165.0,MN0702,16.0,16.0,16.0,1.0,20.3,0.8,14.0
1083724.0,4/4/2024,Incident,Material Failure (Fell),0,0,Manhattan,10019.0,40.763909,-73.98021,105.0,6.0,1010080001.0,137.0,MN0502,5.0,5.0,5.0,1.0,5.3,7.3,42.5
3429519.0,1/24/2024,Accident,Worker Fell,0,1,Brooklyn,11239.0,40.654576,-73.867067,305.0,42.0,3045860470.0,107001.0,BK0504,5.0,5.0,5.0,1.0,4.3,3.0,16.9
3192980.0,6/27/2024,Incident,Excavation/Soil Work,0,0,Brooklyn,11223.0,40.59724,-73.965377,315.0,44.0,3071320017.0,394.0,BK1501,12.0,12.0,12.0,1.0,24.3,7.5,25.0
4623357.0,2/8/2024,Accident,Worker Fell,0,1,Queens,11691.0,40.595204,-73.782638,414.0,31.0,4158430001.0,97204.0,QN1402,8.0,8.0,8.0,1.0,2.0,0.0,15.0
1004377.0,8/28/2024,Accident,Worker Fell,0,1,Manhattan,10009.0,40.720822,-73.980602,103.0,2.0,1003720064.0,2202.0,MN0303,17.0,17.0,17.0,1.0,27.2,0.0,15.9
3429828.0,6/29/2024,Incident,Scaffold/Shoring Installations,0,0,Brooklyn,11220.0,40.638003,-74.003376,312.0,43.0,3056650041.0,10602.0,BK1201,1.0,1.0,1.0,1.0,22.6,0.6,37.5
3425060.0,2/26/2024,Accident,Worker Fell,0,1,Brooklyn,11226.0,40.645445,-73.951918,317.0,40.0,3051370025.0,79202.0,BK1701,7.0,7.0,7.0,0.0,3.4,2.7,16.3
4004582.0,12/22/2025,Incident,Material Failure (Fell),0,0,Queens,11101.0,40.7527,-73.930709,401.0,26.0,4003810005.0,31.0,QN0105,2.0,2.0,2.0,0.0,-0.5,0.0,13.3
1034211.0,3/18/2024,Accident,Material Failure (Fell),0,1,Manhattan,10036.0,40.754421,-73.980213,105.0,4.0,1012590035.0,96.0,MN0502,8.0,8.0,8.0,0.0,6.7,0.0,20.6
3426078.0,7/29/2024,Accident,Worker Fell,0,1,Brooklyn,11239.0,40.654028,-73.877779,305.0,42.0,3044520231.0,107001.0,BK0504,6.0,6.0,6.0,1.0,24.9,2.2,23.4
4801909.0,6/14/2024,Accident,Other Construction Related,1,2,Manhattan,10454.0,40.55328245554113,-74.07540966556535,103.0,1.0,3025380001.0,50401.0,BK0104,30.0,2.0,4.0,1.0,-6.082179802827232,3.4136477337961164,10.851956707913793
1033691.0,5/22/2025,Accident,Other Construction Related,0,1,Manhattan,10025.0,40.794723,-73.973581,107.0,7.0,1012430001.0,183.0,MN0702,15.0,15.0,15.0,1.0,10.4,23.2,20.4
1034510.0,1/9/2025,Accident,Worker Fell,0,1,Manhattan,10119.0,40.760857,-73.979717,105.0,4.0,1012670001.0,104.0,MN0502,328.0,328.0,328.0,0.0,-4.9,0.0,31.1
1022547.0,12/1/2025,Accident,Other Construction Related,1,1,Bronx,10459.0,40.875133728870516,-74.17104582026212,105.0,4.0,3020200068.0,6301.0,QN0707,10.0,7.0,1.0,0.0,16.14000929005665,3.6501978204206047,26.15378938160029
5022434.0,4/3/2024,Incident,Other Construction Related,0,0,Staten Island,10304.0,40.597763,-74.101705,502.0,50.0,5008690235.0,17701.0,SI0203,,,,,6.3,24.3,48.9
2100971.0,4/24/2025,Accident,Other Construction Related,0,1,Bronx,10468.0,40.869835,-73.89874,207.0,11.0,2032470070.0,409.0,BX0702,7.0,7.0,7.0,0.0,18.1,0.0,16.9
2017590.0,11/18/2024,Accident,Other Construction Related,0,1,Bronx,10468.0,40.87181,-73.89161,207.0,14.0,2033190046.0,40701.0,BX0702,8.0,8.0,8.0,1.0,12.9,0.0,16.7
1050357.0,5/29/2025,Incident,Other Construction Related,0,0,Manhattan,10075.0,40.772632,-73.952462,108.0,5.0,1015590001.0,13603.0,MN0803,2.0,2.0,2.0,0.0,17.0,2.1,12.1
3429721.0,1/23/2024,Incident,Excavation/Soil Work,0,0,Brooklyn,11228.0,40.607681,-74.010999,311.0,50.0,,172.0,BK1102,15.0,15.0,15.0,1.0,1.5,0.9,20.9
3107227.0,3/20/2024,Accident,Other Construction Related,0,1,Brooklyn,11203.0,40.658893,-73.942458,309.0,40.0,3048110001.0,810.0,BK0902,20.0,20.0,20.0,0.0,6.6,1.4,35.5
1091738.0,4/15/2024,Accident,Worker Fell,0,1,Manhattan,10002.0,40.721627,-73.984307,103.0,2.0,1003977503.0,3002.0,MN0303,4.0,4.0,4.0,0.0,18.2,0.0,24.6
3029698.0,4/1/2025,Incident,Other Construction Related,0,0,Brooklyn,11225.0,40.668935,-73.958743,309.0,35.0,3011870060.0,213.0,BK0901,4.0,4.0,4.0,0.0,9.2,7.5,23.2
3429585.0,1/12/2024,Accident,Mechanical Construction Equipment,0,1,Brooklyn,11215.0,40.677917,-73.988488,306.0,39.0,3004530001.0,11901.0,BK0601,4.0,4.0,4.0,0.0,4.2,0.9,28.2
4083478.0,4/20/2025,Incident,Other Construction Related,0,0,Queens,11385.0,40.706187,-73.904225,405.0,30.0,4034890004.0,589.0,QN0502,,,,,16.2,0.0,19.2
3251678.0,8/19/2024,Accident,Worker Fell,0,1,Brooklyn,11249.0,40.707373,-73.968411,301.0,33.0,3021340001.0,547.0,BK0102,3.0,3.0,3.0,0.0,23.0,24.7,20.4
1016921.0,6/16/2025,Accident,Other Construction Related,0,1,Manhattan,10016.0,40.745131,-73.986957,105.0,2.0,1008580078.0,74.0,MN0501,143.0,143.0,143.0,1.0,18.0,3.0,12.1
1091738.0,3/18/2024,Accident,Other Construction Related,0,1,Manhattan,10002.0,40.721627,-73.984307,103.0,2.0,1003977503.0,3002.0,MN0303,1.0,1.0,1.0,1.0,6.7,0.0,20.6
3144161.0,2/27/2025,Accident,Material Failure (Fell),0,1,Brooklyn,11220.0,40.6365,-74.01928,310.0,47.0,3058180027.0,126.0,BK1001,1.0,1.0,1.0,0.0,8.7,3.3,22.1
1022547.0,2/19/2024,Accident,Worker Fell,0,1,Manhattan,10016.0,40.745817,-73.972016,106.0,4.0,1009690001.0,8601.0,MN0603,18.0,18.0,18.0,0.0,-0.4,0.0,20.2
3430199.0,8/4/2025,Accident,Worker Fell,0,1,Brooklyn,11207.0,40.676183,-73.892876,305.0,37.0,3036740045.0,1198.0,BK0502,2.0,2.0,2.0,0.0,24.8,0.0,14.5
3255289.0,3/26/2024,Accident,Other Construction Related,0,1,Brooklyn,11224.0,40.576271,-73.982552,313.0,47.0,3070630012.0,348.0,BK1302,21.0,21.0,21.0,1.0,5.3,0.0,22.4
3430202.0,12/30/2025,Accident,Other Construction Related,0,1,Brooklyn,11217.0,40.681608,-73.980192,306.0,39.0,3009340007.0,12901.0,BK0602,3.0,3.0,3.0,1.0,-1.2,0.0,26.9
1000821.0,2/13/2024,Accident,Worker Fell,0,1,Manhattan,10004.0,40.705189,-74.011505,101.0,1.0,1000250001.0,9.0,MN0101,124.0,124.0,124.0,0.0,0.9,27.7,25.6
3429272.0,9/26/2025,Accident,Worker Fell,0,2,Brooklyn,11222.0,40.731774,-73.9604,301.0,33.0,3025380001.0,565.0,BK0101,1.0,1.0,1.0,0.0,22.5,0.0,8.3
3205005.0,7/1/2024,Accident,Worker Fell,0,1,Brooklyn,11235.0,40.5873,-73.952133,315.0,48.0,3074620067.0,600.0,BK1503,7.0,7.0,7.0,1.0,22.3,0.4,27.4
,4/18/2024,Incident,Scaffold/Shoring Installations,0,0,Staten Island,,,,,,,,,,,,,,,
3117573.0,3/5/2025,Incident,Scaffold/Shoring Installations,0,0,Brooklyn,11226.0,40.645513,-73.96332,314.0,40.0,3051200026.0,512.0,BK1401,4.0,4.0,4.0,0.0,9.6,34.8,31.5
3000605.0,10/23/2025,Accident,Worker Fell,0,1,Brooklyn,11201.0,40.688896,-73.989969,302.0,33.0,3001750001.0,43.0,BK0202,45.0,45.0,45.0,0.0,12.0,0.1,17.3
1028168.0,4/19/2024,Accident,Worker Fell,0,1,Manhattan,10023.0,40.772885,-73.979865,107.0,6.0,1011187503.0,149.0,MN0701,39.0,39.0,39.0,1.0,8.7,0.0,19.2
1085486.0,4/28/2025,Accident,Struck By,1,1,Queens,10460.0,40.645364213157286,-74.15704086650398,301.0,8.0,3001490014.0,871.0,BK0702,37.0,9.0,4.0,1.0,8.040164134796063,0.9841377164666949,19.380979620903403
1084198.0,9/12/2024,Accident,Other Construction Related,0,1,Manhattan,10032.0,40.839928,-73.94254,112.0,10.0,1021380040.0,251.0,MN1201,61.0,61.0,61.0,0.0,19.8,0.0,15.8
4433859.0,2/1/2024,Accident,Worker Fell,0,1,Queens,11375.0,40.723485,-73.84849,406.0,29.0,4031750001.0,71305.0,QN0602,13.0,13.0,13.0,1.0,2.4,0.6,19.8
1050357.0,2/16/2024,Accident,Material Failure (Fell),0,1,Manhattan,10075.0,40.772632,-73.952462,108.0,5.0,1015590001.0,13603.0,MN0803,3.0,3.0,3.0,0.0,1.3,0.0,30.4
1028168.0,9/9/2025,Accident,Material Failure (Fell),1,1,Bronx,11237.0,40.69484832024198,-73.8190085638343,405.0,33.0,3001667501.0,822.0,QN0201,25.0,2.0,9.0,1.0,15.754408052712286,1.7395844638005735,15.064008317182392
4624448.0,6/1/2024,Accident,Other Construction Related,0,1,Queens,11101.0,40.748112,-73.938769,402.0,26.0,4002650013.0,1902.0,QN0201,16.0,16.0,16.0,0.0,20.4,0.0,17.5
3062551.0,10/11/2025,Incident,Scaffold/Shoring Installations,0,0,Brooklyn,11211.0,40.712508,-73.951729,301.0,34.0,3023750012.0,513.0,BK0102,,,,,14.6,1.9,12.5
1091010.0,4/10/2025,Accident,Worker Fell,0,1,Manhattan,10017.0,40.755641,-73.975109,105.0,4.0,1012830021.0,94.0,MN0502,92.0,92.0,92.0,0.0,4.5,0.7,16.0
3058228.0,6/25/2024,Accident,Other Construction Related,0,1,Brooklyn,11201.0,40.69214,-73.984628,302.0,33.0,3020580047.0,1502.0,BK0202,9.0,9.0,9.0,1.0,25.8,0.0,36.0
3255576.0,8/30/2024,Accident,Material Failure (Fell),1,1,Staten Island,11212.0,40.844360931421775,-74.23910571223145,304.0,33.0,3057180016.0,247.0,BK0101,33.0,4.0,2.0,0.0,10.825432052106532,4.171403139442756,12.474034176845652
1091677.0,10/15/2025,Accident,Material Failure (Fell),0,1,Manhattan,10018.0,40.75233,-73.984076,105.0,4.0,1008400081.0,84.0,MN0502,10.0,10.0,10.0,0.0,15.5,0.0,13.4
2102025.0,8/7/2025,Accident,Worker Fell,0,1,Bronx,10458.0,40.860843,-73.889744,206.0,15.0,2032730001.0,397.0,BX0603,26.0,26.0,26.0,0.0,23.2,0.4,13.6
2120979.0,5/12/2025,Accident,Worker Fell,0,1,Bronx,10473.0,40.824029,-73.843362,209.0,18.0,2037020049.0,98.0,BX0903,,,,,15.6,0.0,11.1
3107741.0,5/4/2025,Accident,Other Construction Related,0,1,Brooklyn,11226.0,40.655503,-73.948826,309.0,40.0,3048280021.0,804.0,BK0902,2.0,2.0,2.0,0.0,16.6,13.7,13.8
1022687.0,8/6/2024,Incident,Material Failure (Fell),0,0,Manhattan,10105.0,40.759417,-73.98319,105.0,4.0,1010000064.0,125.0,MN0502,9.0,9.0,9.0,0.0,25.7,32.0,16.6
1080352.0,11/11/2024,Accident,Worker Fell,0,1,Manhattan,10018.0,40.757406,-74.000787,104.0,3.0,1007080065.0,9903.0,MN0401,24.0,24.0,24.0,0.0,15.8,3.3,25.7
1037552.0,12/11/2025,Accident,Worker Fell,0,1,Manhattan,10017.0,40.750214,-73.973108,106.0,4.0,1013160023.0,88.0,MN0603,133.0,133.0,133.0,0.0,0.9,0.0,23.1
1052167.0,9/26/2024,Accident,Worker Fell,0,1,Manhattan,10029.0,40.794317,-73.94327,111.0,8.0,1016370141.0,172.0,MN1101,2.0,2.0,2.0,0.0,20.2,7.2,17.2
1080352.0,5/12/2025,Accident,Worker Fell,0,1,Manhattan,10018.0,40.757406,-74.000787,104.0,3.0,1007080065.0,9903.0,MN0401,24.0,24.0,24.0,0.0,16.2,0.0,11.6
4846998.0,12/8/2025,Accident,Worker Fell,1,0,Queens,11101.0,40.756545,-73.935047,401.0,26.0,4003670033.0,3302.0,QN0105,34.0,34.0,34.0,1.0,-1.8,0.0,17.9
1037552.0,7/21/2025,Incident,Material Failure (Fell),0,0,Manhattan,10017.0,40.750214,-73.973108,106.0,4.0,1013160023.0,88.0,MN0603,133.0,133.0,133.0,0.0,27.2,0.0,17.1
3061068.0,11/15/2024,Accident,Worker Fell,0,1,Brooklyn,11211.0,40.705427,-73.951825,301.0,33.0,3022280016.0,529.0,BK0103,2.0,2.0,2.0,0.0,8.6,0.0,14.7
1072932.0,1/14/2025,Accident,Worker Fell,0,1,Manhattan,10028.0,40.780356,-73.959754,108.0,4.0,1014967501.0,15001.0,MN0802,37.0,37.0,37.0,1.0,-1.6,0.0,20.9
3330263.0,3/12/2025,Accident,Worker Fell,1,1,Bronx,11237.0,40.79861702866439,-73.8978993053276,110.0,3.0,1007940030.0,199.0,MN0101,45.0,2.0,7.0,0.0,14.820086155779515,0.9604640900718973,12.538903261039325
1044689.0,5/16/2025,Accident,Worker Fell,0,1,Manhattan,10065.0,40.763592,-73.961703,108.0,5.0,1014390001.0,118.0,MN0801,14.0,14.0,14.0,1.0,17.8,0.7,14.1
1040751.0,12/18/2024,Accident,Scaffold/Shoring Installations,0,1,Manhattan,10022.0,40.764454,-73.972871,108.0,4.0,1013740001.0,11401.0,MN0802,125.0,125.0,125.0,1.0,6.5,3.4,9.6
3032103.0,5/29/2024,Accident,Worker Fell,1,2,Brooklyn,11249.0,40.72200130012826,-73.99634875200297,309.0,4.0,3030270001.0,95.0,MN0604,11.0,8.0,8.0,1.0,25.36960963529187,0.9703386264474438,14.535541900452408
1010647.0,2/11/2025,Accident,Other Construction Related,0,2,Manhattan,10011.0,40.737213,-73.996958,102.0,3.0,1006090039.0,71.0,MN0203,8.0,8.0,8.0,0.0,-4.2,1.2,5.7
2112853.0,8/26/2025,Accident,Worker Fell,0,1,Bronx,10457.0,40.845895,-73.89852,206.0,15.0,2029170017.0,395.0,BX0602,5.0,5.0,5.0,1.0,23.1,0.0,16.2
1030865.0,8/22/2024,Notification,Material Failure (Fell),0,0,Manhattan,10024.0,40.782362,-73.98084,107.0,6.0,1011680044.0,163.0,MN0702,35.0,35.0,35.0,1.0,19.0,0.0,17.1
3086213.0,9/9/2025,Accident,Other Construction Related,1,0,Brooklyn,11207.0,40.681356,-73.892698,305.0,37.0,3038860010.0,114202.0,BK0501,2.0,2.0,2.0,0.0,18.0,0.0,11.1
1028168.0,6/6/2024,Incident,Other Construction Related,0,0,Manhattan,10023.0,40.772885,-73.979865,107.0,6.0,1011187503.0,149.0,MN0701,39.0,39.0,39.0,1.0,23.1,33.7,27.6
4436927.0,2/29/2024,Accident,Worker Fell,0,1,Queens,11101.0,40.753677,-73.918732,401.0,22.0,4007040001.0,159.0,QN0104,4.0,4.0,4.0,0.0,0.9,0.2,36.0
1091755.0,2/20/2025,Accident,Other Construction Related,0,1,Manhattan,10012.0,40.724705,-74.002782,102.0,1.0,1004890025.0,47.0,MN0201,8.0,8.0,8.0,1.0,-4.8,0.9,19.3
3140722.0,5/5/2024,Incident,Other Construction Related,0,0,Brooklyn,11219.0,40.629859,-73.997503,312.0,44.0,3057040043.0,192.0,BK1202,8.0,8.0,8.0,0.0,10.8,9.3,27.5
1091786.0,11/1/2025,Accident,Worker Fell,0,1,Manhattan,10018.0,40.755474,-73.994799,104.0,3.0,1007350025.0,111.0,MN0401,29.0,29.0,29.0,1.0,10.3,0.0,22.0
3144161.0,7/11/2024,Not DOB Jurisdiction,Worker Fell,0,1,Brooklyn,11220.0,40.6365,-74.01928,310.0,47.0,3058180027.0,126.0,BK1001,1.0,1.0,1.0,0.0,26.4,1.6,30.5
1087645.0,1/9/2024,Accident,Mechanical Construction Equipment,0,5,Manhattan,10034.0,40.864118,-73.916764,112.0,10.0,1021890060.0,299.0,MN1203,2.0,2.0,2.0,0.0,3.7,31.2,49.9
1091791.0,11/25/2024,Incident,Mechanical Construction Equipment,0,0,Manhattan,10029.0,40.793971,-73.942403,111.0,8.0,1016607503.0,180.0,MN1102,5.0,5.0,5.0,0.0,6.7,0.0,12.0
1088394.0,10/3/2024,Accident,Worker Fell,0,1,Manhattan,10013.0,40.716715,-74.000346,101.0,1.0,1001670001.0,2901.0,MN0102,3.0,3.0,3.0,0.0,17.9,0.1,15.1
3023674.0,12/20/2024,Accident,Other Construction Related,1,0,Staten Island,11432.0,40.61503517122612,-73.91612339027328,106.0,20.0,1014660037.0,100.0,BK1602,27.0,8.0,9.0,1.0,14.670893126495619,8.480967870120354,25.282634499192532
4018225.0,4/15/2024,Incident,Other Construction Related,0,0,Queens,11105.0,40.776956,-73.915371,401.0,22.0,4008560007.0,101.0,QN0101,22.0,22.0,22.0,1.0,17.9,0.0,23.6
1091731.0,8/27/2025,Accident,Worker Fell,0,1,Manhattan,10021.0,40.771548,-73.958849,108.0,5.0,1014290045.0,134.0,MN0801,37.0,37.0,37.0,1.0,21.1,0.2,14.8
1043261.0,4/20/2025,Accident,Worker Fell,1,1,Manhattan,10011.0,40.74899743154459,-74.17385080488923,101.0,4.0,1007350035.0,13.0,MN0702,42.0,6.0,7.0,0.0,21.59751758375545,11.04249434688392,14.643405619738626
1007020.0,5/14/2024,Accident,Worker Fell,0,1,Manhattan,10013.0,40.721351,-73.99908,102.0,1.0,1004737503.0,45.0,MN0201,13.0,13.0,13.0,0.0,16.3,3.2,21.3
1081114.0,4/24/2025,Accident,Other Construction Related,0,1,Manhattan,10037.0,40.811232,-73.936648,111.0,9.0,1017570001.0,210.0,MN1102,4.0,4.0,4.0,1.0,18.8,0.0,15.3
3430207.0,7/22/2025,Accident,Other Construction Related,0,1,Brooklyn,11225.0,40.665392,-73.959888,309.0,35.0,3011920040.0,213.0,BK0901,8.0,8.0,8.0,0.0,23.7,0.3,14.2
1091010.0,4/4/2025,Accident,Material Failure (Fell),0,1,Manhattan,10017.0,40.755641,-73.975109,105.0,4.0,1012830021.0,94.0,MN0502,92.0,92.0,92.0,0.0,16.9,7.6,15.4
4624423.0,7/2/2025,Accident,Worker Fell,0,1,Queens,11101.0,40.74817,-73.938805,402.0,26.0,4002650013.0,1902.0,QN0201,34.0,34.0,34.0,0.0,25.2,3.4,7.6
3000519.0,4/29/2025,Accident,Other Construction Related,0,1,Brooklyn,11217.0,40.687759,-73.982898,302.0,33.0,3001667501.0,37.0,BK0202,34.0,34.0,34.0,1.0,18.8,0.0,19.6
4004582.0,8/2/2024,Accident,Worker Fell,1,2,Queens,11414.0,40.78165095938087,-73.93213199590349,308.0,4.0,3071270004.0,213.0,BK0103,10.0,5.0,9.0,1.0,-4.649056116547799,4.492086739178255,10.754917159182085
3429272.0,5/17/2024,Incident,Material Failure (Fell),0,0,Brooklyn,11222.0,40.731774,-73.9604,301.0,33.0,3025380001.0,565.0,BK0101,17.0,17.0,17.0,0.0,17.4,0.0,19.0
3010006.0,9/16/2024,Incident,Other Construction Related,0,0,Brooklyn,11232.0,40.656994,-74.002811,307.0,38.0,3006760048.0,101.0,BK0702,1.0,1.0,1.0,0.0,19.0,0.0,17.3
3429652.0,6/11/2024,Accident,Material Failure (Fell),1,0,Manhattan,11201.0,40.74731934880967,-74.06158825320828,313.0,35.0,2028550051.0,13.0,BK0301,3.0,4.0,6.0,0.0,2.11896417334758,0.0708592040536331,17.080394499415164
1009006.0,10/1/2024,Accident,Worker Fell,0,1,Manhattan,10003.0,40.732621,-73.991232,102.0,2.0,1005577501.0,61.0,MN0202,21.0,21.0,21.0,1.0,17.6,0.0,16.5
3861463.0,10/2/2024,Incident,Other Construction Related,0,0,Brooklyn,11231.0,40.670372,-74.003947,306.0,38.0,3006210050.0,5302.0,BK0601,12.0,12.0,12.0,1.0,16.5,0.0,13.9
1091646.0,1/19/2024,Accident,Worker Fell,0,1,Manhattan,10027.0,40.808595,-73.949557,110.0,9.0,1019290158.0,222.0,MN1001,4.0,4.0,4.0,1.0,-2.2,2.1,17.4
4625664.0,11/24/2025,Accident,Worker Fell,0,1,Queens,11101.0,40.756649,-73.921998,401.0,22.0,,57.0,QN0103,1.0,1.0,1.0,1.0,6.9,0.0,13.4
1013043.0,3/7/2025,Accident,Other Construction Related,1,0,Staten Island,10036.0,40.87716822827247,-73.88473881951057,304.0,41.0,1021360005.0,36502.0,QN1001,5.0,7.0,8.0,0.0,11.837850981758672,12.651873662448063,30.99381737174007
1037552.0,8/6/2025,Incident,Other Construction Related,0,0,Manhattan,10017.0,40.750242,-73.973177,106.0,4.0,1013160023.0,88.0,MN0603,133.0,133.0,133.0,0.0,24.0,1.0,12.5
4623739.0,11/28/2025,Accident,Struck By,1,0,Staten Island,10036.0,40.66838516389962,-73.80335892152456,101.0,39.0,3020860034.0,59.0,MN0502,45.0,4.0,4.0,1.0,11.289359808492097,1.4238225350797367,33.451626347607004
