latitude,longitude,permit_count,unique_job_types,unique_work_types,residential_any,temperature,rainfall,wind_speed,is_repeat_site,day_incident_pct,borough_Brooklyn,borough_Manhattan,borough_Queens,borough_Staten Island,check2 description_Material Failure (Fell),check2 description_Mechanical Construction Equipment,check2 description_Other Construction Related,check2 description_Scaffold/Shoring Installations,check2 description_Struck By,check2 description_Worker Fell,record type description_Incident,record type description_Not DOB Jurisdiction,record type description_Notification,fatality
0.46609855825001034,-0.3684096386933701,-0.5098878173510246,-0.4494391615397224,-0.44795450004125487,1,2.2240693932049465,-0.4323050568631192,-0.458689785402224,0,-0.07856843455547749,0,1,0,0,0,1,0,0,0,0,0,0,0,0
0.32943886169695463,-0.27533074834661353,0.24327113866331404,0.3017502293907227,0.30288997264782125,0,1.293754546137726,-0.4323050568631192,-0.86942004900636,0,0.4515700935562317,0,1,0,0,0,0,0,0,0,1,0,0,0,0
1.2752030485969517,1.620745511729461,-0.4434326153497595,-0.38315774469291847,-0.38170351715692463,0,0.8802812807745168,-0.2690911657640817,0.22586065393800275,1,0.4515700935562317,0,0,0,0,0,0,1,0,0,0,0,0,0,0
0.3296462570275875,-0.2163877566618673,1.5059199766873526,1.5610971494799983,1.5616586474500957,0,0.26007138272970315,-0.4323050568631192,-1.0063301368744053,1,0.4515700935562317,0,1,0,0,0,0,0,0,0,1,0,0,0,0
0.439579608635657,-0.029449089397644807,-0.2219152753455422,-0.16221968853690516,-0.16086690754249047,1,0.46680801541130773,-0.4323050568631192,-0.7325099611383147,0,0.1865008295003771,0,1,0,0,0,0,0,0,0,1,0,0,0,0
-0.1741031748030715,-0.4775106481424822,-0.46558434935018117,-0.4052515503085198,-0.403787178118368,0,0.7769129644337146,-0.4323050568631192,0.36277074180604807,0,0.1865008295003771,0,1,0,0,0,0,0,0,0,0,1,0,0,0
1.1448758228068039,0.3005312643349236,0.3983332766662661,0.456406868699932,0.4574755993779251,0,1.0870179134561213,-0.10587727466504428,0.49968082967409344,1,-3.7895381313374417,0,1,0,0,0,0,0,0,0,1,0,0,0,0
-2.100653706774645,-0.18732762070946737,0.3983332766662661,0.456406868699932,0.4574755993779251,1,-1.2904533623823309,-0.4323050568631192,1.0473211811462748,1,0.1865008295003771,1,0,0,0,0,0,0,0,0,1,0,0,0,0
-2.1870269488189855,-0.5094712199289169,-0.2662187433463857,-0.20640729976810782,-0.2050342294653773,1,0.8802812807745168,-0.4323050568631192,-0.1848696096661333,0,0.1865008295003771,1,0,0,0,1,0,0,0,0,0,1,0,0,0
0.5645698612499345,0.09941113917081684,-0.5098878173510246,-0.4494391615397224,-0.44795450004125487,1,0.05333475004809862,1.1998338541272555,2.690242235562819,1,0.1865008295003771,0,1,0,0,0,0,1,0,0,0,0,0,0,0
0.1391743853445664,-0.41517916651705733,1.948954656695787,2.002973261792025,2.003331866678964,0,-1.3938216787231332,-0.4323050568631192,-0.5955998732702694,0,0.1865008295003771,0,1,0,0,0,0,1,0,0,0,0,0,0,0
-0.35513164576310163,-0.7204918712572179,0.3761815426658444,0.4343130630843307,0.4353919384164817,1,0.46680801541130773,-0.4323050568631192,-0.7325099611383147,0,0.1865008295003771,0,1,0,0,0,0,1,0,0,0,0,0,0,0
1.1648272536168325,0.39637114648518873,-0.4434326153497595,-0.38315774469291847,-0.38170351715692463,1,1.0870179134561213,-0.4323050568631192,-0.1848696096661333,1,0.1865008295003771,0,0,0,0,0,0,1,0,0,0,0,0,0,0
0.45149792697119473,-0.18518018263991773,2.2369271987012693,2.290192734794842,2.2904194591777283,1,-0.6702434643375174,0.057336616433993196,-1.4170604004785414,1,0.1865008295003771,0,1,0,0,0,0,0,1,0,0,0,0,0,0
-1.6383556883662656,-0.29191064357087587,-0.46558434935018117,-0.4052515503085198,-0.403787178118368,0,-0.2567701989743082,0.3837643986320681,-0.458689785402224,0,-4.054607395393297,1,0,0,0,0,0,0,0,0,0,1,0,0,0
-1.7161012846550008,-0.716852382061711,-0.19976354134512048,-0.14012588292130385,-0.13878324658104704,1,-1.1870850460415288,-0.4323050568631192,0.0889505660699574,0,-0.07856843455547749,1,0,0,0,0,0,0,0,0,0,1,0,0,0
-0.7193598239301213,2.074551311839127,-0.24406700934596393,-0.4273453559241211,-0.403787178118368,0,-0.566875147996715,-0.2690911657640817,1.458051444750411,1,0.4515700935562317,0,1,0,0,0,0,0,0,0,1,0,0,0,1
0.10467762867728983,-0.6858539740855508,-0.11115660534343356,-0.05175066045889853,-0.0504486027352734,1,-0.3601385153151105,-0.4323050568631192,-0.5955998732702694,0,0.4515700935562317,0,1,0,0,1,0,0,0,0,0,0,0,0,0
0.30991604790363286,0.3582332041483428,-0.4434326153497595,-0.38315774469291847,-0.38170351715692463,0,0.05333475004809862,-0.4323050568631192,-0.5955998732702694,0,-0.07856843455547749,0,0,1,0,0,0,0,0,0,1,0,0,0,0
-1.0548973177831866,0.1501129886540765,-0.3326739453476508,-0.31687632784611447,-0.31545253427259434,0,-2.530873158471958,-0.4323050568631192,-0.5955998732702694,0,0.1865008295003771,1,0,0,0,0,0,0,0,0,1,1,0,0,0
0.611800691220134,0.3807813038774251,-0.5098878173510246,-0.4494391615397224,-0.44795450004125487,1,-1.7039266277455398,-0.4323050568631192,-0.04795952179808796,1,0.4515700935562317,0,0,1,0,1,0,0,0,0,0,0,0,0,0
-0.07679328565488812,0.020862316800260204,-0.4877360833506029,-0.4273453559241211,-0.42587083907981144,0,-1.2904533623823309,-0.4323050568631192,-1.280150312610496,1,-0.07856843455547749,1,0,0,0,0,0,0,0,0,1,0,0,0,0
0.3217099290407909,-0.4582813163390134,-0.4212808813493377,-0.3610639390773171,-0.3596198561954812,1,0.57017633175211,-0.4323050568631192,0.6365909175421388,0,0.4515700935562317,0,1,0,0,0,0,0,1,0,0,0,0,0,0
1.489635994149428,0.5077729824373897,-0.399129147348916,-0.3389701334617158,-0.3375361952340378,1,0.46680801541130773,-0.4323050568631192,0.7735010054101842,0,0.4515700935562317,0,0,0,0,1,0,0,0,0,0,0,0,0,0
-0.364630351907562,0.10829372391248647,-0.4877360833506029,-0.4273453559241211,-0.42587083907981144,0,-0.4635068316559128,-0.4323050568631192,-0.7325099611383147,1,0.1865008295003771,1,0,0,0,0,0,0,0,0,1,0,0,0,0
1.8555504892199477,1.3942047398084612,-0.4434326153497595,-0.38315774469291847,-0.38170351715692463,0,1.1903862297969237,-0.4323050568631192,-0.7325099611383147,0,0.4515700935562317,0,0,0,0,0,0,0,1,0,0,1,0,0,0
0.5556380356759034,-0.4263904665676437,-0.3548256793480726,-0.29478252223051316,-0.29336887331115097,1,0.46680801541130773,-0.4323050568631192,-0.7325099611383147,0,0.4515700935562317,0,1,0,0,0,0,1,0,0,0,1,0,0,0
0.9544869092560361,0.21436879790005042,-0.2662187433463857,-0.20640729976810782,-0.2050342294653773,1,0.8802812807745168,-0.4323050568631192,-1.6908805762146322,0,0.4515700935562317,0,1,0,0,1,0,0,0,0,0,1,0,0,0
-0.9264919553905974,0.1200488556821649,-0.3326739453476508,-0.31687632784611447,-0.31545253427259434,0,0.8802812807745168,-0.4323050568631192,-0.3217796975341787,0,0.4515700935562317,1,0,0,0,0,1,0,0,0,0,1,0,0,0
1.0660102917324548,0.24288510213375458,-0.5098878173510246,-0.4494391615397224,-0.44795450004125487,1,0.7769129644337146,2.505544982919555,-1.0063301368744053,1,-0.07856843455547749,0,1,0,0,0,0,1,0,0,0,0,0,0,0
-1.4157928458516043,-0.556240747752604,-0.399129147348916,-0.3389701334617158,-0.3375361952340378,0,-1.0837167297007264,-0.10587727466504428,-0.458689785402224,0,-0.07856843455547749,1,0,0,0,1,0,0,0,0,0,0,0,0,0
0.4935577000301287,-0.5114234363556901,-0.5098878173510246,-0.4494391615397224,-0.44795450004125487,0,1.3971228624785281,-0.10587727466504428,-0.5955998732702694,0,-3.7895381313374417,0,1,0,0,0,0,1,0,0,0,0,0,1,0
0.08937185327422413,0.26375987349691804,-0.4434326153497595,-0.38315774469291847,-0.38170351715692463,0,0.8802812807745168,-0.4323050568631192,-1.0063301368744053,1,0.1865008295003771,0,0,1,0,0,0,1,0,0,0,0,0,0,0
1.9623269751881072,-2.1413424451059777,-0.4212808813493377,-0.38315774469291847,-0.3375361952340378,1,0.1567030663889009,-0.10587727466504428,-0.458689785402224,1,0.4515700935562317,0,0,0,1,0,0,0,0,0,1,0,0,0,1
-0.364630351907562,0.10829372391248647,-0.4877360833506029,-0.4273453559241211,-0.42587083907981144,0,-1.1870850460415288,-0.4323050568631192,-0.7325099611383147,1,0.1865008295003771,1,0,0,0,0,0,0,0,0,0,0,0,0,0
-1.2045814411020515,0.6785082533594933,-0.5098878173510246,-0.4494391615397224,-0.44795450004125487,0,0.7769129644337146,-0.4323050568631192,1.1842312690143202,0,-3.7895381313374417,1,0,0,0,0,0,1,0,0,0,1,0,0,0
-2.3320930694416715,-1.9500953876446399,-0.5098878173510246,-0.4494391615397224,-0.44795450004125487,1,0.1567030663889009,-0.4323050568631192,1.1842312690143202,0,0.1865008295003771,0,0,0,1,0,0,0,1,0,0,1,0,0,0
0.21779104202215613,0.2574291145129675,-0.4877360833506029,-0.4273453559241211,-0.42587083907981144,0,-1.0837167297007264,-0.4323050568631192,-1.1432402247424507,1,0.1865008295003771,0,0,1,0,0,0,0,0,0,1,0,0,0,0
-0.011989157999610742,-0.418079602350894,-0.46558434935018117,-0.4052515503085198,-0.403787178118368,1,0.6735446480929123,-0.4323050568631192,-0.458689785402224,0,0.4515700935562317,0,1,0,0,0,0,1,0,0,0,1,0,0,0
-0.9323266773599865,0.686819117576243,-0.46558434935018117,-0.4052515503085198,-0.403787178118368,1,1.3971228624785281,-0.2690911657640817,-0.458689785402224,1,0.1865008295003771,1,0,0,0,0,0,1,0,0,0,0,0,0,0
0.5645698612499345,0.09941113917081684,-0.3326739453476508,-0.31687632784611447,-0.31545253427259434,0,-0.566875147996715,-0.4323050568631192,0.6365909175421388,1,-3.7895381313374417,0,1,0,0,0,0,1,0,0,0,0,0,0,0
-0.7379281207497919,-0.42054776169053515,-0.3548256793480726,-0.29478252223051316,-0.29336887331115097,1,1.5004911788193305,-0.4323050568631192,1.7318716204865017,1,0.1865008295003771,1,0,0,0,0,0,1,0,0,0,0,0,0,0
-0.5426446773953015,-0.7905067189624206,-0.2219152753455422,-0.16221968853690516,-0.16086690754249047,1,0.26007138272970315,0.5469782897311056,0.9104110932782294,1,0.1865008295003771,0,1,0,0,0,0,0,0,0,1,0,0,0,0
0.39717417669226934,1.751655567545985,-0.46558434935018117,-0.4052515503085198,-0.403787178118368,0,-1.3938216787231332,-0.4323050568631192,-0.86942004900636,1,0.4515700935562317,0,0,1,0,0,0,0,0,0,1,0,0,0,1
1.8164910352779615,0.5812042088890987,-0.4434326153497595,-0.38315774469291847,-0.38170351715692463,1,0.7769129644337146,-0.4323050568631192,-0.86942004900636,1,0.1865008295003771,0,1,0,0,0,0,0,0,0,1,0,0,0,0
-0.01492034533974633,1.9305343698482862,-0.4434326153497595,-0.38315774469291847,-0.38170351715692463,0,-0.566875147996715,0.7101921808301431,1.5949615326184563,0,-0.07856843455547749,0,0,1,0,0,0,0,0,0,0,1,0,0,0
0.5680679291604993,-0.2827073375591147,0.33187807466500097,0.390125451853128,0.39122461649359486,1,-0.9803484133599242,-0.4323050568631192,0.36277074180604807,1,-0.07856843455547749,0,1,0,0,0,0,1,0,0,0,0,0,0,0
0.3676963870269966,-0.30602237945569516,5.205259554757781,5.25076268728542,5.249630028011146,0,0.8802812807745168,-0.10587727466504428,-0.5955998732702694,1,0.1865008295003771,0,1,0,0,0,0,1,0,0,0,0,0,0,0
0.3676963870269966,-0.30602237945569516,5.205259554757781,5.25076268728542,5.249630028011146,0,0.05333475004809862,-0.4323050568631192,-0.7325099611383147,1,-0.07856843455547749,0,1,0,0,0,0,1,0,0,0,0,0,0,0
-1.2992228436622997,-0.31306430299509186,-0.4212808813493377,-0.3610639390773171,-0.3596198561954812,0,1.5004911788193305,-0.4323050568631192,2.1426018840906376,0,0.1865008295003771,1,0,0,0,0,0,1,0,0,0,0,0,0,0
-0.3598326065915338,-0.687150803569128,1.0185818286780746,1.075033425936769,1.0758181062983405,1,-1.6005583114047377,-0.4323050568631192,-1.8277906640826775,0,0.1865008295003771,0,1,0,0,0,0,0,0,0,1,0,0,0,0
0.3133726367480712,1.2157721584035668,-0.3769774133484943,-0.31687632784611447,-0.31545253427259434,0,-2.3241365257903537,-0.4323050568631192,-1.6908805762146322,0,0.4515700935562317,0,0,1,0,0,0,0,0,0,1,0,0,0,0
-0.7454496580752245,-0.40175070638146004,-0.4434326153497595,-0.38315774469291847,-0.38170351715692463,0,-0.4635068316559128,-0.4323050568631192,0.9104110932782294,1,-3.7895381313374417,1,0,0,0,0,0,1,0,0,0,0,0,0,0
0.17951969033667312,-0.5257303938830876,-0.4877360833506029,-0.4273453559241211,-0.42587083907981144,0,-1.1870850460415288,-0.4323050568631192,-1.0063301368744053,0,0.4515700935562317,0,1,0,0,1,0,0,0,0,0,1,0,0,0
-0.5884652191169027,-0.30920170335058433,-0.46558434935018117,-0.4052515503085198,-0.403787178118368,1,0.57017633175211,-0.2690911657640817,-1.0063301368744053,0,-0.07856843455547749,1,0,0,0,0,0,1,0,0,0,1,0,0,0
-0.15046729175232182,-3.2518458385295155,-0.17761180734469875,-0.29478252223051316,-0.38170351715692463,0,-1.0837167297007264,1.8526894185234053,-0.3217796975341787,1,0.4515700935562317,0,1,0,0,0,0,0,0,0,1,0,0,0,1
0.2754192912363563,0.36685084523217104,-0.399129147348916,-0.3389701334617158,-0.3375361952340378,0,-0.8769800970191218,-0.4323050568631192,3.3747926749030457,1,0.4515700935562317,0,0,1,0,0,0,1,0,0,0,0,0,0,0
-0.5042074094453123,-0.3182376765257932,-0.4434326153497595,-0.38315774469291847,-0.38170351715692463,0,-1.7039266277455398,-0.4323050568631192,0.9104110932782294,1,0.4515700935562317,1,0,0,0,0,0,1,0,0,0,0,0,0,0
-0.9230077138354734,-0.235658921674375,-0.2883704773468074,-0.22850110538370916,-0.2271178904268207,0,0.8802812807745168,-0.4323050568631192,-0.3217796975341787,1,0.4515700935562317,1,0,0,0,0,0,1,0,0,0,1,0,0,0
1.1448758228068039,0.3005312643349236,0.3983332766662661,0.456406868699932,0.4574755993779251,0,0.9836495971153191,-0.2690911657640817,0.36277074180604807,1,0.1865008295003771,0,1,0,0,0,1,0,0,0,0,0,0,0,0
1.2526246102651146,0.5966824962725602,-0.399129147348916,-0.3389701334617158,-0.3375361952340378,1,0.36343969907050544,0.22055050753303065,0.7735010054101842,0,0.4515700935562317,0,0,0,0,0,0,0,0,0,1,0,0,0,0
-0.5516179820353609,-0.26046601469711095,-0.399129147348916,-0.3389701334617158,-0.3375361952340378,1,-1.3938216787231332,-0.4323050568631192,0.9104110932782294,0,0.1865008295003771,1,0,0,0,0,0,0,0,0,1,0,0,0,0
-0.48415919414768777,2.452110821463109,-0.5098878173510246,-0.4494391615397224,-0.44795450004125487,1,-0.4635068316559128,-0.4323050568631192,-0.458689785402224,0,0.4515700935562317,0,0,1,0,0,0,0,0,0,0,1,0,0,0
0.4515670587481051,1.822521023836962,-0.5098878173510246,-0.4494391615397224,-0.44795450004125487,0,-1.3938216787231332,-0.4323050568631192,0.49968082967409344,1,0.4515700935562317,0,0,1,0,0,0,0,0,0,1,0,0,0,0
-0.5795472198983127,-0.28170334053960305,-0.19976354134512048,-0.14012588292130385,-0.13878324658104704,0,-0.8769800970191218,-0.4323050568631192,-0.3217796975341787,1,0.1865008295003771,1,0,0,0,0,0,1,0,0,0,0,0,0,0
1.8218971402306439,1.2582189212823267,-0.3326739453476508,-0.2726887166149118,-0.27128521234970754,1,-1.2904533623823309,-0.4323050568631192,1.5949615326184563,0,0.4515700935562317,0,0,0,0,0,0,0,0,0,1,0,0,0,0
-0.38029561255052236,-0.7480599560836605,-0.5098878173510246,-0.4494391615397224,-0.44795450004125487,0,-1.0837167297007264,-0.4323050568631192,-0.04795952179808796,0,0.4515700935562317,0,1,0,0,0,0,0,0,0,1,0,1,0,0
0.2518868343835097,-0.4427890845523408,4.607162736746394,4.654229935664184,4.653371182052174,0,0.05333475004809862,-0.4323050568631192,-0.1848696096661333,0,0.1865008295003771,0,1,0,0,0,1,0,0,0,0,0,0,0,0
-0.8332055356573799,0.7306882095658954,-0.00039793534132493693,0.058718367619108106,0.059969702071943666,1,1.293754546137726,0.057336616433993196,0.0889505660699574,1,-3.7895381313374417,1,0,0,0,0,0,0,0,0,1,0,0,0,0
0.2263495560009497,0.28984985160002,0.22111940466289232,0.2796564237751214,0.2808063116863778,0,1.293754546137726,-0.4323050568631192,-0.7325099611383147,1,0.4515700935562317,0,0,1,0,0,0,0,0,0,1,0,0,0,0
-1.3743690851401082,-0.3293653101583016,-0.5098878173510246,-0.4494391615397224,-0.44795450004125487,0,-1.1870850460415288,-0.4323050568631192,-0.7325099611383147,0,0.1865008295003771,1,0,0,0,0,0,0,0,0,0,1,0,0,0
1.7887968454565246,0.7079030549851959,-0.5098878173510246,-0.4494391615397224,-0.44795450004125487,1,-0.566875147996715,-0.4323050568631192,-0.86942004900636,1,0.1865008295003771,0,0,0,0,0,0,1,0,0,0,0,0,0,0
0.7576134350331964,-0.23561708846533602,-0.3548256793480726,-0.29478252223051316,-0.29336887331115097,1,-0.4635068316559128,-0.4323050568631192,-0.3217796975341787,1,0.4515700935562317,0,1,0,0,0,0,0,0,0,1,0,0,0,0
1.1978834658758517,-3.2770155380355996,-0.4434326153497595,-0.29478252223051316,-0.29336887331115097,1,1.6038594951601328,-0.4323050568631192,1.5949615326184563,1,0.1865008295003771,0,0,1,0,0,0,0,0,1,0,0,0,0,1
-0.3578969168386326,-0.6835252587766341,2.0818650606983176,2.135536095485633,2.1358338324476245,0,-1.2904533623823309,-0.4323050568631192,-0.7325099611383147,1,0.1865008295003771,0,1,0,0,0,0,0,0,0,1,0,0,0,0
0.3296462570275875,-0.2163877566618673,1.5059199766873526,1.5610971494799983,1.5616586474500957,0,-0.15340188263350593,-0.4323050568631192,-1.8277906640826775,1,-3.7895381313374417,0,1,0,0,0,0,1,0,0,0,0,0,0,0
0.21821965903886292,-0.4825585220458684,-0.022549669341746664,0.03662456200350678,0.03788604111050026,0,-1.2904533623823309,-0.4323050568631192,1.1842312690143202,1,0.4515700935562317,0,1,0,0,0,0,0,0,0,1,0,0,0,0
1.532926312837013,0.4726470311588806,-0.4877360833506029,-0.4273453559241211,-0.42587083907981144,0,0.1567030663889009,0.5469782897311056,0.22586065393800275,1,0.1865008295003771,0,0,0,0,0,0,1,0,0,0,0,0,0,0
0.05375516182123519,1.3913321927804525,-0.4434326153497595,-0.38315774469291847,-0.38170351715692463,0,0.9836495971153191,-0.4323050568631192,1.0473211811462748,1,0.1865008295003771,0,0,1,0,0,0,0,0,0,1,0,0,0,0
0.6672858553508001,0.8038823811657891,-0.17761180734469875,-0.11803207730570252,-0.11669958561960364,0,1.293754546137726,-0.4323050568631192,1.3211413568823656,1,-0.07856843455547749,0,0,1,0,0,0,0,0,0,1,0,0,0,0
-0.3063246112798955,0.24473970773904052,-0.4434326153497595,-0.38315774469291847,-0.38170351715692463,0,0.05333475004809862,1.1998338541272555,2.690242235562819,0,0.1865008295003771,1,0,0,0,0,0,1,0,0,0,0,0,0,0
-1.2376784439205704,-3.094198072913989,-0.1333083393438553,-0.38315774469291847,-0.3375361952340378,1,2.1207010768641443,-0.10587727466504428,1.3211413568823656,1,-0.07856843455547749,0,1,0,0,0,0,0,0,1,0,0,0,0,1
-2.3359782753028164,-1.967846612724966,-0.46558434935018117,-0.4052515503085198,-0.403787178118368,1,-1.6005583114047377,-0.2690911657640817,-1.964700751950723,0,-0.07856843455547749,0,0,0,1,1,0,0,0,0,0,1,0,0,0
-0.4823894206592929,-0.015950907246982532,-0.5098878173510246,-0.4494391615397224,-0.44795450004125487,0,-0.566875147996715,5.116967240504154,0.22586065393800275,0,0.1865008295003771,1,0,0,0,0,0,0,0,0,0,1,0,0,0
-0.8557563212784332,0.6391571479575444,-0.5098878173510246,-0.4494391615397224,-0.44795450004125487,1,-1.1870850460415288,-0.2690911657640817,-0.5955998732702694,1,0.1865008295003771,1,0,0,0,0,0,1,0,0,0,1,0,0,0
0.7185263283804264,-0.22566078468889156,-0.17761180734469875,-0.11803207730570252,-0.11669958561960364,1,0.7769129644337146,-0.4323050568631192,-0.7325099611383147,1,0.1865008295003771,0,1,0,0,0,0,1,0,0,0,1,0,0,0
1.1351282422655842,0.9629182979306626,-0.2662187433463857,-0.20640729976810782,-0.2050342294653773,1,1.0870179134561213,-0.4323050568631192,-0.5955998732702694,0,0.1865008295003771,0,0,0,0,0,0,1,0,0,0,0,0,0,0
1.3400126803242727,-0.12438073760899933,-0.00039793534132493693,-0.3389701334617158,-0.38170351715692463,0,0.26007138272970315,-0.2690911657640817,0.36277074180604807,1,0.4515700935562317,1,0,0,0,1,0,0,0,0,0,0,0,0,1
0.3296462570275875,-0.2163877566618673,1.5059199766873526,1.5610971494799983,1.5616586474500957,0,-0.9803484133599242,-0.4323050568631192,-1.0063301368744053,1,-0.07856843455547749,0,1,0,0,0,0,0,0,0,1,0,0,0,0
0.419268692585832,-0.15057017427427663,0.08820900066036197,0.14709359008151343,0.14830434591771732,1,0.6735446480929123,-0.4323050568631192,-0.3217796975341787,0,0.4515700935562317,0,1,0,0,0,0,0,0,0,1,0,0,0,0
1.8047109804962445,0.4188634686020209,-0.3326739453476508,-0.2726887166149118,-0.27128521234970754,0,-0.4635068316559128,-0.4323050568631192,0.49968082967409344,1,-0.07856843455547749,0,1,0,0,0,0,1,0,0,0,0,0,0,0
-0.2085584524042215,-0.5683026563891628,-0.46558434935018117,-0.4052515503085198,-0.403787178118368,0,0.46680801541130773,-0.4323050568631192,-0.5955998732702694,0,0.4515700935562317,0,1,0,0,0,0,0,0,0,1,0,0,0,0
0.4064101820845292,-0.36097727186861883,-0.24406700934596393,-0.1843134941525065,-0.18295056850393387,0,0.26007138272970315,0.7101921808301431,0.6365909175421388,1,0.4515700935562317,0,1,0,0,1,0,0,0,0,0,0,0,0,0
1.163831756029598,0.014252669755455331,-0.3105222113472291,-0.25059491099931047,-0.24920155138826414,1,-0.9803484133599242,0.5469782897311056,0.22586065393800275,1,0.1865008295003771,0,1,0,0,0,0,0,0,0,1,0,0,0,0
1.5339909422010596,0.4739578050454708,-0.4877360833506029,-0.4273453559241211,-0.42587083907981144,0,1.5004911788193305,0.057336616433993196,-0.3217796975341787,1,0.4515700935562317,0,0,0,0,0,1,0,0,0,0,0,0,0,0
-0.49700387829354953,0.6268581844689721,-0.46558434935018117,-0.4052515503085198,-0.403787178118368,1,1.293754546137726,-0.4323050568631192,-0.458689785402224,1,0.4515700935562317,1,0,0,0,0,0,1,0,0,0,1,0,0,0
-0.5794642617660596,-0.2837113345786264,-0.19976354134512048,-0.14012588292130385,-0.13878324658104704,0,0.26007138272970315,-0.4323050568631192,0.49968082967409344,1,-3.7895381313374417,1,0,0,0,0,0,1,0,0,0,0,0,0,0
-0.6004250165186653,-0.27908179276662076,-0.24406700934596393,-0.1843134941525065,-0.18295056850393387,1,0.36343969907050544,-0.4323050568631192,-0.86942004900636,1,0.1865008295003771,1,0,0,0,0,0,0,0,0,1,0,0,0,0
0.3873159853079143,-0.14454619215740463,-0.11115660534343356,-0.05175066045889853,-0.0504486027352734,0,1.5004911788193305,-0.4323050568631192,-0.3217796975341787,1,0.4515700935562317,0,1,0,0,0,0,0,1,0,0,0,0,0,0
0.5228419207200131,-0.42015731840518045,-0.00039793534132493693,0.058718367619108106,0.059969702071943666,0,-0.6702434643375174,1.689475527424368,-0.5955998732702694,0,0.4515700935562317,0,1,0,0,0,0,1,0,0,0,0,0,0,0
1.0190974679360232,1.4357451164889987,-0.4434326153497595,-0.38315774469291847,-0.38170351715692463,0,-1.3938216787231332,-0.2690911657640817,-1.280150312610496,0,-0.07856843455547749,0,0,0,0,0,0,0,1,0,0,1,0,0,0
-1.8886127207023637,2.467505442428294,-0.3548256793480726,-0.29478252223051316,-0.29336887331115097,1,-0.7736117806783196,0.057336616433993196,-0.458689785402224,1,0.1865008295003771,0,0,1,0,0,0,0,0,0,1,0,0,0,0
-0.6026787124452364,-0.4428588065676039,-0.3326739453476508,-0.2726887166149118,-0.27128521234970754,1,-1.9106632604271445,-0.4323050568631192,0.36277074180604807,0,0.1865008295003771,1,0,0,0,0,0,0,0,0,1,0,0,0,0
-1.8585265714005352,-1.8300898550118219,-0.17761180734469875,-0.11803207730570252,-0.11669958561960364,0,1.0870179134561213,-0.4323050568631192,0.49968082967409344,1,0.1865008295003771,0,0,0,1,0,0,0,0,0,0,1,0,0,0
-0.9104533831524978,-0.42520519230856674,0.1989676706624706,0.2575626181595201,0.2587226507249344,1,0.46680801541130773,-0.4323050568631192,-0.1848696096661333,1,0.1865008295003771,1,0,0,0,0,0,1,0,0,0,1,0,0,0
-0.1728449764636366,0.03484855305756625,-0.5098878173510246,-0.4494391615397224,-0.44795450004125487,1,0.8802812807745168,-0.4323050568631192,-1.0063301368744053,1,0.1865008295003771,1,0,0,0,0,0,1,0,0,0,1,0,0,0
-0.7738766447316953,-0.4175915482442502,-0.4877360833506029,-0.4273453559241211,-0.42587083907981144,0,-0.566875147996715,0.057336616433993196,0.22586065393800275,1,0.4515700935562317,1,0,0,0,0,0,0,0,0,0,1,0,0,0
1.5914532751507535,0.7784477900058832,-0.3326739453476508,-0.2726887166149118,-0.27128521234970754,1,1.6038594951601328,2.1791172007214805,-1.1432402247424507,0,-0.07856843455547749,0,0,0,0,0,0,0,0,0,1,0,0,0,0
1.8164910352779615,0.5812042088890987,-0.3326739453476508,-0.31687632784611447,-0.31545253427259434,0,0.57017633175211,-0.4323050568631192,-0.458689785402224,0,0.1865008295003771,0,1,0,0,0,0,0,0,0,1,0,0,0,0
-1.3484723215176537,-0.7147467772013985,-0.399129147348916,-0.3389701334617158,-0.3375361952340378,1,-0.3601385153151105,-0.4323050568631192,0.49968082967409344,1,-0.07856843455547749,1,0,0,0,0,0,0,0,0,1,0,0,0,0
0.28898294586181095,0.4027437386783764,-0.4877360833506029,-0.4273453559241211,-0.42587083907981144,0,-1.2904533623823309,-0.4323050568631192,-0.86942004900636,1,0.4515700935562317,0,0,1,0,1,0,0,0,0,0,1,0,0,0
0.859610458654371,0.23967788943264126,-0.4212808813493377,-0.3610639390773171,-0.3596198561954812,0,-0.6702434643375174,-0.4323050568631192,-1.0063301368744053,1,0.4515700935562317,0,1,0,0,0,1,0,0,0,0,1,0,0,0
-0.6004250165186653,-0.27908179276662076,-0.24406700934596393,-0.1843134941525065,-0.18295056850393387,1,1.1903862297969237,-0.4323050568631192,-0.04795952179808796,1,0.1865008295003771,1,0,0,0,0,0,0,0,0,1,0,0,0,0
-1.376138858628405,-2.670951303221296,-0.5098878173510246,-0.4494391615397224,-0.44795450004125487,0,-0.9803484133599242,-0.4323050568631192,-0.04795952179808796,0,0.4515700935562317,0,0,0,1,0,0,1,0,0,0,1,0,0,0
1.7519357820195418,1.0223632881250657,-0.5098878173510246,-0.4494391615397224,-0.44795450004125487,1,-2.117399893108749,-0.4323050568631192,-1.4170604004785414,1,0.4515700935562317,0,0,0,0,0,0,1,0,0,0,1,0,0,0
0.5645698612499345,0.09941113917081684,-0.5098878173510246,-0.4494391615397224,-0.44795450004125487,1,-1.2904533623823309,-0.4323050568631192,-0.86942004900636,1,-0.07856843455547749,0,1,0,0,1,0,0,0,0,0,0,0,0,0
0.41788605704801735,-0.22577233991319368,1.3730095726848222,1.4285343157863903,1.4291566816814352,1,0.05333475004809862,2.505544982919555,1.7318716204865017,1,0.1865008295003771,0,1,0,0,0,0,0,0,0,1,0,0,0,0
-0.5042074094453123,-0.3182376765257932,0.1103607346607837,0.16918739569711475,0.17038800687916072,1,-1.1870850460415288,-0.4323050568631192,1.5949615326184563,1,0.4515700935562317,1,0,0,0,0,0,0,0,0,1,0,0,0,0
0.3818545749337626,-0.3290724776942361,-0.3326739453476508,-0.2726887166149118,-0.27128521234970754,0,1.293754546137726,4.790539458306079,-0.458689785402224,0,-0.07856843455547749,0,1,0,0,1,0,0,0,0,0,1,0,0,0
0.27662218415422357,-0.4043443653484163,-0.2883704773468074,-0.22850110538370916,-0.2271178904268207,0,-1.2904533623823309,-0.4323050568631192,-0.5955998732702694,0,0.1865008295003771,0,1,0,0,0,0,1,0,0,0,0,0,0,0
1.1448758228068039,0.3005312643349236,0.3983332766662661,0.456406868699932,0.4574755993779251,0,0.8802812807745168,-0.4323050568631192,-0.04795952179808796,1,0.1865008295003771,0,1,0,0,1,0,0,0,0,0,1,0,0,0
0.2112096968623903,0.2850529769514621,-0.4434326153497595,-0.38315774469291847,-0.38170351715692463,0,1.6038594951601328,-0.10587727466504428,0.36277074180604807,1,0.4515700935562317,0,0,1,0,0,0,1,0,0,0,0,0,0,0
0.46839373324270794,0.4879161524967509,-0.5098878173510246,-0.4494391615397224,-0.44795450004125487,1,1.7072278115009352,0.22055050753303065,-0.458689785402224,1,0.1865008295003771,0,0,1,0,0,0,0,0,0,1,0,0,0,0
0.41788605704801735,-0.22577233991319368,1.3730095726848222,1.4285343157863903,1.4291566816814352,1,-1.2904533623823309,-0.4323050568631192,-1.280150312610496,1,0.4515700935562317,0,1,0,0,0,0,0,0,0,1,0,0,0,0
0.7981341779318151,0.8164847012120181,0.33187807466500097,-0.38315774469291847,-0.29336887331115097,0,-1.0837167297007264,-0.2690911657640817,-0.7325099611383147,1,0.4515700935562317,0,0,0,1,0,0,0,0,1,0,0,0,0,1
-0.0003473667716162817,-0.011279532225937909,-0.5098878173510246,-0.4494391615397224,-0.44795450004125487,0,0.9836495971153191,-0.4323050568631192,-1.5539704883465868,1,0.1865008295003771,1,0,0,0,0,0,0,0,0,1,0,0,0,0
0.32672889604289296,-0.5237642330533014,-0.4877360833506029,-0.4273453559241211,-0.42587083907981144,0,-0.15340188263350593,0.3837643986320681,0.7735010054101842,0,0.4515700935562317,0,1,0,0,0,1,0,0,0,0,0,0,0,0
0.3540497742692888,-0.5744521381335481,-0.00039793534132493693,0.058718367619108106,0.059969702071943666,0,0.7769129644337146,0.3837643986320681,0.6365909175421388,1,0.4515700935562317,0,1,0,0,0,0,1,0,0,0,0,0,0,0
-1.6144198997743178,0.6061313594113533,0.06605726665994024,-0.29478252223051316,-0.27128521234970754,1,0.1567030663889009,0.8734060719291806,0.7735010054101842,1,0.1865008295003771,0,0,0,1,0,0,1,0,0,0,0,0,0,1
0.43604006165896547,-0.020943003538316834,-0.399129147348916,-0.3389701334617158,-0.3375361952340378,0,1.1903862297969237,-0.4323050568631192,0.7735010054101842,1,0.1865008295003771,0,1,0,0,0,0,1,0,0,0,0,0,1,0
0.004865169205775912,-0.6207893894626435,-0.3769774133484943,-0.31687632784611447,-0.31545253427259434,1,-1.2904533623823309,-0.4323050568631192,-0.7325099611383147,0,0.1865008295003771,0,1,0,0,0,0,0,0,0,1,0,0,0,0
1.5339909422010596,0.4739578050454708,-0.4877360833506029,-0.4273453559241211,-0.42587083907981144,0,-0.4635068316559128,0.8734060719291806,-0.04795952179808796,1,-0.07856843455547749,0,0,0,0,0,0,0,0,0,1,0,0,0,0
1.4366376046962481,1.3654298137723162,0.5090919466683748,-0.3610639390773171,-0.38170351715692463,1,-0.3601385153151105,-0.2690911657640817,1.5949615326184563,1,0.1865008295003771,0,0,0,0,0,0,0,0,0,1,0,0,0,1
-0.7820756734706924,0.7630252802346718,-0.4877360833506029,-0.4273453559241211,-0.42587083907981144,0,0.9836495971153191,0.057336616433993196,-0.5955998732702694,1,0.4515700935562317,1,0,0,0,0,0,1,0,0,0,0,0,0,0
0.016147475193973936,-0.21902324883786253,-0.00039793534132493693,0.058718367619108106,0.059969702071943666,1,0.9836495971153191,-0.4323050568631192,0.7735010054101842,0,0.4515700935562317,0,1,0,0,0,0,1,0,0,0,0,0,0,0
-2.4753447009645844,1.35288628126678,0.33187807466500097,-0.29478252223051316,-0.403787178118368,1,2.1207010768641443,0.8734060719291806,-0.3217796975341787,1,0.4515700935562317,0,0,1,0,0,0,0,0,1,0,0,0,0,1
0.34329286978539353,-0.3722582939346665,1.0850370306793398,1.141314842783573,1.1420690891826708,0,0.7769129644337146,0.057336616433993196,-0.1848696096661333,0,0.1865008295003771,0,1,0,0,0,0,0,0,0,1,0,0,0,0
0.28386719437211294,-0.3414272187950586,-0.3105222113472291,-0.25059491099931047,-0.24920155138826414,0,0.26007138272970315,-0.4323050568631192,-0.86942004900636,0,0.1865008295003771,0,1,0,0,1,0,0,0,0,0,0,0,0,0
0.8096143576086404,0.19547413176988435,-0.46558434935018117,-0.4052515503085198,-0.403787178118368,0,0.8802812807745168,-0.4323050568631192,-0.86942004900636,0,0.1865008295003771,0,1,0,0,0,0,1,0,0,0,0,0,0,1
-0.3128229983074081,-0.7455499635349804,0.17681593666204887,0.23546881254391874,0.236638989763491,1,-0.7736117806783196,0.7101921808301431,-1.1432402247424507,1,0.4515700935562317,0,1,0,0,0,0,0,0,0,1,0,0,0,0
-0.3578969168386326,-0.6835252587766341,2.0818650606983176,2.135536095485633,2.1358338324476245,0,0.05333475004809862,-0.4323050568631192,-0.1848696096661333,1,0.1865008295003771,0,1,0,0,0,0,0,0,0,1,0,0,0,0
-0.027737376774824282,-0.7070634111218188,-0.5098878173510246,-0.4494391615397224,-0.44795450004125487,1,1.293754546137726,-0.4323050568631192,-0.86942004900636,1,-3.7895381313374417,0,1,0,0,1,0,0,0,0,0,0,0,0,0
-1.1106451826660533,0.07991686370930857,-0.17761180734469875,-0.11803207730570252,-0.11669958561960364,1,-0.7736117806783196,-0.4323050568631192,0.36277074180604807,1,0.1865008295003771,1,0,0,0,0,0,0,0,0,1,0,0,0,0
0.5174040141574429,-0.6708664100523074,0.2875746066641575,-0.38315774469291847,-0.44795450004125487,0,-0.6702434643375174,-0.4323050568631192,-0.5955998732702694,1,-0.07856843455547749,0,0,0,0,0,0,1,0,0,0,0,0,0,1
0.3127781034668581,-0.28755998981992276,-0.3548256793480726,-0.29478252223051316,-0.29336887331115097,0,1.9139644441825399,0.8734060719291806,-0.7325099611383147,1,0.1865008295003771,0,1,0,0,0,0,0,0,0,1,0,0,0,0
0.4552725219893029,-0.2586811311070881,-0.4212808813493377,-0.3610639390773171,-0.3596198561954812,0,0.26007138272970315,0.057336616433993196,0.7735010054101842,1,0.4515700935562317,0,1,0,0,0,0,1,0,0,0,0,0,0,0
0.25174997028557844,-2.3677155383412605,-0.4877360833506029,-0.4273453559241211,-0.403787178118368,0,-0.8769800970191218,0.22055050753303065,1.0473211811462748,1,-4.054607395393297,0,1,0,0,0,0,0,0,0,1,0,0,0,1
-0.7135384298635316,-0.36951124653417095,-0.5098878173510246,-0.4494391615397224,-0.44795450004125487,1,-2.220768209449551,-0.4323050568631192,0.22586065393800275,1,-0.07856843455547749,1,0,0,0,0,0,1,0,0,0,1,0,0,0
-0.26398831111341825,-0.1129900080593376,-0.00039793534132493693,0.058718367619108106,0.059969702071943666,1,1.6038594951601328,-0.2690911657640817,1.458051444750411,0,-0.07856843455547749,1,0,0,0,0,0,0,0,0,1,0,0,0,0
1.3147930948904811,-0.9132616692613742,0.1989676706624706,-0.2726887166149118,-0.44795450004125487,0,0.6735446480929123,-0.4323050568631192,-2.375431015554859,1,0.4515700935562317,0,1,0,0,0,0,0,0,0,1,0,0,0,1
-0.7100403619529667,-0.4073284676009254,-0.5098878173510246,-0.4494391615397224,-0.44795450004125487,1,0.46680801541130773,-0.4323050568631192,-0.5955998732702694,0,0.4515700935562317,1,0,0,0,0,1,0,0,0,0,1,0,0,0
0.1495579782332242,-0.37798944358747294,3.255906962720669,3.306507793112503,3.3062678634041256,0,0.26007138272970315,1.1998338541272555,-1.1432402247424507,0,0.1865008295003771,0,1,0,0,0,0,0,0,0,1,0,0,0,0
-0.15177361086809216,-0.2929843626056507,-0.15546007334427703,-0.09593827169010119,-0.09461592465816022,1,1.5004911788193305,-0.4323050568631192,-0.5955998732702694,0,0.1865008295003771,0,1,0,0,0,0,0,0,0,1,0,0,0,0
0.2263495560009497,0.28984985160002,0.22111940466289232,0.2796564237751214,0.2808063116863778,0,1.1903862297969237,-0.4323050568631192,-1.1432402247424507,1,0.4515700935562317,0,0,1,0,0,0,0,0,0,1,0,0,0,0
-0.27500791634941574,-0.6449550399451963,0.1989676706624706,0.2575626181595201,0.2587226507249344,0,0.9836495971153191,0.057336616433993196,-0.458689785402224,0,0.4515700935562317,0,1,0,0,0,0,0,0,0,1,0,0,0,0
1.0151846093640944,1.0265326646364534,-0.4877360833506029,-0.4273453559241211,-0.42587083907981144,0,1.0870179134561213,-0.2690911657640817,-0.5955998732702694,1,0.4515700935562317,0,0,0,0,0,1,0,0,0,0,0,0,0,0
1.4363353941685209,1.0799676171171957,-0.46558434935018117,-0.4052515503085198,-0.403787178118368,0,-1.4971899950639356,-0.10587727466504428,-0.3217796975341787,0,0.1865008295003771,0,0,0,0,0,0,0,0,0,1,0,0,0,0
-0.5997475251051008,-0.21272037866013618,-0.46558434935018117,-0.4052515503085198,-0.403787178118368,1,1.3971228624785281,-0.4323050568631192,-0.5955998732702694,0,0.4515700935562317,1,0,0,0,0,0,0,0,0,0,0,0,1,0
0.18505023248773517,-0.6783239964395104,0.22111940466289232,0.2796564237751214,0.2808063116863778,1,0.57017633175211,-0.4323050568631192,0.6365909175421388,0,0.4515700935562317,0,1,0,0,0,0,0,0,0,1,0,0,0,0
-0.14431026257804194,1.9207024272979625,0.04390553265951851,-0.31687632784611447,-0.3596198561954812,0,0.46680801541130773,-0.2690911657640817,2.690242235562819,1,0.4515700935562317,0,0,1,0,1,0,0,0,0,0,0,0,0,1
0.303044349280981,-0.560410124263992,1.6609821146903045,1.7157537887892076,1.7162442741801995,0,-2.427504842131156,-0.4323050568631192,-1.1432402247424507,0,0.1865008295003771,0,1,0,0,0,1,0,0,0,0,0,0,0,0
-1.699551137267941,-0.6379549496150368,-0.5098878173510246,-0.4494391615397224,-0.44795450004125487,0,1.293754546137726,-0.10587727466504428,0.36277074180604807,0,0.1865008295003771,1,0,0,0,0,1,0,0,0,0,1,0,0,0
2.1778063465378503,-2.4790596928292015,0.5533954146692183,-0.31687632784611447,-0.44795450004125487,1,-0.566875147996715,0.22055050753303065,-0.1848696096661333,1,0.4515700935562317,0,0,1,0,0,0,0,0,1,0,0,0,0,1
0.13857985206335324,-0.08639803144657884,-0.3326739453476508,-0.31687632784611447,-0.31545253427259434,0,0.05333475004809862,-0.4323050568631192,-0.1848696096661333,0,0.4515700935562317,0,0,0,1,0,0,0,1,0,0,1,0,0,0
1.163831756029598,0.014252669755455331,-0.3105222113472291,-0.25059491099931047,-0.24920155138826414,1,1.1903862297969237,0.8734060719291806,0.0889505660699574,1,0.4515700935562317,0,1,0,0,0,0,1,0,0,0,0,0,0,0
1.979966636550792,-3.642792811177366,-0.04470140334216839,-0.31687632784611447,-0.3596198561954812,0,0.46680801541130773,1.1998338541272555,-0.1848696096661333,1,0.4515700935562317,1,0,0,0,0,0,1,0,0,0,0,0,0,1
-0.9260356856632049,0.26626986604559816,-0.4877360833506029,-0.4273453559241211,-0.42587083907981144,0,0.6735446480929123,-0.4323050568631192,-0.3217796975341787,0,0.4515700935562317,1,0,0,0,0,0,0,0,0,1,0,0,0,0
-1.5591030193413362,0.37128516540159845,-0.4434326153497595,-0.38315774469291847,-0.38170351715692463,0,0.1567030663889009,-0.4323050568631192,-0.86942004900636,0,0.4515700935562317,1,0,0,0,0,0,1,0,0,0,1,0,0,0
-0.8220061878014351,0.17929862423398968,-0.2219152753455422,-0.16221968853690516,-0.16086690754249047,1,-0.050033566292703655,-0.4323050568631192,0.9104110932782294,1,0.4515700935562317,1,0,0,0,1,0,0,0,0,0,0,0,0,0
-1.7311858383720908,2.9167801642384323,-0.5098878173510246,-0.4494391615397224,-0.44795450004125487,1,-0.9803484133599242,-0.4323050568631192,0.6365909175421388,1,0.4515700935562317,0,0,1,0,0,0,1,0,0,0,0,0,0,0
0.7576134350331964,-0.23561708846533602,-0.3548256793480726,-0.29478252223051316,-0.29336887331115097,1,0.05333475004809862,-0.10587727466504428,1.0473211811462748,1,-0.07856843455547749,0,1,0,0,0,0,0,0,0,1,0,0,0,0
0.2546106263929141,-0.18848500616232017,2.4141410707046433,2.4669431797196526,2.4670887468692757,0,1.5004911788193305,-0.4323050568631192,-0.3217796975341787,1,0.4515700935562317,0,1,0,0,1,0,0,0,0,0,1,0,0,0
-0.0003473667716162817,-0.011279532225937909,-0.3326739453476508,-0.31687632784611447,-0.31545253427259434,0,0.36343969907050544,-0.4323050568631192,-1.0063301368744053,1,0.4515700935562317,1,0,0,0,0,0,0,0,0,1,0,0,0,0
-0.543930528445422,-0.4308805643493212,0.1103607346607837,0.16918739569711475,0.17038800687916072,0,0.7769129644337146,-0.2690911657640817,-0.04795952179808796,0,0.1865008295003771,1,0,0,0,0,0,1,0,0,0,0,0,0,0
0.13857985206335324,-0.08639803144657884,-0.3326739453476508,-0.31687632784611447,-0.31545253427259434,0,0.05333475004809862,-0.4323050568631192,-0.1848696096661333,1,-0.07856843455547749,0,0,1,0,0,0,1,0,0,0,0,0,0,0
0.2263495560009497,0.28984985160002,0.22111940466289232,0.2796564237751214,0.2808063116863778,0,-0.7736117806783196,-0.4323050568631192,0.22586065393800275,1,0.1865008295003771,0,0,1,0,0,0,0,0,0,1,0,0,0,0
2.0091751238214273,1.190463066871174,-0.08900487134301184,-0.029656854843297203,-0.028364941773829987,1,-0.3601385153151105,-0.4323050568631192,-0.1848696096661333,0,-0.07856843455547749,0,0,0,0,0,0,0,0,0,1,0,0,0,0
1.487285513735261,0.5729770110906252,-0.3326739453476508,-0.31687632784611447,-0.31545253427259434,0,0.8802812807745168,-0.4323050568631192,0.9104110932782294,1,-0.07856843455547749,0,0,0,0,0,1,0,0,0,0,0,0,0,0
-1.9297046488848473,-0.26388239344401365,-0.399129147348916,-0.3389701334617158,-0.3375361952340378,0,2.1207010768641443,-0.4323050568631192,-0.7325099611383147,0,-0.07856843455547749,1,0,0,0,0,0,0,0,0,1,0,0,0,0
0.2593254135766891,0.23603840023713432,-0.5098878173510246,-0.4494391615397224,-0.44795450004125487,1,-0.3601385153151105,-0.4323050568631192,0.0889505660699574,1,0.1865008295003771,0,0,1,0,0,0,1,0,0,0,0,0,0,0
-1.878754529318107,0.42137346115070107,-0.5098878173510246,-0.4494391615397224,-0.44795450004125487,1,-0.7736117806783196,-0.4323050568631192,-0.7325099611383147,0,0.4515700935562317,1,0,0,0,0,0,1,0,0,0,1,0,0,0
0.2255476273890054,0.2903518501098749,-0.17761180734469875,-0.11803207730570252,-0.11669958561960364,0,0.7769129644337146,-0.4323050568631192,-0.3217796975341787,1,-3.7895381313374417,0,0,1,0,0,0,1,0,0,0,0,0,0,0
0.4244120967863138,-0.21755908651793124,2.7242653467105473,2.776256458338071,2.7762600003294833,0,0.05333475004809862,-0.4323050568631192,0.6365909175421388,0,-3.7895381313374417,0,1,0,0,1,0,0,0,0,0,0,0,0,0
0.2449321776285064,-0.16579746240290974,-0.04470140334216839,0.014530756387905453,0.01580238014905684,1,-0.050033566292703655,-0.4323050568631192,0.36277074180604807,1,0.4515700935562317,0,1,0,0,0,0,0,1,0,0,1,0,0,0
-1.1814723638412752,2.425676919851923,-0.04470140334216839,-0.38315774469291847,-0.38170351715692463,0,-0.050033566292703655,-0.4323050568631192,2.0056917962225924,1,0.1865008295003771,0,0,0,0,0,0,1,0,0,0,0,0,0,1
-0.2463937452006029,-0.9727235310697057,0.3761815426658444,-0.4052515503085198,-0.38170351715692463,0,1.3971228624785281,0.057336616433993196,-0.3217796975341787,1,0.4515700935562317,0,1,0,0,0,0,0,0,0,1,0,0,0,1
0.3676963870269966,-0.30602237945569516,5.205259554757781,5.25076268728542,5.249630028011146,0,0.26007138272970315,-0.4323050568631192,-1.5539704883465868,1,0.1865008295003771,0,1,0,0,0,0,1,0,0,0,0,0,0,0
-0.9834288868359885,-0.49853880793918487,-0.3326739453476508,-0.2726887166149118,-0.27128521234970754,1,1.8105961278417375,-0.4323050568631192,-1.0063301368744053,0,-0.07856843455547749,1,0,0,0,0,1,0,0,0,0,1,0,0,0
1.3637379928515236,-3.224796720062987,-0.1333083393438553,-0.2726887166149118,-0.31545253427259434,1,1.6038594951601328,0.22055050753303065,0.49968082967409344,1,0.1865008295003771,1,0,0,0,0,0,1,0,0,0,0,0,0,1
1.2227596826493599,0.4180407488220745,0.3983332766662661,0.456406868699932,0.4574755993779251,1,-1.0837167297007264,-0.4323050568631192,0.0889505660699574,1,0.4515700935562317,0,0,0,0,0,1,0,0,0,0,0,0,0,0
0.2839363261490233,-0.3182795097350304,1.8381959866936783,1.892504233714018,1.892913561871747,0,-1.4971899950639356,-0.4323050568631192,0.0889505660699574,0,0.1865008295003771,0,1,0,0,0,0,0,0,0,1,0,0,0,0
-1.246696519582553,-0.3345107948831752,-0.2219152753455422,-0.16221968853690516,-0.16086690754249047,0,-0.8769800970191218,-0.10587727466504428,-0.5955998732702694,0,0.1865008295003771,1,0,0,0,0,0,0,0,0,1,0,0,0,0
0.19192193111048528,-0.661102658675065,-0.5098878173510246,-0.4494391615397224,-0.44795450004125487,1,-0.7736117806783196,-0.10587727466504428,1.458051444750411,0,0.1865008295003771,0,1,0,0,1,0,0,0,0,0,0,0,0,0
-0.7549068851535583,0.7196860755609003,-0.4434326153497595,-0.38315774469291847,-0.38170351715692463,1,1.0870179134561213,-0.4323050568631192,-0.7325099611383147,0,-0.07856843455547749,1,0,0,0,0,0,1,0,0,0,1,0,0,0
0.059396314815334195,-0.6918361229931856,0.17681593666204887,0.23546881254391874,0.236638989763491,1,-1.4971899950639356,-0.4323050568631192,0.0889505660699574,1,0.1865008295003771,0,1,0,0,0,0,1,0,0,0,0,0,0,0
-2.4682348923722617,-1.6150206633077624,0.13251246866120542,-0.4273453559241211,-0.38170351715692463,1,-1.9106632604271445,0.057336616433993196,-1.280150312610496,1,0.1865008295003771,0,1,0,0,0,0,1,0,0,0,0,0,0,1
1.1448758228068039,0.3005312643349236,0.3983332766662661,0.456406868699932,0.4574755993779251,0,-0.4635068316559128,-0.4323050568631192,-0.04795952179808796,1,0.1865008295003771,0,1,0,0,1,0,0,0,0,0,1,0,0,0
-0.8330810984590001,0.26062238281106787,-0.46558434935018117,-0.4052515503085198,-0.403787178118368,0,0.46680801541130773,-0.4323050568631192,-0.1848696096661333,1,-0.07856843455547749,1,0,0,0,0,0,1,0,0,0,1,0,0,0
-0.8780720588579715,2.2810687736739266,-0.2883704773468074,-0.22850110538370916,-0.2271178904268207,1,-1.2904533623823309,-0.4323050568631192,0.36277074180604807,0,0.4515700935562317,0,0,1,0,0,0,0,0,0,1,0,0,0,0
0.518044175403985,0.10592317539433259,-0.3326739453476508,-0.2726887166149118,-0.27128521234970754,0,-1.1870850460415288,-0.4323050568631192,0.22586065393800275,0,0.4515700935562317,0,1,0,0,0,0,1,0,0,0,0,0,0,0
2.1125792236576633,1.9983537155170945,-0.4877360833506029,-0.29478252223051316,-0.403787178118368,0,-0.6702434643375174,-0.2690911657640817,0.49968082967409344,1,0.1865008295003771,1,0,0,0,1,0,0,0,0,0,0,0,0,1
-0.7158197785007883,0.004421865606524152,-0.4434326153497595,-0.38315774469291847,-0.38170351715692463,0,0.7769129644337146,-0.4323050568631192,0.36277074180604807,0,-4.054607395393297,1,0,0,0,0,0,0,0,0,1,0,0,0,0
-0.5941478511771283,-0.31880939705091127,-0.24406700934596393,-0.1843134941525065,-0.18295056850393387,0,-1.6005583114047377,-0.2690911657640817,-1.0063301368744053,0,0.4515700935562317,1,0,0,0,0,0,0,0,0,1,0,0,0,0
0.5472316116062733,0.002636982016303165,-0.4434326153497595,-0.38315774469291847,-0.38170351715692463,1,-1.6005583114047377,-0.4323050568631192,0.49968082967409344,1,0.1865008295003771,0,1,0,0,0,0,0,0,0,1,0,0,0,0
-0.5868337091824268,-0.26460750240247277,0.06605726665994024,0.12499978446591209,0.12622068495627392,1,0.26007138272970315,0.3837643986320681,0.49968082967409344,1,-0.07856843455547749,1,0,0,0,0,1,0,0,0,0,1,0,0,0
-0.8290576290441325,1.4351036739488157,-0.4212808813493377,-0.3610639390773171,-0.3596198561954812,0,1.3971228624785281,-0.4323050568631192,-0.458689785402224,0,0.1865008295003771,0,0,1,0,0,0,0,0,0,1,0,0,0,1
0.36195844954530165,-0.28156389650907676,0.06605726665994024,0.12499978446591209,0.12622068495627392,0,-0.8769800970191218,-0.10587727466504428,-0.5955998732702694,1,0.4515700935562317,0,1,0,0,0,0,0,0,0,1,0,0,0,0
-0.35793839590475923,2.3131548450878743,-0.4434326153497595,-0.38315774469291847,-0.38170351715692463,0,-0.7736117806783196,-0.4323050568631192,-0.5955998732702694,0,0.1865008295003771,0,0,1,0,0,0,1,0,0,0,1,0,0,0
-0.9806636157604575,-0.43988864871830596,-0.00039793534132493693,0.058718367619108106,0.059969702071943666,1,0.9836495971153191,-0.4323050568631192,0.22586065393800275,0,0.4515700935562317,1,0,0,0,0,0,1,0,0,0,1,0,0,0
0.7811458918860431,2.0355217803982604,-0.5098878173510246,-0.4494391615397224,-0.44795450004125487,0,0.36343969907050544,-0.4323050568631192,-1.1432402247424507,0,0.4515700935562317,0,0,1,0,0,0,1,0,0,0,1,0,0,0
0.12312198675112401,-0.5891913721555374,10.233703172853513,10.266056562026922,10.2626210662588,0,0.7769129644337146,-0.4323050568631192,0.9104110932782294,1,-3.7895381313374417,0,1,0,0,1,0,0,0,0,0,0,0,0,0
-1.0215397326837923,-0.7534688006529454,-0.3769774133484943,-0.4052515503085198,-0.31545253427259434,1,-0.3601385153151105,-0.2690911657640817,0.9104110932782294,1,0.4515700935562317,1,0,0,0,0,0,1,0,0,0,0,0,0,1
0.14195348277553843,-0.21147932678880912,2.6578101447092823,2.7099750414912673,2.710009017445153,0,0.05333475004809862,-0.4323050568631192,0.6365909175421388,1,-0.07856843455547749,0,1,0,0,0,0,0,0,0,1,0,0,0,0
0.3169121837247627,-0.11965543271639259,0.4647884786675313,0.522688285546736,0.5237265822622553,1,-0.4635068316559128,6.749106151494529,-0.5955998732702694,1,0.4515700935562317,0,1,0,0,0,0,0,0,0,1,0,0,0,0
1.6010963625052834,1.5760938386844359,-0.3548256793480726,-0.2726887166149118,-0.3596198561954812,0,-0.3601385153151105,0.8734060719291806,-0.86942004900636,1,0.4515700935562317,0,1,0,0,0,0,0,0,1,0,0,0,0,1
-0.788463449655168,0.21093847475033287,-0.2219152753455422,-0.16221968853690516,-0.16086690754249047,0,-0.8769800970191218,0.5469782897311056,0.0889505660699574,0,0.4515700935562317,1,0,0,0,0,1,0,0,0,0,1,0,0,0
0.3273372556795471,-0.4909530526808943,0.1103607346607837,0.16918739569711475,0.17038800687916072,1,-0.2567701989743082,-0.4323050568631192,0.36277074180604807,1,-3.7895381313374417,0,1,0,0,0,0,0,0,0,1,0,0,0,0
-1.4625535797389706,-0.7130734488356778,-0.5098878173510246,-0.4494391615397224,-0.44795450004125487,1,-0.566875147996715,-0.4323050568631192,0.6365909175421388,0,0.4515700935562317,1,0,0,0,0,0,1,0,0,0,1,0,0,0
0.1162502881283739,-0.49066022021682876,-0.04470140334216839,0.014530756387905453,0.01580238014905684,0,-1.2904533623823309,0.22055050753303065,-0.86942004900636,0,0.1865008295003771,0,1,0,0,0,0,0,0,0,1,0,0,0,0
1.4010505352446427,0.6353642703283001,-0.3769774133484943,-0.31687632784611447,-0.31545253427259434,0,-0.566875147996715,0.8734060719291806,-0.5955998732702694,0,0.4515700935562317,0,0,0,0,0,0,0,0,0,1,0,0,0,0
1.4747035303415996,0.5473611426911539,-0.3769774133484943,-0.31687632784611447,-0.31545253427259434,0,-0.6702434643375174,0.3837643986320681,0.9104110932782294,1,0.1865008295003771,0,0,0,0,0,0,0,0,0,1,0,0,0,0
-0.9936189107493562,0.39497670618052055,-0.19976354134512048,-0.14012588292130385,-0.13878324658104704,0,0.46680801541130773,-0.4323050568631192,0.7735010054101842,1,0.1865008295003771,1,0,0,0,0,0,1,0,0,0,0,0,0,0
-0.31539470040764905,-0.6702083538655371,-0.1333083393438553,-0.07384446607449986,-0.07253226369671681,0,0.8802812807745168,0.057336616433993196,-0.458689785402224,0,0.1865008295003771,0,1,0,0,0,0,0,0,0,1,0,0,0,0
0.9462236542720841,-1.1223367578546481,0.2875746066641575,-0.4052515503085198,-0.3596198561954812,0,0.57017633175211,-0.10587727466504428,1.0473211811462748,1,-4.054607395393297,0,0,0,0,1,0,0,0,0,0,0,0,0,1
-0.8332055356573799,0.7306882095658954,-0.5098878173510246,-0.4494391615397224,-0.44795450004125487,1,-1.2904533623823309,-0.4323050568631192,0.0889505660699574,1,0.1865008295003771,1,0,0,0,0,0,0,0,0,1,0,0,0,0
0.8416223703080274,-0.16447274411330653,-0.3105222113472291,-0.25059491099931047,-0.24920155138826414,1,0.46680801541130773,-0.4323050568631192,-0.7325099611383147,0,-0.07856843455547749,0,1,0,0,0,0,0,0,0,1,0,0,0,0
0.3962616372372881,0.01945393209238087,0.08820900066036197,0.14709359008151343,0.14830434591771732,0,-0.7736117806783196,-0.4323050568631192,0.22586065393800275,0,-0.07856843455547749,0,1,0,0,1,0,0,0,0,0,0,0,0,0
1.2250888430478255,0.3757821662248972,0.5312436806687965,-0.4494391615397224,-0.38170351715692463,0,0.1567030663889009,1.5262616363253305,-0.7325099611383147,1,0.4515700935562317,1,0,0,0,0,0,0,0,0,1,0,0,0,1
-1.369002063125803,-2.141082004821253,-0.06685313734259012,-0.31687632784611447,-0.38170351715692463,0,0.26007138272970315,3.4848283295137796,-1.1432402247424507,1,-0.07856843455547749,0,0,0,0,1,0,0,0,0,0,0,0,0,1
-2.116830542566467,1.7157347852937537,-0.3548256793480726,-0.29478252223051316,-0.29336887331115097,0,1.3971228624785281,0.057336616433993196,-0.86942004900636,1,0.4515700935562317,0,0,1,0,0,0,0,0,0,1,0,0,0,0
0.1804598825023399,-0.4717934428926887,-0.1333083393438553,-0.07384446607449986,-0.07253226369671681,0,0.8802812807745168,-0.4323050568631192,-0.458689785402224,0,0.1865008295003771,0,1,0,0,0,0,1,0,0,0,0,0,0,0
0.2263495560009497,0.28984985160002,0.22111940466289232,0.2796564237751214,0.2808063116863778,0,-0.6702434643375174,2.1791172007214805,-0.3217796975341787,1,0.4515700935562317,0,0,1,0,0,0,1,0,0,0,0,0,0,0
0.36195844954530165,-0.28156389650907676,0.06605726665994024,0.12499978446591209,0.12622068495627392,0,2.017332760523342,-0.4323050568631192,-1.4170604004785414,1,0.4515700935562317,0,1,0,0,0,0,0,0,0,1,0,0,0,0
2.1231595975550497,0.8531479571351435,-0.4877360833506029,-0.4273453559241211,-0.42587083907981144,0,-0.8769800970191218,-0.4323050568631192,-0.5955998732702694,0,-0.07856843455547749,0,0,0,0,0,0,0,0,0,1,0,0,0,0
0.42593299587785094,-0.26311545127631736,5.692597702767059,5.736826410828649,5.735470569162901,0,0.05333475004809862,1.8526894185234053,0.6365909175421388,1,-4.054607395393297,0,1,0,0,1,0,0,0,0,0,1,0,0,0
-0.5770308232196394,0.5095996992366496,-0.06685313734259012,-0.007563049227695875,-0.006281280812386572,1,-1.0837167297007264,-0.4323050568631192,-0.7325099611383147,1,0.1865008295003771,1,0,0,0,0,0,0,0,0,1,0,0,0,0
0.3435693968929368,-0.20591550997255492,2.524899740706752,2.5774122077976593,2.5775070516764926,1,1.293754546137726,0.8734060719291806,-0.458689785402224,1,0.4515700935562317,0,1,0,0,0,0,0,0,0,1,0,0,0,0
0.10510624569399664,0.953561603485164,-0.1333083393438553,-0.07384446607449986,-0.07253226369671681,1,-1.4971899950639356,-0.4323050568631192,-0.458689785402224,0,0.4515700935562317,0,0,1,0,0,0,0,0,0,1,0,0,0,0
1.2980027086147643,0.15274848083007175,-0.5098878173510246,-0.4494391615397224,-0.44795450004125487,1,2.017332760523342,-0.4323050568631192,-1.5539704883465868,0,-0.07856843455547749,0,1,0,0,0,0,0,0,0,1,0,0,0,0
0.05144616047319478,1.383272327818531,-0.46558434935018117,-0.4052515503085198,-0.403787178118368,1,1.3971228624785281,-0.4323050568631192,0.22586065393800275,0,0.4515700935562317,0,0,1,0,0,0,1,0,0,0,1,0,0,0
0.13857985206335324,-0.08639803144657884,0.44263674466710956,0.5005944799311347,0.5016429213008119,0,0.05333475004809862,-0.4323050568631192,-0.1848696096661333,1,0.1865008295003771,0,1,0,0,0,0,1,0,0,0,0,0,0,0
-1.409460375088598,-0.5286587185231484,-0.3548256793480726,-0.29478252223051316,-0.29336887331115097,0,-0.2567701989743082,1.036619963028218,1.0473211811462748,0,-4.054607395393297,1,0,0,0,0,0,1,0,0,0,1,0,0,0
1.8756401835836989,2.260347390744302,-0.4434326153497595,-0.38315774469291847,-0.38170351715692463,1,-0.4635068316559128,-0.4323050568631192,-1.1432402247424507,1,0.1865008295003771,0,0,0,0,1,0,0,0,0,0,0,0,0,0
1.9306743351251763,0.44659833413883937,-0.46558434935018117,-0.4052515503085198,-0.3596198561954812,1,0.46680801541130773,-0.2690911657640817,0.7735010054101842,1,0.1865008295003771,0,1,0,0,0,0,1,0,0,0,0,0,0,1
0.6672858553508001,0.8038823811657891,-0.17761180734469875,-0.11803207730570252,-0.11669958561960364,0,-1.3938216787231332,-0.4323050568631192,0.49968082967409344,1,0.4515700935562317,0,0,1,0,0,0,1,0,0,0,0,0,1,0
-0.2600616261861465,-0.4929052691076675,-0.4434326153497595,-0.38315774469291847,-0.38170351715692463,1,-0.7736117806783196,-0.10587727466504428,1.458051444750411,1,0.1865008295003771,0,1,0,0,1,0,0,0,0,0,0,0,0,0
-0.3676859764460773,2.287873642361508,-0.5098878173510246,-0.4494391615397224,-0.44795450004125487,0,0.7769129644337146,-0.4323050568631192,-1.4170604004785414,0,0.1865008295003771,0,0,1,0,0,0,0,0,0,1,0,0,0,0
0.4751963000885477,2.5265878781435664,-0.5098878173510246,-0.4494391615397224,-0.44795450004125487,1,-1.6005583114047377,-0.4323050568631192,-0.04795952179808796,0,0.4515700935562317,0,0,1,0,0,0,1,0,0,0,1,0,0,0
0.22904569529957033,0.20964164526675566,-0.04470140334216839,0.014530756387905453,0.01580238014905684,1,0.46680801541130773,-0.4323050568631192,-0.458689785402224,1,0.4515700935562317,0,0,1,0,0,0,0,0,0,1,0,0,0,0
-2.150387107068175,-0.3201759485495535,-0.06685313734259012,-0.007563049227695875,-0.006281280812386572,1,-0.7736117806783196,-0.4323050568631192,0.36277074180604807,0,-0.07856843455547749,1,0,0,0,0,0,1,0,0,0,0,0,0,0
-0.36792102448749403,-0.7239082500041206,2.214775464700848,2.268098929179241,2.268335798216285,0,-1.2904533623823309,3.974470002810892,0.7735010054101842,1,-0.07856843455547749,0,1,0,0,0,0,0,0,0,1,0,0,0,0
1.0837080266159123,-0.05601317720437757,-0.3548256793480726,-0.29478252223051316,-0.29336887331115097,0,-1.7039266277455398,-0.4323050568631192,1.5949615326184563,1,0.4515700935562317,0,1,0,0,0,1,0,0,0,0,1,0,0,0
-0.5156832844088004,-0.2566313038590257,-0.4434326153497595,-0.38315774469291847,-0.38170351715692463,0,-0.15340188263350593,-0.4323050568631192,0.49968082967409344,0,0.1865008295003771,1,0,0,0,0,0,0,0,0,1,0,0,0,0
0.8295519620633262,0.15182815022903434,-0.3326739453476508,-0.2726887166149118,-0.27128521234970754,0,-0.2567701989743082,-0.4323050568631192,-0.1848696096661333,0,0.1865008295003771,0,1,0,0,0,1,0,0,0,0,0,0,0,0
-2.100653706774645,-0.18732762070946737,0.3983332766662661,0.456406868699932,0.4574755993779251,1,1.1903862297969237,-0.4323050568631192,0.49968082967409344,1,0.1865008295003771,1,0,0,0,0,0,0,0,0,1,0,0,0,0
-0.3796181211369578,0.00679241412467803,-0.4877360833506029,-0.4273453559241211,-0.42587083907981144,0,-0.9803484133599242,-0.4323050568631192,-0.04795952179808796,1,0.4515700935562317,1,0,0,0,0,0,1,0,0,0,0,0,0,0
-2.2247634560468916,-3.0055376334978794,-0.11115660534343356,-0.31687632784611447,-0.3596198561954812,1,-0.7736117806783196,-0.4323050568631192,1.5949615326184563,1,0.4515700935562317,0,0,0,0,0,0,1,0,0,0,0,0,0,1
1.1773401052336816,0.41435942641752854,-0.4212808813493377,-0.3610639390773171,-0.3596198561954812,0,1.1903862297969237,-0.4323050568631192,-1.280150312610496,1,0.4515700935562317,0,0,0,0,0,0,0,0,0,1,0,0,0,0
1.1773401052336816,0.41435942641752854,-0.4212808813493377,-0.3610639390773171,-0.3596198561954812,0,1.5004911788193305,-0.4323050568631192,-0.1848696096661333,1,0.1865008295003771,0,0,0,0,0,0,0,0,0,1,0,0,0,0
-0.38055831330262463,-0.6845292557959476,0.7084575526721703,0.7657201473183506,0.7666468528381328,0,0.9836495971153191,-0.4323050568631192,-1.1432402247424507,1,0.1865008295003771,0,1,0,0,0,0,1,0,0,0,0,0,0,0
0.2082093777454426,1.3864237629073943,-0.3769774133484943,-0.31687632784611447,-0.31545253427259434,0,-0.7736117806783196,0.5469782897311056,3.100972499166955,0,0.4515700935562317,0,0,1,0,1,0,0,0,0,0,1,0,0,0
0.22904569529957033,0.20964164526675566,-0.04470140334216839,0.014530756387905453,0.01580238014905684,1,1.0870179134561213,-0.4323050568631192,0.0889505660699574,1,0.4515700935562317,0,0,1,0,0,0,1,0,0,0,0,0,0,0
0.5680679291604993,-0.2827073375591147,0.33187807466500097,0.390125451853128,0.39122461649359486,1,-1.4971899950639356,-0.4323050568631192,-0.458689785402224,1,0.1865008295003771,0,1,0,0,0,0,1,0,0,0,0,0,0,0
1.219529510049825,-2.8828094068964893,0.26542287266373576,-0.4052515503085198,-0.403787178118368,0,0.6735446480929123,-0.4323050568631192,-1.280150312610496,1,0.1865008295003771,0,0,0,0,0,0,0,0,0,1,0,0,0,1
0.4053732054312665,-0.13969353989679478,0.7749127546734356,0.8320015641651546,0.8328978357224631,0,1.5004911788193305,-0.4323050568631192,-1.0063301368744053,1,0.1865008295003771,0,1,0,0,0,0,0,0,0,1,0,0,0,0
1.2083802730565198,0.13066054640180538,1.1071887646797614,1.1634086483991746,1.1641527501441142,0,0.8802812807745168,-0.4323050568631192,0.9104110932782294,0,-0.07856843455547749,0,1,0,0,0,1,0,0,0,0,0,0,1,0
0.270925725738557,-0.37711094619547453,-0.2883704773468074,-0.22850110538370916,-0.2271178904268207,0,0.7769129644337146,0.22055050753303065,0.0889505660699574,1,0.4515700935562317,0,1,0,0,0,0,0,0,0,1,0,0,0,0
0.2653675308767111,-0.263464061352633,2.7242653467105473,2.776256458338071,2.7762600003294833,0,-0.2567701989743082,-0.4323050568631192,0.49968082967409344,0,-0.07856843455547749,0,1,0,0,0,0,0,0,0,1,0,0,0,0
1.7644901127025174,0.954677155729176,0.24327113866331404,0.3017502293907227,0.30288997264782125,1,0.26007138272970315,2.015903309622443,2.1426018840906376,1,0.1865008295003771,0,0,0,0,0,0,0,0,0,1,0,0,0,0
-0.32978793635583176,-0.1232949219120977,-0.46558434935018117,-0.4052515503085198,-0.403787178118368,0,-0.15340188263350593,0.3837643986320681,1.868781708354547,1,0.4515700935562317,1,0,0,0,0,0,1,0,0,0,0,0,0,0
1.2668795826595747,1.0114448205383466,-0.399129147348916,-0.3389701334617158,-0.3375361952340378,1,1.5004911788193305,-0.4323050568631192,0.9104110932782294,1,0.1865008295003771,0,0,0,0,0,0,0,0,0,1,0,0,0,0
0.09645094722750888,0.5846066432329884,-0.4877360833506029,-0.4273453559241211,-0.42587083907981144,0,1.3971228624785281,-0.4323050568631192,0.49968082967409344,1,-0.07856843455547749,0,0,1,0,0,0,1,0,0,0,0,0,0,0
0.42038862737134786,-0.20839761371520907,-0.4877360833506029,-0.4273453559241211,-0.42587083907981144,0,0.26007138272970315,0.7101921808301431,1.0473211811462748,0,0.1865008295003771,0,1,0,0,0,0,1,0,0,0,0,0,0,0
-0.718308522468776,-0.41863737847299903,-0.04470140334216839,0.014530756387905453,0.01580238014905684,0,0.57017633175211,0.5469782897311056,-0.5955998732702694,1,0.1865008295003771,1,0,0,0,0,0,1,0,0,0,0,0,0,0
-0.5931938326561188,-0.42360158595810915,0.4647884786675313,0.522688285546736,0.5237265822622553,0,-0.050033566292703655,-0.4323050568631192,-0.3217796975341787,1,0.4515700935562317,1,0,0,0,0,0,0,0,0,1,0,0,0,0
0.13857985206335324,-0.08639803144657884,-0.46558434935018117,-0.4052515503085198,-0.403787178118368,0,0.05333475004809862,-0.4323050568631192,-0.1848696096661333,1,-0.07856843455547749,0,0,1,0,0,1,0,0,0,0,0,0,0,0
1.8756401835836989,2.260347390744302,-0.17761180734469875,-0.11803207730570252,-0.11669958561960364,0,0.9836495971153191,-0.4323050568631192,-0.1848696096661333,1,0.4515700935562317,0,0,0,0,0,0,1,0,0,0,0,0,0,0
0.45047477667327473,1.8228138563008294,-0.3326739453476508,-0.2726887166149118,-0.27128521234970754,0,-0.15340188263350593,-0.4323050568631192,-0.458689785402224,1,0.1865008295003771,0,0,1,0,0,0,0,0,0,1,0,0,0,0
-0.31969469693006003,-0.7614465830098225,-0.4434326153497595,-0.38315774469291847,-0.38170351715692463,0,-0.7736117806783196,-0.4323050568631192,-0.86942004900636,0,-3.7895381313374417,0,1,0,0,0,0,0,0,0,1,0,0,0,0
-0.728029016525291,-2.4920367012463522,0.26542287266373576,-0.29478252223051316,-0.31545253427259434,1,-0.15340188263350593,-0.2690911657640817,-0.3217796975341787,1,0.4515700935562317,0,1,0,0,1,0,0,0,0,0,0,0,0,1
-1.8564249653831277,-0.11934865584931408,-0.3326739453476508,-0.31687632784611447,-0.31545253427259434,0,0.05333475004809862,-0.4323050568631192,-0.1848696096661333,0,0.4515700935562317,1,0,0,0,0,0,1,0,0,0,0,0,0,0
1.5339909422010596,0.4739578050454708,-0.4877360833506029,-0.4273453559241211,-0.42587083907981144,0,-0.8769800970191218,-0.4323050568631192,-0.1848696096661333,1,0.1865008295003771,0,0,0,0,0,0,1,0,0,0,0,0,0,0
-1.195079787769209,-2.7533190305046724,0.2875746066641575,-0.2726887166149118,-0.38170351715692463,1,-0.4635068316559128,-0.4323050568631192,-0.04795952179808796,1,0.4515700935562317,0,0,1,0,0,0,0,0,1,0,0,0,0,1
-1.0684056669872701,1.1566757782852812,-0.399129147348916,-0.3389701334617158,-0.3375361952340378,1,1.293754546137726,-0.4323050568631192,2.279511971958683,0,-0.07856843455547749,1,0,0,0,1,0,0,0,0,0,0,0,0,0
0.31045527576337667,-0.25962935051434965,-0.4434326153497595,-0.38315774469291847,-0.38170351715692463,0,-0.15340188263350593,0.3837643986320681,0.7735010054101842,1,0.4515700935562317,0,1,0,0,0,0,1,0,0,0,0,0,0,0
0.3929018328805439,-0.3589692778295954,2.458444538705487,2.5111307909508556,2.5112560687921626,0,-1.4971899950639356,-0.4323050568631192,-0.86942004900636,0,-0.07856843455547749,0,1,0,0,0,0,1,0,0,0,1,0,0,0
-1.173592323589028,2.043618996948334,0.35402980866542266,-0.3610639390773171,-0.3375361952340378,1,-0.3601385153151105,-0.2690911657640817,0.49968082967409344,1,0.1865008295003771,0,1,0,0,0,0,1,0,0,0,0,0,0,1
0.3066668543899257,-0.2845479987613877,0.35402980866542266,0.41221925746872934,0.4133082774550383,0,-0.15340188263350593,-0.4323050568631192,1.0473211811462748,0,0.1865008295003771,0,1,0,0,0,0,0,0,0,1,0,0,0,0
-0.5661494815373644,0.11041327317581197,0.35402980866542266,0.41221925746872934,0.4133082774550383,1,-1.2904533623823309,0.22055050753303065,-0.86942004900636,0,0.1865008295003771,1,0,0,0,0,0,0,0,0,1,0,0,0,0
-0.4782415140460455,0.44987582098119405,-0.022549669341746664,0.03662456200350678,0.03788604111050026,1,0.9836495971153191,-0.4323050568631192,1.5949615326184563,1,0.1865008295003771,1,0,0,0,0,0,0,0,0,1,0,0,0,0
-0.0003473667716162817,-0.011279532225937909,-0.5098878173510246,-0.4494391615397224,-0.44795450004125487,1,-0.6702434643375174,-0.4323050568631192,-0.3217796975341787,1,-0.07856843455547749,1,0,0,0,1,0,0,0,0,0,0,0,0,0
0.8630947002095932,0.2350901808296746,-0.5098878173510246,-0.4494391615397224,-0.44795450004125487,0,1.5004911788193305,-0.4323050568631192,0.0889505660699574,1,0.4515700935562317,0,1,0,0,0,0,0,0,0,1,0,0,0,0
0.053492461069034686,0.030609454530915254,-0.19976354134512048,-0.14012588292130385,-0.13878324658104704,1,1.7072278115009352,0.5469782897311056,1.1842312690143202,1,-0.07856843455547749,1,0,0,0,0,0,0,0,0,1,0,0,0,0
0.22113759545021158,-2.027284750325603,-0.2883704773468074,-0.4052515503085198,-0.44795450004125487,1,0.8802812807745168,-0.4323050568631192,0.7735010054101842,1,0.4515700935562317,0,1,0,0,0,0,0,0,0,1,0,0,0,1
0.15746665350933528,-0.38987007498446646,0.3983332766662661,0.456406868699932,0.4574755993779251,0,0.26007138272970315,-0.10587727466504428,-0.7325099611383147,1,-0.07856843455547749,0,1,0,0,0,0,0,0,0,1,0,0,0,0
-0.2600616261861465,-0.4929052691076675,-0.4434326153497595,-0.38315774469291847,-0.38170351715692463,1,-0.566875147996715,-0.4323050568631192,2.0056917962225924,1,0.1865008295003771,0,1,0,0,0,0,0,0,0,1,0,0,0,0
0.16176665003174623,0.0210714828460496,-0.3326739453476508,-0.31687632784611447,-0.31545253427259434,0,0.05333475004809862,-0.2690911657640817,0.49968082967409344,0,-0.07856843455547749,0,0,1,0,0,0,0,0,0,1,0,0,0,0
0.8115638737168843,-0.19763253456202934,0.7970644886738573,0.854095369780756,0.8549814966839064,1,-1.1870850460415288,-0.4323050568631192,0.9104110932782294,0,0.4515700935562317,0,1,0,0,0,1,0,0,0,0,1,0,0,0
0.396994434072322,-0.16663412658586918,1.5059199766873526,1.5610971494799983,1.5616586474500957,0,0.6735446480929123,0.5469782897311056,-0.7325099611383147,0,0.4515700935562317,0,1,0,0,0,0,1,0,0,0,0,0,0,0
-0.3978274311693753,-0.7196830958804826,2.1261685286991607,2.1797237067168354,2.1800011543705113,0,0.05333475004809862,-0.2690911657640817,0.22586065393800275,1,0.1865008295003771,0,1,0,0,1,0,0,0,0,0,1,0,0,0
1.556319557949143,-3.897664315416947,0.1989676706624706,-0.38315774469291847,-0.42587083907981144,0,-0.2567701989743082,0.22055050753303065,-1.0063301368744053,1,0.1865008295003771,0,0,0,1,1,0,0,0,0,0,0,0,0,1
0.6713646301871372,-0.0022714478567550087,0.2875746066641575,0.3459378406219254,0.34705729457070805,1,-1.3938216787231332,-0.4323050568631192,0.0889505660699574,0,-0.07856843455547749,0,1,0,0,0,0,0,0,0,1,0,0,0,0
-1.6883379630565551,0.015633165657110513,-0.08900487134301184,-0.029656854843297203,-0.028364941773829987,0,-0.7736117806783196,0.5469782897311056,1.1842312690143202,0,0.4515700935562317,1,0,0,0,0,0,1,0,0,0,0,0,0,0
0.22904569529957033,0.20964164526675566,-0.04470140334216839,0.014530756387905453,0.01580238014905684,1,-1.4971899950639356,-0.4323050568631192,-1.5539704883465868,1,-3.7895381313374417,0,0,1,0,0,0,0,0,0,1,0,0,0,0
-1.326087452161205,-0.3684375274993961,-0.4877360833506029,-0.4273453559241211,-0.42587083907981144,1,1.3971228624785281,-0.4323050568631192,1.0473211811462748,0,0.4515700935562317,1,0,0,0,1,0,0,0,0,0,1,0,0,0
0.9238481020631387,0.8602553450786424,0.4647884786675313,-0.4273453559241211,-0.31545253427259434,0,0.1567030663889009,-0.4323050568631192,-1.0063301368744053,1,0.1865008295003771,0,0,0,0,0,0,0,0,0,1,0,0,0,1
-0.4782415140460455,0.44987582098119405,0.22111940466289232,0.2796564237751214,0.2808063116863778,0,-0.2567701989743082,0.3837643986320681,0.49968082967409344,1,0.4515700935562317,1,0,0,0,0,0,1,0,0,0,0,0,0,0
-1.1422384047040761,0.200145506790929,-0.4212808813493377,-0.3610639390773171,-0.3596198561954812,1,-0.7736117806783196,-0.4323050568631192,0.36277074180604807,1,-0.07856843455547749,1,0,0,0,0,0,0,0,0,1,0,0,0,0
-0.3388718518389281,2.300242327865145,-0.3548256793480726,-0.29478252223051316,-0.29336887331115097,1,-1.3938216787231332,-0.4323050568631192,1.0473211811462748,1,0.4515700935562317,0,0,1,0,0,0,1,0,0,0,1,0,0,0
0.0421825023701511,-0.5533682007245952,-0.5098878173510246,-0.4494391615397224,-0.44795450004125487,0,-2.3241365257903537,-0.4323050568631192,-0.5955998732702694,0,0.1865008295003771,0,1,0,0,0,0,1,0,0,0,1,0,0,0
0.42615421756392485,-0.1887638942233727,0.7527610206730139,0.8099077585495532,0.8108141747610197,0,0.8802812807745168,-0.4323050568631192,-0.458689785402224,0,0.1865008295003771,0,1,0,0,0,0,0,0,0,1,0,0,0,0
-0.7434724892561967,-0.3774177230623549,-0.5098878173510246,-0.4494391615397224,-0.44795450004125487,1,-1.4971899950639356,1.1998338541272555,0.6365909175421388,1,-0.07856843455547749,1,0,0,0,0,0,0,0,0,1,0,0,0,0
0.053907251730398724,0.03498799708809251,-0.2883704773468074,-0.22850110538370916,-0.2271178904268207,1,1.5004911788193305,-0.4323050568631192,2.4164220598267283,0,0.1865008295003771,1,0,0,0,1,0,0,0,0,0,0,0,0,0
1.3022750524263915,1.0624534468886848,0.02175379865909679,0.08081217323470943,0.08205336303338709,1,-1.6005583114047377,-0.4323050568631192,-0.04795952179808796,0,0.4515700935562317,0,0,0,0,0,0,0,0,0,1,0,0,0,0
-2.232421685233371,2.2340263431445018,0.4647884786675313,-0.2726887166149118,-0.3596198561954812,0,1.1903862297969237,-0.2690911657640817,0.22586065393800275,1,-0.07856843455547749,0,0,0,1,0,0,0,0,1,0,0,0,0,1
-0.9852124866797262,-0.48361829667763023,-0.46558434935018117,-0.4052515503085198,-0.403787178118368,0,-1.1870850460415288,-0.4323050568631192,-0.86942004900636,0,0.1865008295003771,1,0,0,0,0,0,1,0,0,0,1,0,0,0
1.823321254834585,1.2435912424848377,-0.3769774133484943,-0.31687632784611447,-0.31545253427259434,0,-1.2904533623823309,-0.4323050568631192,0.6365909175421388,0,0.4515700935562317,0,0,0,0,1,0,0,0,0,0,0,0,0,0
0.14117920687437796,0.5671482506165295,-0.11115660534343356,-0.05175066045889853,-0.0504486027352734,1,0.05333475004809862,1.1998338541272555,2.690242235562819,0,0.1865008295003771,0,0,1,0,0,0,0,1,0,0,1,0,0,0
-0.14064339478905769,-0.3446483758991849,-0.5098878173510246,-0.4494391615397224,-0.44795450004125487,1,-1.2904533623823309,-0.4323050568631192,1.1842312690143202,1,0.4515700935562317,0,1,0,0,0,0,1,0,0,0,0,0,0,0
1.020950199556573,-0.09196184826263487,-0.3548256793480726,-0.29478252223051316,-0.29336887331115097,0,-0.3601385153151105,0.057336616433993196,0.7735010054101842,0,0.4515700935562317,0,1,0,0,0,0,0,0,0,1,0,0,0,0
0.3127781034668581,-0.28755998981992276,-0.3548256793480726,-0.29478252223051316,-0.29336887331115097,0,-0.6702434643375174,-0.4323050568631192,0.0889505660699574,1,0.4515700935562317,0,1,0,0,1,0,0,0,0,0,0,0,0,0
0.5675287013007556,0.01755749327785777,-0.4212808813493377,-0.3610639390773171,-0.3596198561954812,0,1.293754546137726,0.22055050753303065,-0.04795952179808796,1,0.1865008295003771,0,1,0,0,0,0,1,0,0,0,0,0,0,0
0.4053732054312665,-0.13969353989679478,0.7749127546734356,0.8320015641651546,0.8328978357224631,0,1.1903862297969237,-0.2690911657640817,-1.0063301368744053,1,0.1865008295003771,0,1,0,0,0,0,0,0,0,1,0,0,0,0
0.3098883951929473,0.5737997308705716,-0.399129147348916,-0.3389701334617158,-0.3375361952340378,0,1.1903862297969237,0.5469782897311056,-0.458689785402224,1,0.1865008295003771,0,0,1,0,0,0,0,1,0,0,0,0,0,0
-0.09938100087174073,2.5170543932044502,0.24327113866331404,-0.31687632784611447,-0.44795450004125487,1,0.8802812807745168,-0.4323050568631192,-0.458689785402224,1,0.1865008295003771,0,1,0,0,1,0,0,0,0,0,0,0,0,1
-1.8557054710320104,-0.21458506050641385,0.5533954146692183,-0.4273453559241211,-0.44795450004125487,1,0.05333475004809862,0.5469782897311056,0.49968082967409344,1,-4.054607395393297,0,0,0,0,0,0,0,0,1,0,0,0,0,1
-0.24464523993994558,0.024390250771465033,-0.4212808813493377,-0.3610639390773171,-0.3596198561954812,0,0.26007138272970315,-0.4323050568631192,-0.86942004900636,0,0.4515700935562317,1,0,0,0,0,0,1,0,0,0,1,0,0,0
-0.061694905582455314,-0.4529406099715616,-0.4212808813493377,-0.3610639390773171,-0.3596198561954812,0,-0.9803484133599242,0.5469782897311056,0.36277074180604807,1,0.1865008295003771,0,1,0,0,0,1,0,0,0,0,0,0,0,0
-0.7668113771337532,-0.7597453658380758,-0.1333083393438553,-0.07384446607449986,-0.07253226369671681,1,0.7769129644337146,-0.4323050568631192,0.22586065393800275,0,0.1865008295003771,1,0,0,0,0,0,0,0,0,1,0,0,0,0
1.8294878093329867,0.5971984391854281,-0.4877360833506029,-0.4273453559241211,-0.42587083907981144,0,0.46680801541130773,-0.4323050568631192,-0.7325099611383147,1,0.4515700935562317,0,1,0,0,0,0,1,0,0,0,0,0,1,0
-1.950479934797334,-2.0786669462694416,-0.00039793534132493693,-0.4273453559241211,-0.3375361952340378,0,0.05333475004809862,0.5469782897311056,-1.1432402247424507,1,0.1865008295003771,0,0,0,1,0,0,1,0,0,0,0,0,0,1
1.2227596826493599,0.4180407488220745,-0.3326739453476508,-0.2726887166149118,-0.27128521234970754,1,-1.2904533623823309,1.036619963028218,-0.86942004900636,1,0.4515700935562317,0,0,0,0,0,0,0,1,0,0,1,0,0,0
-1.3580401594390243,-0.42475897141116015,-0.399129147348916,-0.3389701334617158,-0.3375361952340378,0,0.26007138272970315,1.363047745226293,0.0889505660699574,0,-4.054607395393297,1,0,0,0,1,0,0,0,0,0,1,0,0,0
0.5270174800441425,0.0642991322953208,0.02175379865909679,0.08081217323470943,0.08205336303338709,1,0.7769129644337146,0.5469782897311056,-0.3217796975341787,1,0.1865008295003771,0,1,0,0,0,0,0,0,0,1,0,0,0,0
-1.26361206161801,-3.755693454278663,0.1989676706624706,-0.38315774469291847,-0.44795450004125487,1,0.26007138272970315,0.3837643986320681,-0.1848696096661333,1,0.1865008295003771,0,0,1,0,0,0,1,0,0,0,0,0,0,1
1.9443185440199395,0.7854106804057392,-0.15546007334427703,-0.3389701334617158,-0.44795450004125487,1,-0.4635068316559128,0.5469782897311056,0.0889505660699574,1,0.1865008295003771,0,0,0,1,0,0,0,0,1,0,0,0,0,1
0.31283340888832745,-0.08221471053197983,-0.5098878173510246,-0.4494391615397224,-0.44795450004125487,1,-0.050033566292703655,-0.4323050568631192,1.1842312690143202,0,0.1865008295003771,0,1,0,0,0,0,1,0,0,0,1,0,0,0
0.1843312620081423,-0.3816010439769539,2.6356584107088605,2.687881235875666,2.68792535648371,1,0.57017633175211,0.057336616433993196,-1.0063301368744053,0,0.4515700935562317,0,1,0,0,0,0,1,0,0,0,0,0,0,0
-0.12347106140990292,1.44740263743719,-0.4434326153497595,-0.38315774469291847,-0.38170351715692463,0,1.5004911788193305,-0.4323050568631192,-1.0063301368744053,0,0.1865008295003771,0,0,1,0,0,0,1,0,0,0,1,0,0,0
1.1156192548276052,0.42431573019377483,-0.5098878173510246,-0.4494391615397224,-0.44795450004125487,1,-1.1870850460415288,-0.4323050568631192,-0.3217796975341787,0,0.1865008295003771,0,0,0,0,0,0,1,0,0,0,0,0,0,0
0.15746665350933528,-0.38987007498446646,0.3983332766662661,0.456406868699932,0.4574755993779251,0,-0.2567701989743082,1.5262616363253305,-0.04795952179808796,1,0.1865008295003771,0,1,0,0,0,0,0,0,0,1,0,0,0,0
-0.3978274311693753,-0.7196830958804826,2.1261685286991607,2.1797237067168354,2.1800011543705113,0,-0.3601385153151105,4.137683893909929,3.922433026375227,1,0.1865008295003771,0,1,0,0,0,0,0,0,0,1,0,0,0,0
-1.2406308431583517,-2.8953026735581977,-0.3105222113472291,-0.29478252223051316,-0.3375361952340378,0,0.36343969907050544,-0.4323050568631192,-0.86942004900636,1,0.1865008295003771,0,1,0,0,0,0,0,0,1,0,0,0,0,1
-0.6004250165186653,-0.27908179276662076,-0.24406700934596393,-0.1843134941525065,-0.18295056850393387,1,1.0870179134561213,-0.4323050568631192,-0.04795952179808796,1,0.4515700935562317,1,0,0,0,0,1,0,0,0,0,0,0,0,0
0.4157153192536995,-0.43728104534833667,-0.5098878173510246,-0.4494391615397224,-0.44795450004125487,0,0.9836495971153191,-0.4323050568631192,0.7735010054101842,0,0.1865008295003771,0,1,0,0,0,0,1,0,0,0,0,0,0,0
0.4552725219893029,-0.2586811311070881,-0.4212808813493377,-0.3610639390773171,-0.3596198561954812,0,-0.050033566292703655,2.505544982919555,1.458051444750411,1,0.4515700935562317,0,1,0,0,0,0,0,0,0,1,0,0,0,0
0.5495820920205385,0.010348236901908848,0.2875746066641575,0.3459378406219254,0.34705729457070805,1,0.8802812807745168,-0.4323050568631192,-0.7325099611383147,1,0.1865008295003771,0,1,0,0,0,0,0,0,0,1,0,0,0,0
-2.5367084612223554,-1.2015169383137565,0.22111940466289232,-0.31687632784611447,-0.44795450004125487,1,1.3971228624785281,-0.4323050568631192,0.9104110932782294,1,0.4515700935562317,0,0,0,1,0,0,0,0,0,1,0,0,0,1
1.3219499561288768,0.2928897314645811,-0.3326739453476508,-0.31687632784611447,-0.31545253427259434,0,-0.4635068316559128,6.585892260395491,-0.458689785402224,1,0.4515700935562317,0,1,0,0,0,0,1,0,0,0,1,0,0,0
-1.8532310772908898,-1.9816934049517458,-0.3326739453476508,-0.31687632784611447,-0.31545253427259434,0,-0.6702434643375174,3.4848283295137796,3.922433026375227,0,0.1865008295003771,0,0,0,1,0,0,1,0,0,0,1,0,0,0
0.4552725219893029,-0.2586811311070881,-0.4212808813493377,-0.3610639390773171,-0.3596198561954812,0,-1.4971899950639356,-0.10587727466504428,-0.458689785402224,1,0.1865008295003771,0,1,0,0,0,1,0,0,0,0,1,0,0,0
0.2112096968623903,0.2850529769514621,-0.3105222113472291,-0.25059491099931047,-0.24920155138826414,0,0.46680801541130773,-0.4323050568631192,-0.7325099611383147,1,0.1865008295003771,0,0,1,0,1,0,0,0,0,0,0,0,0,0
0.2556337766908341,-0.1909949987110003,0.6420023506709052,0.6994387304715466,0.7003958699538027,0,0.7769129644337146,-0.4323050568631192,-1.280150312610496,1,-0.07856843455547749,0,1,0,0,0,0,0,0,0,1,0,0,0,0
-2.0938926189949316,-0.2310991018776325,-0.3548256793480726,-0.29478252223051316,-0.29336887331115097,1,-0.2567701989743082,-0.4323050568631192,0.0889505660699574,1,0.1865008295003771,1,0,0,0,0,0,0,0,0,1,1,0,0,0
-0.07679328565488812,0.020862316800260204,-0.4877360833506029,-0.4273453559241211,-0.42587083907981144,0,-0.8769800970191218,-0.4323050568631192,-0.7325099611383147,1,0.1865008295003771,1,0,0,0,0,0,0,0,0,1,0,0,0,0
1.8047109804962445,0.4188634686020209,-0.3326739453476508,-0.2726887166149118,-0.27128521234970754,0,0.8802812807745168,-0.4323050568631192,-0.3217796975341787,1,0.4515700935562317,0,1,0,0,0,0,1,0,0,0,0,0,0,0
-0.5211170420722665,-0.07701344819505429,-0.4877360833506029,-0.4273453559241211,-0.42587083907981144,1,0.8802812807745168,0.3837643986320681,-0.7325099611383147,0,-3.7895381313374417,1,0,0,0,0,0,1,0,0,0,1,0,0,0
-0.2832484241545395,-0.6842503677350933,4.119824588737116,4.168166212120955,4.167530640900419,0,-0.2567701989743082,-0.4323050568631192,-0.3217796975341787,1,0.4515700935562317,0,1,0,0,0,0,0,0,0,1,0,0,0,0
-1.0343365037780232,-1.2066425388050228,0.5533954146692183,-0.4052515503085198,-0.3375361952340378,1,-1.1870850460415288,0.057336616433993196,0.36277074180604807,1,0.4515700935562317,0,0,0,1,1,0,0,0,0,0,0,0,0,1
-0.32978793635583176,-0.1232949219120977,-0.46558434935018117,-0.4052515503085198,-0.403787178118368,0,1.293754546137726,0.057336616433993196,0.0889505660699574,1,-3.7895381313374417,1,0,0,0,0,0,0,0,0,1,0,0,0,0
0.4340905455507215,0.044093692278564536,0.1989676706624706,0.2575626181595201,0.2587226507249344,1,0.6735446480929123,-0.4323050568631192,0.0889505660699574,0,0.4515700935562317,0,1,0,0,0,0,1,0,0,0,0,0,1,0
-0.14064339478905769,-0.3446483758991849,-0.4434326153497595,-0.38315774469291847,-0.38170351715692463,0,0.57017633175211,-0.4323050568631192,0.6365909175421388,1,0.4515700935562317,0,1,0,0,0,0,0,0,0,1,0,0,0,0
-2.100653706774645,-0.18732762070946737,0.3983332766662661,0.456406868699932,0.4574755993779251,1,0.8802812807745168,-0.4323050568631192,-0.1848696096661333,1,-0.07856843455547749,1,0,0,0,0,0,1,0,0,0,0,0,0,0
-0.5868337091824268,-0.26460750240247277,0.06605726665994024,0.12499978446591209,0.12622068495627392,1,0.57017633175211,-0.4323050568631192,-0.7325099611383147,1,-0.07856843455547749,1,0,0,0,0,0,0,0,0,1,0,0,0,0
-0.8220061878014351,0.17929862423398968,-0.2219152753455422,-0.16221968853690516,-0.16086690754249047,1,-1.4971899950639356,-0.4323050568631192,-0.7325099611383147,1,-0.07856843455547749,1,0,0,0,0,0,0,0,0,1,0,0,0,0
0.03307093417627097,-0.21721047644161556,0.15466420266162714,0.2133750069283174,0.21455532880204756,1,-1.2904533623823309,-0.4323050568631192,-1.280150312610496,1,-0.07856843455547749,0,1,0,0,0,1,0,0,0,0,0,0,0,0
-0.33117057189354815,2.213257141650524,-0.3326739453476508,-0.31687632784611447,-0.31545253427259434,0,-1.1870850460415288,-0.4323050568631192,-0.1848696096661333,0,0.4515700935562317,0,0,1,0,0,0,0,0,0,1,0,0,0,0
-1.3391118017659485,-0.20712624550343092,0.3097263406645792,-0.4052515503085198,-0.3375361952340378,1,1.1903862297969237,-0.10587727466504428,0.49968082967409344,1,-0.07856843455547749,0,0,1,0,0,0,0,0,1,0,0,0,0,1
0.07185386101061571,-0.5375134144587921,-0.3105222113472291,-0.25059491099931047,-0.24920155138826414,1,-0.566875147996715,2.6687588740185926,0.0889505660699574,1,-0.07856843455547749,0,1,0,0,0,0,1,0,0,0,0,0,0,0
1.6007445859645808,0.7800235075503147,-0.3769774133484943,-0.31687632784611447,-0.31545253427259434,1,1.293754546137726,5.933036695999342,-0.5955998732702694,0,-0.07856843455547749,0,0,0,0,0,0,1,0,0,0,0,0,0,0
1.0329929550905887,0.24280143571547844,-0.4434326153497595,-0.38315774469291847,-0.38170351715692463,0,-1.0837167297007264,-0.4323050568631192,0.6365909175421388,0,0.4515700935562317,0,1,0,0,0,0,0,0,0,1,0,0,0,0
-0.35412232182052444,0.7720473090068677,-0.3326739453476508,-0.31687632784611447,-0.31545253427259434,0,0.36343969907050544,-0.4323050568631192,-0.04795952179808796,0,-4.054607395393297,0,0,1,0,0,0,1,0,0,0,1,0,0,0
1.5993342977160807,0.786214822503739,-0.17761180734469875,-0.11803207730570252,-0.11669958561960364,1,0.9836495971153191,-0.2690911657640817,0.36277074180604807,1,0.1865008295003771,0,0,0,0,0,0,0,0,0,1,0,0,0,0
-0.3940943152173937,0.1456926128876621,-0.4877360833506029,-0.4273453559241211,-0.42587083907981144,1,0.7769129644337146,-0.4323050568631192,-0.04795952179808796,0,-0.07856843455547749,1,0,0,0,0,0,0,0,0,0,1,0,0,0
-0.34456831025449647,-0.592049974780335,-0.3326739453476508,-0.2726887166149118,-0.27128521234970754,0,-1.2904533623823309,-0.4323050568631192,-0.5955998732702694,0,0.1865008295003771,0,1,0,0,0,0,0,1,0,0,1,0,0,0
0.9969199939102075,0.5446280396936714,-0.5098878173510246,-0.4494391615397224,-0.44795450004125487,1,-0.566875147996715,-0.4323050568631192,-0.7325099611383147,1,0.1865008295003771,0,0,0,0,0,0,0,0,0,1,0,0,0,0
-0.30967058928129687,-0.7178842678872487,7.575495092802906,7.614799888154762,7.6125817508855915,0,0.1567030663889009,1.8526894185234053,-1.0063301368744053,1,0.1865008295003771,0,1,0,0,0,0,1,0,0,0,0,0,0,0
-1.2884797655338454,0.16043184690965145,-0.5098878173510246,-0.4494391615397224,-0.44795450004125487,1,-0.15340188263350593,0.3837643986320681,-0.3217796975341787,0,-0.07856843455547749,1,0,0,0,0,0,0,0,0,1,0,0,1,0
0.026102451065924924,-0.3149746862126279,-0.3326739453476508,-0.31687632784611447,-0.31545253427259434,0,1.293754546137726,-0.4323050568631192,-1.0063301368744053,1,0.1865008295003771,0,1,0,0,0,0,1,0,0,0,0,0,0,0
-0.706404030488581,-0.35860672335046495,-0.4877360833506029,-0.4273453559241211,-0.42587083907981144,0,-0.566875147996715,4.137683893909929,1.7318716204865017,1,-3.7895381313374417,1,0,0,0,0,1,0,0,0,0,1,0,0,0
1.6114185323161248,0.39314998938106244,-0.5098878173510246,-0.4494391615397224,-0.44795450004125487,1,-0.15340188263350593,-0.4323050568631192,-1.1432402247424507,1,0.1865008295003771,0,1,0,0,0,0,1,0,0,0,1,0,0,0
-0.6892455234648672,-0.34593126097955096,-0.4434326153497595,-0.38315774469291847,-0.38170351715692463,0,-0.566875147996715,-0.4323050568631192,-0.04795952179808796,0,0.1865008295003771,1,0,0,0,0,0,0,0,0,1,0,0,0,0
1.8282710900597767,0.5966406630635213,-0.399129147348916,-0.3389701334617158,-0.3375361952340378,1,-1.1870850460415288,-0.4323050568631192,-1.1432402247424507,1,0.1865008295003771,0,1,0,0,0,1,0,0,0,0,0,0,0,0
-0.5042074094453123,-0.3182376765257932,-0.3326739453476508,-0.2726887166149118,-0.27128521234970754,0,0.6735446480929123,-0.4323050568631192,0.49968082967409344,1,0.4515700935562317,1,0,0,0,0,0,1,0,0,0,0,0,0,0
-0.817402011460697,-0.379286273070852,-0.5098878173510246,-0.4494391615397224,-0.44795450004125487,0,-0.4635068316559128,-0.4323050568631192,1.1842312690143202,1,-3.7895381313374417,1,0,0,0,0,0,0,1,0,0,0,0,0,0
0.33015783217664574,-0.28599821667850417,-0.15546007334427703,-0.09593827169010119,-0.09461592465816022,0,0.7769129644337146,0.5469782897311056,0.49968082967409344,0,0.1865008295003771,0,1,0,0,1,0,0,0,0,0,1,0,0,0
-0.7077728396710529,0.09407043280336504,-0.19976354134512048,-0.14012588292130385,-0.13878324658104704,0,-0.3601385153151105,-0.4323050568631192,0.0889505660699574,1,0.4515700935562317,1,0,0,0,0,0,1,0,0,0,0,0,0,0
0.6672858553508001,0.8038823811657891,-0.17761180734469875,-0.11803207730570252,-0.11669958561960364,0,-0.3601385153151105,-0.4323050568631192,0.36277074180604807,1,0.4515700935562317,0,0,1,0,0,0,1,0,0,0,0,0,0,0
0.27891735914692123,0.28225015193871644,-0.3105222113472291,-0.25059491099931047,-0.24920155138826414,1,-0.2567701989743082,-0.4323050568631192,0.36277074180604807,1,-0.07856843455547749,0,0,1,0,0,0,0,0,0,1,0,0,0,0
0.5472316116062733,0.002636982016303165,-0.4877360833506029,-0.4273453559241211,-0.42587083907981144,1,-0.6702434643375174,-0.4323050568631192,-0.3217796975341787,1,0.1865008295003771,0,1,0,0,0,0,0,0,0,1,0,0,0,0
1.1827738628970494,0.0865543995603376,-0.3326739453476508,-0.2726887166149118,-0.27128521234970754,0,-1.1870850460415288,-0.4323050568631192,0.36277074180604807,0,0.4515700935562317,0,1,0,0,1,0,0,0,0,0,0,0,0,0
-0.7297705710769213,-0.42652991059816997,-0.2662187433463857,-0.20640729976810782,-0.2050342294653773,1,0.9836495971153191,-0.4323050568631192,0.9104110932782294,1,0.4515700935562317,1,0,0,0,0,0,0,0,0,1,0,0,0,0
0.859610458654371,0.23967788943264126,-0.4212808813493377,-0.3610639390773171,-0.3596198561954812,0,1.293754546137726,5.933036695999342,-0.5955998732702694,1,-0.07856843455547749,0,1,0,0,0,0,1,0,0,0,0,0,0,0
0.2112096968623903,0.2850529769514621,-0.17761180734469875,-0.11803207730570252,-0.11669958561960364,0,-1.4971899950639356,-0.4323050568631192,-1.1432402247424507,1,0.1865008295003771,0,0,1,0,0,0,1,0,0,0,0,0,0,0
0.39717417669226934,1.751655567545985,-0.46558434935018117,-0.4052515503085198,-0.403787178118368,0,-1.2904533623823309,-0.4323050568631192,0.22586065393800275,1,0.4515700935562317,0,0,1,0,0,0,0,0,0,1,0,0,0,0
-0.3388718518389281,2.300242327865145,-0.3548256793480726,-0.29478252223051316,-0.29336887331115097,1,-1.2904533623823309,-0.4323050568631192,-0.5955998732702694,1,0.1865008295003771,0,0,1,0,0,0,0,1,0,0,0,0,0,0
0.2249392677524495,0.040733091143911965,-0.4877360833506029,-0.4273453559241211,-0.42587083907981144,1,-1.0837167297007264,-0.4323050568631192,1.1842312690143202,0,-0.07856843455547749,0,0,1,0,0,1,0,0,0,0,0,0,0,0
0.7576134350331964,-0.23561708846533602,-0.3548256793480726,-0.29478252223051316,-0.29336887331115097,1,1.1903862297969237,0.22055050753303065,-0.04795952179808796,1,0.4515700935562317,0,1,0,0,1,0,0,0,0,0,0,0,0,0
1.65835900882334,0.8519766272790795,-0.06685313734259012,-0.007563049227695875,-0.006281280812386572,0,-0.566875147996715,0.8734060719291806,-0.458689785402224,1,0.4515700935562317,0,0,0,0,0,0,0,0,0,1,0,0,0,0
0.053492461069034686,0.030609454530915254,-0.19976354134512048,-0.14012588292130385,-0.13878324658104704,1,0.9836495971153191,-0.4323050568631192,0.0889505660699574,1,0.4515700935562317,1,0,0,0,0,0,0,0,0,1,0,0,0,0
0.053492461069034686,0.030609454530915254,-0.19976354134512048,-0.14012588292130385,-0.13878324658104704,1,-1.8072949440863422,-0.4323050568631192,-1.8277906640826775,1,0.4515700935562317,1,0,0,0,0,0,0,0,0,1,0,0,0,0
0.5680679291604993,-0.2827073375591147,0.33187807466500097,0.390125451853128,0.39122461649359486,1,-0.4635068316559128,-0.4323050568631192,-0.04795952179808796,1,0.1865008295003771,0,1,0,0,0,0,0,0,0,1,0,0,0,0
-0.2453365577088529,-0.7254003011302761,0.4647884786675313,0.522688285546736,0.5237265822622553,0,0.26007138272970315,0.5469782897311056,0.9104110932782294,0,0.1865008295003771,0,1,0,0,0,1,0,0,0,0,0,0,0,0
1.0151846093640944,1.0265326646364534,-0.4877360833506029,-0.4273453559241211,-0.42587083907981144,0,-0.7736117806783196,-0.4323050568631192,-1.280150312610496,1,0.4515700935562317,0,0,0,0,0,0,1,0,0,0,0,0,0,0
-0.7210046617674949,-0.3826887074147417,-0.3548256793480726,-0.29478252223051316,-0.29336887331115097,0,0.05333475004809862,-0.4323050568631192,0.0889505660699574,0,-0.07856843455547749,1,0,0,0,0,0,0,1,0,0,1,0,0,0
0.3967317333201215,-0.4399583707335691,-0.15546007334427703,-0.09593827169010119,-0.09461592465816022,1,0.9836495971153191,-0.4323050568631192,-0.1848696096661333,0,-4.054607395393297,0,1,0,0,1,0,0,0,0,0,1,0,0,0
-0.8493132396723899,-0.6185164517657787,-0.2662187433463857,-0.20640729976810782,-0.2050342294653773,1,0.36343969907050544,-0.4323050568631192,-0.86942004900636,1,0.1865008295003771,1,0,0,0,0,0,1,0,0,0,1,0,0,0
-0.5994295189314309,-0.2522945945108875,-0.5098878173510246,-0.4494391615397224,-0.44795450004125487,1,-0.7736117806783196,-0.4323050568631192,-0.86942004900636,0,0.4515700935562317,1,0,0,0,0,0,1,0,0,0,1,0,0,0
0.37441599574058315,1.7445578663943382,-0.5098878173510246,-0.4494391615397224,-0.44795450004125487,1,1.293754546137726,7.565175606989716,-0.7325099611383147,0,-0.07856843455547749,0,0,1,0,0,0,0,0,0,1,0,0,0,0
1.4825845529068287,0.7069269467717102,-0.2662187433463857,-0.20640729976810782,-0.2050342294653773,0,0.36343969907050544,-0.2690911657640817,-0.86942004900636,0,0.4515700935562317,0,0,0,0,0,0,1,0,0,0,0,0,0,0
0.7576134350331964,-0.23561708846533602,-0.3548256793480726,-0.29478252223051316,-0.29336887331115097,1,0.46680801541130773,-0.4323050568631192,0.49968082967409344,1,0.4515700935562317,0,1,0,0,0,0,0,0,0,1,0,0,0,0
-0.5781369316498125,-0.3200086157130012,0.8413679566747008,0.8982829810119586,0.8991488186067933,1,-1.2904533623823309,-0.4323050568631192,-0.3217796975341787,1,-0.07856843455547749,1,0,0,0,0,0,1,0,0,0,0,0,0,0
-0.5715319683309724,-0.3444239645792305,0.2875746066641575,-0.29478252223051316,-0.31545253427259434,0,-0.15340188263350593,-0.10587727466504428,-0.458689785402224,1,-0.07856843455547749,0,0,1,0,1,0,0,0,0,0,0,0,0,1
0.07485418012756344,-0.521059018862043,-0.3548256793480726,-0.29478252223051316,-0.29336887331115097,0,-1.7039266277455398,-0.2690911657640817,-1.964700751950723,0,-0.07856843455547749,0,1,0,0,0,0,1,0,0,0,0,0,0,0
0.11225447142429003,0.1726053107707105,-0.4434326153497595,-0.38315774469291847,-0.38170351715692463,0,-1.2904533623823309,-0.4323050568631192,-1.280150312610496,1,0.4515700935562317,0,0,1,0,0,0,0,0,0,1,0,0,0,0
-1.208093335367959,-0.5018296870585743,-0.5098878173510246,-0.4494391615397224,-0.44795450004125487,1,0.46680801541130773,-0.4323050568631192,0.49968082967409344,0,0.4515700935562317,1,0,0,0,0,1,0,0,0,0,0,0,0,0
0.3836381747775003,-0.39746977464577005,0.5976988826700617,0.655251119240344,0.6562285480309158,0,-1.1870850460415288,-0.4323050568631192,-0.7325099611383147,1,0.1865008295003771,0,1,0,0,1,0,0,0,0,0,0,0,0,0
0.19381614179725987,-0.17325771803368706,-0.1333083393438553,-0.07384446607449986,-0.07253226369671681,0,1.293754546137726,-0.4323050568631192,2.690242235562819,1,0.4515700935562317,0,1,0,0,0,1,0,0,0,0,0,0,0,0
-1.2734090381721965,-0.5191068024352697,-0.4434326153497595,-0.38315774469291847,-0.38170351715692463,1,-1.2904533623823309,-0.4323050568631192,1.5949615326184563,0,0.1865008295003771,1,0,0,0,0,0,0,1,0,0,1,0,0,0
-0.364630351907562,0.10829372391248647,-0.4877360833506029,-0.4273453559241211,-0.42587083907981144,0,-0.3601385153151105,-0.4323050568631192,1.1842312690143202,1,-0.07856843455547749,1,0,0,0,0,0,0,0,0,1,0,0,0,0
-0.41313320657253927,0.5788336603709449,-0.3326739453476508,-0.31687632784611447,-0.31545253427259434,0,1.3971228624785281,1.5262616363253305,-0.7325099611383147,0,0.4515700935562317,1,0,0,0,0,0,1,0,0,0,1,0,0,0
-2.946785176822977,-3.912031063317344,-0.2662187433463857,-0.20640729976810782,-0.2050342294653773,0,-1.0837167297007264,-0.2690911657640817,2.279511971958683,0,-0.07856843455547749,0,0,0,1,0,0,0,1,0,0,0,0,1,0
0.3963445953696395,-0.1472514063488612,0.8635196906751225,0.92037678662756,0.9212324795682367,0,0.57017633175211,-0.4323050568631192,-0.1848696096661333,0,0.4515700935562317,0,1,0,0,0,0,0,0,0,1,0,0,0,0
-0.3377242643426284,-0.12298814504501918,-0.46558434935018117,-0.4052515503085198,-0.403787178118368,0,-1.1870850460415288,-0.4323050568631192,-0.7325099611383147,1,0.1865008295003771,1,0,0,0,0,1,0,0,0,0,0,0,0,0
-0.5781369316498125,-0.3200086157130012,0.8413679566747008,0.8982829810119586,0.8991488186067933,1,0.7769129644337146,-0.4323050568631192,-0.86942004900636,1,0.1865008295003771,1,0,0,0,0,0,1,0,0,0,0,0,0,0
-0.364630351907562,0.10829372391248647,-0.4877360833506029,-0.4273453559241211,-0.42587083907981144,0,0.6735446480929123,-0.4323050568631192,0.36277074180604807,1,0.4515700935562317,1,0,0,0,0,0,0,0,0,1,0,0,0,0
1.3071972349408976,0.6966080885161352,-0.4877360833506029,-0.4273453559241211,-0.42587083907981144,0,-0.050033566292703655,1.5262616363253305,1.3211413568823656,1,0.4515700935562317,0,0,0,0,0,0,0,0,0,1,0,0,0,0
1.2752030485969517,1.620745511729461,-0.3326739453476508,-0.31687632784611447,-0.31545253427259434,0,0.26007138272970315,-0.4323050568631192,-1.1432402247424507,1,0.4515700935562317,0,0,0,0,0,0,0,0,0,1,0,0,0,0
-0.7560795624885309,-2.162442210321826,0.4647884786675313,-0.38315774469291847,-0.44795450004125487,1,0.9836495971153191,0.5469782897311056,0.6365909175421388,1,0.4515700935562317,0,0,0,1,0,0,1,0,0,0,0,0,0,1
-1.8761136954409556,2.675820879565535,-0.24406700934596393,-0.1843134941525065,-0.18295056850393387,1,-0.9803484133599242,-0.4323050568631192,1.1842312690143202,0,-0.07856843455547749,0,0,1,0,0,0,0,0,0,1,0,0,0,0
-1.8886127207023637,2.467505442428294,-0.3548256793480726,-0.29478252223051316,-0.29336887331115097,1,-1.0837167297007264,-0.4323050568631192,-0.5955998732702694,1,0.4515700935562317,0,0,1,0,0,0,0,0,0,1,0,0,0,0
-0.035770489249315106,-0.6933839517315913,-0.46558434935018117,-0.4052515503085198,-0.403787178118368,0,0.8802812807745168,3.4848283295137796,0.22586065393800275,1,0.1865008295003771,0,1,0,0,0,0,0,0,0,1,0,0,0,0
2.2015308098871493,0.22469082447763736,0.13251246866120542,-0.29478252223051316,-0.31545253427259434,0,0.05333475004809862,-0.2690911657640817,-0.86942004900636,1,0.4515700935562317,1,0,0,0,0,0,0,0,1,0,0,0,0,1
-0.8332055356573799,0.7306882095658954,-0.3326739453476508,-0.31687632784611447,-0.31545253427259434,0,0.9836495971153191,1.036619963028218,0.0889505660699574,1,0.1865008295003771,1,0,0,0,0,1,0,0,0,0,0,0,0,0
0.6224884639270206,0.33547593837366924,0.4647884786675313,0.522688285546736,0.5237265822622553,1,-0.6702434643375174,-0.4323050568631192,-0.3217796975341787,0,0.1865008295003771,0,0,1,0,0,0,0,0,0,1,0,0,0,0
0.023073858839420487,-3.4783207683304385,-0.399129147348916,-0.4494391615397224,-0.3596198561954812,0,0.36343969907050544,-0.10587727466504428,0.22586065393800275,1,0.1865008295003771,0,0,0,0,0,0,0,0,0,1,0,0,0,1
-1.0677143492183627,1.2901934374717745,-0.4212808813493377,-0.3610639390773171,-0.3596198561954812,1,-0.8769800970191218,0.057336616433993196,-0.458689785402224,1,0.1865008295003771,1,0,0,0,0,0,0,0,0,1,0,0,0,0
-0.31163393174488363,-0.6901209614184259,-0.15546007334427703,-0.09593827169010119,-0.09461592465816022,1,-0.3601385153151105,-0.4323050568631192,0.9104110932782294,0,-0.07856843455547749,0,1,0,0,0,0,1,0,0,0,1,0,0,0
1.1448758228068039,0.3005312643349236,0.3983332766662661,0.456406868699932,0.4574755993779251,0,1.293754546137726,5.933036695999342,-0.5955998732702694,1,-0.07856843455547749,0,1,0,0,0,0,1,0,0,0,0,0,0,0
-1.0548973177831866,0.1501129886540765,-0.4877360833506029,-0.4273453559241211,-0.42587083907981144,0,-0.050033566292703655,-0.4323050568631192,1.868781708354547,1,0.1865008295003771,1,0,0,0,1,0,0,0,0,0,0,0,0,0
0.4483316915897407,-0.31793089965891286,-0.5098878173510246,-0.4494391615397224,-0.44795450004125487,0,-0.4635068316559128,-0.4323050568631192,-1.1432402247424507,1,0.4515700935562317,0,1,0,0,0,0,0,0,0,1,1,0,0,0
-0.6974445522038644,0.932784442943488,-0.4877360833506029,-0.4273453559241211,-0.42587083907981144,0,0.57017633175211,-0.4323050568631192,-1.1432402247424507,0,-0.07856843455547749,1,0,0,0,0,0,1,0,0,0,0,0,0,1
-0.9652886947445463,0.11898166769714132,0.22111940466289232,-0.3610639390773171,-0.403787178118368,1,0.1567030663889009,1.5262616363253305,-1.0063301368744053,1,0.1865008295003771,1,0,0,0,0,0,1,0,0,0,0,0,0,1
-0.051477228958303825,0.137102860610058,-0.5098878173510246,-0.4494391615397224,-0.44795450004125487,0,1.0870179134561213,2.015903309622443,-0.1848696096661333,1,-3.7895381313374417,1,0,0,0,0,0,1,0,0,0,1,0,0,0
-0.9666436914074139,0.27402295414024286,-0.04470140334216839,0.014530756387905453,0.01580238014905684,0,0.6735446480929123,-0.4323050568631192,-0.1848696096661333,0,0.4515700935562317,1,0,0,0,0,0,0,0,0,0,1,0,0,0
0.21795695828666242,-0.5195390789296634,-0.06685313734259012,-0.007563049227695875,-0.006281280812386572,0,-1.3938216787231332,-0.4323050568631192,0.7735010054101842,1,0.1865008295003771,0,1,0,0,0,1,0,0,0,0,0,0,0,0
-0.40774092797519973,-0.3361562344428699,-0.5098878173510246,-0.4494391615397224,-0.44795450004125487,0,1.3971228624785281,-0.4323050568631192,1.458051444750411,1,0.1865008295003771,1,0,0,0,0,0,1,0,0,0,0,0,0,0
-0.5042074094453123,-0.3182376765257932,-0.24406700934596393,-0.1843134941525065,-0.18295056850393387,0,0.57017633175211,-0.2690911657640817,-1.0063301368744053,1,-0.07856843455547749,1,0,0,0,0,0,1,0,0,0,0,0,0,0
-0.54834113581087,-0.34912452927765125,-0.3326739453476508,-0.2726887166149118,-0.27128521234970754,1,-0.6702434643375174,-0.4323050568631192,0.22586065393800275,1,0.4515700935562317,1,0,0,0,1,0,0,0,0,0,1,0,0,0
-0.46578608190089715,0.4197552733073621,0.3761815426658444,-0.4052515503085198,-0.42587083907981144,1,-1.2904533623823309,-0.4323050568631192,-1.4170604004785414,1,0.4515700935562317,0,1,0,0,0,0,0,0,0,1,0,0,0,1
-1.8575725528795255,-1.8296854673234542,-0.46558434935018117,-0.4052515503085198,-0.403787178118368,1,1.0870179134561213,-0.4323050568631192,0.49968082967409344,0,0.1865008295003771,0,0,0,1,0,0,0,0,0,0,1,0,0,0
-0.9323266773599865,0.686819117576243,-0.3326739453476508,-0.31687632784611447,-0.31545253427259434,0,1.293754546137726,-0.10587727466504428,-0.5955998732702694,1,0.4515700935562317,1,0,0,0,1,0,0,0,0,0,0,0,0,0
1.7644901127025174,0.954677155729176,0.24327113866331404,0.3017502293907227,0.30288997264782125,1,-0.050033566292703655,2.1791172007214805,2.0056917962225924,1,0.1865008295003771,0,0,0,0,0,0,1,0,0,0,0,0,1,0
0.8630947002095932,0.2350901808296746,-0.5098878173510246,-0.4494391615397224,-0.44795450004125487,0,-2.220768209449551,-0.4323050568631192,-1.5539704883465868,1,0.4515700935562317,0,1,0,0,0,0,0,1,0,0,1,0,0,0
0.8700078778983716,-0.19508070880411205,-0.19976354134512048,-0.14012588292130385,-0.13878324658104704,1,-0.2567701989743082,3.321614438414742,0.0889505660699574,1,0.4515700935562317,0,1,0,0,0,0,1,0,0,0,0,0,0,0
-1.8521498377942216,-1.3237263682442275,0.44263674466710956,-0.2726887166149118,-0.42587083907981144,0,-1.2904533623823309,-0.4323050568631192,1.0473211811462748,1,0.1865008295003771,0,0,1,0,0,0,0,0,0,1,0,0,0,1
-1.1939628001719769,0.10699689442890925,-0.3769774133484943,-0.31687632784611447,-0.31545253427259434,0,-0.9803484133599242,-0.10587727466504428,-0.458689785402224,0,0.4515700935562317,1,0,0,0,0,0,0,0,0,1,0,0,0,0
-2.167296739695031,-0.45280116594103537,-0.2662187433463857,-0.20640729976810782,-0.2050342294653773,0,-0.050033566292703655,-0.4323050568631192,-0.04795952179808796,0,0.1865008295003771,1,0,0,0,0,0,1,0,0,0,0,0,0,0
0.43374488666626787,-0.5160111449584586,-0.399129147348916,-0.3389701334617158,-0.3375361952340378,0,0.46680801541130773,-0.4323050568631192,-1.4170604004785414,0,0.4515700935562317,0,1,0,0,0,0,0,0,0,1,0,0,0,0
0.07185386101061571,-0.5375134144587921,-0.3105222113472291,-0.25059491099931047,-0.24920155138826414,1,0.36343969907050544,-0.4323050568631192,-1.0063301368744053,1,0.4515700935562317,0,1,0,0,0,0,1,0,0,0,0,0,0,0
1.5009146785945975,0.6482810553134292,0.5312436806687965,-0.4052515503085198,-0.42587083907981144,0,-0.7736117806783196,0.3837643986320681,0.0889505660699574,1,0.4515700935562317,0,0,1,0,0,0,0,0,0,1,0,0,0,1
0.45966930299940806,-0.5153975912243015,-0.2219152753455422,-0.16221968853690516,-0.16086690754249047,0,1.5004911788193305,-0.2690911657640817,1.868781708354547,1,0.1865008295003771,0,1,0,0,0,0,0,0,0,1,0,0,0,0
0.2263495560009497,0.28984985160002,0.22111940466289232,0.2796564237751214,0.2808063116863778,0,1.293754546137726,-0.4323050568631192,2.690242235562819,1,0.4515700935562317,0,0,1,0,0,0,1,0,0,0,1,0,0,0
-0.8780582325026287,-0.2739502524447602,1.4173130406856655,1.4727219270175929,1.473324003604322,0,-2.117399893108749,-0.4323050568631192,-1.280150312610496,1,0.4515700935562317,1,0,0,0,0,0,0,0,0,1,0,0,0,1
-0.03831453863877221,-0.50049102436576,-0.24406700934596393,-0.1843134941525065,-0.18295056850393387,0,-1.4971899950639356,1.036619963028218,0.49968082967409344,0,-0.07856843455547749,0,1,0,0,0,0,0,0,0,0,0,0,0,0
0.12142134503963953,-0.2695995986938071,-0.4877360833506029,-0.4273453559241211,-0.42587083907981144,1,0.7769129644337146,-0.4323050568631192,-0.7325099611383147,1,0.1865008295003771,0,1,0,0,0,0,0,1,0,0,0,0,0,0
0.5931351114602259,-0.06645753508766394,-0.4877360833506029,-0.4273453559241211,-0.42587083907981144,1,-1.6005583114047377,-0.4323050568631192,-1.280150312610496,0,0.4515700935562317,0,1,0,0,0,0,1,0,0,0,1,0,0,0
0.2938913020209743,1.2265093487507206,-0.399129147348916,-0.3389701334617158,-0.3375361952340378,0,1.1903862297969237,0.22055050753303065,0.22586065393800275,0,0.4515700935562317,0,0,1,0,0,0,1,0,0,0,1,0,0,0
-0.12619485341930736,1.8544815956233967,-0.5098878173510246,-0.4494391615397224,-0.44795450004125487,1,-0.6702434643375174,-0.4323050568631192,-0.7325099611383147,0,0.4515700935562317,0,0,1,0,0,0,1,0,0,0,0,0,1,0
-0.5939948412674333,-3.138749824493448,0.35402980866542266,-0.3610639390773171,-0.27128521234970754,0,1.0870179134561213,-0.4323050568631192,-0.5955998732702694,1,0.1865008295003771,0,1,0,0,1,0,0,0,0,0,0,0,0,1
-1.037434630941244,0.05760581883223981,-0.46558434935018117,-0.4052515503085198,-0.403787178118368,1,-1.1870850460415288,-0.4323050568631192,0.49968082967409344,0,-0.07856843455547749,1,0,0,0,0,0,1,0,0,0,1,0,0,0
-0.2667259294781655,0.10963238660510267,-0.3326739453476508,-0.31687632784611447,-0.31545253427259434,0,0.1567030663889009,-0.2690911657640817,-1.0063301368744053,0,-3.7895381313374417,1,0,0,0,0,0,0,1,0,0,1,0,0,0
0.34214528228909385,0.3422529182552245,0.22111940466289232,0.2796564237751214,0.2808063116863778,1,-1.3938216787231332,-0.4323050568631192,-0.3217796975341787,0,0.4515700935562317,0,0,1,0,0,0,0,0,0,1,0,0,0,1
0.27601382451756945,-0.37620455999725194,-0.4212808813493377,-0.3610639390773171,-0.3596198561954812,0,-1.3938216787231332,-0.2690911657640817,-1.280150312610496,1,-0.07856843455547749,0,1,0,0,0,0,1,0,0,0,1,0,0,0
-1.0010042050524206,-0.411478594592217,0.5090919466683748,-0.29478252223051316,-0.31545253427259434,0,-0.6702434643375174,0.057336616433993196,0.22586065393800275,1,-3.7895381313374417,1,0,0,0,0,0,0,0,1,0,0,0,0,1
0.4053732054312665,-0.13969353989679478,0.7749127546734356,0.8320015641651546,0.8328978357224631,0,-1.0837167297007264,-0.4323050568631192,-0.1848696096661333,1,0.4515700935562317,0,1,0,0,0,0,0,0,0,1,0,0,0,0
-0.2482262659828619,-0.7560779878363447,1.306554370683557,1.3622528989395863,1.362905698797105,0,0.7769129644337146,-0.4323050568631192,-0.86942004900636,0,0.1865008295003771,0,1,0,0,0,0,0,0,0,1,0,0,0,0
0.6224055057947675,0.33578271524074776,-0.4212808813493377,-0.3610639390773171,-0.3596198561954812,1,-0.15340188263350593,-0.4323050568631192,-1.0063301368744053,0,0.4515700935562317,0,0,1,0,1,0,0,0,0,0,0,0,0,0
-0.35441267528341047,2.1112817221590845,-0.11115660534343356,-0.05175066045889853,-0.0504486027352734,1,0.9836495971153191,-0.4323050568631192,-0.1848696096661333,0,-0.07856843455547749,0,0,1,0,1,0,0,0,0,0,0,0,0,0
-0.033392356124266075,-0.41701982771933027,0.44263674466710956,0.5005944799311347,0.5016429213008119,0,0.8802812807745168,-0.4323050568631192,1.458051444750411,0,0.1865008295003771,0,1,0,0,0,0,1,0,0,0,1,0,0,0
0.22741418536499622,-0.20576212153901566,-0.04470140334216839,0.014530756387905453,0.01580238014905684,1,1.293754546137726,1.036619963028218,0.22586065393800275,1,0.4515700935562317,0,1,0,0,0,0,0,0,0,1,0,0,0,0
-1.5020831297637902,-1.1302899880378943,-0.3326739453476508,-0.2726887166149118,-0.27128521234970754,0,0.57017633175211,-0.4323050568631192,0.22586065393800275,0,0.4515700935562317,1,0,0,0,0,0,0,0,0,1,0,0,0,0
-2.620082225603607,-3.8669488082623906,-0.3326739453476508,-0.31687632784611447,-0.31545253427259434,0,0.8802812807745168,-0.4323050568631192,-0.458689785402224,0,0.4515700935562317,0,0,0,1,0,0,1,0,0,0,1,0,0,0
-1.4673651514104398,-0.5391170208094478,-0.5098878173510246,-0.4494391615397224,-0.44795450004125487,1,1.293754546137726,-0.4323050568631192,0.22586065393800275,0,0.4515700935562317,1,0,0,0,0,0,0,0,0,1,0,0,0,0
-0.5042074094453123,-0.3182376765257932,-0.2662187433463857,-0.20640729976810782,-0.2050342294653773,1,-1.2904533623823309,-0.4323050568631192,1.5949615326184563,1,0.4515700935562317,1,0,0,0,0,0,0,1,0,0,1,0,0,0
0.4366622476509624,-0.16677357061639544,1.5945269126890393,1.6494723719424036,1.6499932912958695,0,-0.566875147996715,-0.4323050568631192,0.6365909175421388,1,-3.7895381313374417,0,1,0,0,0,0,0,1,0,0,0,0,0,0
-0.9653301876466079,0.9712431065504253,-0.46558434935018117,-0.4052515503085198,-0.403787178118368,1,1.293754546137726,0.3837643986320681,-0.458689785402224,0,0.1865008295003771,1,0,0,0,0,0,1,0,0,0,1,0,0,0
0.4205407172805114,1.8429774631085465,-0.4434326153497595,-0.38315774469291847,-0.38170351715692463,0,-0.6702434643375174,0.22055050753303065,-0.5955998732702694,0,-0.07856843455547749,0,0,1,0,0,0,1,0,0,0,0,0,0,0
-0.6271375351083088,-0.2775897416404653,-0.46558434935018117,-0.4052515503085198,-0.403787178118368,0,-0.9803484133599242,-0.4323050568631192,-0.04795952179808796,0,0.4515700935562317,1,0,0,0,1,0,0,0,0,0,0,0,0,0
-0.876783941673445,2.1785645611597393,0.4647884786675313,-0.38315774469291847,-0.38170351715692463,1,-0.15340188263350593,-0.2690911657640817,1.868781708354547,1,0.1865008295003771,0,0,0,1,0,0,0,0,1,0,0,0,0,1
1.9817951914411196,-2.948609750379672,-0.3105222113472291,-0.31687632784611447,-0.44795450004125487,0,0.36343969907050544,0.057336616433993196,0.9104110932782294,1,0.4515700935562317,0,0,0,0,0,0,1,0,0,0,0,0,0,1
-0.8332055356573799,0.7306882095658954,-0.5098878173510246,-0.4494391615397224,-0.44795450004125487,1,-0.2567701989743082,-0.4323050568631192,0.22586065393800275,1,0.1865008295003771,1,0,0,0,0,0,0,0,0,1,0,0,0,0
0.13857985206335324,-0.08639803144657884,-0.3326739453476508,-0.31687632784611447,-0.31545253427259434,0,0.05333475004809862,-0.4323050568631192,-0.1848696096661333,0,0.1865008295003771,1,0,0,0,0,0,1,0,0,0,1,0,0,0
-0.2940053286383365,0.26286743170170845,-0.5098878173510246,-0.4494391615397224,-0.44795450004125487,0,0.6735446480929123,-0.4323050568631192,-0.5955998732702694,0,0.1865008295003771,1,0,0,0,1,0,0,0,0,0,0,0,0,0
-0.5029492111059756,0.08451851671528823,-0.2219152753455422,-0.16221968853690516,-0.16086690754249047,0,-1.7039266277455398,-0.4323050568631192,0.9104110932782294,1,0.1865008295003771,1,0,0,0,0,0,0,0,0,1,0,0,0,0
-1.5923415776692762,-0.0541725160021046,-0.1333083393438553,-0.07384446607449986,-0.07253226369671681,0,-1.3938216787231332,-0.4323050568631192,0.6365909175421388,0,0.1865008295003771,1,0,0,0,0,0,0,0,0,1,0,0,0,0
-2.1484103433097426,-2.305651660700957,-0.19976354134512048,-0.4052515503085198,-0.31545253427259434,1,-1.2904533623823309,-0.10587727466504428,0.7735010054101842,1,-0.07856843455547749,0,1,0,0,1,0,0,0,0,0,0,0,0,1
-0.24394009581569548,0.15743380025432754,-0.3548256793480726,-0.29478252223051316,-0.29336887331115097,1,0.46680801541130773,-0.4323050568631192,-0.458689785402224,0,0.4515700935562317,1,0,0,0,0,0,0,0,0,0,1,0,0,0
1.6499111056875835,0.694711649701414,-0.3326739453476508,-0.31687632784611447,-0.31545253427259434,0,-0.566875147996715,0.8734060719291806,-0.5955998732702694,0,0.4515700935562317,0,0,0,0,1,0,0,0,0,0,0,0,0,0
-0.07785791501893465,-0.6679772493777113,0.24327113866331404,0.3017502293907227,0.30288997264782125,0,0.36343969907050544,-0.4323050568631192,-1.1432402247424507,0,0.4515700935562317,0,1,0,0,0,1,0,0,0,0,0,0,0,0
1.0984884005146753,0.8102131401497397,-0.15546007334427703,-0.09593827169010119,-0.09461592465816022,0,1.6038594951601328,2.1791172007214805,-1.1432402247424507,1,-0.07856843455547749,0,0,0,0,0,0,0,0,0,1,0,0,0,0
1.1976925003496333,0.5700068532415253,-0.4434326153497595,-0.38315774469291847,-0.38170351715692463,0,0.7769129644337146,-0.4323050568631192,-0.3217796975341787,0,-0.07856843455547749,0,0,0,0,0,0,0,0,0,1,0,0,0,1
-1.8630892686751466,-0.15243872428277375,-0.46558434935018117,-0.4052515503085198,-0.403787178118368,0,-0.3601385153151105,0.057336616433993196,1.0473211811462748,1,0.4515700935562317,1,0,0,0,0,0,1,0,0,0,0,0,0,0
-0.7918232540120105,-0.6718119602159947,-0.5098878173510246,-0.4494391615397224,-0.44795450004125487,0,0.9836495971153191,-0.4323050568631192,-1.5539704883465868,0,0.4515700935562317,1,0,0,0,0,0,1,0,0,0,0,0,0,0
-0.4564511779708099,2.149210498450141,-0.4434326153497595,-0.38315774469291847,-0.38170351715692463,1,-0.7736117806783196,-0.4323050568631192,0.36277074180604807,0,-0.07856843455547749,0,0,1,0,0,0,1,0,0,0,0,0,0,0
-1.3384205611581068,-2.4849887441705594,-0.5098878173510246,-0.4494391615397224,-0.44795450004125487,1,0.1567030663889009,-0.4323050568631192,-0.3217796975341787,0,0.4515700935562317,0,0,0,1,0,0,1,0,0,0,1,0,0,0
-0.5977565299307303,-0.2852173301077949,-0.2662187433463857,-0.20640729976810782,-0.2050342294653773,1,1.5004911788193305,-0.4323050568631192,1.7318716204865017,1,0.1865008295003771,1,0,0,0,0,0,1,0,0,0,0,0,0,0
0.18363994423923496,-0.3824655969659393,-0.2883704773468074,-0.22850110538370916,-0.2271178904268207,1,-0.7736117806783196,-0.4323050568631192,-1.4170604004785414,1,0.1865008295003771,0,1,0,0,1,0,0,0,0,0,0,0,0,0
-0.6496191889524516,0.50197211076932,0.13251246866120542,0.1912812013127161,0.19247166784060415,1,1.6038594951601328,3.321614438414742,-0.7325099611383147,0,-0.07856843455547749,1,0,0,0,0,0,0,0,0,1,0,0,0,0
-0.13129677855376085,-0.6466283683109171,-0.24406700934596393,-0.1843134941525065,-0.18295056850393387,0,-0.6702434643375174,-0.4323050568631192,-1.280150312610496,0,0.1865008295003771,0,1,0,0,0,0,0,0,0,1,0,0,0,0
0.27891735914692123,0.28225015193871644,-0.3105222113472291,-0.25059491099931047,-0.24920155138826414,1,0.8802812807745168,-0.4323050568631192,-1.0063301368744053,1,0.1865008295003771,0,0,1,0,0,0,1,0,0,0,0,0,0,0
-0.8671130203226525,0.2934930007530162,-0.4212808813493377,-0.38315774469291847,-0.29336887331115097,1,-0.2567701989743082,-0.10587727466504428,0.0889505660699574,1,0.1865008295003771,0,0,1,0,0,0,1,0,0,0,0,0,0,1
0.2997813294118328,-0.6237177141029024,-0.4212808813493377,-0.3610639390773171,-0.3596198561954812,0,0.57017633175211,0.057336616433993196,-1.0063301368744053,0,0.4515700935562317,0,1,0,0,0,0,1,0,0,0,0,1,0,0
0.38618222416695736,-0.1493709556121867,-0.11115660534343356,-0.05175066045889853,-0.0504486027352734,0,-0.2567701989743082,1.5262616363253305,0.0889505660699574,1,0.1865008295003771,0,1,0,0,0,0,0,0,0,1,0,0,0,0
-1.0296642192189538,1.2663485082595114,-0.5098878173510246,-0.4494391615397224,-0.44795450004125487,1,-0.566875147996715,-0.4323050568631192,-0.86942004900636,0,0.1865008295003771,1,0,0,0,0,0,0,0,0,1,0,0,0,0
-0.14173567686388802,-0.45326133124165313,-0.4434326153497595,-0.38315774469291847,-0.38170351715692463,0,-0.566875147996715,-0.4323050568631192,-0.04795952179808796,1,0.1865008295003771,0,1,0,0,0,0,0,0,0,1,0,0,0,0
0.06008763258424151,-0.5086763889551945,3.477424302724886,3.5274458492685166,3.52710447301856,1,-0.2567701989743082,-0.4323050568631192,-0.7325099611383147,0,0.4515700935562317,0,1,0,0,0,0,1,0,0,0,0,0,0,0
-2.116830542566467,1.7157347852937537,-0.2662187433463857,-0.20640729976810782,-0.2050342294653773,0,1.0870179134561213,-0.2690911657640817,-0.7325099611383147,1,0.1865008295003771,0,0,1,0,0,0,1,0,0,0,0,0,0,0
0.21389200980566817,-0.4012765966778292,-0.4212808813493377,-0.3610639390773171,-0.3596198561954812,0,0.7769129644337146,-0.4323050568631192,-0.3217796975341787,0,0.1865008295003771,0,1,0,0,0,0,0,0,0,1,0,0,0,0
1.6609721899898058,0.955318598269359,-0.2219152753455422,-0.16221968853690516,-0.16086690754249047,1,-1.2904533623823309,-0.4323050568631192,-0.3217796975341787,1,0.1865008295003771,0,0,0,0,0,0,0,0,0,1,0,0,0,0
-1.9482596178017184,-0.3012394492101503,-0.4434326153497595,-0.38315774469291847,-0.38170351715692463,1,-0.4635068316559128,-0.4323050568631192,-0.04795952179808796,0,0.4515700935562317,1,0,0,0,0,0,1,0,0,0,0,0,0,0
-0.674188622458561,-0.2742849181178647,-0.3769774133484943,-0.31687632784611447,-0.31545253427259434,1,0.7769129644337146,-0.4323050568631192,-1.1432402247424507,0,-0.07856843455547749,1,0,0,0,0,0,0,0,0,1,0,0,0,0
0.254016093111701,0.6472588461285048,-0.5098878173510246,-0.4494391615397224,-0.44795450004125487,1,0.6735446480929123,-0.4323050568631192,-0.7325099611383147,1,0.4515700935562317,0,0,1,0,0,0,0,0,0,1,0,0,0,0
1.465315435040078,0.9837233472785629,-0.3105222113472291,-0.25059491099931047,-0.24920155138826414,1,-1.6005583114047377,-0.4323050568631192,-0.458689785402224,0,-0.07856843455547749,0,0,0,0,0,0,0,0,0,0,0,0,0,0
-1.19302260800631,-0.05199718912652897,-0.4434326153497595,-0.38315774469291847,-0.38170351715692463,0,-0.3601385153151105,5.116967240504154,1.5949615326184563,0,0.1865008295003771,1,0,0,0,0,0,0,1,0,0,1,0,0,0
-0.31463425086183133,-0.7116511197247855,4.80652834275019,4.853074186204596,4.852124130705165,1,-0.6702434643375174,-0.4323050568631192,0.22586065393800275,0,0.1865008295003771,0,1,0,0,1,0,0,0,0,0,0,0,0,0
1.822311930892008,0.6003638186773043,-0.399129147348916,-0.3389701334617158,-0.3375361952340378,1,0.36343969907050544,-0.4323050568631192,-1.0063301368744053,1,0.1865008295003771,0,1,0,0,0,0,0,0,0,1,0,0,0,0
0.8736303830073163,0.18434649813737597,-0.399129147348916,-0.3389701334617158,-0.3375361952340378,0,1.5004911788193305,-0.4323050568631192,2.279511971958683,0,0.1865008295003771,0,1,0,0,0,0,0,0,0,1,0,0,0,1
0.2263495560009497,0.28984985160002,0.22111940466289232,0.2796564237751214,0.2808063116863778,0,0.46680801541130773,0.7101921808301431,-0.5955998732702694,1,0.1865008295003771,0,0,1,0,0,0,1,0,0,0,0,0,0,0
0.46186810099591086,2.4954754157733556,0.1989676706624706,-0.3389701334617158,-0.31545253427259434,0,-0.15340188263350593,-0.2690911657640817,-1.0063301368744053,1,0.1865008295003771,0,0,0,1,1,0,0,0,0,0,0,0,0,1
-1.6435267452775313,0.28053499036375856,-0.46558434935018117,-0.4052515503085198,-0.403787178118368,0,1.1903862297969237,-0.4323050568631192,0.6365909175421388,1,0.4515700935562317,1,0,0,0,0,0,1,0,0,0,0,0,0,1
0.6672858553508001,0.8038823811657891,-0.17761180734469875,-0.11803207730570252,-0.11669958561960364,0,-1.4971899950639356,-0.4323050568631192,-1.0063301368744053,1,-0.07856843455547749,0,0,1,0,0,0,0,0,0,1,0,0,0,0
-0.08260035491349345,-0.48478962653349605,-0.3548256793480726,-0.29478252223051316,-0.29336887331115097,0,1.6038594951601328,2.015903309622443,-0.7325099611383147,0,-0.07856843455547749,0,1,0,0,0,0,1,0,0,0,1,0,0,0
0.19381614179725987,-0.17325771803368706,-0.1333083393438553,-0.07384446607449986,-0.07253226369671681,0,0.46680801541130773,-0.4323050568631192,0.49968082967409344,1,0.4515700935562317,0,1,0,0,0,0,0,0,0,1,0,0,0,0
-0.6939603106487405,-0.28726715735585723,-0.5098878173510246,-0.4494391615397224,-0.44795450004125487,0,2.2240693932049465,-0.4323050568631192,-0.5955998732702694,0,-0.07856843455547749,1,0,0,0,0,0,1,0,0,0,0,0,0,0
0.6243550219030115,0.6166229926316733,-0.04470140334216839,0.014530756387905453,0.01580238014905684,1,0.46680801541130773,-0.4323050568631192,0.49968082967409344,0,0.4515700935562317,0,0,1,0,0,0,1,0,0,0,1,0,0,0
-0.5481613931910209,0.6816039108361064,-0.46558434935018117,-0.4052515503085198,-0.403787178118368,1,0.9836495971153191,-0.4323050568631192,0.0889505660699574,1,-0.07856843455547749,1,0,0,0,0,0,1,0,0,0,1,0,0,0
0.27229453492102884,-0.340520832596836,-0.04470140334216839,0.014530756387905453,0.01580238014905684,0,-1.0837167297007264,-0.4323050568631192,-1.280150312610496,0,0.4515700935562317,0,1,0,0,0,0,0,0,0,1,0,0,0,0
0.270925725738557,-0.37711094619547453,-0.2883704773468074,-0.22850110538370916,-0.2271178904268207,0,-0.15340188263350593,-0.4323050568631192,1.0473211811462748,1,0.1865008295003771,0,1,0,0,0,0,0,0,0,1,0,0,0,0
-0.1679642730153553,0.6749245417760383,-0.46558434935018117,-0.4052515503085198,-0.403787178118368,0,-1.4971899950639356,-0.4323050568631192,-0.86942004900636,0,0.4515700935562317,0,0,1,0,0,0,1,0,0,0,1,0,0,0
0.4534059640133121,-0.09009329825433593,0.4647884786675313,0.522688285546736,0.5237265822622553,1,0.8802812807745168,-0.2690911657640817,0.0889505660699574,0,0.4515700935562317,0,1,0,0,0,0,1,0,0,0,1,0,0,0
0.25002027640751884,0.14482805989867667,-0.3326739453476508,-0.31687632784611447,-0.31545253427259434,0,-2.427504842131156,-0.4323050568631192,-1.5539704883465868,0,-0.07856843455547749,0,0,1,0,0,0,1,0,0,0,0,0,0,0
0.540608787380381,-0.40646391461194,-0.3326739453476508,-0.2726887166149118,-0.27128521234970754,0,1.1903862297969237,0.22055050753303065,-0.04795952179808796,1,0.4515700935562317,0,1,0,0,0,0,0,0,0,0,0,0,0,0
0.33093210807770795,-0.4882757272956619,-0.2662187433463857,-0.20640729976810782,-0.2050342294653773,1,-0.4635068316559128,-0.4323050568631192,0.36277074180604807,1,-3.7895381313374417,0,1,0,0,0,0,1,0,0,0,0,0,0,0
-0.492537965506534,0.5981466585926897,-0.46558434935018117,-0.4052515503085198,-0.403787178118368,1,0.26007138272970315,0.3837643986320681,0.49968082967409344,1,-0.07856843455547749,1,0,0,0,0,1,0,0,0,0,1,0,0,0
-1.231587225992394,0.6804705202800844,-0.2219152753455422,-0.3610639390773171,-0.403787178118368,0,1.8105961278417375,1.1998338541272555,0.36277074180604807,1,0.1865008295003771,0,0,0,0,0,0,0,0,0,1,0,0,0,1
-0.817402011460697,-0.379286273070852,-0.5098878173510246,-0.4494391615397224,-0.44795450004125487,0,0.9836495971153191,-0.4323050568631192,0.0889505660699574,1,-0.07856843455547749,1,0,0,0,0,0,1,0,0,0,0,0,0,0
0.22904569529957033,0.20964164526675566,-0.04470140334216839,0.014530756387905453,0.01580238014905684,1,-1.4971899950639356,1.1998338541272555,0.7735010054101842,1,-0.07856843455547749,0,0,1,0,0,0,0,0,0,1,0,0,0,0
2.0382957795004812,-2.8558042110638686,-0.15546007334427703,-0.4494391615397224,-0.27128521234970754,0,-0.6702434643375174,-0.4323050568631192,1.868781708354547,1,-3.7895381313374417,0,0,0,0,0,0,1,0,0,0,0,0,0,1
0.761943219020471,-3.1547785811246736,0.17681593666204887,-0.38315774469291847,-0.3596198561954812,0,0.8802812807745168,-0.4323050568631192,2.279511971958683,1,0.1865008295003771,0,0,0,0,0,0,0,0,1,0,0,0,0,1
-0.23785892748556514,-0.6397884773181712,0.44263674466710956,-0.38315774469291847,-0.31545253427259434,1,0.8802812807745168,-0.10587727466504428,0.9104110932782294,1,0.1865008295003771,0,0,0,1,0,0,0,0,0,1,0,0,0,1
0.6475418198714045,-0.04120422116732324,1.8603477206941001,1.9145980393296196,1.9149972228331904,0,-0.8769800970191218,-0.4323050568631192,-0.7325099611383147,1,-0.07856843455547749,0,1,0,0,0,0,1,0,0,0,0,0,0,0
2.0908888841035607,1.7617652597559688,-0.3105222113472291,-0.25059491099931047,-0.24920155138826414,1,-0.3601385153151105,-0.4323050568631192,-0.7325099611383147,0,0.4515700935562317,0,0,0,0,0,0,1,0,0,0,0,0,0,0
0.2263495560009497,0.28984985160002,0.22111940466289232,0.2796564237751214,0.2808063116863778,0,-0.8769800970191218,-0.4323050568631192,-0.458689785402224,1,0.4515700935562317,0,0,1,0,0,0,0,0,0,1,0,0,0,0
-2.4699833116233783,-2.827170450570213,-0.5098878173510246,-0.4494391615397224,-0.44795450004125487,1,-0.15340188263350593,-0.4323050568631192,-0.3217796975341787,0,-3.7895381313374417,0,0,0,1,0,0,1,0,0,0,1,0,0,0
0.35561215242695254,-0.22639983805036373,3.7875485787307905,3.836759127886935,3.8362757264787675,0,-0.7736117806783196,-0.4323050568631192,0.22586065393800275,0,0.1865008295003771,0,1,0,0,0,0,0,0,0,1,0,0,0,0
-0.10739101010567674,-0.632656076456624,-0.4877360833506029,-0.4273453559241211,-0.42587083907981144,0,0.46680801541130773,-0.4323050568631192,-0.7325099611383147,0,0.1865008295003771,0,1,0,0,0,0,0,1,0,0,0,0,0,0
-0.6089143987205485,-0.3250007120043355,0.22111940466289232,0.2796564237751214,0.2808063116863778,1,0.57017633175211,-0.4323050568631192,-0.04795952179808796,1,-0.07856843455547749,1,0,0,0,0,0,1,0,0,0,0,0,0,0
-0.14705600710221137,-1.3251301032019573,-0.2662187433463857,-0.4273453559241211,-0.403787178118368,0,1.7072278115009352,-0.10587727466504428,0.49968082967409344,1,0.1865008295003771,0,1,0,0,1,0,0,0,0,0,0,0,0,1
0.2315344392675581,-0.1562873795240701,0.33187807466500097,0.390125451853128,0.39122461649359486,1,-1.6005583114047377,-0.4323050568631192,-1.1432402247424507,0,0.4515700935562317,0,1,0,0,0,1,0,0,0,0,0,0,0,0
0.19694089811258733,-0.5345850898187313,-0.4877360833506029,-0.4273453559241211,-0.42587083907981144,0,1.5004911788193305,-0.4323050568631192,-0.5955998732702694,1,0.4515700935562317,0,1,0,0,0,0,0,0,0,1,0,0,0,0
-0.11087525166089889,1.5422524669711546,-0.08900487134301184,-0.029656854843297203,-0.028364941773829987,1,-0.3601385153151105,-0.4323050568631192,-0.86942004900636,0,0.4515700935562317,0,0,1,0,0,0,0,0,0,1,0,0,0,0
0.053492461069034686,0.030609454530915254,-0.19976354134512048,-0.14012588292130385,-0.13878324658104704,1,0.57017633175211,-0.4323050568631192,0.0889505660699574,1,0.1865008295003771,1,0,0,0,0,0,0,0,0,1,0,0,0,0
-0.027737376774824282,-0.7070634111218188,-0.3326739453476508,-0.31687632784611447,-0.31545253427259434,0,-0.9803484133599242,-0.4323050568631192,0.6365909175421388,1,-4.054607395393297,0,1,0,0,0,0,1,0,0,0,0,0,1,0
1.8164910352779615,0.5812042088890987,-0.4434326153497595,-0.38315774469291847,-0.38170351715692463,1,0.9836495971153191,-0.2690911657640817,-0.1848696096661333,1,0.1865008295003771,0,1,0,0,0,0,0,0,0,1,0,0,0,0
1.3231807241638363,-0.28183867086393183,-0.24406700934596393,-0.4494391615397224,-0.29336887331115097,1,0.57017633175211,0.057336616433993196,0.36277074180604807,1,0.1865008295003771,0,1,0,0,0,0,0,0,0,1,0,0,0,1
0.06585437297603036,1.9988318670393392,0.4647884786675313,-0.4052515503085198,-0.27128521234970754,1,-0.2567701989743082,0.3837643986320681,1.1842312690143202,1,0.1865008295003771,0,1,0,0,1,0,0,0,0,0,0,0,0,1
0.19694089811258733,-0.5345850898187313,-0.4877360833506029,-0.4273453559241211,-0.42587083907981144,0,0.36343969907050544,-0.4323050568631192,-0.04795952179808796,1,0.4515700935562317,0,1,0,0,0,0,1,0,0,0,0,0,0,0
0.30919707742404,-0.23657925227561055,7.553343358802484,7.592706082539161,7.590498089924148,0,1.5004911788193305,0.057336616433993196,1.3211413568823656,0,0.4515700935562317,0,1,0,0,0,0,1,0,0,0,0,0,0,0
-0.36792102448749403,-0.02336932966872085,-0.4877360833506029,-0.4273453559241211,-0.42587083907981144,1,1.1903862297969237,-0.4323050568631192,-0.5955998732702694,0,0.1865008295003771,1,0,0,0,0,0,0,0,0,1,0,0,0,0
-0.29411593948137343,0.2639272063334703,-0.3769774133484943,-0.31687632784611447,-0.31545253427259434,0,-1.2904533623823309,-0.4323050568631192,0.49968082967409344,0,0.4515700935562317,1,0,0,0,0,0,1,0,0,0,0,0,0,0
0.3273372556795471,-0.4909530526808943,0.1103607346607837,0.16918739569711475,0.17038800687916072,1,-0.9803484133599242,-0.4323050568631192,-0.1848696096661333,1,-4.054607395393297,0,1,0,0,0,0,1,0,0,0,1,0,0,0
-2.4250472128070357,-0.7759070736182353,-0.4877360833506029,-0.3610639390773171,-0.44795450004125487,1,0.05333475004809862,-0.2690911657640817,-0.458689785402224,1,0.4515700935562317,1,0,0,0,0,0,0,0,0,1,0,0,0,1
-0.5878153804142202,-0.27647418939645335,-0.3548256793480726,-0.29478252223051316,-0.29336887331115097,0,1.0870179134561213,-0.2690911657640817,-0.7325099611383147,1,0.1865008295003771,1,0,0,0,0,0,1,0,0,0,0,0,0,0
0.3435693968929368,-0.20591550997255492,2.524899740706752,2.5774122077976593,2.5775070516764926,1,1.0870179134561213,-0.4323050568631192,-0.3217796975341787,1,0.1865008295003771,0,1,0,0,1,0,0,0,0,0,0,0,0,0
-0.06882930495730767,-0.6881966337976787,-0.46558434935018117,-0.4052515503085198,-0.403787178118368,0,-0.8769800970191218,-0.4323050568631192,0.36277074180604807,0,0.4515700935562317,0,1,0,0,1,0,0,0,0,0,1,0,0,0
0.4695551470944487,0.08826956113529545,0.4647884786675313,0.522688285546736,0.5237265822622553,0,0.46680801541130773,-0.4323050568631192,-1.1432402247424507,0,0.1865008295003771,0,1,0,0,0,1,0,0,0,0,0,0,0,0
0.27601382451756945,-0.37620455999725194,-0.4212808813493377,-0.3610639390773171,-0.3596198561954812,0,1.9139644441825399,0.8734060719291806,-0.7325099611383147,1,0.1865008295003771,0,1,0,0,0,0,1,0,0,0,0,0,0,0
1.9931227252279846,1.361268059808541,0.42048501066668786,0.47850067431553334,0.4795592603393685,0,0.05333475004809862,-0.4323050568631192,-0.3217796975341787,0,0.1865008295003771,0,0,0,0,1,0,0,0,0,0,0,0,0,0
-0.38689078406563093,-0.052750186891212275,-0.3769774133484943,-0.31687632784611447,-0.31545253427259434,0,0.7769129644337146,2.3423310918205176,-1.280150312610496,1,-0.07856843455547749,1,0,0,0,0,0,0,0,0,1,0,0,0,0
-0.3062831322137689,0.06890078530130046,-0.3548256793480726,-0.29478252223051316,-0.29336887331115097,0,-1.0837167297007264,-0.4323050568631192,0.0889505660699574,0,0.4515700935562317,1,0,0,0,0,0,1,0,0,0,1,0,0,0
-1.731655934454924,-0.06701531120957085,-0.2662187433463857,-0.20640729976810782,-0.2050342294653773,0,-1.3938216787231332,0.057336616433993196,0.22586065393800275,0,0.1865008295003771,1,0,0,0,0,0,0,0,0,1,0,0,0,0
2.0935400271391718,-0.9585846958825652,0.17681593666204887,-0.4273453559241211,-0.31545253427259434,0,1.1903862297969237,-0.4323050568631192,-2.1016108398187683,1,0.1865008295003771,0,0,1,0,0,0,0,0,1,0,0,0,0,1
0.3920445988471303,-0.228951663808281,0.44263674466710956,0.5005944799311347,0.5016429213008119,0,-0.6702434643375174,-0.4323050568631192,-0.86942004900636,1,0.4515700935562317,0,1,0,0,1,0,0,0,0,0,0,0,0,0
-0.1917594306203042,-0.765992458403552,-0.19976354134512048,-0.14012588292130385,-0.13878324658104704,1,0.8802812807745168,-0.4323050568631192,-0.86942004900636,1,0.4515700935562317,0,1,0,0,1,0,0,0,0,0,1,0,0,0
-1.8630892686751466,-0.15243872428277375,-0.46558434935018117,-0.4052515503085198,-0.403787178118368,0,0.8802812807745168,0.057336616433993196,2.0056917962225924,1,0.4515700935562317,1,0,0,0,0,0,0,0,0,1,0,0,0,0
0.12595638960356542,-0.3954060029946947,5.3160182247598895,5.361231715363426,5.360048332818363,0,0.46680801541130773,-0.4323050568631192,-0.458689785402224,1,0.4515700935562317,0,1,0,0,0,0,1,0,0,0,1,0,0,0
0.21028102688900285,-1.7397073143546549,-0.2883704773468074,-0.38315774469291847,-0.42587083907981144,0,0.8802812807745168,0.5469782897311056,-0.1848696096661333,1,0.1865008295003771,0,0,1,0,0,0,0,0,0,1,0,0,0,1
0.14195348277553843,-0.21147932678880912,2.6578101447092823,2.7099750414912673,2.710009017445153,0,0.7769129644337146,-0.4323050568631192,-0.7325099611383147,1,0.1865008295003771,0,1,0,0,0,0,1,0,0,0,0,0,0,0
0.03708057723579587,0.07054622486099518,-0.3326739453476508,-0.2726887166149118,-0.27128521234970754,1,-1.4971899950639356,-0.2690911657640817,-0.5955998732702694,1,0.4515700935562317,1,0,0,0,0,0,0,0,0,1,0,0,0,0
0.9935436089277773,-0.7670937735988799,0.17681593666204887,-0.3389701334617158,-0.3375361952340378,0,0.26007138272970315,0.057336616433993196,-1.6908805762146322,1,0.4515700935562317,1,0,0,0,0,0,0,0,0,1,0,0,0,1
0.38802112943226263,-0.0974698874668371,-0.2883704773468074,-0.22850110538370916,-0.2271178904268207,1,1.8105961278417375,-0.4323050568631192,-1.0063301368744053,0,0.4515700935562317,0,1,0,0,0,0,0,0,0,1,0,0,0,0
-1.0061594150768909,-0.5056365090906335,-0.4877360833506029,-0.4273453559241211,-0.42587083907981144,0,-0.7736117806783196,-0.4323050568631192,-0.3217796975341787,1,0.4515700935562317,1,0,0,0,0,1,0,0,0,0,0,0,0,0
-0.3654599332301918,0.09260627048323557,-0.5098878173510246,-0.4494391615397224,-0.44795450004125487,1,0.46680801541130773,-0.4323050568631192,-0.5955998732702694,0,0.1865008295003771,1,0,0,0,0,0,1,0,0,0,1,0,0,0
-0.7077728396710529,0.09407043280336504,-0.19976354134512048,-0.14012588292130385,-0.13878324658104704,0,0.36343969907050544,-0.4323050568631192,1.0473211811462748,1,0.4515700935562317,1,0,0,0,0,0,0,0,0,1,0,0,0,0
1.5387472084509612,0.49911350814432426,-0.5098878173510246,-0.4494391615397224,-0.44795450004125487,1,-0.4635068316559128,-0.4323050568631192,-1.1432402247424507,1,0.4515700935562317,0,0,0,0,0,1,0,0,0,0,0,0,0,0
0.21273059595392746,-0.2515137079401782,-0.08900487134301184,-0.029656854843297203,-0.028364941773829987,1,0.57017633175211,0.7101921808301431,0.0889505660699574,0,0.4515700935562317,0,1,0,0,0,0,0,0,0,1,0,0,0,0
-0.4561608245078256,0.2565366727179561,-0.5098878173510246,-0.4494391615397224,-0.44795450004125487,0,0.26007138272970315,-0.4323050568631192,0.22586065393800275,0,0.1865008295003771,1,0,0,0,0,0,1,0,0,0,1,0,0,0
0.08937185327422413,0.26375987349691804,-0.4434326153497595,-0.38315774469291847,-0.38170351715692463,0,-0.6702434643375174,0.3837643986320681,0.7735010054101842,1,0.1865008295003771,0,0,1,0,0,1,0,0,0,0,0,0,0,0
0.2263495560009497,0.28984985160002,0.22111940466289232,0.2796564237751214,0.2808063116863778,0,1.293754546137726,0.057336616433993196,-1.6908805762146322,1,0.1865008295003771,0,0,1,0,0,0,0,0,0,1,0,0,0,0
1.2208245140740845,2.696591135779321,0.4647884786675313,-0.31687632784611447,-0.3596198561954812,0,-0.9803484133599242,2.3423310918205176,1.1842312690143202,1,0.4515700935562317,0,0,0,1,0,0,1,0,0,0,0,0,0,1
0.16180812909787282,0.0210714828460496,-0.4877360833506029,-0.4273453559241211,-0.42587083907981144,0,-1.1870850460415288,-0.4323050568631192,0.22586065393800275,1,0.4515700935562317,0,0,1,0,0,0,0,0,0,1,0,0,0,0
-0.7297705710769213,-0.42652991059816997,0.15466420266162714,0.2133750069283174,0.21455532880204756,1,1.293754546137726,-0.4323050568631192,0.0889505660699574,1,0.1865008295003771,1,0,0,0,0,0,0,0,0,1,0,0,0,0
1.6078454284298302,-3.1432408292696072,-0.3326739453476508,-0.4494391615397224,-0.29336887331115097,1,0.7769129644337146,-0.2690911657640817,-1.6908805762146322,1,-0.07856843455547749,0,1,0,0,1,0,0,0,0,0,0,0,0,1
0.582253769777951,-0.3031916656369235,0.2875746066641575,0.3459378406219254,0.34705729457070805,0,-0.8769800970191218,-0.4323050568631192,-0.458689785402224,1,-0.07856843455547749,0,1,0,0,0,0,1,0,0,0,0,0,1,0
-1.3134916424121026,-2.218260202664453,-0.4877360833506029,-0.4273453559241211,-0.42587083907981144,0,1.3971228624785281,-0.4323050568631192,-0.04795952179808796,0,0.4515700935562317,0,0,0,1,0,0,0,0,0,1,0,0,0,0
1.487285513735261,0.5729770110906252,-0.46558434935018117,-0.4052515503085198,-0.403787178118368,1,1.293754546137726,1.8526894185234053,0.0889505660699574,1,0.1865008295003771,0,0,0,0,0,0,1,0,0,0,1,0,0,0
-1.6761268656834725,2.4185128445196975,0.22111940466289232,-0.38315774469291847,-0.3596198561954812,1,0.57017633175211,-0.10587727466504428,0.22586065393800275,1,-0.07856843455547749,0,0,0,1,1,0,0,0,0,0,0,0,0,1
0.3806793347266791,-0.1789749232834805,2.3255341347029566,2.3785679572572476,2.378754103023502,0,-1.2904533623823309,-0.4323050568631192,-0.1848696096661333,0,0.1865008295003771,0,1,0,0,0,0,0,0,0,1,0,0,0,0
-1.7311858383720908,2.9167801642384323,-0.5098878173510246,-0.4494391615397224,-0.44795450004125487,1,0.9836495971153191,-0.4323050568631192,-1.0063301368744053,1,-3.7895381313374417,0,0,1,0,0,0,1,0,0,0,0,0,0,0
0.27601382451756945,-0.37620455999725194,-0.4212808813493377,-0.3610639390773171,-0.3596198561954812,0,1.1903862297969237,-0.4323050568631192,-1.0063301368744053,1,0.1865008295003771,0,1,0,0,0,0,1,0,0,0,1,0,0,0
0.46839373324270794,0.4879161524967509,-0.3548256793480726,-0.29478252223051316,-0.29336887331115097,0,-0.9803484133599242,-0.4323050568631192,-0.458689785402224,1,0.4515700935562317,0,0,1,0,0,0,0,1,0,0,0,0,0,0
2.0899265077874603,-0.5768797444575058,0.1989676706624706,-0.29478252223051316,-0.403787178118368,0,0.1567030663889009,0.5469782897311056,-0.86942004900636,1,0.4515700935562317,0,0,1,0,0,0,0,0,0,1,0,0,0,1
-0.15975141792101538,-0.5076445031296569,0.08820900066036197,0.14709359008151343,0.14830434591771732,0,-0.050033566292703655,-0.4323050568631192,0.0889505660699574,1,0.1865008295003771,0,1,0,0,0,0,1,0,0,0,0,0,0,0
0.45406112453556174,-1.3954342296465396,-0.19976354134512048,-0.4273453559241211,-0.38170351715692463,0,-0.9803484133599242,-0.4323050568631192,0.36277074180604807,1,0.1865008295003771,0,0,0,1,1,0,0,0,0,0,0,0,0,1
1.1365385305140843,0.4166881417264453,-0.4212808813493377,-0.3610639390773171,-0.3596198561954812,0,-1.3938216787231332,-0.2690911657640817,-1.280150312610496,0,-0.07856843455547749,0,0,0,0,0,0,0,0,0,1,0,0,0,0
1.4950282727467674,0.23776750621510517,0.819216222674279,0.8761891753963572,0.8770651576453499,0,0.6735446480929123,-0.4323050568631192,-0.5955998732702694,1,0.4515700935562317,0,1,0,0,0,0,1,0,0,0,0,0,0,0
-0.05176758242128812,-0.29693062866823616,-0.4877360833506029,-0.4273453559241211,-0.42587083907981144,0,-0.3601385153151105,-0.4323050568631192,0.9104110932782294,1,-0.07856843455547749,0,1,0,0,0,0,0,1,0,0,1,0,0,0
1.65835900882334,0.8519766272790795,-0.06685313734259012,-0.007563049227695875,-0.006281280812386572,0,-0.6702434643375174,-0.4323050568631192,-0.5955998732702694,1,0.1865008295003771,0,0,0,0,0,0,1,0,0,0,0,0,0,0
-0.3128229983074081,-0.7455499635349804,0.17681593666204887,0.23546881254391874,0.236638989763491,1,-0.7736117806783196,-0.10587727466504428,1.458051444750411,1,0.1865008295003771,0,1,0,0,0,0,1,0,0,0,1,0,0,0
1.487285513735261,0.5729770110906252,-0.3548256793480726,-0.29478252223051316,-0.29336887331115097,0,0.9836495971153191,1.036619963028218,-0.5955998732702694,1,0.1865008295003771,0,0,0,0,0,0,0,0,0,1,0,0,0,0
0.13857985206335324,-0.08639803144657884,-0.3326739453476508,-0.31687632784611447,-0.31545253427259434,0,0.05333475004809862,-0.4323050568631192,-0.1848696096661333,0,0.1865008295003771,1,0,0,0,0,0,1,0,0,0,0,0,1,0
1.1869049234063835,-1.1477390058834505,-0.04470140334216839,-0.31687632784611447,-0.3596198561954812,0,-0.566875147996715,-0.4323050568631192,-2.6492511912909498,1,0.1865008295003771,1,0,0,0,0,0,1,0,0,0,0,0,0,1
-2.247401417738393,-3.7154796001497172,0.3097263406645792,-0.4273453559241211,-0.3375361952340378,1,-1.7039266277455398,-0.2690911657640817,1.458051444750411,1,-0.07856843455547749,0,0,0,0,0,0,1,0,0,0,0,0,0,1
-0.4762505188716749,-0.07281618287764044,-0.04470140334216839,0.014530756387905453,0.01580238014905684,1,-1.1870850460415288,-0.4323050568631192,-0.04795952179808796,1,0.4515700935562317,1,0,0,0,0,0,0,0,0,1,0,0,0,0
-0.5042074094453123,-0.3182376765257932,-0.4434326153497595,-0.38315774469291847,-0.38170351715692463,0,-1.8072949440863422,-0.4323050568631192,-1.1432402247424507,1,0.1865008295003771,1,0,0,0,0,0,1,0,0,0,0,0,0,0
-0.31558826938293916,0.25193501971197646,-0.5098878173510246,-0.4494391615397224,-0.44795450004125487,1,0.57017633175211,1.363047745226293,-0.5955998732702694,1,0.1865008295003771,1,0,0,0,0,1,0,0,0,0,0,0,0,0
0.540608787380381,-0.40646391461194,-0.3326739453476508,-0.2726887166149118,-0.27128521234970754,0,-0.050033566292703655,2.505544982919555,1.458051444750411,1,0.4515700935562317,0,1,0,0,0,0,1,0,0,0,0,0,0,0
-0.5042074094453123,-0.3182376765257932,-0.4434326153497595,-0.38315774469291847,-0.38170351715692463,0,1.293754546137726,-0.4323050568631192,-0.86942004900636,1,0.1865008295003771,1,0,0,0,0,0,1,0,0,0,0,0,0,0
-1.3390565735054465,-0.47309027237606777,-0.5098878173510246,-0.4494391615397224,-0.44795450004125487,1,-0.8769800970191218,0.5469782897311056,0.6365909175421388,0,0.1865008295003771,1,0,0,0,1,0,0,0,0,0,0,0,0,1
0.43529343846849056,-0.2112701607432179,-0.4212808813493377,-0.3610639390773171,-0.3596198561954812,0,1.0870179134561213,-0.4323050568631192,0.49968082967409344,1,0.4515700935562317,0,1,0,0,0,0,1,0,0,0,0,0,0,0
-0.43365151795299717,0.5588931640120299,-0.4212808813493377,-0.3610639390773171,-0.3596198561954812,0,-0.3601385153151105,-0.4323050568631192,0.6365909175421388,0,0.1865008295003771,1,0,0,0,0,0,1,0,0,0,1,0,0,0
-2.116830542566467,1.7157347852937537,-0.3105222113472291,-0.25059491099931047,-0.24920155138826414,0,0.36343969907050544,-0.4323050568631192,-1.4170604004785414,1,0.4515700935562317,0,0,1,0,0,0,0,0,0,1,0,0,0,0
0.027996661752601293,-0.24749771986232957,0.1103607346607837,0.16918739569711475,0.17038800687916072,1,-1.9106632604271445,-0.4323050568631192,-0.1848696096661333,1,0.1865008295003771,0,1,0,0,0,1,0,0,0,0,0,0,0,0
-0.2832484241545395,-0.6842503677350933,4.119824588737116,4.168166212120955,4.167530640900419,0,-1.9106632604271445,-0.4323050568631192,-0.1848696096661333,1,0.4515700935562317,0,1,0,0,0,0,1,0,0,0,0,0,0,0
0.3296462570275875,-0.2163877566618673,1.5059199766873526,1.5610971494799983,1.5616586474500957,0,-0.4635068316559128,-0.4323050568631192,0.49968082967409344,1,0.4515700935562317,0,1,0,0,0,0,1,0,0,0,0,0,0,0
0.3154051109885683,-0.37886794097947135,3.2116034947198253,3.2623201818813006,3.2621005414812387,0,-0.7736117806783196,-0.4323050568631192,3.5117027627710913,0,0.4515700935562317,0,1,0,0,0,0,0,0,0,1,0,0,0,0
-0.9685517284495313,0.4428478418448104,-0.4434326153497595,-0.38315774469291847,-0.38170351715692463,1,1.3971228624785281,-0.4323050568631192,-0.7325099611383147,1,0.4515700935562317,1,0,0,0,0,0,0,0,0,1,1,0,0,0
0.45047477667327473,1.8228138563008294,-0.3326739453476508,-0.2726887166149118,-0.27128521234970754,0,0.8802812807745168,-0.4323050568631192,0.22586065393800275,1,-3.7895381313374417,0,0,1,0,0,0,1,0,0,0,1,0,0,0
0.45369631747619815,-0.14849245822018828,1.1071887646797614,1.1634086483991746,1.1641527501441142,0,0.57017633175211,-0.4323050568631192,0.36277074180604807,0,0.4515700935562317,0,1,0,0,0,0,0,0,0,1,0,0,0,0
-0.6433143709002291,0.126198337426352,-0.3326739453476508,-0.31687632784611447,-0.31545253427259434,0,0.7769129644337146,0.3837643986320681,-0.5955998732702694,0,0.1865008295003771,1,0,0,0,0,1,0,0,0,0,0,0,0,0
2.009924903188088,1.0437704636213636,-0.4212808813493377,-0.31687632784611447,-0.29336887331115097,0,-0.15340188263350593,1.5262616363253305,1.458051444750411,1,0.1865008295003771,0,0,0,1,0,0,1,0,0,0,0,0,0,1
0.31045527576337667,-0.25962935051434965,-0.4434326153497595,-0.38315774469291847,-0.38170351715692463,0,1.3971228624785281,-0.4323050568631192,-1.0063301368744053,1,0.4515700935562317,0,1,0,0,0,0,0,0,0,1,0,0,0,0
1.4747035303415996,0.5473611426911539,-0.3769774133484943,-0.31687632784611447,-0.31545253427259434,0,1.0870179134561213,-0.4323050568631192,-1.1432402247424507,1,0.4515700935562317,0,0,0,0,0,0,0,0,0,1,0,0,0,0
0.39624781088194533,-0.44493652262189043,-0.3548256793480726,-0.29478252223051316,-0.29336887331115097,0,-0.3601385153151105,-0.4323050568631192,0.9104110932782294,0,-0.07856843455547749,0,1,0,0,0,0,0,0,0,1,0,0,0,0
-1.05453783254339,1.2806275769808828,-0.399129147348916,-0.3389701334617158,-0.3375361952340378,1,-0.2567701989743082,0.3837643986320681,0.9104110932782294,1,0.4515700935562317,1,0,0,0,0,0,0,0,0,1,1,0,0,0
0.21779104202215613,0.2574291145129675,-0.4877360833506029,-0.4273453559241211,-0.42587083907981144,0,0.1567030663889009,-0.2690911657640817,-0.04795952179808796,1,0.1865008295003771,0,0,1,0,0,0,0,0,0,1,0,0,0,0
0.6066296343088684,-0.38922863244428346,0.17681593666204887,0.23546881254391874,0.236638989763491,0,-0.9803484133599242,-0.4323050568631192,-0.3217796975341787,0,0.4515700935562317,0,1,0,0,0,0,0,0,0,1,0,0,0,0
1.4817687979395417,1.0779875118843965,-0.4877360833506029,-0.4273453559241211,-0.42587083907981144,1,1.1903862297969237,-0.4323050568631192,-1.1432402247424507,0,0.1865008295003771,0,0,0,0,0,0,0,0,0,1,0,0,0,0
-0.06270422952503249,0.1028275179175214,-0.4877360833506029,-0.4273453559241211,-0.42587083907981144,0,0.9836495971153191,-0.4323050568631192,0.36277074180604807,0,0.1865008295003771,1,0,0,0,0,0,0,0,0,1,0,0,0,0
-0.8332055356573799,0.7306882095658954,-0.3326739453476508,-0.2726887166149118,-0.27128521234970754,1,-1.7039266277455398,-0.4323050568631192,-0.458689785402224,1,0.1865008295003771,1,0,0,0,0,0,0,0,0,1,0,0,0,0
0.12417278975982778,-0.3925334559666859,5.3160182247598895,5.361231715363426,5.360048332818363,0,0.7769129644337146,-0.4323050568631192,0.22586065393800275,1,0.1865008295003771,0,1,0,0,0,0,1,0,0,0,0,0,0,0
0.23129939122614138,-0.3182376765257932,1.793892518692835,1.8483166224828156,1.8487462399488601,0,0.6735446480929123,-0.4323050568631192,-0.458689785402224,0,0.4515700935562317,0,1,0,0,0,0,1,0,0,0,0,0,0,0
1.0837080266159123,-0.05601317720437757,-0.3548256793480726,-0.29478252223051316,-0.29336887331115097,0,-1.7039266277455398,-0.4323050568631192,-1.5539704883465868,1,0.4515700935562317,0,1,0,0,0,1,0,0,0,0,1,0,0,0
0.6672858553508001,0.8038823811657891,-0.17761180734469875,-0.11803207730570252,-0.11669958561960364,0,-0.8769800970191218,-0.4323050568631192,0.36277074180604807,1,0.4515700935562317,0,0,1,0,0,0,1,0,0,0,0,0,0,0
0.42498963436290266,0.5024545701799628,-0.08900487134301184,-0.3389701334617158,-0.3596198561954812,1,1.293754546137726,1.8526894185234053,0.0889505660699574,1,-0.07856843455547749,1,0,0,0,0,0,0,0,0,1,0,0,0,1
0.591074984508945,-0.061521216408579785,-0.399129147348916,-0.3389701334617158,-0.3375361952340378,0,-0.3601385153151105,-0.4323050568631192,-0.7325099611383147,0,0.4515700935562317,0,1,0,0,0,0,1,0,0,0,0,0,0,0
0.7917921855268032,-0.20463262489218886,-0.46558434935018117,-0.4052515503085198,-0.403787178118368,1,0.8802812807745168,1.036619963028218,-0.86942004900636,0,0.1865008295003771,0,1,0,0,0,0,1,0,0,0,0,0,0,0
-0.5286385793976991,-0.4088065743238697,2.7907205487118127,2.8425378751848753,2.8425109832138142,0,1.1903862297969237,0.057336616433993196,0.22586065393800275,0,0.4515700935562317,1,0,0,0,1,0,0,0,0,0,0,0,0,0
-0.5569134761451046,-0.389549353714375,-0.2219152753455422,-0.16221968853690516,-0.16086690754249047,0,-0.3601385153151105,-0.4323050568631192,0.0889505660699574,0,0.4515700935562317,1,0,0,0,0,0,1,0,0,0,1,0,0,0
0.01494458227610664,0.9936657066517962,-0.1333083393438553,-0.07384446607449986,-0.07253226369671681,0,-0.4635068316559128,-0.4323050568631192,-1.280150312610496,0,0.1865008295003771,0,0,1,0,0,0,0,0,0,1,0,0,0,0
-0.5878153804142202,-0.27647418939645335,-0.3326739453476508,-0.31687632784611447,-0.31545253427259434,0,0.46680801541130773,-0.4323050568631192,-1.0063301368744053,1,0.4515700935562317,1,0,0,0,0,0,0,1,0,0,1,0,0,0
-0.9901070164833502,-0.5289933841964511,-0.15546007334427703,-0.09593827169010119,-0.09461592465816022,0,-0.3601385153151105,-0.4323050568631192,-0.5955998732702694,0,0.4515700935562317,1,0,0,0,1,0,0,0,0,0,0,0,0,0
0.22904569529957033,0.20964164526675566,-0.04470140334216839,0.014530756387905453,0.01580238014905684,1,-0.8769800970191218,-0.4323050568631192,0.22586065393800275,1,0.1865008295003771,0,0,1,0,0,0,0,0,0,1,0,0,0,0
0.4348371687410982,2.3303343496432807,-0.3548256793480726,-0.29478252223051316,-0.29336887331115097,0,-0.15340188263350593,-0.4323050568631192,-0.458689785402224,0,-4.054607395393297,0,0,1,0,1,0,0,0,0,0,1,0,0,0
-2.7861014924172562,2.72238468450092,-0.46558434935018117,-0.3389701334617158,-0.3596198561954812,1,-0.566875147996715,0.057336616433993196,1.0473211811462748,1,-0.07856843455547749,0,0,0,0,1,0,0,0,0,0,0,0,0,1
-0.7340705675993323,-0.37303918050537577,-0.5098878173510246,-0.4494391615397224,-0.44795450004125487,0,-1.3938216787231332,-0.4323050568631192,0.9104110932782294,0,0.1865008295003771,1,0,0,0,0,0,0,0,0,1,0,0,0,0
0.4915252257896316,-0.34524798523032896,0.3761815426658444,0.4343130630843307,0.4353919384164817,0,-1.8072949440863422,-0.4323050568631192,-1.280150312610496,0,0.1865008295003771,0,1,0,0,0,0,1,0,0,0,1,0,0,0
0.5645698612499345,0.09941113917081684,-0.46558434935018117,-0.4052515503085198,-0.403787178118368,0,-1.1870850460415288,-0.4323050568631192,1.458051444750411,1,0.1865008295003771,0,1,0,0,1,0,0,0,0,0,0,0,0,0
0.6475418198714045,-0.04120422116732324,1.8603477206941001,1.9145980393296196,1.9149972228331904,0,1.5004911788193305,-0.2690911657640817,-1.280150312610496,1,0.1865008295003771,0,1,0,0,0,0,1,0,0,0,0,0,0,0
-0.014021632240206115,-0.5005328575749971,-0.08900487134301184,-0.029656854843297203,-0.028364941773829987,1,-0.566875147996715,0.057336616433993196,0.9104110932782294,0,-0.07856843455547749,0,1,0,0,0,0,0,1,0,0,1,0,0,0
1.5419258627627588,1.4134241254580733,0.48694021266795307,-0.3389701334617158,-0.3375361952340378,1,0.57017633175211,-0.4323050568631192,1.7318716204865017,1,-0.07856843455547749,0,0,0,1,0,0,1,0,0,0,0,0,0,1
-0.5795472198983127,-0.28170334053960305,-0.19976354134512048,-0.14012588292130385,-0.13878324658104704,0,0.8802812807745168,-0.4323050568631192,-0.04795952179808796,1,0.1865008295003771,1,0,0,0,1,0,0,0,0,0,0,0,0,0
0.13907760085697046,0.7278156625378867,-0.399129147348916,-0.3389701334617158,-0.3375361952340378,0,-0.566875147996715,-0.2690911657640817,-0.04795952179808796,1,0.4515700935562317,0,0,1,0,0,0,0,0,0,1,0,0,0,0
-1.122245494827921,-0.18964239161537114,-0.5098878173510246,-0.4494391615397224,-0.44795450004125487,1,-0.8769800970191218,-0.4323050568631192,0.49968082967409344,0,0.4515700935562317,1,0,0,0,0,0,0,0,0,1,0,0,0,0
-0.8671907171756965,-0.3734156793875193,0.17681593666204887,0.23546881254391874,0.236638989763491,0,0.9836495971153191,-0.4323050568631192,0.22586065393800275,1,0.4515700935562317,1,0,0,0,0,0,0,0,0,1,0,0,0,0
0.15070785015711202,1.5082958539644882,-0.00039793534132493693,-0.4494391615397224,-0.3596198561954812,1,0.7769129644337146,-0.2690911657640817,-0.5955998732702694,1,-0.07856843455547749,0,0,0,1,0,0,0,0,0,1,0,0,0,1
-0.3391483789464714,-0.6236340476844281,1.9932581246966306,2.0471608730232274,2.0474991886018508,0,0.7769129644337146,-0.4323050568631192,-0.86942004900636,0,0.1865008295003771,0,1,0,0,0,1,0,0,0,0,0,0,0,0
0.2263495560009497,0.28984985160002,0.22111940466289232,0.2796564237751214,0.2808063116863778,0,0.9836495971153191,-0.4323050568631192,1.0473211811462748,1,-0.07856843455547749,0,0,1,0,0,0,0,0,0,1,0,0,0,0
0.32695011772896687,-0.594434467701502,-0.17761180734469875,-0.11803207730570252,-0.11669958561960364,0,1.1903862297969237,-0.4323050568631192,-0.7325099611383147,0,0.4515700935562317,0,1,0,0,0,0,1,0,0,0,0,0,0,0
0.8234675173794338,-1.9946896022938623,0.48694021266795307,-0.3610639390773171,-0.3375361952340378,0,0.57017633175211,-0.10587727466504428,-1.964700751950723,1,0.4515700935562317,0,0,0,1,0,0,1,0,0,0,0,0,0,1
0.8700078778983716,-0.19508070880411205,-0.19976354134512048,-0.14012588292130385,-0.13878324658104704,1,-1.2904533623823309,0.3837643986320681,0.36277074180604807,1,-3.7895381313374417,0,1,0,0,0,0,0,0,0,1,0,0,0,0
-2.5818338959473834,0.45955689108493364,-0.46558434935018117,-0.3389701334617158,-0.3375361952340378,1,1.7072278115009352,-0.2690911657640817,0.36277074180604807,1,0.4515700935562317,0,0,1,0,0,0,1,0,0,0,0,0,0,1
-0.6588551943447115,1.770424734048836,-0.4877360833506029,-0.4273453559241211,-0.42587083907981144,0,1.1903862297969237,-0.4323050568631192,0.0889505660699574,0,0.1865008295003771,0,0,1,0,0,0,1,0,0,0,1,0,0,0
1.9300883710611023,1.3338115302065985,0.1989676706624706,0.2575626181595201,0.2587226507249344,1,1.293754546137726,3.1584005473157046,-0.86942004900636,0,-0.07856843455547749,0,0,0,0,0,0,1,0,0,0,1,0,0,0
-0.7271159108444273,-0.3918362358142527,-0.5098878173510246,-0.4494391615397224,-0.44795450004125487,0,-1.4971899950639356,1.1998338541272555,0.6365909175421388,0,-0.07856843455547749,1,0,0,0,0,0,0,0,0,0,1,0,0,0
0.22904569529957033,0.20964164526675566,-0.04470140334216839,0.014530756387905453,0.01580238014905684,1,1.293754546137726,-0.4323050568631192,2.690242235562819,1,0.4515700935562317,0,0,1,0,0,0,1,0,0,0,1,0,0,0
0.859610458654371,0.23967788943264126,-0.4212808813493377,-0.3610639390773171,-0.3596198561954812,0,1.0870179134561213,-0.4323050568631192,-0.86942004900636,1,-0.07856843455547749,0,1,0,0,0,0,1,0,0,0,0,0,0,0
-2.272742395758867,2.6030033032882205,0.08820900066036197,-0.29478252223051316,-0.31545253427259434,1,-3.4611880055391784,0.3837643986320681,-0.3217796975341787,1,0.4515700935562317,0,1,0,0,0,0,0,0,1,0,0,0,0,1
0.015953906218683814,-0.4747217675327495,-0.4434326153497595,-0.38315774469291847,-0.38170351715692463,1,1.293754546137726,-0.4323050568631192,0.6365909175421388,1,-0.07856843455547749,0,1,0,0,0,0,0,0,0,1,0,0,0,0
-2.10258811408053,1.457299018142717,0.5090919466683748,-0.4494391615397224,-0.3375361952340378,1,1.5004911788193305,-0.10587727466504428,1.0473211811462748,1,0.4515700935562317,0,0,0,0,0,0,0,0,0,1,0,0,0,1
0.8867483339033378,-1.860045773167801,0.08820900066036197,-0.3610639390773171,-0.44795450004125487,0,-1.4971899950639356,1.036619963028218,0.22586065393800275,1,0.4515700935562317,0,0,0,1,1,0,0,0,0,0,0,0,0,1
0.6122846136583102,-0.38469670145356694,0.26542287266373576,0.323844035006324,0.3249736336092646,1,-0.050033566292703655,-0.10587727466504428,-0.3217796975341787,0,0.1865008295003771,0,1,0,0,0,0,0,0,0,1,0,0,0,0
2.1796919873241136,2.125996845940352,-0.3548256793480726,-0.38315774469291847,-0.3375361952340378,0,-0.15340188263350593,-0.4323050568631192,-0.458689785402224,1,0.1865008295003771,0,0,1,0,0,0,0,0,0,1,0,0,0,1
0.3169121837247627,-0.11965543271639259,0.4647884786675313,0.522688285546736,0.5237265822622553,1,-0.3601385153151105,-0.4323050568631192,0.6365909175421388,1,-0.07856843455547749,0,1,0,0,0,0,0,0,0,1,0,0,0,0
-0.23048705203327782,-0.09753960948210023,-0.17761180734469875,-0.11803207730570252,-0.11669958561960364,1,0.36343969907050544,-0.4323050568631192,-0.5955998732702694,0,0.4515700935562317,1,0,0,0,1,0,0,0,0,0,1,0,0,0
-1.3648012472187376,-0.7318286709355157,-0.5098878173510246,-0.4494391615397224,-0.44795450004125487,0,0.8802812807745168,-0.10587727466504428,-0.7325099611383147,0,-0.07856843455547749,1,0,0,0,0,0,0,0,0,1,0,0,0,0
1.4747035303415996,0.5473611426911539,-0.3769774133484943,-0.31687632784611447,-0.31545253427259434,0,-1.3938216787231332,-0.4323050568631192,-0.458689785402224,1,0.1865008295003771,0,0,0,0,0,0,0,0,0,1,0,0,0,0
0.540608787380381,-0.40646391461194,-0.3326739453476508,-0.2726887166149118,-0.27128521234970754,0,0.1567030663889009,-0.4323050568631192,0.36277074180604807,1,0.1865008295003771,0,1,0,0,0,0,1,0,0,0,0,0,0,0
0.761968736977175,0.04341041652914436,0.2875746066641575,0.3459378406219254,0.34705729457070805,1,0.6735446480929123,-0.4323050568631192,-0.86942004900636,0,-0.07856843455547749,0,1,0,0,0,0,0,0,0,1,0,0,0,0
-1.7957453253116193,-1.0548578888567681,-0.00039793534132493693,-0.38315774469291847,-0.3596198561954812,1,0.8802812807745168,-0.10587727466504428,0.7735010054101842,1,0.4515700935562317,0,0,0,0,1,0,0,0,0,0,0,0,0,1
-0.6939603106487405,-0.28726715735585723,-0.46558434935018117,-0.4052515503085198,-0.403787178118368,1,-1.3938216787231332,-0.4323050568631192,0.9104110932782294,0,-0.07856843455547749,1,0,0,0,0,0,1,0,0,0,0,0,0,0
1.5212845216090185,1.6387198472585895,-0.399129147348916,-0.3389701334617158,-0.3375361952340378,1,0.46680801541130773,-0.4323050568631192,0.0889505660699574,1,0.4515700935562317,0,0,0,0,0,0,1,0,0,0,0,0,0,0
0.3540497742692888,-0.5744521381335481,-0.00039793534132493693,0.058718367619108106,0.059969702071943666,0,0.26007138272970315,0.057336616433993196,0.7735010054101842,1,0.4515700935562317,0,1,0,0,0,0,0,0,0,1,0,0,0,0
0.21531612440951114,0.09810036528422664,-0.5098878173510246,-0.4494391615397224,-0.44795450004125487,0,0.9836495971153191,-0.4323050568631192,-0.7325099611383147,0,0.1865008295003771,0,0,1,0,0,0,0,0,0,1,0,0,0,0
-0.135468188197761,-0.5125634192351,-0.2883704773468074,-0.29478252223051316,-0.29336887331115097,1,1.293754546137726,-0.4323050568631192,-0.7325099611383147,1,0.1865008295003771,1,0,0,0,0,0,0,0,0,1,0,0,0,1
-0.04174347477242675,2.0706895648858086,-0.5098878173510246,-0.4494391615397224,-0.44795450004125487,0,-2.530873158471958,-0.4323050568631192,-0.7325099611383147,0,0.1865008295003771,0,0,1,0,0,0,0,1,0,0,1,0,0,0
0.5675287013007556,0.01755749327785777,-0.4212808813493377,-0.3610639390773171,-0.3596198561954812,0,1.7072278115009352,0.5469782897311056,1.1842312690143202,1,-0.07856843455547749,0,1,0,0,1,0,0,0,0,0,1,0,0,0
-1.0061594150768909,-0.5056365090906335,-0.4877360833506029,-0.4273453559241211,-0.42587083907981144,0,-0.566875147996715,2.3423310918205176,0.0889505660699574,1,-0.07856843455547749,1,0,0,0,0,0,1,0,0,0,1,0,0,0
0.693101262620831,0.7325218751978271,0.42048501066668786,-0.2726887166149118,-0.403787178118368,0,-0.15340188263350593,-0.2690911657640817,0.0889505660699574,1,-0.07856843455547749,0,0,0,0,0,0,0,0,0,1,0,0,0,1
0.5097621885327346,-0.4993894165249591,-0.2219152753455422,-0.16221968853690516,-0.16086690754249047,0,1.1903862297969237,-0.4323050568631192,-0.86942004900636,1,0.4515700935562317,0,1,0,0,0,0,0,0,0,1,0,0,0,0
0.34358322324837787,0.5242134336311257,-0.5098878173510246,-0.4494391615397224,-0.44795450004125487,1,-0.6702434643375174,-0.4323050568631192,-0.86942004900636,0,0.4515700935562317,0,0,1,0,0,0,0,0,0,1,0,0,0,0
-0.3978274311693753,-0.7196830958804826,2.1261685286991607,2.1797237067168354,2.1800011543705113,0,-0.9803484133599242,-0.4323050568631192,-0.1848696096661333,1,-4.054607395393297,0,1,0,0,0,0,1,0,0,0,1,0,0,0
0.3540497742692888,-0.5744521381335481,-0.00039793534132493693,0.058718367619108106,0.059969702071943666,0,-0.7736117806783196,-0.2690911657640817,0.7735010054101842,1,-3.7895381313374417,0,1,0,0,0,0,0,1,0,0,0,0,0,0
-1.433366143536682,-0.1963496494814651,-0.3326739453476508,-0.31687632784611447,-0.31545253427259434,0,1.1903862297969237,-0.4323050568631192,-0.458689785402224,0,0.1865008295003771,1,0,0,0,0,0,1,0,0,0,1,0,0,0
0.015124324895955738,-0.5122043229263994,-0.2662187433463857,-0.20640729976810782,-0.2050342294653773,1,1.5004911788193305,4.953753349405117,-0.1848696096661333,0,0.1865008295003771,0,1,0,0,0,0,1,0,0,0,0,0,0,0
-0.8692370177716346,1.7063502020424273,-0.3326739453476508,-0.2726887166149118,-0.27128521234970754,0,0.1567030663889009,-0.4323050568631192,-0.1848696096661333,0,0.4515700935562317,0,0,1,0,0,0,0,0,0,0,1,0,0,0
-0.9117807132687448,-0.39855743808355787,-0.5098878173510246,-0.4494391615397224,-0.44795450004125487,0,0.05333475004809862,-0.4323050568631192,0.0889505660699574,0,-0.07856843455547749,1,0,0,0,0,1,0,0,0,0,1,0,0,0
0.3098883951929473,0.5737997308705716,-0.399129147348916,-0.3389701334617158,-0.3375361952340378,0,0.7769129644337146,-0.4323050568631192,-0.458689785402224,1,0.4515700935562317,0,0,1,0,0,0,0,0,0,1,0,0,0,0
-0.57356040801976,0.36337868887321634,-0.4877360833506029,-0.4273453559241211,-0.42587083907981144,0,-0.9803484133599242,-0.4323050568631192,1.1842312690143202,0,-0.07856843455547749,1,0,0,0,0,0,1,0,0,0,0,0,0,0
0.7440285355285317,1.3309902164227847,-0.3105222113472291,-0.3610639390773171,-0.31545253427259434,1,-0.6702434643375174,0.057336616433993196,0.7735010054101842,1,0.4515700935562317,0,0,1,0,0,0,1,0,0,0,0,0,0,1
-0.7135384298635316,-0.36951124653417095,-0.5098878173510246,-0.4494391615397224,-0.44795450004125487,1,-0.2567701989743082,-0.4323050568631192,-0.7325099611383147,1,0.4515700935562317,1,0,0,0,0,0,1,0,0,0,0,0,0,0
-0.5977565299307303,-0.2852173301077949,-0.2662187433463857,-0.20640729976810782,-0.2050342294653773,1,0.6735446480929123,-0.4323050568631192,-0.04795952179808796,1,-0.07856843455547749,1,0,0,0,0,0,0,0,0,1,0,0,0,0
-0.41067211531523706,0.467348158000666,-0.5098878173510246,-0.4494391615397224,-0.44795450004125487,0,0.6735446480929123,-0.4323050568631192,0.36277074180604807,0,0.1865008295003771,1,0,0,0,0,0,1,0,0,0,1,0,0,0
2.0581895536353643,0.5639131491093903,-0.4434326153497595,-0.38315774469291847,-0.38170351715692463,0,0.8802812807745168,-0.4323050568631192,0.49968082967409344,0,-0.07856843455547749,0,0,0,0,1,0,0,0,0,0,1,0,0,0
0.08762973249661306,-0.6916409013506074,-0.5098878173510246,-0.4494391615397224,-0.44795450004125487,0,-0.2567701989743082,-0.4323050568631192,-0.458689785402224,0,0.1865008295003771,0,1,0,0,0,0,0,0,0,1,0,0,0,0
-0.7269361682244799,-0.3100941451457939,0.13251246866120542,0.1912812013127161,0.19247166784060415,1,0.57017633175211,-0.2690911657640817,-1.0063301368744053,1,-0.07856843455547749,1,0,0,0,0,0,0,0,0,1,0,0,0,0
-0.766313628340136,-0.6591504422482918,-0.24406700934596393,-0.1843134941525065,-0.18295056850393387,1,1.3971228624785281,-0.4323050568631192,2.690242235562819,0,0.1865008295003771,1,0,0,0,0,0,1,0,0,0,0,0,0,0
0.5622885126125796,0.035420273582486145,-0.2662187433463857,-0.20640729976810782,-0.2050342294653773,1,0.7769129644337146,-0.4323050568631192,-0.458689785402224,0,-0.07856843455547749,0,1,0,0,0,0,0,0,0,1,0,0,0,0
0.2796778086926407,0.2829613164941626,-0.3105222113472291,-0.25059491099931047,-0.24920155138826414,1,-0.6702434643375174,-0.4323050568631192,-0.7325099611383147,1,0.1865008295003771,0,0,1,0,0,0,1,0,0,0,0,0,0,0
2.1106597735934955,2.1231759106762573,-0.15546007334427703,-0.29478252223051316,-0.403787178118368,1,2.2240693932049465,0.22055050753303065,-0.7325099611383147,1,0.1865008295003771,0,0,0,1,0,0,1,0,0,0,0,0,0,1
1.5339909422010596,0.4739578050454708,-0.4877360833506029,-0.4273453559241211,-0.42587083907981144,0,-0.6702434643375174,0.3837643986320681,0.9104110932782294,1,0.1865008295003771,0,0,0,0,0,1,0,0,0,0,0,0,0,0
0.2724189721194086,-0.6348453477352126,1.5723751786886178,1.6273785663268023,1.627909630334426,0,-1.2904533623823309,-0.4323050568631192,0.0889505660699574,0,0.4515700935562317,0,1,0,0,0,0,1,0,0,0,0,0,0,0
-1.5183705763986493,-0.22165874101405597,-0.5098878173510246,-0.4494391615397224,-0.44795450004125487,1,0.46680801541130773,-0.4323050568631192,0.6365909175421388,0,-0.07856843455547749,1,0,0,0,0,0,1,0,0,0,0,0,1,0
-0.0003473667716162817,-0.011279532225937909,-0.3548256793480726,-0.29478252223051316,-0.29336887331115097,0,-0.4635068316559128,-0.4323050568631192,-0.86942004900636,1,0.4515700935562317,1,0,0,0,0,0,1,0,0,0,0,0,0,0
0.33093210807770795,-0.4882757272956619,-0.2662187433463857,-0.20640729976810782,-0.2050342294653773,1,0.46680801541130773,0.7101921808301431,-0.5955998732702694,1,0.1865008295003771,0,1,0,0,0,1,0,0,0,0,1,0,0,0
-0.7449933883477339,-0.4029499250437481,-0.4434326153497595,-0.38315774469291847,-0.38170351715692463,0,-0.2567701989743082,-0.4323050568631192,0.36277074180604807,1,-0.07856843455547749,1,0,0,0,0,0,1,0,0,0,0,0,1,0
0.6967498186606318,0.11229576758732207,-0.2219152753455422,-0.16221968853690516,-0.16086690754249047,1,0.36343969907050544,-0.4323050568631192,-1.1432402247424507,1,0.4515700935562317,0,1,0,0,0,0,1,0,0,0,1,0,0,0
0.3525980069545638,-0.3945135611994851,-0.00039793534132493693,0.058718367619108106,0.059969702071943666,1,-1.4971899950639356,-0.4323050568631192,-0.04795952179808796,0,-4.054607395393297,0,1,0,0,0,0,0,1,0,0,1,0,0,0
-0.5769755177980719,-0.4757397089552742,0.04390553265951851,0.10290597885031076,0.10413702399483049,1,-1.0837167297007264,-0.2690911657640817,1.458051444750411,0,0.4515700935562317,1,0,0,0,0,0,1,0,0,0,1,0,0,0
-1.9978962336076524,0.10399884777358534,-0.3769774133484943,-0.31687632784611447,-0.31545253427259434,1,0.9836495971153191,-0.4323050568631192,1.0473211811462748,0,0.4515700935562317,1,0,0,0,0,0,0,0,0,1,0,0,0,0
-0.7479798811093388,-0.4959590933752416,-0.4877360833506029,-0.4273453559241211,-0.42587083907981144,0,0.7769129644337146,-0.4323050568631192,-0.5955998732702694,1,0.1865008295003771,1,0,0,0,0,0,0,0,0,1,0,0,0,0
-0.36792102448749403,-0.7239082500041206,2.214775464700848,2.268098929179241,2.268335798216285,0,-0.7736117806783196,-0.4323050568631192,3.5117027627710913,1,0.4515700935562317,0,1,0,0,1,0,0,0,0,0,1,0,0,0
0.21779104202215613,0.2574291145129675,-0.4877360833506029,-0.4273453559241211,-0.42587083907981144,0,-0.3601385153151105,-0.4323050568631192,-0.04795952179808796,1,0.4515700935562317,0,0,1,0,0,1,0,0,0,0,0,0,0,0
1.5339909422010596,0.4739578050454708,-0.4877360833506029,-0.4273453559241211,-0.42587083907981144,0,-1.3938216787231332,-0.4323050568631192,-1.0063301368744053,1,0.4515700935562317,0,0,0,0,0,0,1,0,0,0,0,0,0,0
2.271903528708248,0.8761283333586194,-0.24406700934596393,-0.1843134941525065,-0.18295056850393387,1,0.6735446480929123,0.057336616433993196,-0.86942004900636,0,0.4515700935562317,0,0,0,0,0,0,0,0,0,0,0,0,0,0
0.32873371757270453,1.714688955065203,-0.2883704773468074,-0.22850110538370916,-0.2271178904268207,1,1.3971228624785281,0.22055050753303065,0.6365909175421388,0,0.1865008295003771,0,0,1,0,0,0,0,0,0,1,0,0,0,0
-0.7434724892561967,-0.3774177230623549,-0.399129147348916,-0.3389701334617158,-0.3375361952340378,0,0.9836495971153191,1.036619963028218,0.0889505660699574,1,0.1865008295003771,1,0,0,0,0,0,0,0,0,1,0,0,0,0
-1.2524206307089052,-0.413798670615204,-0.4877360833506029,-0.4273453559241211,-0.42587083907981144,0,-0.15340188263350593,-0.4323050568631192,1.868781708354547,1,-4.054607395393297,1,0,0,0,0,0,1,0,0,0,1,0,0,0
-0.23878286525987089,-0.7820842995211706,4.717921406748503,4.764698963742191,4.763789486859391,0,0.36343969907050544,-0.4323050568631192,-1.0063301368744053,1,0.4515700935562317,0,1,0,0,0,0,0,0,0,1,0,0,0,0
-0.4782415140460455,0.44987582098119405,0.17681593666204887,0.23546881254391874,0.236638989763491,1,0.57017633175211,-0.2690911657640817,-1.0063301368744053,1,-0.07856843455547749,1,0,0,0,0,0,0,0,0,1,0,0,0,0
-0.8281174368783675,0.6732791022163436,-0.4212808813493377,-0.3610639390773171,-0.3596198561954812,1,-0.2567701989743082,-0.4323050568631192,-0.458689785402224,0,0.4515700935562317,1,0,0,0,0,0,0,0,0,1,0,0,0,0
0.3127781034668581,-0.28755998981992276,-0.3548256793480726,-0.29478252223051316,-0.29336887331115097,0,-0.2567701989743082,-0.4323050568631192,-0.86942004900636,1,-0.07856843455547749,0,1,0,0,0,0,1,0,0,0,1,0,0,0
0.13857985206335324,-0.08639803144657884,-0.3326739453476508,-0.31687632784611447,-0.31545253427259434,0,0.05333475004809862,-0.4323050568631192,-0.1848696096661333,1,0.4515700935562317,0,0,1,0,0,0,1,0,0,0,0,0,0,0
-0.32746510865235035,-0.6857424188612488,6.047025446773806,6.09032730067827,6.088809144545996,0,0.6735446480929123,-0.4323050568631192,-0.3217796975341787,0,0.1865008295003771,0,1,0,0,0,1,0,0,0,0,0,0,0,0
0.2996916595174029,1.9768879132090116,-0.15546007334427703,-0.4494391615397224,-0.38170351715692463,1,0.1567030663889009,-0.2690911657640817,-0.458689785402224,1,0.1865008295003771,0,0,1,0,0,0,0,0,1,0,0,0,0,1
0.5495820920205385,0.010348236901908848,0.2875746066641575,0.3459378406219254,0.34705729457070805,1,1.0870179134561213,0.8734060719291806,-0.5955998732702694,1,0.1865008295003771,0,1,0,0,0,0,0,0,0,1,0,0,0,0
1.9358401348982381,0.9479559534598709,-0.3548256793480726,-0.29478252223051316,-0.29336887331115097,1,-0.050033566292703655,-0.4323050568631192,-0.458689785402224,0,0.4515700935562317,0,0,0,0,0,0,1,0,0,0,0,0,0,0
-0.32666318004040606,-0.6536145142380636,0.3983332766662661,0.456406868699932,0.4574755993779251,1,1.1903862297969237,0.057336616433993196,-1.5539704883465868,0,-0.07856843455547749,0,1,0,0,0,0,0,1,0,0,1,0,0,0
1.639403075600546,0.5908119025894256,-0.2219152753455422,-0.16221968853690516,-0.16086690754249047,1,1.1903862297969237,2.3423310918205176,3.5117027627710913,0,0.1865008295003771,0,0,0,0,0,1,0,0,0,0,1,0,0,0
0.8643943776150564,0.22758809198985833,-0.4877360833506029,-0.4273453559241211,-0.42587083907981144,0,0.7769129644337146,0.7101921808301431,-0.3217796975341787,0,0.4515700935562317,0,1,0,0,0,0,0,0,0,1,0,0,0,0
0.43604006165896547,-0.020943003538316834,-0.399129147348916,-0.3389701334617158,-0.3375361952340378,0,-0.6702434643375174,0.8734060719291806,-1.0063301368744053,1,-0.07856843455547749,0,1,0,0,0,0,0,0,0,1,0,0,0,0
1.0963176627203575,0.4044589002531361,-0.5098878173510246,-0.4494391615397224,-0.44795450004125487,1,-1.3938216787231332,-0.4323050568631192,-0.1848696096661333,0,0.4515700935562317,0,0,0,0,0,1,0,0,0,0,0,0,0,0
0.42680405626660733,-0.08638408704336768,-0.2662187433463857,-0.20640729976810782,-0.2050342294653773,0,-0.566875147996715,-0.4323050568631192,-0.04795952179808796,1,0.4515700935562317,0,1,0,0,0,1,0,0,0,0,1,0,0,0
-1.2585373196636023,1.7852691293020628,-0.15546007334427703,-0.4052515503085198,-0.44795450004125487,1,-0.050033566292703655,-0.4323050568631192,2.279511971958683,1,0.4515700935562317,0,0,0,1,1,0,0,0,0,0,0,0,0,1
0.49729081598211033,2.5998517717589213,-0.3548256793480726,-0.29478252223051316,-0.29336887331115097,0,-1.2904533623823309,-0.4323050568631192,3.2378825870350005,0,-4.054607395393297,0,0,1,0,0,0,0,1,0,0,1,0,0,0
0.3296462570275875,-0.2163877566618673,1.5059199766873526,1.5610971494799983,1.5616586474500957,0,-0.4635068316559128,-0.2690911657640817,-0.86942004900636,1,0.4515700935562317,0,1,0,0,0,0,0,0,0,1,0,0,0,0
1.3724576323235673,0.5470404214210624,-0.4212808813493377,-0.3610639390773171,-0.3596198561954812,0,0.46680801541130773,-0.4323050568631192,-0.86942004900636,1,0.1865008295003771,0,0,0,0,0,0,0,0,0,1,0,0,0,0
-0.061694905582455314,-0.4529406099715616,-0.4212808813493377,-0.3610639390773171,-0.3596198561954812,0,-0.4635068316559128,0.5469782897311056,0.7735010054101842,1,0.4515700935562317,0,1,0,0,1,0,0,0,0,0,0,0,0,0
1.5524629529856775,0.6028459224199585,0.06605726665994024,0.12499978446591209,0.12622068495627392,1,0.9836495971153191,-0.4323050568631192,0.6365909175421388,0,0.1865008295003771,0,0,0,0,1,0,0,0,0,0,0,0,0,0
-1.0080259730528816,0.23891094726494497,-0.08900487134301184,-0.029656854843297203,-0.028364941773829987,0,-0.6702434643375174,-0.2690911657640817,2.1426018840906376,0,0.1865008295003771,1,0,0,0,0,0,1,0,0,0,0,0,0,0
0.21821965903886292,-0.4825585220458684,-0.022549669341746664,0.03662456200350678,0.03788604111050026,0,-0.4635068316559128,2.995186656216667,-0.1848696096661333,1,0.4515700935562317,0,1,0,0,0,0,0,0,0,1,0,0,0,0
0.45966930299940806,-0.5153975912243015,-0.2219152753455422,-0.16221968853690516,-0.16086690754249047,0,0.46680801541130773,-0.4323050568631192,-0.3217796975341787,1,-0.07856843455547749,0,1,0,0,0,0,1,0,0,0,0,0,0,0
0.3540497742692888,-0.5744521381335481,-0.00039793534132493693,0.058718367619108106,0.059969702071943666,0,0.36343969907050544,-0.4323050568631192,-1.1432402247424507,1,0.4515700935562317,0,1,0,0,0,0,0,0,0,1,0,0,0,0
0.4593927758918648,-0.4453269659072451,-0.46558434935018117,-0.4052515503085198,-0.403787178118368,0,0.7769129644337146,-0.4323050568631192,-1.0063301368744053,0,-0.07856843455547749,0,1,0,0,0,0,0,1,0,0,0,0,0,0
0.059396314815334195,-0.6918361229931856,0.17681593666204887,0.23546881254391874,0.236638989763491,1,-0.9803484133599242,-0.4323050568631192,-0.04795952179808796,1,0.4515700935562317,0,1,0,0,0,0,1,0,0,0,0,0,0,0
0.3296462570275875,-0.2163877566618673,1.5059199766873526,1.5610971494799983,1.5616586474500957,0,-0.8769800970191218,-0.4323050568631192,-0.458689785402224,1,0.4515700935562317,0,1,0,0,0,0,0,0,0,1,0,0,0,0
-0.5710440113410867,0.009246629061108036,-0.24406700934596393,-0.1843134941525065,-0.18295056850393387,1,-0.7736117806783196,-0.4323050568631192,-0.86942004900636,0,0.4515700935562317,1,0,0,0,0,0,0,1,0,0,1,0,0,0
-0.8898935927059133,0.716478862859787,-0.2883704773468074,-0.22850110538370916,-0.2271178904268207,1,1.1903862297969237,0.057336616433993196,0.22586065393800275,0,0.4515700935562317,1,0,0,0,1,0,0,0,0,0,1,0,0,0
2.2280060530840293,2.7170371467733423,0.13251246866120542,-0.3389701334617158,-0.29336887331115097,1,-0.7736117806783196,-0.10587727466504428,-0.1848696096661333,1,-3.7895381313374417,1,0,0,0,0,0,0,0,0,1,0,0,0,1
-0.2538812453323037,-0.6760510587426456,-0.3769774133484943,-0.31687632784611447,-0.31545253427259434,1,-0.3601385153151105,3.1584005473157046,2.0056917962225924,0,-3.7895381313374417,0,1,0,0,0,0,0,1,0,0,1,0,0,0
0.5097621885327346,-0.4993894165249591,-0.2219152753455422,-0.16221968853690516,-0.16086690754249047,0,2.017332760523342,-0.4323050568631192,-1.280150312610496,1,-0.07856843455547749,0,1,0,0,0,0,1,0,0,0,0,0,0,0
-2.1620150719408264,-0.4233366423000696,-0.2883704773468074,-0.22850110538370916,-0.2271178904268207,1,-1.0837167297007264,-0.4323050568631192,0.0889505660699574,0,0.4515700935562317,1,0,0,0,0,0,0,0,0,1,0,0,0,0
-0.817402011460697,-0.379286273070852,-0.5098878173510246,-0.4494391615397224,-0.44795450004125487,0,-0.4635068316559128,-0.4323050568631192,0.22586065393800275,1,0.1865008295003771,1,0,0,0,0,0,1,0,0,0,0,0,0,0
-0.8748505180549498,0.2273092039288058,0.17681593666204887,0.23546881254391874,0.236638989763491,1,-0.8769800970191218,4.300897785008967,5.9760843443959075,0,-0.07856843455547749,1,0,0,0,0,0,0,0,0,0,1,0,0,0
-1.2199313918418695,-3.4780030872792205,0.06605726665994024,-0.4052515503085198,-0.44795450004125487,0,0.36343969907050544,0.22055050753303065,-0.7325099611383147,1,0.4515700935562317,0,1,0,0,0,0,0,0,0,1,0,0,0,1
0.18363994423923496,-0.3824655969659393,-0.2883704773468074,-0.22850110538370916,-0.2271178904268207,1,1.7072278115009352,0.3837643986320681,0.36277074180604807,1,0.1865008295003771,0,1,0,0,1,0,0,0,0,0,0,0,0,0
-1.8613056688315073,-0.16388707918537365,-0.4434326153497595,-0.38315774469291847,-0.38170351715692463,0,-1.6005583114047377,-0.2690911657640817,-0.458689785402224,0,0.4515700935562317,1,0,0,0,0,0,0,0,0,1,0,0,0,0
-0.6399960456096115,-0.2640218374745399,-0.5098878173510246,-0.4494391615397224,-0.44795450004125487,1,0.05333475004809862,-0.4323050568631192,0.0889505660699574,0,-0.07856843455547749,1,0,0,0,0,0,0,0,0,1,0,0,0,0
1.8294878093329867,0.5971984391854281,-0.4877360833506029,-0.4273453559241211,-0.42587083907981144,0,1.0870179134561213,-0.4323050568631192,-0.3217796975341787,1,0.1865008295003771,0,1,0,0,0,0,1,0,0,0,0,0,0,0
0.2997813294118328,-0.6237177141029024,-0.5098878173510246,-0.4494391615397224,-0.44795450004125487,1,-0.15340188263350593,-0.4323050568631192,-0.1848696096661333,0,0.4515700935562317,0,1,0,0,0,0,1,0,0,0,0,1,0,0
0.19694089811258733,-0.5345850898187313,-0.4877360833506029,-0.4273453559241211,-0.42587083907981144,0,1.6038594951601328,-0.4323050568631192,1.1842312690143202,1,0.1865008295003771,0,1,0,0,0,0,0,0,0,1,0,0,0,0
-0.7456570534058574,0.7825335000989949,-0.04470140334216839,0.014530756387905453,0.01580238014905684,1,-0.6702434643375174,1.036619963028218,-0.7325099611383147,0,0.4515700935562317,1,0,0,0,0,0,1,0,0,0,0,0,0,0
-1.4169266069925612,-0.553828366025213,-0.5098878173510246,-0.4494391615397224,-0.44795450004125487,0,0.46680801541130773,-0.4323050568631192,1.3211413568823656,0,0.4515700935562317,1,0,0,0,0,0,0,0,0,1,0,0,0,0
0.3031134810578914,-0.1773434281267988,2.9014792187139213,2.953006903262882,2.952929288021031,0,-0.7736117806783196,-0.10587727466504428,-0.04795952179808796,0,0.1865008295003771,0,1,0,0,0,0,1,0,0,0,0,1,0,0
-1.795768744341196,-0.39164101417167446,0.22111940466289232,0.2796564237751214,0.2808063116863778,1,-1.1870850460415288,-0.4323050568631192,3.3747926749030457,0,0.4515700935562317,1,0,0,0,0,0,0,0,0,1,0,0,0,1
-0.8164203402289036,-0.017303514342611726,-0.5098878173510246,-0.4494391615397224,-0.44795450004125487,1,0.1567030663889009,5.933036695999342,2.1426018840906376,0,0.4515700935562317,1,0,0,0,0,0,0,0,0,1,0,0,0,0
0.33791441754349505,-0.026688097594136283,-0.08900487134301184,-0.029656854843297203,-0.028364941773829987,1,-0.4635068316559128,1.1998338541272555,0.7735010054101842,0,0.4515700935562317,0,1,0,0,0,0,0,0,0,1,0,0,0,0
1.6470075710583298,0.9806416342047648,-0.4877360833506029,-0.4273453559241211,-0.42587083907981144,0,-1.6005583114047377,-0.4323050568631192,1.458051444750411,0,0.4515700935562317,0,0,0,0,0,0,1,0,0,0,1,0,0,0
0.729449149128828,0.2204764464351985,1.1736439666810266,1.2296900652459786,1.2304037330284445,0,-0.8769800970191218,-0.4323050568631192,3.3747926749030457,0,0.4515700935562317,0,1,0,0,0,1,0,0,0,0,0,0,0,0
0.2796778086926407,0.2829613164941626,-0.3105222113472291,-0.25059491099931047,-0.24920155138826414,1,1.5004911788193305,-0.4323050568631192,-0.3217796975341787,1,0.4515700935562317,0,0,1,0,0,0,0,0,0,1,0,0,0,0
0.36195844954530165,-0.28156389650907676,0.06605726665994024,0.12499978446591209,0.12622068495627392,0,1.3971228624785281,1.036619963028218,-0.5955998732702694,1,0.4515700935562317,0,1,0,0,0,0,0,0,0,1,0,0,0,0
2.0544840903941664,1.3355824693938065,-0.5098878173510246,-0.4494391615397224,-0.44795450004125487,1,0.46680801541130773,1.689475527424368,0.36277074180604807,0,-3.7895381313374417,0,0,0,0,0,0,1,0,0,0,1,0,0,0
-2.334590256018585,-3.0571609199940974,-0.4877360833506029,-0.29478252223051316,-0.29336887331115097,0,2.017332760523342,-0.2690911657640817,-0.458689785402224,1,0.4515700935562317,0,1,0,0,0,0,1,0,0,0,0,0,0,1
1.8800922700153715,0.9065271320036355,-0.46558434935018117,-0.4052515503085198,-0.403787178118368,1,0.9836495971153191,-0.4323050568631192,-0.3217796975341787,0,0.1865008295003771,0,0,0,0,0,0,1,0,0,0,0,0,0,0
0.01140503529941514,-0.5089831658222731,-0.2219152753455422,-0.16221968853690516,-0.16086690754249047,1,-0.4635068316559128,0.5469782897311056,0.7735010054101842,1,0.4515700935562317,0,1,0,0,0,0,0,0,0,0,1,0,0,0
-0.9974902902550603,0.3953671494658752,-0.3548256793480726,-0.29478252223051316,-0.29336887331115097,1,0.6735446480929123,-0.4323050568631192,-0.1848696096661333,1,0.4515700935562317,1,0,0,0,0,0,1,0,0,0,0,0,1,0
-1.1607380681993797,-0.18021597515480758,-0.5098878173510246,-0.4494391615397224,-0.44795450004125487,1,0.26007138272970315,-0.4323050568631192,-0.7325099611383147,0,0.4515700935562317,1,0,0,0,0,0,0,0,0,0,1,0,0,0
0.5472316116062733,0.002636982016303165,-0.3548256793480726,-0.29478252223051316,-0.29336887331115097,1,0.57017633175211,-0.4323050568631192,0.0889505660699574,1,0.1865008295003771,0,1,0,0,0,0,0,0,0,1,0,0,0,0
-1.4581567987288653,-0.18682562219961246,-0.3326739453476508,-0.31687632784611447,-0.31545253427259434,0,0.57017633175211,-0.4323050568631192,-0.3217796975341787,1,-4.054607395393297,1,0,0,0,0,0,1,0,0,0,1,0,0,0
-0.8758460156421842,-0.42806379493356256,-0.4212808813493377,-0.3610639390773171,-0.3596198561954812,1,0.36343969907050544,-0.4323050568631192,0.49968082967409344,0,-0.07856843455547749,1,0,0,0,0,0,0,0,0,1,0,0,0,0
0.12142134503963953,-0.4868394537817566,-0.3326739453476508,-0.2726887166149118,-0.27128521234970754,0,-0.4635068316559128,0.5469782897311056,0.36277074180604807,0,-0.07856843455547749,0,1,0,0,0,0,1,0,0,0,0,0,0,0
-1.0048735640267703,0.168045490973968,-0.4877360833506029,-0.4273453559241211,-0.42587083907981144,0,-1.0837167297007264,-0.4323050568631192,-0.5955998732702694,0,0.4515700935562317,1,0,0,0,0,0,1,0,0,0,1,0,0,0
-1.0677143492183627,1.2901934374717745,-0.4212808813493377,-0.3610639390773171,-0.3596198561954812,1,-0.6702434643375174,3.974470002810892,3.785522938507182,1,0.1865008295003771,1,0,0,0,0,0,1,0,0,0,0,0,0,0
-0.44235169730100243,0.7723131139042057,0.44263674466710956,-0.3389701334617158,-0.38170351715692463,0,-0.9803484133599242,0.057336616433993196,0.6365909175421388,1,0.4515700935562317,0,0,1,0,0,0,0,0,1,0,0,0,0,1
-2.625746966790366,2.1171691802480086,0.22111940466289232,-0.29478252223051316,-0.44795450004125487,1,1.0870179134561213,-0.4323050568631192,0.0889505660699574,1,-0.07856843455547749,0,0,0,1,0,0,1,0,0,0,0,0,0,1
-0.24969185965283147,1.077722568226357,-0.5098878173510246,-0.4494391615397224,-0.44795450004125487,1,0.36343969907050544,1.363047745226293,-1.0063301368744053,0,0.4515700935562317,0,0,1,0,0,0,1,0,0,0,0,0,0,0
0.21779104202215613,0.2574291145129675,-0.4877360833506029,-0.4273453559241211,-0.42587083907981144,0,1.0870179134561213,0.3837643986320681,-0.1848696096661333,1,0.4515700935562317,0,0,1,0,0,0,1,0,0,0,0,0,1,0
1.077804172869711,-0.00872770646802062,-0.399129147348916,-0.3389701334617158,-0.3375361952340378,0,-0.3601385153151105,1.689475527424368,-0.3217796975341787,1,0.4515700935562317,0,1,0,0,0,0,0,0,0,1,0,0,0,0
-0.8699698146066686,-0.36437970621231036,0.17681593666204887,0.23546881254391874,0.236638989763491,0,-2.3241365257903537,-0.4323050568631192,-1.1432402247424507,1,-0.07856843455547749,1,0,0,0,0,0,0,0,0,1,0,0,0,0
2.1228830704475063,0.910445509260195,-0.4877360833506029,-0.4273453559241211,-0.42587083907981144,0,0.46680801541130773,-0.4323050568631192,-1.1432402247424507,0,0.4515700935562317,0,0,0,0,0,0,0,0,0,1,0,0,0,0
-0.6488863921174177,0.6911697713271961,-0.3326739453476508,-0.2726887166149118,-0.27128521234970754,1,0.6735446480929123,-0.4323050568631192,0.36277074180604807,0,0.4515700935562317,1,0,0,0,0,0,0,0,0,0,1,0,0,0
-0.5795472198983127,-0.28170334053960305,-0.19976354134512048,-0.14012588292130385,-0.13878324658104704,0,0.36343969907050544,-0.4323050568631192,-0.5955998732702694,1,0.4515700935562317,1,0,0,0,0,1,0,0,0,0,0,0,0,0
0.01140503529941514,-0.5089831658222731,-0.2219152753455422,-0.16221968853690516,-0.16086690754249047,1,1.3971228624785281,-0.4323050568631192,-0.04795952179808796,1,0.4515700935562317,0,1,0,0,0,0,1,0,0,0,0,0,0,0
0.12989690088617994,0.08083719431054413,-0.3326739453476508,-0.31687632784611447,-0.31545253427259434,0,-1.3938216787231332,-0.4323050568631192,1.1842312690143202,0,0.1865008295003771,0,0,1,0,0,0,0,0,0,1,0,0,0,0
-0.4685907179924216,2.1251285143858643,-0.3769774133484943,-0.31687632784611447,-0.31545253427259434,1,-0.2567701989743082,0.7101921808301431,0.6365909175421388,0,0.4515700935562317,0,0,1,0,0,0,1,0,0,0,0,0,0,0
1.577530135285404,0.8516001283967378,-0.4212808813493377,-0.3610639390773171,-0.3596198561954812,1,1.0870179134561213,-0.4323050568631192,-0.458689785402224,0,-0.07856843455547749,0,0,0,0,0,0,0,0,0,1,0,0,0,0
1.7887968454565246,0.7079030549851959,-0.4434326153497595,-0.38315774469291847,-0.38170351715692463,0,1.1903862297969237,2.1791172007214805,3.3747926749030457,1,0.1865008295003771,0,0,0,0,0,0,1,0,0,0,0,0,0,0
1.2227596826493599,0.4180407488220745,-0.3326739453476508,-0.31687632784611447,-0.31545253427259434,0,-0.2567701989743082,-0.4323050568631192,0.49968082967409344,1,0.1865008295003771,0,0,0,0,0,0,1,0,0,0,0,0,0,0
0.3127781034668581,-0.28755998981992276,-0.3548256793480726,-0.29478252223051316,-0.29336887331115097,0,0.36343969907050544,3.8112561117118546,-0.3217796975341787,1,0.1865008295003771,0,1,0,0,0,0,0,0,0,1,0,0,0,0
0.30249129506589445,0.5697558539864988,-0.4434326153497595,-0.38315774469291847,-0.38170351715692463,0,-1.2904533623823309,-0.4323050568631192,2.279511971958683,0,0.4515700935562317,0,0,1,0,0,0,0,0,0,1,0,0,0,0
-1.864195377105418,-0.15224350264019548,-0.5098878173510246,-0.4494391615397224,-0.44795450004125487,0,1.0870179134561213,-0.4323050568631192,1.5949615326184563,0,-0.07856843455547749,1,0,0,0,0,0,0,0,0,1,0,0,0,0
0.4468977462674627,-0.6391257347246712,0.17681593666204887,-0.4052515503085198,-0.42587083907981144,1,-0.9803484133599242,2.1791172007214805,0.7735010054101842,1,0.4515700935562317,0,0,1,0,1,0,0,0,0,0,0,0,0,1
1.1402025146891557,0.1725216443524344,-0.399129147348916,-0.3389701334617158,-0.3375361952340378,1,0.7769129644337146,2.505544982919555,-1.0063301368744053,1,-0.07856843455547749,0,1,0,0,0,0,0,0,0,1,0,0,0,0
0.352183216293298,-0.05718450706044151,0.1103607346607837,0.16918739569711475,0.17038800687916072,0,-0.2567701989743082,-0.4323050568631192,-0.04795952179808796,0,0.1865008295003771,0,1,0,0,1,0,0,0,0,0,0,0,0,0
0.13907760085697046,0.7278156625378867,-0.399129147348916,-0.3389701334617158,-0.3375361952340378,0,-2.014031576767947,-0.4323050568631192,-0.5955998732702694,1,0.4515700935562317,0,0,1,0,0,0,0,0,0,1,0,0,0,0
1.8518311996234071,0.44764471649356646,-0.4212808813493377,-0.3610639390773171,-0.3596198561954812,1,-1.0837167297007264,0.3837643986320681,0.49968082967409344,0,0.4515700935562317,0,1,0,0,0,0,1,0,0,0,1,0,0,0
-2.882544668724586,-1.3850135255105265,-0.5098878173510246,-0.4494391615397224,-0.38170351715692463,0,0.05333475004809862,0.057336616433993196,-0.1848696096661333,1,0.1865008295003771,0,0,0,0,0,0,0,0,0,1,0,0,0,1
-0.788601151510007,-3.0796939406551167,0.5533954146692183,-0.29478252223051316,-0.38170351715692463,1,1.3971228624785281,-0.10587727466504428,-0.04795952179808796,1,0.4515700935562317,0,1,0,0,0,0,0,0,1,0,0,0,0,1
1.487285513735261,0.5729770110906252,-0.3548256793480726,-0.29478252223051316,-0.29336887331115097,0,0.8802812807745168,-0.4323050568631192,0.49968082967409344,1,0.1865008295003771,0,0,0,0,0,0,1,0,0,0,0,0,1,0
-1.0342822219151326,-0.6026756099029885,-0.5098878173510246,-0.4494391615397224,-0.44795450004125487,0,0.6735446480929123,-0.4323050568631192,-0.3217796975341787,0,0.4515700935562317,1,0,0,0,0,0,1,0,0,0,1,0,0,0
1.0618070796976398,0.13991963002581667,-0.4434326153497595,-0.38315774469291847,-0.38170351715692463,1,-1.4971899950639356,-0.10587727466504428,-0.3217796975341787,1,0.1865008295003771,0,1,0,0,0,0,0,0,0,1,0,0,0,0
0.3127781034668581,-0.28755998981992276,-0.3548256793480726,-0.29478252223051316,-0.29336887331115097,0,0.9836495971153191,-0.4323050568631192,-0.5955998732702694,1,0.1865008295003771,0,1,0,0,0,0,0,0,0,1,0,0,0,0
-0.47966562864988843,2.1465192286618957,-0.4212808813493377,-0.3610639390773171,-0.3596198561954812,0,-0.4635068316559128,-0.4323050568631192,0.0889505660699574,0,0.1865008295003771,0,0,1,0,0,0,0,0,0,1,0,0,0,0
0.28723329256975333,-0.07428799672992686,-0.3769774133484943,-0.3610639390773171,-0.29336887331115097,1,-0.15340188263350593,1.363047745226293,2.4164220598267283,1,0.4515700935562317,0,0,0,1,0,0,1,0,0,0,0,0,0,1
-0.8193515275689409,-0.2988549562887852,-0.5098878173510246,-0.4494391615397224,-0.44795450004125487,1,0.57017633175211,0.7101921808301431,-0.3217796975341787,0,0.1865008295003771,1,0,0,0,0,0,1,0,0,0,1,0,0,0
0.6603311985957968,-0.02705065207326678,-0.08900487134301184,-0.029656854843297203,-0.028364941773829987,1,-0.9803484133599242,-0.4323050568631192,1.458051444750411,0,0.1865008295003771,0,1,0,0,0,0,0,0,0,1,0,0,0,0
-0.706404030488581,-0.35860672335046495,-0.4877360833506029,-0.4273453559241211,-0.42587083907981144,0,-0.8769800970191218,-0.4323050568631192,1.458051444750411,1,0.1865008295003771,1,0,0,0,0,0,0,0,0,1,0,0,0,0
0.4274262422586043,-0.30217372421439886,0.8413679566747008,0.8982829810119586,0.8991488186067933,1,-0.8769800970191218,-0.4323050568631192,0.36277074180604807,0,0.4515700935562317,0,1,0,0,0,0,0,0,0,1,0,0,0,0
0.4552725219893029,-0.2586811311070881,-0.5098878173510246,-0.4494391615397224,-0.44795450004125487,1,-1.2904533623823309,-0.4323050568631192,0.49968082967409344,0,0.4515700935562317,0,1,0,0,0,0,0,0,0,1,0,0,0,0
-0.30639374305670763,-0.6795650483108375,0.4647884786675313,0.522688285546736,0.5237265822622553,1,0.36343969907050544,-0.4323050568631192,-0.7325099611383147,0,0.1865008295003771,0,1,0,0,0,0,1,0,0,0,0,0,0,0
-1.0548973177831866,0.1501129886540765,-0.4877360833506029,-0.4273453559241211,-0.42587083907981144,0,0.36343969907050544,1.689475527424368,-0.86942004900636,1,-4.054607395393297,1,0,0,0,0,0,1,0,0,0,0,0,0,0
-0.31514582601079133,0.17779262870462306,0.22111940466289232,0.2796564237751214,0.2808063116863778,1,0.9836495971153191,-0.4323050568631192,0.9104110932782294,0,0.4515700935562317,1,0,0,0,0,0,1,0,0,0,1,0,0,0
0.11225447142429003,0.1726053107707105,-0.4434326153497595,-0.38315774469291847,-0.38170351715692463,0,0.9836495971153191,-0.4323050568631192,-0.04795952179808796,1,0.1865008295003771,0,0,1,0,0,0,1,0,0,0,0,0,0,0
0.21458815034094664,-1.422289318705531,-0.46558434935018117,-0.38315774469291847,-0.3375361952340378,0,-1.0837167297007264,-0.4323050568631192,-0.3217796975341787,1,-0.07856843455547749,0,1,0,0,1,0,0,0,0,0,0,0,0,1
0.22741418536499622,-0.20576212153901566,-0.04470140334216839,0.014530756387905453,0.01580238014905684,1,0.6735446480929123,0.5469782897311056,-0.3217796975341787,1,0.1865008295003771,0,1,0,0,0,0,1,0,0,0,0,0,0,0
-0.6963522701290341,-0.3273852049255024,-0.3326739453476508,-0.2726887166149118,-0.27128521234970754,1,-0.050033566292703655,-0.4323050568631192,1.868781708354547,0,0.1865008295003771,1,0,0,0,0,0,1,0,0,0,1,0,0,0
-0.8557563212784332,0.6391571479575444,-0.5098878173510246,-0.4494391615397224,-0.44795450004125487,1,-0.2567701989743082,-0.4323050568631192,0.36277074180604807,1,-0.07856843455547749,1,0,0,0,0,0,1,0,0,0,0,0,1,0
-1.1972534727519089,-0.757388761722935,-0.24406700934596393,-0.1843134941525065,-0.18295056850393387,0,0.8802812807745168,-0.4323050568631192,1.5949615326184563,1,0.1865008295003771,1,0,0,0,0,0,1,0,0,0,1,0,0,0
-0.492537965506534,0.5981466585926897,-0.46558434935018117,-0.4052515503085198,-0.403787178118368,1,-0.566875147996715,-0.4323050568631192,0.36277074180604807,1,0.4515700935562317,1,0,0,0,0,0,1,0,0,0,0,0,0,0
-0.9755510411307525,1.8007121262714898,-0.4877360833506029,-0.3389701334617158,-0.44795450004125487,1,1.6038594951601328,-0.4323050568631192,-0.04795952179808796,1,0.4515700935562317,0,0,0,1,0,0,0,0,1,0,0,0,0,1
-2.0647881409248963,1.8350430977741385,-0.3326739453476508,-0.31687632784611447,-0.31545253427259434,0,-0.4635068316559128,-0.10587727466504428,-0.3217796975341787,0,0.4515700935562317,0,0,1,0,0,0,0,0,0,1,0,0,0,0
-0.5794642617660596,-0.2837113345786264,-0.19976354134512048,-0.14012588292130385,-0.13878324658104704,0,0.57017633175211,-0.4323050568631192,0.6365909175421388,1,0.1865008295003771,1,0,0,0,0,0,0,0,0,1,0,0,0,0
-0.061694905582455314,-0.4529406099715616,-0.4212808813493377,-0.3610639390773171,-0.3596198561954812,0,-0.8769800970191218,-0.4323050568631192,0.36277074180604807,1,0.4515700935562317,0,1,0,0,0,0,1,0,0,0,0,0,0,0
-0.11495402649733416,1.5492386128983011,-0.24406700934596393,-0.1843134941525065,-0.18295056850393387,1,-1.0837167297007264,-0.4323050568631192,-0.04795952179808796,0,0.4515700935562317,0,0,1,0,0,0,0,0,0,1,0,0,0,0
-0.5868337091824268,-0.26460750240247277,0.06605726665994024,0.12499978446591209,0.12622068495627392,1,-0.3601385153151105,0.22055050753303065,0.9104110932782294,1,0.4515700935562317,1,0,0,0,0,0,0,0,0,1,0,0,0,0
-0.30967058928129687,-0.7178842678872487,7.575495092802906,7.614799888154762,7.6125817508855915,0,-2.117399893108749,-0.4323050568631192,-1.5539704883465868,1,0.4515700935562317,0,1,0,0,0,0,1,0,0,0,0,0,0,0
-0.5931938326561188,-0.42360158595810915,0.4647884786675313,0.522688285546736,0.5237265822622553,0,0.26007138272970315,0.057336616433993196,-0.3217796975341787,1,-3.7895381313374417,1,0,0,0,0,0,1,0,0,0,0,0,0,0
1.6580133499389846,0.7724377522922223,-0.4877360833506029,-0.4273453559241211,-0.42587083907981144,0,-0.3601385153151105,-0.4323050568631192,-0.04795952179808796,1,0.4515700935562317,0,0,0,0,0,0,0,1,0,0,0,0,0,0
-0.5977565299307303,-0.2852173301077949,-0.2662187433463857,-0.20640729976810782,-0.2050342294653773,1,-0.050033566292703655,-0.4323050568631192,0.9104110932782294,1,0.4515700935562317,1,0,0,0,0,0,0,0,0,1,0,0,0,0
-1.124526843465276,-0.1954850964924797,-0.5098878173510246,-0.4494391615397224,-0.44795450004125487,0,0.8802812807745168,-0.4323050568631192,0.0889505660699574,0,-0.07856843455547749,1,0,0,0,0,0,0,1,0,0,1,0,0,0
0.7014646058444068,0.09296882496256423,-0.06685313734259012,-0.007563049227695875,-0.006281280812386572,1,1.1903862297969237,-0.4323050568631192,-0.3217796975341787,1,0.1865008295003771,0,1,0,0,0,0,0,0,0,1,0,0,0,0
-0.7664518918939568,0.9919923782860756,-0.2219152753455422,-0.16221968853690516,-0.16086690754249047,1,-1.4971899950639356,0.057336616433993196,-0.1848696096661333,0,0.1865008295003771,1,0,0,0,0,0,0,0,0,1,0,0,0,0
0.42593299587785094,-0.26311545127631736,5.692597702767059,5.736826410828649,5.735470569162901,0,-1.1870850460415288,-0.4323050568631192,-0.04795952179808796,1,0.4515700935562317,0,1,0,0,0,0,0,0,0,1,0,0,0,0
-0.5868337091824268,-0.26460750240247277,0.06605726665994024,0.12499978446591209,0.12622068495627392,1,-1.3938216787231332,-0.4323050568631192,-0.7325099611383147,1,0.4515700935562317,1,0,0,0,1,0,0,0,0,0,0,0,0,0
0.27911092812221133,0.3973054214894373,-0.04470140334216839,0.014530756387905453,0.01580238014905684,0,-1.4971899950639356,-0.2690911657640817,-0.5955998732702694,0,0.4515700935562317,0,0,1,0,0,0,1,0,0,0,0,0,0,0
-0.33683937759843097,-0.7474603467525165,-0.19976354134512048,-0.14012588292130385,-0.13878324658104704,1,0.57017633175211,0.057336616433993196,-1.280150312610496,0,0.4515700935562317,0,1,0,0,0,1,0,0,0,0,0,0,0,0
-2.852848315945989,-1.0340692603944714,0.48694021266795307,-0.4052515503085198,-0.403787178118368,1,0.8802812807745168,1.5262616363253305,0.49968082967409344,1,0.1865008295003771,0,0,0,0,0,0,1,0,0,0,0,0,0,1
0.5645698612499345,0.09941113917081684,-0.3548256793480726,-0.29478252223051316,-0.29336887331115097,1,-0.7736117806783196,0.057336616433993196,-0.86942004900636,1,0.1865008295003771,0,1,0,0,0,0,1,0,0,0,0,0,0,0
-0.027737376774824282,-0.7070634111218188,-0.5098878173510246,-0.4494391615397224,-0.44795450004125487,1,-0.7736117806783196,-0.4323050568631192,-1.280150312610496,1,0.4515700935562317,0,1,0,0,1,0,0,0,0,0,0,0,0,0
1.0195813903741995,-0.0928264012516203,-0.2883704773468074,-0.22850110538370916,-0.2271178904268207,0,-0.3601385153151105,-0.4323050568631192,0.22586065393800275,0,-0.07856843455547749,0,1,0,0,0,0,1,0,0,0,0,0,0,0
0.22788428144782963,-0.31376152314732686,-0.3326739453476508,-0.2726887166149118,-0.27128521234970754,1,0.8802812807745168,-0.4323050568631192,-0.458689785402224,0,0.4515700935562317,0,1,0,0,0,0,0,0,0,0,0,0,1,0
1.163237222748385,0.7586746264835205,-0.3326739453476508,-0.31687632784611447,-0.31545253427259434,0,-1.2904533623823309,1.036619963028218,-0.86942004900636,1,0.4515700935562317,0,0,0,0,0,0,0,0,0,1,0,0,0,0
1.5754561819787805,0.5924433977459093,-0.3326739453476508,-0.2726887166149118,-0.27128521234970754,1,0.26007138272970315,2.995186656216667,-0.5955998732702694,0,-0.07856843455547749,0,0,0,0,0,0,0,0,0,1,0,0,0,0
-0.7689682885726301,0.9303023392008337,-0.4877360833506029,-0.4273453559241211,-0.42587083907981144,0,1.1903862297969237,-0.4323050568631192,-0.7325099611383147,1,0.4515700935562317,1,0,0,0,0,0,0,0,0,1,0,0,0,0
-1.3176395490254482,-0.8323259837038125,-0.5098878173510246,-0.4494391615397224,-0.44795450004125487,0,-0.4635068316559128,0.057336616433993196,0.36277074180604807,1,0.4515700935562317,1,0,0,0,1,0,0,0,0,0,0,0,0,0
1.5854802896275435,0.5973518276189674,-0.3548256793480726,-0.29478252223051316,-0.29336887331115097,1,0.57017633175211,0.8734060719291806,-0.1848696096661333,0,0.4515700935562317,0,0,0,0,0,0,0,0,0,1,0,0,0,0
0.23902832388230513,-0.6387218917827332,-0.11115660534343356,-0.05175066045889853,-0.0504486027352734,1,-0.566875147996715,-0.4323050568631192,2.0056917962225924,0,0.1865008295003771,0,1,0,0,0,0,1,0,0,0,1,0,0,0
-1.0746828323287088,1.140779158810439,-0.399129147348916,-0.3389701334617158,-0.3375361952340378,1,0.26007138272970315,-0.4323050568631192,-0.3217796975341787,0,-0.07856843455547749,1,0,0,0,0,0,1,0,0,0,0,0,0,0
1.6813798905272268,0.7438935592524922,-0.5098878173510246,-0.4494391615397224,-0.44795450004125487,0,-1.1870850460415288,-0.4323050568631192,0.49968082967409344,0,0.4515700935562317,0,0,0,0,1,0,0,0,0,0,1,0,0,0
-1.3715899877091362,-0.3386104493792999,-0.5098878173510246,-0.4494391615397224,-0.44795450004125487,0,0.8802812807745168,1.5262616363253305,0.49968082967409344,0,0.1865008295003771,1,0,0,0,0,0,0,0,0,0,0,0,0,0
-0.5426446773953015,-0.7905067189624206,-0.2219152753455422,-0.16221968853690516,-0.16086690754249047,1,-0.050033566292703655,-0.4323050568631192,-0.458689785402224,1,0.1865008295003771,0,1,0,0,0,0,0,0,0,1,0,0,0,0
0.18363994423923496,-0.3824655969659393,-0.2883704773468074,-0.22850110538370916,-0.2271178904268207,1,0.1567030663889009,-0.4323050568631192,-0.1848696096661333,1,-0.07856843455547749,0,1,0,0,0,0,1,0,0,0,0,0,0,0
-0.46759522040518714,0.4638620572385001,-0.4877360833506029,-0.4273453559241211,-0.42587083907981144,0,-0.050033566292703655,-0.4323050568631192,0.49968082967409344,0,0.4515700935562317,1,0,0,0,0,0,0,1,0,0,1,0,0,0
0.12142134503963953,-0.2695995986938071,-0.4877360833506029,-0.4273453559241211,-0.42587083907981144,1,-0.4635068316559128,-0.4323050568631192,-0.7325099611383147,1,0.1865008295003771,0,1,0,0,0,0,0,0,0,1,0,0,0,0
0.5677775756975151,0.16305339468283186,-0.5098878173510246,-0.4494391615397224,-0.44795450004125487,0,-0.050033566292703655,-0.4323050568631192,1.1842312690143202,0,0.1865008295003771,0,1,0,0,0,0,1,0,0,0,1,0,0,0
0.3127781034668581,-0.28755998981992276,-0.3548256793480726,-0.29478252223051316,-0.29336887331115097,0,-0.4635068316559128,0.5469782897311056,0.7735010054101842,1,0.4515700935562317,0,1,0,0,0,0,0,0,0,1,0,0,0,0
-0.9181684894533187,-0.004139997865252123,-0.3548256793480726,-0.29478252223051316,-0.29336887331115097,0,1.0870179134561213,-0.4323050568631192,-0.7325099611383147,0,-0.07856843455547749,1,0,0,0,0,0,1,0,0,0,0,0,0,0
-1.3033178765779103,-3.8859645749518394,-0.3548256793480726,-0.31687632784611447,-0.31545253427259434,1,1.3971228624785281,-0.10587727466504428,1.0473211811462748,1,-3.7895381313374417,1,0,0,0,0,0,0,0,0,1,0,0,0,1
-1.0548973177831866,0.1501129886540765,-0.4877360833506029,-0.4273453559241211,-0.42587083907981144,0,1.0870179134561213,-0.4323050568631192,-0.458689785402224,1,0.1865008295003771,1,0,0,0,0,0,0,0,0,1,0,0,0,0
0.053492461069034686,0.030609454530915254,-0.19976354134512048,-0.14012588292130385,-0.13878324658104704,1,-0.6702434643375174,-0.4323050568631192,-0.3217796975341787,1,0.1865008295003771,1,0,0,0,1,0,0,0,0,0,0,0,0,0
1.2163166010433166,0.8640943135280866,-0.4877360833506029,-0.4273453559241211,-0.42587083907981144,0,0.57017633175211,-0.4323050568631192,-0.04795952179808796,0,0.1865008295003771,0,0,0,0,0,0,0,0,0,1,0,0,0,0
-0.32978793635583176,-0.1232949219120977,-0.46558434935018117,-0.4052515503085198,-0.403787178118368,0,0.57017633175211,-0.4323050568631192,0.7735010054101842,1,0.4515700935562317,1,0,0,0,1,0,0,0,0,0,0,0,0,0
0.5472316116062733,0.002636982016303165,-0.4877360833506029,-0.4273453559241211,-0.42587083907981144,1,0.46680801541130773,-0.4323050568631192,-0.7325099611383147,1,0.1865008295003771,0,1,0,0,0,0,0,0,0,1,0,0,0,0
-0.8795791315941659,-0.0013092840462823013,-0.46558434935018117,-0.4052515503085198,-0.403787178118368,1,-0.2567701989743082,-0.4323050568631192,-0.458689785402224,0,0.4515700935562317,1,0,0,0,1,0,0,0,0,0,0,0,0,0
0.254016093111701,0.6472588461285048,-0.5098878173510246,-0.4494391615397224,-0.44795450004125487,1,-0.6702434643375174,-0.4323050568631192,-0.3217796975341787,1,0.1865008295003771,0,0,1,0,0,0,1,0,0,0,0,0,1,0
-1.5607012343766844,-3.0275981147253237,0.02175379865909679,-0.3610639390773171,-0.42587083907981144,1,-0.2567701989743082,-0.10587727466504428,0.0889505660699574,1,0.4515700935562317,1,0,0,0,0,0,0,0,1,0,0,0,0,1
0.2546106263929141,-0.18848500616232017,2.4141410707046433,2.4669431797196526,2.4670887468692757,0,-1.2904533623823309,-0.4323050568631192,0.49968082967409344,1,0.4515700935562317,0,1,0,0,0,0,0,0,0,1,0,0,0,0
-1.5490097799156628,-0.3973163862122308,0.22111940466289232,0.2796564237751214,0.2808063116863778,1,0.8802812807745168,-0.10587727466504428,-0.3217796975341787,1,0.4515700935562317,1,0,0,0,0,0,1,0,0,0,1,0,0,0
1.9085330830272833,0.8485323597261508,-0.3769774133484943,-0.31687632784611447,-0.31545253427259434,0,0.57017633175211,-0.4323050568631192,-0.458689785402224,0,0.4515700935562317,0,0,0,0,0,0,1,0,0,0,0,0,0,0
0.01140503529941514,-0.5089831658222731,-0.2219152753455422,-0.16221968853690516,-0.16086690754249047,1,-1.7039266277455398,-0.4323050568631192,1.3211413568823656,1,0.4515700935562317,0,1,0,0,0,0,0,1,0,0,1,0,0,0
0.3296462570275875,-0.2163877566618673,1.5059199766873526,1.5610971494799983,1.5616586474500957,0,-1.2904533623823309,-0.4323050568631192,-0.3217796975341787,1,0.4515700935562317,0,1,0,0,1,0,0,0,0,0,0,0,0,0
1.822311930892008,0.6003638186773043,-0.399129147348916,-0.3389701334617158,-0.3375361952340378,1,0.9836495971153191,-0.4323050568631192,0.36277074180604807,1,0.1865008295003771,0,1,0,0,0,0,0,0,0,1,0,0,0,0
0.1290396668527663,-0.42222109005625585,0.5090919466683748,0.5668758967779387,0.5678939041851422,0,-0.2567701989743082,-0.4323050568631192,-0.458689785402224,0,0.1865008295003771,0,1,0,0,0,0,0,0,0,1,0,0,0,0
1.8294878093329867,0.5971984391854281,-0.4877360833506029,-0.4273453559241211,-0.42587083907981144,0,-0.9803484133599242,4.627325567207042,4.059343114243273,1,-0.07856843455547749,0,1,0,0,0,1,0,0,0,0,0,0,0,0
0.3873159853079143,-0.14454619215740463,-0.4877360833506029,-0.4273453559241211,-0.42587083907981144,0,-1.1870850460415288,-0.4323050568631192,-0.458689785402224,1,0.4515700935562317,0,1,0,0,0,0,1,0,0,0,0,0,0,0
0.270925725738557,-0.37711094619547453,-0.2883704773468074,-0.22850110538370916,-0.2271178904268207,0,1.3971228624785281,-0.4323050568631192,-0.5955998732702694,1,-3.7895381313374417,0,1,0,0,0,0,1,0,0,0,0,0,0,0
-0.3335487050184989,2.318216663394274,-0.3548256793480726,-0.29478252223051316,-0.29336887331115097,1,0.8802812807745168,-0.4323050568631192,-0.86942004900636,1,-0.07856843455547749,0,0,1,0,0,0,0,0,0,1,0,0,0,0
-0.8691817123501653,0.011826343625051314,-0.4434326153497595,-0.38315774469291847,-0.38170351715692463,0,-0.3601385153151105,0.7101921808301431,0.49968082967409344,0,-0.07856843455547749,1,0,0,0,0,0,1,0,0,0,1,0,0,0
1.1648272536168325,0.39637114648518873,-0.4434326153497595,-0.38315774469291847,-0.38170351715692463,1,-1.2904533623823309,0.22055050753303065,-0.86942004900636,1,0.1865008295003771,0,0,0,0,0,0,0,0,0,0,0,0,0,1
0.2556337766908341,-0.1909949987110003,0.6420023506709052,0.6994387304715466,0.7003958699538027,0,0.1567030663889009,-0.4323050568631192,-0.1848696096661333,1,-0.07856843455547749,0,1,0,0,0,0,1,0,0,0,0,0,0,0
0.46889148203632514,0.4215686827932793,-0.4877360833506029,-0.4273453559241211,-0.42587083907981144,0,-1.6005583114047377,-0.4323050568631192,-1.1432402247424507,0,0.4515700935562317,0,0,1,0,0,0,0,0,0,1,0,0,0,0
0.5472316116062733,0.08626156709627207,-0.46558434935018117,-0.4052515503085198,-0.403787178118368,0,-1.0837167297007264,-0.4323050568631192,0.36277074180604807,0,0.4515700935562317,0,1,0,0,0,0,0,0,0,1,0,0,0,0
0.23778991858710416,-2.9877235865640244,0.3983332766662661,-0.3389701334617158,-0.31545253427259434,0,0.8802812807745168,1.363047745226293,-0.7325099611383147,1,-4.054607395393297,0,1,0,0,0,0,0,0,0,1,0,0,0,1
-0.6795162428948727,-2.1796833861416203,0.3761815426658444,-0.31687632784611447,-0.44795450004125487,0,0.46680801541130773,-0.2690911657640817,0.0889505660699574,1,0.1865008295003771,0,0,0,0,0,0,0,0,1,0,0,0,0,1
-0.9932179464433349,-0.6069007640266265,-0.5098878173510246,-0.4494391615397224,-0.44795450004125487,1,0.57017633175211,-0.4323050568631192,-0.04795952179808796,0,-0.07856843455547749,1,0,0,0,0,0,1,0,0,0,0,1,0,0
0.1817180808417748,-0.5022340747469419,-0.4434326153497595,-0.38315774469291847,-0.38170351715692463,1,-1.3938216787231332,-0.4323050568631192,-0.1848696096661333,0,0.1865008295003771,0,1,0,0,0,0,1,0,0,0,0,0,0,0
-0.887778160333163,0.7307021539689085,-0.3769774133484943,-0.31687632784611447,-0.31545253427259434,0,0.7769129644337146,-0.4323050568631192,-1.1432402247424507,0,-0.07856843455547749,1,0,0,0,0,0,1,0,0,0,0,0,1,0
-0.9570482007753577,0.35370127315782446,-0.3326739453476508,-0.31687632784611447,-0.31545253427259434,0,-0.3601385153151105,0.7101921808301431,0.49968082967409344,0,-0.07856843455547749,1,0,0,0,0,0,1,0,0,0,1,0,0,0
1.4270855624208199,0.20036861723973137,-0.06685313734259012,-0.007563049227695875,-0.006281280812386572,1,0.6735446480929123,-0.4323050568631192,-1.1432402247424507,1,-0.07856843455547749,0,1,0,0,0,0,0,0,0,1,0,0,0,0
-0.7820756734706924,0.7630252802346718,-0.4877360833506029,-0.4273453559241211,-0.42587083907981144,0,0.57017633175211,-0.4323050568631192,-0.7325099611383147,1,-0.07856843455547749,1,0,0,0,0,0,1,0,0,0,0,0,0,0
1.3071972349408976,0.6966080885161352,-0.5098878173510246,-0.4494391615397224,-0.44795450004125487,1,1.293754546137726,-0.4323050568631192,1.3211413568823656,1,-0.07856843455547749,0,0,0,0,0,0,0,0,0,1,0,0,0,0
0.14195348277553843,-0.21147932678880912,2.6578101447092823,2.7099750414912673,2.710009017445153,0,-0.050033566292703655,-0.4323050568631192,-0.7325099611383147,1,0.4515700935562317,0,1,0,0,0,0,0,0,0,1,0,0,0,0
0.7041469187876847,0.004951752922206904,-0.3548256793480726,-0.29478252223051316,-0.29336887331115097,1,-0.15340188263350593,-0.4323050568631192,-1.280150312610496,0,0.1865008295003771,0,1,0,0,0,0,0,0,0,1,0,0,0,0
-0.9974902902550603,0.3953671494658752,-0.3326739453476508,-0.1843134941525065,-0.18295056850393387,1,-0.4635068316559128,-0.4323050568631192,-0.7325099611383147,1,0.1865008295003771,1,0,0,0,0,1,0,0,0,0,0,0,0,0
1.7842064954711294,0.9739762095479079,0.04390553265951851,0.10290597885031076,0.10413702399483049,0,1.0870179134561213,-0.4323050568631192,-0.86942004900636,0,0.4515700935562317,0,0,0,0,0,0,0,0,0,1,0,0,0,0
-1.7307848740660694,-2.2115250559923334,-0.4434326153497595,-0.38315774469291847,-0.38170351715692463,0,-0.2567701989743082,-0.4323050568631192,-0.1848696096661333,0,0.4515700935562317,0,0,0,1,0,0,1,0,0,0,0,0,0,0
1.1448758228068039,0.3005312643349236,0.3983332766662661,0.456406868699932,0.4574755993779251,0,0.1567030663889009,-0.2690911657640817,0.0889505660699574,1,0.1865008295003771,0,1,0,0,0,1,0,0,0,0,0,0,0,0
1.0429341046070988,0.6700579451122173,0.6641540846713269,0.721532536087148,0.722479530915246,1,-1.1870850460415288,-0.4323050568631192,-1.0063301368744053,1,0.1865008295003771,0,0,0,0,0,0,0,0,0,1,0,0,0,0
-1.629907785230509,-0.20040747076855087,-0.4434326153497595,-0.38315774469291847,-0.38170351715692463,1,-0.2567701989743082,0.7101921808301431,2.279511971958683,0,0.4515700935562317,1,0,0,0,0,0,1,0,0,0,1,0,0,0
0.3540497742692888,-0.5744521381335481,-0.00039793534132493693,0.058718367619108106,0.059969702071943666,0,0.46680801541130773,-0.4323050568631192,-0.458689785402224,1,0.4515700935562317,0,1,0,0,0,0,0,0,0,1,0,0,0,0
-0.7723695719955991,0.906220355136557,-0.46558434935018117,-0.4052515503085198,-0.403787178118368,1,0.9836495971153191,-0.4323050568631192,0.49968082967409344,0,0.1865008295003771,1,0,0,0,0,0,0,0,0,1,0,0,0,0
-0.5055485659170003,0.21817561993230777,-0.4877360833506029,-0.4273453559241211,-0.42587083907981144,1,-0.3601385153151105,-0.4323050568631192,0.6365909175421388,1,-4.054607395393297,1,0,0,0,0,0,1,0,0,0,1,0,0,0
1.487285513735261,0.5729770110906252,-0.1333083393438553,-0.07384446607449986,-0.07253226369671681,0,0.6735446480929123,-0.4323050568631192,-0.3217796975341787,1,-4.054607395393297,0,0,0,0,0,0,1,0,0,0,0,0,0,0
0.9909391980018608,-3.2078176299815837,-0.11115660534343356,-0.4494391615397224,-0.38170351715692463,1,0.36343969907050544,0.057336616433993196,-0.1848696096661333,1,0.1865008295003771,0,0,0,1,0,0,1,0,0,0,0,0,0,1
0.4053732054312665,-0.13969353989679478,-0.4212808813493377,-0.3610639390773171,-0.3596198561954812,0,-1.4971899950639356,-0.10587727466504428,-0.3217796975341787,0,0.1865008295003771,0,1,0,0,0,1,0,0,0,0,0,0,0,0
-0.3767145865077043,-0.6560129515624417,1.6166786466894612,1.6715661775580049,1.672076952257313,0,-2.6342414748127605,-0.4323050568631192,-0.1848696096661333,0,-3.7895381313374417,0,1,0,0,0,0,1,0,0,0,1,0,0,0
-0.641281896659732,0.3928292681109709,-0.5098878173510246,-0.4494391615397224,-0.44795450004125487,1,-0.566875147996715,0.5469782897311056,1.7318716204865017,0,-0.07856843455547749,1,0,0,0,0,0,1,0,0,0,1,0,0,0
0.6979527115784991,-0.23271665263130123,-0.11115660534343356,-0.05175066045889853,-0.0504486027352734,1,-1.1870850460415288,-0.4323050568631192,-0.1848696096661333,0,0.1865008295003771,0,1,0,0,0,0,0,0,0,1,0,0,0,0
-0.035770489249315106,-0.6933839517315913,-0.5098878173510246,-0.4494391615397224,-0.44795450004125487,1,0.7769129644337146,-0.4323050568631192,-0.5955998732702694,1,0.1865008295003771,0,1,0,0,1,0,0,0,0,0,0,0,0,0
0.6549389199984573,0.06710195730806648,0.24327113866331404,0.3017502293907227,0.30288997264782125,0,-0.9803484133599242,-0.4323050568631192,0.49968082967409344,0,0.1865008295003771,0,1,0,0,0,0,0,0,0,1,0,0,0,0
-0.2052677798243877,-0.43545432854907673,-0.399129147348916,-0.3389701334617158,-0.3375361952340378,1,-1.0837167297007264,0.057336616433993196,-1.280150312610496,0,0.1865008295003771,0,1,0,0,0,0,0,1,0,0,1,0,0,0
-0.5795472198983127,-0.28170334053960305,-0.19976354134512048,-0.14012588292130385,-0.13878324658104704,0,0.7769129644337146,0.3837643986320681,0.22586065393800275,1,0.4515700935562317,1,0,0,0,0,0,0,0,0,1,0,0,0,0
0.3920445988471303,-0.228951663808281,0.44263674466710956,0.5005944799311347,0.5016429213008119,0,-0.2567701989743082,-0.4323050568631192,-0.04795952179808796,1,0.1865008295003771,0,1,0,0,0,0,0,0,0,1,0,0,0,0
1.163237222748385,0.7586746264835205,-0.5098878173510246,-0.4494391615397224,-0.44795450004125487,1,-1.2904533623823309,-0.4323050568631192,-0.1848696096661333,1,0.1865008295003771,0,0,0,0,0,0,0,0,0,1,0,0,0,0
-0.684765784322509,1.1948416094283514,-0.5098878173510246,-0.4494391615397224,-0.44795450004125487,1,-0.8769800970191218,-0.4323050568631192,1.458051444750411,1,0.1865008295003771,1,0,0,0,0,0,1,0,0,0,1,0,0,0
1.0151846093640944,1.0265326646364534,-0.4877360833506029,-0.4273453559241211,-0.42587083907981144,0,0.26007138272970315,0.7101921808301431,0.7735010054101842,1,0.1865008295003771,0,0,0,0,0,1,0,0,0,0,0,0,0,0
-0.7009287937590866,-0.4021411496668147,-0.4877360833506029,-0.4273453559241211,-0.42587083907981144,0,-1.3938216787231332,-0.4323050568631192,0.9104110932782294,1,0.1865008295003771,1,0,0,0,0,0,1,0,0,0,0,0,1,0
-0.3440152560394099,0.16751560365828527,-0.4877360833506029,-0.4273453559241211,-0.42587083907981144,0,-0.566875147996715,-0.4323050568631192,0.49968082967409344,1,0.4515700935562317,1,0,0,0,0,0,1,0,0,0,1,0,0,0
0.32963243067224474,-0.1765207083470505,-0.399129147348916,-0.3389701334617158,-0.3375361952340378,1,-0.566875147996715,0.7101921808301431,-0.5955998732702694,0,0.4515700935562317,0,1,0,0,0,0,0,0,0,1,0,0,0,0
-2.2637962817805835,2.710693778034819,-0.3105222113472291,-0.2726887166149118,-0.44795450004125487,0,0.6735446480929123,0.057336616433993196,-1.4170604004785414,1,0.1865008295003771,0,0,0,1,1,0,0,0,0,0,0,0,0,1
0.26654277108389285,0.34831873358113546,-0.4877360833506029,-0.4273453559241211,-0.42587083907981144,0,-0.8769800970191218,-0.4323050568631192,-0.3217796975341787,0,0.1865008295003771,0,0,1,0,0,0,1,0,0,0,1,0,0,0
-0.14064339478905769,-0.3446483758991849,-0.3548256793480726,-0.29478252223051316,-0.29336887331115097,1,-0.050033566292703655,-0.4323050568631192,0.0889505660699574,1,0.1865008295003771,0,1,0,0,0,0,0,0,0,1,0,0,0,0
0.38040684364241467,-0.5238044887492693,0.33187807466500097,-0.2726887166149118,-0.3596198561954812,0,0.36343969907050544,-0.4323050568631192,0.0889505660699574,1,0.1865008295003771,0,1,0,0,0,0,0,0,1,0,0,0,0,1
-0.6360693606823398,0.7011400195066536,-0.4877360833506029,-0.4273453559241211,-0.42587083907981144,0,-0.15340188263350593,-0.4323050568631192,-0.3217796975341787,0,0.4515700935562317,1,0,0,0,0,0,1,0,0,0,1,0,0,0
-0.14173567686388802,-0.45326133124165313,-0.4434326153497595,-0.38315774469291847,-0.38170351715692463,0,0.26007138272970315,1.8526894185234053,2.690242235562819,1,0.1865008295003771,0,1,0,0,0,0,1,0,0,0,0,0,0,0
-0.8524939607658897,-1.914500725183981,0.3761815426658444,-0.3610639390773171,-0.3596198561954812,0,1.3971228624785281,-0.4323050568631192,-1.280150312610496,1,0.1865008295003771,0,0,1,0,1,0,0,0,0,0,0,0,0,1
-1.342900300300465,-2.454631778734582,-0.3326739453476508,-0.31687632784611447,-0.31545253427259434,0,-0.6702434643375174,-0.2690911657640817,1.7318716204865017,0,-3.7895381313374417,0,0,0,1,0,0,1,0,0,0,1,0,0,0
1.487285513735261,0.5729770110906252,-0.3326739453476508,-0.2726887166149118,-0.27128521234970754,0,1.5004911788193305,3.648042220612817,-0.04795952179808796,1,0.1865008295003771,0,0,0,0,0,0,0,0,0,1,0,0,0,0
0.2398440788495922,-0.31199058396031704,-0.5098878173510246,-0.4494391615397224,-0.44795450004125487,0,1.293754546137726,-0.4323050568631192,-1.0063301368744053,0,0.1865008295003771,0,1,0,0,0,0,1,0,0,0,0,0,0,0
2.1231595975550497,0.8531479571351435,-0.4434326153497595,-0.38315774469291847,-0.38170351715692463,0,2.017332760523342,-0.4323050568631192,-1.0063301368744053,0,0.1865008295003771,0,0,0,0,0,1,0,0,0,0,1,0,0,0
-0.8986595020153397,-0.3284868127663032,-0.3548256793480726,-0.29478252223051316,-0.29336887331115097,0,-0.4635068316559128,0.5469782897311056,0.9104110932782294,0,0.4515700935562317,1,0,0,0,1,0,0,0,0,0,0,0,0,0
0.2593254135766891,0.23603840023713432,-0.5098878173510246,-0.4494391615397224,-0.44795450004125487,1,-0.9803484133599242,4.300897785008967,5.565354080791772,1,-0.07856843455547749,0,0,1,0,1,0,0,0,0,0,0,0,1,0
0.32865075944045136,-0.44801823569549043,-0.3548256793480726,-0.29478252223051316,-0.29336887331115097,1,0.46680801541130773,-0.2690911657640817,0.0889505660699574,0,0.1865008295003771,0,1,0,0,1,0,0,0,0,0,0,0,0,0
-1.3519427367174348,0.16757138127033724,-0.46558434935018117,-0.4052515503085198,-0.403787178118368,1,-1.7039266277455398,-0.4323050568631192,0.0889505660699574,0,-0.07856843455547749,1,0,0,0,1,0,0,0,0,0,0,0,0,0
2.0405194714626904,0.7103712143246389,-0.4212808813493377,-0.3610639390773171,-0.3596198561954812,1,-0.15340188263350593,-0.4323050568631192,-0.5955998732702694,0,0.4515700935562317,0,0,0,0,0,0,0,1,0,0,1,0,0,0
0.05375516182123519,1.3913321927804525,-0.4434326153497595,-0.38315774469291847,-0.38170351715692463,0,-0.3601385153151105,-0.4323050568631192,-0.5955998732702694,1,0.4515700935562317,0,0,1,0,0,0,0,0,0,1,0,0,0,0
1.8029241726646805,1.6058029439076127,0.4647884786675313,-0.31687632784611447,-0.27128521234970754,0,0.26007138272970315,-0.4323050568631192,1.0473211811462748,1,-0.07856843455547749,0,1,0,0,1,0,0,0,0,0,0,0,0,1
-0.09808587293650649,-0.6022712222146209,-0.3548256793480726,-0.29478252223051316,-0.29336887331115097,1,-1.7039266277455398,-0.4323050568631192,-0.04795952179808796,1,0.4515700935562317,0,1,0,0,0,0,1,0,0,0,0,0,0,0
-1.4244204916073082,-0.9794812690714944,-0.5098878173510246,-0.4494391615397224,-0.44795450004125487,1,0.9836495971153191,-0.4323050568631192,0.0889505660699574,0,0.1865008295003771,1,0,0,0,0,0,0,1,0,0,0,0,0,0
2.1771367776319273,1.8168874547865497,0.42048501066668786,-0.3610639390773171,-0.44795450004125487,1,-0.7736117806783196,-0.10587727466504428,0.6365909175421388,1,0.4515700935562317,0,0,0,0,0,0,1,0,0,0,0,0,0,1
1.187350386527102,0.7966452359838142,-0.2662187433463857,-0.20640729976810782,-0.2050342294653773,1,0.26007138272970315,2.995186656216667,-0.5955998732702694,0,-0.07856843455547749,0,0,0,0,0,0,0,0,0,1,0,0,0,0
-1.8604622611534363,-0.08068082619678538,-0.2662187433463857,-0.20640729976810782,-0.2050342294653773,1,1.1903862297969237,0.7101921808301431,0.7735010054101842,0,0.4515700935562317,1,0,0,0,0,0,0,0,0,0,1,0,0,0
0.25499776434349436,-0.18944716997279287,2.4141410707046433,2.4669431797196526,2.4670887468692757,0,1.1903862297969237,-0.2690911657640817,-1.0063301368744053,1,0.1865008295003771,0,1,0,0,0,0,1,0,0,0,1,0,0,0
-0.15975141792101538,-0.5076445031296569,0.08820900066036197,0.14709359008151343,0.14830434591771732,0,-1.1870850460415288,-0.4323050568631192,-0.1848696096661333,1,0.4515700935562317,0,1,0,0,0,0,0,0,0,1,0,0,0,0
0.6363839510815862,-0.020217894579659515,-0.399129147348916,-0.3389701334617158,-0.3375361952340378,0,-1.9106632604271445,-0.4323050568631192,0.49968082967409344,0,0.1865008295003771,0,1,0,0,1,0,0,0,0,0,0,0,0,0
0.456970199940426,2.5789660607237974,-0.399129147348916,-0.29478252223051316,-0.403787178118368,1,-2.427504842131156,-0.2690911657640817,-1.5539704883465868,1,0.4515700935562317,0,0,1,0,0,0,1,0,0,0,0,0,0,1
0.3240604094550561,-0.4639706327825827,0.13251246866120542,0.1912812013127161,0.19247166784060415,1,-1.6005583114047377,-0.4323050568631192,-1.280150312610496,0,0.4515700935562317,0,1,0,0,0,0,0,0,0,1,0,0,0,0
0.22741418536499622,-0.20576212153901566,-0.04470140334216839,0.014530756387905453,0.01580238014905684,1,-0.4635068316559128,-0.4323050568631192,-1.1432402247424507,1,-0.07856843455547749,0,1,0,0,0,0,1,0,0,0,0,0,0,0
-0.6158552291201107,-0.306496489159326,-0.4212808813493377,-0.3610639390773171,-0.3596198561954812,1,-0.050033566292703655,-0.4323050568631192,-0.3217796975341787,1,0.4515700935562317,1,0,0,0,0,0,0,1,0,0,1,0,0,0
-0.8016814453962673,0.1321107643187237,-0.04470140334216839,0.014530756387905453,0.01580238014905684,1,1.5004911788193305,-0.10587727466504428,-0.04795952179808796,0,0.4515700935562317,1,0,0,0,0,0,1,0,0,0,0,0,0,0
0.2754192912363563,0.36685084523217104,-0.399129147348916,-0.3389701334617158,-0.3375361952340378,0,1.1903862297969237,-0.4323050568631192,0.6365909175421388,1,-0.07856843455547749,0,0,1,0,0,1,0,0,0,0,1,0,0,0
1.5754561819787805,0.5924433977459093,-0.4212808813493377,-0.3610639390773171,-0.3596198561954812,0,-1.2904533623823309,-0.4323050568631192,0.49968082967409344,1,0.4515700935562317,0,0,0,0,1,0,0,0,0,0,0,0,0,0
-0.9936189107493562,0.39497670618052055,-0.3548256793480726,-0.29478252223051316,-0.29336887331115097,0,1.3971228624785281,-0.4323050568631192,0.49968082967409344,1,0.4515700935562317,1,0,0,0,0,0,1,0,0,0,1,0,0,0
1.1773401052336816,0.41435942641752854,-0.4877360833506029,-0.4273453559241211,-0.42587083907981144,0,-0.3601385153151105,0.22055050753303065,0.7735010054101842,0,0.4515700935562317,0,0,0,0,0,0,0,0,0,1,0,0,0,0
1.822311930892008,0.6003638186773043,-0.399129147348916,-0.3389701334617158,-0.3375361952340378,1,0.8802812807745168,-0.4323050568631192,0.49968082967409344,1,-0.07856843455547749,0,1,0,0,0,0,0,0,0,1,0,0,0,0
-1.3949817450566744,-0.9733397139097469,0.1989676706624706,-0.38315774469291847,-0.38170351715692463,0,-0.7736117806783196,-0.4323050568631192,-0.7325099611383147,1,-0.07856843455547749,1,0,0,0,0,0,0,0,1,0,0,0,0,1
0.2289292282058829,-1.5253180255085532,-0.3769774133484943,-0.3389701334617158,-0.31545253427259434,0,-1.0837167297007264,0.3837643986320681,0.0889505660699574,1,-0.07856843455547749,0,1,0,0,1,0,0,0,0,0,0,0,0,1
-1.2772251122564313,0.7300049338164752,-0.5098878173510246,-0.4494391615397224,-0.44795450004125487,1,-0.9803484133599242,-0.4323050568631192,-0.7325099611383147,0,0.4515700935562317,1,0,0,0,0,0,0,1,0,0,1,0,0,0
-0.027737376774824282,-0.7070634111218188,-0.4434326153497595,-0.38315774469291847,-0.38170351715692463,1,-0.4635068316559128,2.995186656216667,-0.1848696096661333,1,0.4515700935562317,0,1,0,0,0,0,0,0,0,1,0,0,0,0
-1.9602467442284397,1.435041740954191,0.44263674466710956,-0.2726887166149118,-0.27128521234970754,0,0.1567030663889009,0.5469782897311056,-1.1432402247424507,1,0.1865008295003771,0,1,0,0,1,0,0,0,0,0,0,0,0,1
0.08305320886656058,-0.5345014234004551,-0.399129147348916,-0.3389701334617158,-0.3375361952340378,0,0.05333475004809862,-0.2690911657640817,1.7318716204865017,0,0.1865008295003771,0,1,0,0,0,0,0,0,0,1,0,0,0,0
