latitude,longitude,permit_count,unique_job_types,unique_work_types,residential_any,temperature,rainfall,wind_speed,is_repeat_site,day_incident_pct,borough_Brooklyn,borough_Manhattan,borough_Queens,borough_Staten Island,check2 description_Material Failure (Fell),check2 description_Mechanical Construction Equipment,check2 description_Other Construction Related,check2 description_Scaffold/Shoring Installations,check2 description_Struck By,check2 description_Worker Fell,record type description_Incident,record type description_Not DOB Jurisdiction,record type description_Notification,fatality
-1.7112895404898356,2.9152769856184393,-0.5082797606410615,-0.44712197967883244,-0.4455607238659225,1,-0.994083496122613,-0.43295155283668607,0.6240358772646386,1,0.4520374529744287,0,0,1,0,0,0,1,0,0,0,0,0,0,0
0.22713344869375696,-0.24786519529211223,-0.0848488211569095,-0.02454847009977366,-0.023193085808244366,1,0.5597625579996509,0.7348382463128814,0.07442054775312656,0,0.4520374529744287,0,1,0,0,0,0,0,0,0,1,0,0,0,0
-0.36421688687350595,-0.7436040521158653,-0.5082797606410615,-0.44712197967883244,-0.4455607238659225,0,-1.0976732330640973,-0.43295155283668607,-0.06298328462475146,0,0.4520374529744287,0,1,0,0,0,0,0,0,0,1,0,1,0,0
0.3680532635694459,-0.5702785229671972,0.004294534523964612,0.06441437402213344,0.06572641694074051,0,0.7669420318826194,0.40118401798443365,0.6240358772646386,1,0.4520374529744287,0,1,0,0,0,0,1,0,0,0,0,0,0,0
0.7314998186948483,-0.22205430926475142,-0.17399217683778362,-0.11351131422168077,-0.11211258855722923,1,0.7669420318826194,-0.43295155283668607,-0.7500024465141415,1,0.19036296699517177,0,1,0,0,0,0,1,0,0,0,1,0,0,0
-1.929963918871907,-2.0720474562553037,0.004294534523964612,-0.4248812686483556,-0.3344113454296914,0,0.04181387329222959,0.5680111321486576,-1.1622139436477756,1,0.19036296699517177,0,0,0,1,0,0,1,0,0,0,0,0,0,1
0.43821674443257286,-0.21396578457119173,2.7454527217108438,2.800021830770777,2.8000011264720253,0,0.04181387329222959,-0.43295155283668607,0.6240358772646386,0,-3.7347543226936826,0,1,0,0,1,0,0,0,0,0,0,0,0,0
-2.129306159921912,-0.3164157901136713,-0.06256298223669098,-0.002307759069296884,-0.000963210120998147,1,-0.7869040222396445,-0.43295155283668607,0.3492282125088826,0,-0.07131151898408516,1,0,0,0,0,0,1,0,0,0,0,0,0,0
0.33102062265792653,-0.11622132351462837,0.47229715184855375,0.5314693056621458,0.532553806372911,1,-0.37254507447370744,-0.43295155283668607,0.6240358772646386,1,-0.07131151898408516,0,1,0,0,0,0,0,0,0,1,0,0,0,0
0.172025680367976,-0.385996592899619,0.40543963508789815,0.46474717257071546,0.46586417931117247,0,0.2489933471751981,-0.0992973245082382,-0.7500024465141415,1,-0.07131151898408516,0,1,0,0,0,0,0,0,0,1,0,0,0,0
-0.5350551048681794,-0.2568029454698862,-0.39685056603996893,-0.33591842452644854,-0.3344113454296914,1,-1.40844244388855,-0.43295155283668607,0.8988435420203946,0,0.19036296699517177,1,0,0,0,0,0,0,0,0,1,0,0,0,0
-0.4660221811735945,-0.012685423090707417,-0.5082797606410615,-0.44712197967883244,-0.4455607238659225,0,-0.579724548356676,5.239170328746928,0.21182438013100457,0,0.19036296699517177,1,0,0,0,0,0,0,0,0,0,1,0,0,0
0.23217959410462136,0.2602500788337155,-0.48599392172084305,-0.4248812686483556,-0.4233308481786763,0,0.14540361023371384,-0.26612443867246216,-0.06298328462475146,1,0.19036296699517177,0,0,1,0,0,0,0,0,0,1,0,0,0,0
0.16413935475310107,-0.3741352795796398,3.2803128557960886,3.3337988955022198,3.3335181429659344,0,0.2489933471751981,1.2353195888055533,-1.1622139436477756,0,0.19036296699517177,0,1,0,0,0,0,0,0,0,1,0,0,0,0
0.4330878753264612,-0.1470857972594359,0.09343789020483872,0.15337721814404057,0.15464591968972538,1,0.6633522949411351,-0.43295155283668607,-0.33779094938050747,0,0.4520374529744287,0,1,0,0,0,0,0,0,0,1,0,0,0,0
0.042921566631894954,-0.24385573726846566,0.11572372912505725,0.17561792917451732,0.1768757953769716,1,-1.9263911285959714,-0.43295155283668607,-0.20038711700262946,1,0.19036296699517177,0,1,0,0,0,1,0,0,0,0,0,0,0,0
-0.4877785130270433,-0.31448066974801564,-0.24084969359843922,-0.1802334473131111,-0.1788022156189679,0,0.5597625579996509,-0.26612443867246216,-1.0248101112698975,1,-0.07131151898408516,1,0,0,0,0,0,1,0,0,0,0,0,0,0
0.0030487455165609813,-0.41416025117003685,-0.4637080828006245,-0.40264055761787887,-0.40110097249143006,1,0.6633522949411351,-0.43295155283668607,-0.4751947817583855,0,0.4520374529744287,0,1,0,0,0,0,1,0,0,0,1,0,0,0
-2.6033226680132495,2.1169661805540425,0.2271529237261499,-0.291437002465495,-0.4455607238659225,1,1.0777112427070723,-0.43295155283668607,0.07442054775312656,1,-0.07131151898408516,0,0,0,1,0,0,1,0,0,0,0,0,0,1
2.1866559585900025,-2.471789158467707,0.5614405075294279,-0.3136777134959718,-0.4455607238659225,1,-0.579724548356676,0.23435690382020968,-0.20038711700262946,1,0.4520374529744287,0,0,1,0,0,0,0,0,1,0,0,0,0,1
1.6019599020698407,0.7804215704891082,-0.32999304927931333,-0.2691962914350182,-0.2677217183679528,1,1.5956599274144936,2.236282273790897,-1.1622139436477756,0,-0.07131151898408516,0,0,0,0,0,0,0,0,0,1,0,0,0,0
0.08964666717131763,-0.5169722216732606,-0.35227888819953185,-0.291437002465495,-0.289951594055199,0,-1.719211654713003,-0.26612443867246216,-1.9866369379150437,0,-0.07131151898408516,0,1,0,0,0,0,1,0,0,0,0,0,0,0
-0.5549128148808447,-0.34062437852157856,0.29401044048680547,-0.291437002465495,-0.3121814697424452,0,-0.16536560059073893,-0.0992973245082382,-0.4751947817583855,1,-0.07131151898408516,0,0,1,0,1,0,0,0,0,0,0,0,0,1
-2.7632240369229493,2.721197595718523,-0.4637080828006245,-0.33591842452644854,-0.35664122111693763,1,-0.579724548356676,0.06752978965598574,1.0362473743982727,1,-0.07131151898408516,0,0,0,0,1,0,0,0,0,0,0,0,0,1
-0.4877785130270433,-0.31448066974801564,-0.32999304927931333,-0.2691962914350182,-0.2677217183679528,0,0.6633522949411351,-0.43295155283668607,0.4866320448867606,1,0.4520374529744287,1,0,0,0,0,0,1,0,0,0,0,0,0,0
-0.5261071584975991,-0.7859817959495172,-0.21856385467822068,-0.15799273628263433,-0.15657233993172168,1,0.2489933471751981,0.5680111321486576,0.8988435420203946,1,0.19036296699517177,0,1,0,0,0,0,0,0,0,1,0,0,0,0
-0.04752300685254338,0.1058998666512503,-0.48599392172084305,-0.4248812686483556,-0.4233308481786763,0,0.974121505765588,-0.43295155283668607,0.3492282125088826,0,0.19036296699517177,1,0,0,0,0,0,0,0,0,1,0,0,0,0
1.1755468275687997,0.017469042462418892,-0.3077072103590948,-0.24695558040454144,-0.24549184268070656,1,-0.994083496122613,0.5680111321486576,0.21182438013100457,1,0.19036296699517177,0,1,0,0,0,0,0,0,0,1,0,0,0,0
-1.213102777674182,0.6826036132088332,-0.21856385467822068,-0.3581591355569253,-0.40110097249143006,0,1.802839401297462,1.2353195888055533,0.3492282125088826,1,0.19036296699517177,0,0,0,0,0,0,0,0,0,1,0,0,0,1
-0.6987928723531205,0.007654223342003146,-0.44142224388040596,-0.3803998465874021,-0.37887109680418385,0,0.7669420318826194,-0.43295155283668607,0.3492282125088826,0,-3.9964288086729396,1,0,0,0,0,0,0,0,0,1,0,0,0,0
0.4498118490515542,-0.01766940216188761,-0.39685056603996893,-0.33591842452644854,-0.3344113454296914,0,1.1813009796485565,-0.43295155283668607,0.7614397096425166,1,0.19036296699517177,0,1,0,0,0,0,1,0,0,0,0,0,1,0
-0.15860714230439707,-0.4734946612289537,-0.4637080828006245,-0.40264055761787887,-0.40110097249143006,0,0.7669420318826194,-0.43295155283668607,0.3492282125088826,0,0.19036296699517177,0,1,0,0,0,0,0,0,0,0,1,0,0,0
-2.0797133046134615,-0.18378347555963795,0.40543963508789815,0.46474717257071546,0.46586417931117247,1,1.1813009796485565,-0.43295155283668607,0.4866320448867606,1,0.19036296699517177,1,0,0,0,0,0,0,0,0,1,0,0,0,0
1.15664446320187,0.3032821439419958,0.40543963508789815,0.46474717257071546,0.46586417931117247,0,0.974121505765588,-0.26612443867246216,0.3492282125088826,1,0.19036296699517177,0,1,0,0,0,1,0,0,0,0,0,0,0,0
-0.7566856717526819,-0.4136729906463689,-0.48599392172084305,-0.4248812686483556,-0.4233308481786763,0,-0.579724548356676,0.06752978965598574,0.21182438013100457,1,0.4520374529744287,1,0,0,0,0,0,0,0,0,0,1,0,0,0
0.5071669444319106,-0.507352306762233,-0.5082797606410615,-0.44712197967883244,-0.4455607238659225,0,1.388480453531525,-0.0992973245082382,-0.6125986141362635,0,-3.7347543226936826,0,1,0,0,0,0,1,0,0,0,0,0,1,0
1.15664446320187,0.3032821439419958,0.40543963508789815,0.46474717257071546,0.46586417931117247,0,1.0777112427070723,-0.0992973245082382,0.4866320448867606,1,-3.7347543226936826,0,1,0,0,0,0,0,0,0,1,0,0,0,0
1.4980865153881797,0.5752848900067241,-0.32999304927931333,-0.3136777134959718,-0.3121814697424452,0,0.8705317688241037,-0.43295155283668607,0.8988435420203946,1,-0.07131151898408516,0,0,0,0,0,1,0,0,0,0,0,0,0,0
0.3946075697479195,-0.17544435973943961,2.3443076211469105,2.399689032222195,2.399863364101593,0,-1.304852706947066,-0.43295155283668607,-0.20038711700262946,0,0.19036296699517177,0,1,0,0,0,0,0,0,0,1,0,0,0,0
1.0956495252300478,-0.05268255122267695,-0.35227888819953185,-0.291437002465495,-0.289951594055199,0,-1.719211654713003,-0.43295155283668607,-1.5744254407814096,1,0.4520374529744287,0,1,0,0,0,1,0,0,0,0,1,0,0,0
1.2343082257686528,0.42060055632233784,0.40543963508789815,0.46474717257071546,0.46586417931117247,1,-1.0976732330640973,-0.43295155283668607,0.07442054775312656,1,0.4520374529744287,0,0,0,0,0,1,0,0,0,0,0,0,0,0
-0.8496585643535561,0.2962553246775981,-0.41913640496018745,-0.3803998465874021,-0.289951594055199,1,-0.26895533753222317,-0.0992973245082382,0.07442054775312656,1,0.19036296699517177,0,0,1,0,0,0,1,0,0,0,0,0,0,1
-0.37797659485171753,0.14869526236230354,-0.48599392172084305,-0.4248812686483556,-0.4233308481786763,1,0.7669420318826194,-0.43295155283668607,-0.06298328462475146,0,-0.07131151898408516,1,0,0,0,0,0,0,0,0,0,1,0,0,0
0.6804041495892434,0.8058148046390676,-0.17399217683778362,-0.11351131422168077,-0.11211258855722923,0,-0.37254507447370744,-0.43295155283668607,0.3492282125088826,1,0.4520374529744287,0,0,1,0,0,0,1,0,0,0,0,0,0,0
-0.3485958957518399,0.11135718451688464,-0.48599392172084305,-0.4248812686483556,-0.4233308481786763,0,-1.2012629700055815,-0.43295155283668607,-0.7500024465141415,1,0.19036296699517177,1,0,0,0,0,0,0,0,0,0,0,0,0,0
-1.3296575596896134,-0.7103450409401617,-0.39685056603996893,-0.33591842452644854,-0.3344113454296914,1,-0.37254507447370744,-0.43295155283668607,0.4866320448867606,1,-0.07131151898408516,1,0,0,0,0,0,0,0,0,1,0,0,0,0
-0.3418814891532286,-0.6791742891520585,2.0991633930245066,2.1550412108869503,2.155334731541885,0,0.04181387329222959,-0.43295155283668607,-0.20038711700262946,1,0.19036296699517177,0,1,0,0,0,0,0,0,0,1,0,0,0,0
1.8653107859305251,1.395177290661632,-0.44142224388040596,-0.3803998465874021,-0.37887109680418385,0,1.1813009796485565,-0.43295155283668607,-0.7500024465141415,0,0.4520374529744287,0,0,0,0,0,0,0,1,0,0,1,0,0,0
-1.6563861626821093,2.4178198557064943,0.2271529237261499,-0.3803998465874021,-0.35664122111693763,1,0.5597625579996509,-0.0992973245082382,0.21182438013100457,1,-0.07131151898408516,0,0,0,1,1,0,0,0,0,0,0,0,0,1
0.5779784275746047,0.10248904298537721,-0.5082797606410615,-0.44712197967883244,-0.4455607238659225,1,-1.304852706947066,-0.43295155283668607,-0.8874062788920195,1,-0.07131151898408516,0,1,0,0,1,0,0,0,0,0,0,0,0,0
0.47978540130076885,-0.3645710515856649,-0.5082797606410615,-0.44712197967883244,-0.4455607238659225,1,2.2171983490633993,-0.43295155283668607,-0.4751947817583855,0,-0.07131151898408516,0,1,0,0,0,1,0,0,0,0,0,0,0,0
1.15664446320187,0.3032821439419958,0.40543963508789815,0.46474717257071546,0.46586417931117247,0,-0.4761348114151917,-0.43295155283668607,-0.06298328462475146,1,0.19036296699517177,0,1,0,0,1,0,0,0,0,0,1,0,0,0
0.563033013297621,0.013570958272680072,0.29401044048680547,0.35354361741833157,0.35471480087494134,1,0.8705317688241037,-0.43295155283668607,-0.7500024465141415,1,0.19036296699517177,0,1,0,0,0,0,0,0,0,1,0,0,0,0
0.34371870988033476,-0.2127963593142701,1.5197315810988248,1.5767827240945542,1.5773579636734834,0,-0.4761348114151917,-0.43295155283668607,0.4866320448867606,1,0.4520374529744287,0,1,0,0,0,0,1,0,0,0,0,0,0,0
0.9362413596677822,0.862096105304236,0.47229715184855375,-0.4248812686483556,-0.3121814697424452,0,0.14540361023371384,-0.43295155283668607,-1.0248101112698975,1,0.19036296699517177,0,0,0,0,0,0,0,0,0,1,0,0,0,1
0.35760250340151517,-0.2023411406482418,2.544880171428877,2.599855431496486,2.5999322452868094,1,1.2848907165900407,0.9016653604771054,-0.4751947817583855,1,0.4520374529744287,0,1,0,0,0,0,0,0,0,1,0,0,0,0
-0.8158469011462626,0.7327396478117666,-0.5082797606410615,-0.44712197967883244,-0.4455607238659225,1,-1.304852706947066,-0.43295155283668607,0.07442054775312656,1,0.19036296699517177,1,0,0,0,0,0,0,0,0,1,0,0,0,0
0.29389147076865135,0.28574076508836893,-0.3077072103590948,-0.24695558040454144,-0.24549184268070656,1,1.4920701904730094,-0.43295155283668607,-0.33779094938050747,1,0.4520374529744287,0,0,1,0,0,0,0,0,0,1,0,0,0,0
1.2866033884556363,1.6213497040389964,-0.44142224388040596,-0.3803998465874021,-0.37887109680418385,0,0.8705317688241037,-0.26612443867246216,0.21182438013100457,1,0.4520374529744287,0,0,0,0,0,0,1,0,0,0,0,0,0,0
0.15378510556302405,-0.411264531486457,1.9654483595031953,2.02159694470409,2.0219554774184076,0,-1.40844244388855,-0.43295155283668607,-0.6125986141362635,0,0.19036296699517177,0,1,0,0,0,0,1,0,0,0,0,0,0,0
1.031221553904976,1.4366501220940169,-0.44142224388040596,-0.3803998465874021,-0.37887109680418385,0,-1.40844244388855,-0.26612443867246216,-1.2996177760256535,0,-0.07131151898408516,0,0,0,0,0,0,0,1,0,0,1,0,0,0
0.5540850669269428,-0.40256345070591004,-0.32999304927931333,-0.2691962914350182,-0.2677217183679528,0,1.1813009796485565,0.23435690382020968,-0.06298328462475146,1,0.4520374529744287,0,1,0,0,0,0,0,0,0,0,0,0,0,0
2.0185012822697797,1.191766904606104,-0.0848488211569095,-0.02454847009977366,-0.023193085808244366,1,-0.37254507447370744,-0.43295155283668607,-0.20038711700262946,0,-0.07131151898408516,0,0,0,0,0,0,0,0,0,1,0,0,0,0
0.7747940146023549,-3.1464093181613086,0.18258124588571284,-0.3803998465874021,-0.35664122111693763,0,0.8705317688241037,-0.43295155283668607,2.272881865799175,1,0.19036296699517177,0,0,0,0,0,0,0,0,1,0,0,0,0,1
0.41087656314905474,-0.16312362935422003,1.5197315810988248,1.5767827240945542,1.5773579636734834,0,0.6633522949411351,0.5680111321486576,-0.7500024465141415,0,0.4520374529744287,0,1,0,0,0,0,1,0,0,0,0,0,0,0
0.36961122649683054,-0.22279216091486012,3.8151729898813334,3.8675759602336623,3.867035159459844,0,-0.7869040222396445,-0.43295155283668607,0.21182438013100457,0,0.19036296699517177,0,1,0,0,0,0,0,0,0,1,0,0,0,0
-0.8605866329994579,2.280599270890804,-0.28542137143887625,-0.22471486937406465,-0.22326196699346032,1,-1.304852706947066,-0.43295155283668607,0.3492282125088826,0,0.4520374529744287,0,0,1,0,0,0,0,0,0,1,0,0,0,0
1.500430353420511,0.510186884039075,-0.39685056603996893,-0.33591842452644854,-0.3344113454296914,1,0.45617282105816664,-0.43295155283668607,0.7614397096425166,0,0.4520374529744287,0,0,0,0,1,0,0,0,0,0,0,0,0,0
-0.771231254835938,0.21383503351798955,-0.21856385467822068,-0.15799273628263433,-0.15657233993172168,0,-0.8904937591811287,0.5680111321486576,0.07442054775312656,0,0.4520374529744287,1,0,0,0,0,1,0,0,0,0,1,0,0,0
1.5446599558196166,0.47642669061048976,-0.48599392172084305,-0.4248812686483556,-0.4233308481786763,0,-0.6833142852981603,0.40118401798443365,0.8988435420203946,1,0.19036296699517177,0,0,0,0,0,1,0,0,0,0,0,0,0,0
-0.12889842388834574,1.9208188853615373,0.04886621236440167,-0.3136777134959718,-0.35664122111693763,0,0.45617282105816664,-0.26612443867246216,2.685093362932809,1,0.4520374529744287,0,0,1,0,1,0,0,0,0,0,0,0,0,1
0.232606999863464,-0.4785343272169888,-0.017991304396253918,0.04217366299165667,0.04349654125349429,0,-1.304852706947066,-0.43295155283668607,1.1736512067761506,1,0.4520374529744287,0,1,0,0,0,0,0,0,0,1,0,0,0,0
-0.3152306719969013,2.2128979015534593,-0.32999304927931333,-0.3136777134959718,-0.3121814697424452,0,-1.2012629700055815,-0.43295155283668607,-0.20038711700262946,0,0.4520374529744287,0,0,1,0,0,0,0,0,0,1,0,0,0,0
0.13092579110614833,-0.4866228519105485,-0.04027714331647245,0.019932951961179893,0.021266665566248073,0,-1.304852706947066,0.23435690382020968,-0.8874062788920195,0,0.19036296699517177,0,1,0,0,0,0,0,0,0,1,0,0,0,0
1.264088756062258,0.5989518297298275,-0.39685056603996893,-0.33591842452644854,-0.3344113454296914,1,0.3525830841166824,0.23435690382020968,0.7614397096425166,0,0.4520374529744287,0,0,0,0,0,0,0,0,0,1,0,0,0,0
1.1890170026137439,0.4169252198008102,-0.41913640496018745,-0.3581591355569253,-0.35664122111693763,0,1.1813009796485565,-0.43295155283668607,-1.2996177760256535,1,0.4520374529744287,0,0,0,0,0,0,0,0,0,1,0,0,0,0
0.872185249767304,0.24252771749991434,-0.41913640496018745,-0.3581591355569253,-0.35664122111693763,0,-0.6833142852981603,-0.43295155283668607,-1.0248101112698975,1,0.4520374529744287,0,1,0,0,0,1,0,0,0,0,1,0,0,0
0.4101458371742403,0.022661847472200847,0.09343789020483872,0.15337721814404057,0.15464591968972538,0,-0.7869040222396445,-0.43295155283668607,0.21182438013100457,0,-0.07131151898408516,0,1,0,0,1,0,0,0,0,0,0,0,0,0
-0.020665380458098005,-0.6890169517309017,-0.4637080828006245,-0.40264055761787887,-0.40110097249143006,0,0.8705317688241037,3.570899187104689,0.21182438013100457,1,0.19036296699517177,0,1,0,0,0,0,0,0,0,1,0,0,0,0
-0.1363406809968584,-0.2892684180784283,-0.1517063379175651,-0.09127060319120399,-0.08988271286998302,1,1.4920701904730094,-0.43295155283668607,-0.6125986141362635,0,0.19036296699517177,0,1,0,0,0,0,0,0,0,1,0,0,0,0
-2.3143728535013612,-1.9614073181622849,-0.4637080828006245,-0.40264055761787887,-0.40110097249143006,1,-1.6156219177715185,-0.26612443867246216,-1.9866369379150437,0,-0.07131151898408516,0,0,0,1,1,0,0,0,0,0,1,0,0,0
1.5435983350638132,0.475118048061035,-0.48599392172084305,-0.4248812686483556,-0.4233308481786763,0,0.14540361023371384,0.5680111321486576,0.21182438013100457,1,0.19036296699517177,0,0,0,0,0,0,1,0,0,0,0,0,0,0
-0.1252419185494584,-0.3408484249455087,-0.44142224388040596,-0.3803998465874021,-0.37887109680418385,0,0.5597625579996509,-0.43295155283668607,0.6240358772646386,1,0.4520374529744287,0,1,0,0,0,0,0,0,0,1,0,0,0,0
-0.9084147161424055,0.2690764551775817,-0.48599392172084305,-0.4248812686483556,-0.4233308481786763,0,0.6633522949411351,-0.43295155283668607,-0.33779094938050747,0,0.4520374529744287,1,0,0,0,0,0,0,0,0,1,0,0,0,0
-0.7283390188435905,-0.39785790621959816,-0.44142224388040596,-0.3803998465874021,-0.37887109680418385,0,-0.4761348114151917,-0.43295155283668607,0.8988435420203946,1,-3.7347543226936826,1,0,0,0,0,0,1,0,0,0,0,0,0,0
0.31719197826697626,-0.556259341613549,1.6757324535403544,1.7324677013078917,1.7329670934842067,0,-2.444339813303393,-0.43295155283668607,-1.1622139436477756,0,0.19036296699517177,0,1,0,0,0,1,0,0,0,0,0,0,0,0
-1.6797442380306298,-0.6336780779666155,-0.5082797606410615,-0.44712197967883244,-0.4455607238659225,0,1.2848907165900407,-0.0992973245082382,0.3492282125088826,0,0.19036296699517177,1,0,0,0,0,1,0,0,0,0,1,0,0,0
-0.8046792022861239,0.18224662985228704,-0.21856385467822068,-0.15799273628263433,-0.15657233993172168,1,-0.06177586364925467,-0.43295155283668607,0.8988435420203946,1,0.4520374529744287,1,0,0,0,1,0,0,0,0,0,0,0,0,0
-1.280547259270138,-0.309315708196859,-0.41913640496018745,-0.3581591355569253,-0.35664122111693763,0,1.4920701904730094,-0.43295155283668607,2.135478033421297,0,0.19036296699517177,1,0,0,0,0,0,1,0,0,0,0,0,0,0
0.2896449877453401,0.3694938882497116,-0.39685056603996893,-0.33591842452644854,-0.3344113454296914,0,-0.8904937591811287,-0.43295155283668607,3.372112524822199,1,0.4520374529744287,0,0,1,0,0,0,1,0,0,0,0,0,0,0
0.20827244617445081,-0.16973645074736446,-0.12942049899734656,-0.06902989216072722,-0.0676528371827368,0,0.45617282105816664,-0.43295155283668607,0.4866320448867606,1,0.4520374529744287,0,1,0,0,0,0,0,0,0,1,0,0,0,0
-0.7127042404394159,-0.4225968190949292,-0.26313553251865773,-0.20247415834358787,-0.2010320913062141,1,0.974121505765588,-0.43295155283668607,0.8988435420203946,1,0.4520374529744287,1,0,0,0,0,0,0,0,0,1,0,0,0,0
0.4397333455123339,-0.2594480740272231,5.7317551370201265,5.780277108854666,5.7788044685630195,0,0.04181387329222959,1.9026280454624491,0.6240358772646386,1,-3.9964288086729396,0,1,0,0,1,0,0,0,0,0,1,0,0,0
0.2434024420948922,0.21254031269774856,-0.04027714331647245,0.019932951961179893,0.021266665566248073,1,-1.5120321808300343,1.2353195888055533,0.7614397096425166,1,-0.07131151898408516,0,0,1,0,0,0,0,0,0,1,0,0,0,0
0.2908444813266208,-0.4004473478598823,-0.28542137143887625,-0.22471486937406465,-0.22326196699346032,0,-1.304852706947066,-0.43295155283668607,-0.6125986141362635,0,0.19036296699517177,0,1,0,0,0,0,1,0,0,0,0,0,0,0
-0.36447884524175617,-0.6801766536578217,0.7174413799709576,0.7761171269973902,0.7770824389326194,0,0.974121505765588,-0.43295155283668607,-1.1622139436477756,1,0.19036296699517177,0,1,0,0,0,0,1,0,0,0,0,0,0,0
-1.8682715395284437,2.4667327909483596,-0.35227888819953185,-0.291437002465495,-0.289951594055199,1,-0.7869040222396445,0.06752978965598574,-0.4751947817583855,1,0.19036296699517177,0,0,1,0,0,0,0,0,0,1,0,0,0,0
0.15319225241368697,-0.08301799925617538,-0.32999304927931333,-0.3136777134959718,-0.3121814697424452,0,0.04181387329222959,-0.43295155283668607,-0.20038711700262946,1,-0.07131151898408516,0,0,1,0,0,0,1,0,0,0,0,0,0,0
-0.6572793646150568,-0.270599379155521,-0.37456472711975036,-0.3136777134959718,-0.3121814697424452,1,0.7669420318826194,-0.43295155283668607,-1.1622139436477756,0,-0.07131151898408516,1,0,0,0,0,0,0,0,0,1,0,0,0,0
0.4000949082001351,-0.1458885285440868,-0.10713466007712803,-0.04678918113025044,-0.045422961495490584,0,-0.26895533753222317,1.568973817134001,0.07442054775312656,1,0.19036296699517177,0,1,0,0,0,0,0,0,0,1,0,0,0,0
-0.7648615303009221,0.7650241379399366,-0.48599392172084305,-0.4248812686483556,-0.4233308481786763,0,0.974121505765588,0.06752978965598574,-0.6125986141362635,1,0.4520374529744287,1,0,0,0,0,0,1,0,0,0,0,0,0,0
0.5814666100580845,-0.2790081036219859,0.33858211832724255,0.3980250394792851,0.39917455224943377,1,-0.994083496122613,-0.43295155283668607,0.3492282125088826,1,-0.07131151898408516,0,1,0,0,0,0,1,0,0,0,0,0,0,0
0.1565563493542959,-0.20789591061857016,2.6785952049501884,2.7332996976793464,2.7333114994102865,0,0.04181387329222959,-0.43295155283668607,0.6240358772646386,1,-0.07131151898408516,0,1,0,0,0,0,0,0,0,1,0,0,0,0
0.27359659086483146,0.23889414616602792,-0.5082797606410615,-0.44712197967883244,-0.4455607238659225,1,-0.37254507447370744,-0.43295155283668607,0.07442054775312656,1,0.19036296699517177,0,0,1,0,0,0,1,0,0,0,0,0,0,0
0.34371870988033476,-0.2127963593142701,1.5197315810988248,1.5767827240945542,1.5773579636734834,0,-0.8904937591811287,-0.43295155283668607,-0.4751947817583855,1,0.4520374529744287,0,1,0,0,0,0,0,0,0,1,0,0,0,0
1.1274705733401105,0.42686533448434744,-0.5082797606410615,-0.44712197967883244,-0.4455607238659225,1,-1.2012629700055815,-0.43295155283668607,-0.33779094938050747,0,0.19036296699517177,0,0,0,0,0,0,1,0,0,0,0,0,0,0
0.10412331384193306,0.26657054391277785,-0.44142224388040596,-0.3803998465874021,-0.37887109680418385,0,0.8705317688241037,-0.43295155283668607,-1.0248101112698975,1,0.19036296699517177,0,0,1,0,0,0,1,0,0,0,0,0,0,0
1.2366308040349596,0.37841068678643247,0.5391546686092094,-0.44712197967883244,-0.37887109680418385,0,0.14540361023371384,1.568973817134001,-0.7500024465141415,1,0.4520374529744287,1,0,0,0,0,0,0,0,0,1,0,0,0,1
0.8242744429291092,-0.19407163347450784,0.8065847356518316,0.8650799711192974,0.8660019416816043,1,-1.2012629700055815,-0.43295155283668607,0.8988435420203946,0,0.4520374529744287,0,1,0,0,0,1,0,0,0,0,1,0,0,0
0.014657637418050836,-0.00802164379243241,-0.5082797606410615,-0.44712197967883244,-0.4455607238659225,0,0.974121505765588,-0.43295155283668607,-1.5744254407814096,1,0.19036296699517177,1,0,0,0,0,0,0,0,0,1,0,0,0,0
0.34080959326368354,-0.5196730371474525,-0.48599392172084305,-0.4248812686483556,-0.4233308481786763,0,-0.16536560059073893,0.40118401798443365,0.7614397096425166,0,0.4520374529744287,0,1,0,0,0,1,0,0,0,0,0,0,0,0
-0.15735249959288625,0.038031436562944956,-0.5082797606410615,-0.44712197967883244,-0.4455607238659225,1,0.8705317688241037,-0.43295155283668607,-1.0248101112698975,1,0.19036296699517177,1,0,0,0,0,0,1,0,0,0,1,0,0,0
0.2592440297371848,-0.1622883255992195,-0.04027714331647245,0.019932951961179893,0.021266665566248073,1,-0.06177586364925467,-0.43295155283668607,0.3492282125088826,1,0.4520374529744287,0,1,0,0,0,0,0,1,0,0,1,0,0,0
-0.2306934218817157,-0.9679023209074095,0.3831537961676796,-0.40264055761787887,-0.37887109680418385,0,1.388480453531525,0.06752978965598574,-0.33779094938050747,1,0.4520374529744287,0,1,0,0,0,0,0,0,0,1,0,0,0,1
0.4012254653686771,-0.14107161022386713,-0.10713466007712803,-0.04678918113025044,-0.045422961495490584,0,1.4920701904730094,-0.43295155283668607,-0.33779094938050747,1,0.4520374529744287,0,1,0,0,0,0,0,1,0,0,0,0,0,0
0.6804041495892434,0.8058148046390676,-0.17399217683778362,-0.11351131422168077,-0.11211258855722923,0,-1.40844244388855,-0.43295155283668607,0.4866320448867606,1,0.4520374529744287,0,0,1,0,0,0,1,0,0,0,0,0,1,0
1.8853437074659969,2.259911581226959,-0.17399217683778362,-0.11351131422168077,-0.11211258855722923,0,0.974121505765588,-0.43295155283668607,-0.20038711700262946,1,0.4520374529744287,0,0,0,0,0,0,1,0,0,0,0,0,0,0
1.1755468275687997,0.017469042462418892,-0.3077072103590948,-0.24695558040454144,-0.24549184268070656,1,1.1813009796485565,0.9016653604771054,0.07442054775312656,1,0.4520374529744287,0,1,0,0,0,0,1,0,0,0,0,0,0,0
-0.4877785130270433,-0.31448066974801564,0.11572372912505725,0.17561792917451732,0.1768757953769716,1,-1.2012629700055815,-0.43295155283668607,1.5858627039097848,1,0.4520374529744287,1,0,0,0,0,0,0,0,0,1,0,0,0,0
2.1216131654551758,1.998343911472541,-0.48599392172084305,-0.291437002465495,-0.40110097249143006,0,-0.6833142852981603,-0.26612443867246216,0.4866320448867606,1,0.19036296699517177,1,0,0,0,1,0,0,0,0,0,0,0,0,1
0.7704764664449713,-0.2319944239484865,-0.35227888819953185,-0.291437002465495,-0.289951594055199,1,0.04181387329222959,-0.0992973245082382,1.0362473743982727,1,-0.07131151898408516,0,1,0,0,0,0,0,0,0,1,0,0,0,0
-0.9674242854280003,-0.4795923786400027,-0.4637080828006245,-0.40264055761787887,-0.40110097249143006,0,-1.2012629700055815,-0.43295155283668607,-0.8874062788920195,0,0.19036296699517177,1,0,0,0,0,0,1,0,0,0,1,0,0,0
-0.5837242122463038,-0.2753884540173132,-0.24084969359843922,-0.1802334473131111,-0.1788022156189679,1,0.3525830841166824,-0.43295155283668607,-0.8874062788920195,1,0.19036296699517177,1,0,0,0,0,0,0,0,0,1,0,0,0,0
0.3816613114396716,-0.30228523492611536,5.241466680775319,5.290981466184176,5.289747203443602,0,0.2489933471751981,-0.43295155283668607,-1.5744254407814096,1,0.19036296699517177,0,1,0,0,0,0,1,0,0,0,0,0,0,0
-1.3554811398933706,-0.32559020968867236,-0.5082797606410615,-0.44712197967883244,-0.4455607238659225,0,-1.2012629700055815,-0.43295155283668607,-0.7500024465141415,0,0.19036296699517177,1,0,0,0,0,0,0,0,0,0,1,0,0,0
-0.36354131002882367,0.010020917314273917,-0.48599392172084305,-0.4248812686483556,-0.4233308481786763,0,-0.994083496122613,-0.43295155283668607,-0.06298328462475146,1,0.4520374529744287,1,0,0,0,0,0,1,0,0,0,0,0,0,0
1.7619888905505776,1.0239404585107112,-0.5082797606410615,-0.44712197967883244,-0.4455607238659225,1,-2.13357060247894,-0.43295155283668607,-1.4370216084035317,1,0.4520374529744287,0,0,0,0,0,0,1,0,0,0,1,0,0,0
0.6804041495892434,0.8058148046390676,-0.17399217683778362,-0.11351131422168077,-0.11211258855722923,0,1.2848907165900407,-0.43295155283668607,1.3110550391540288,1,-0.07131151898408516,0,0,1,0,0,0,0,0,0,1,0,0,0,0
-0.2221827232862503,-0.6355086243274127,0.4500113129283352,-0.3803998465874021,-0.3121814697424452,1,0.8705317688241037,-0.0992973245082382,0.8988435420203946,1,0.19036296699517177,0,0,0,1,0,0,0,0,0,1,0,0,0,1
-1.3572459120588731,-2.6633687503496657,-0.5082797606410615,-0.44712197967883244,-0.4455607238659225,0,-0.994083496122613,-0.43295155283668607,-0.06298328462475146,0,0.4520374529744287,0,0,0,1,0,0,1,0,0,0,1,0,0,0
-0.24432267787645134,-0.48886425031969777,-0.44142224388040596,-0.3803998465874021,-0.37887109680418385,1,-0.579724548356676,-0.43295155283668607,1.9980742010434187,1,0.19036296699517177,0,1,0,0,0,0,0,0,0,1,0,0,0,0
-2.1658424586617517,-0.5054032646673635,-0.26313553251865773,-0.20247415834358787,-0.2010320913062141,1,0.8705317688241037,-0.43295155283668607,-0.20038711700262946,0,0.19036296699517177,1,0,0,0,1,0,0,0,0,0,1,0,0,0
0.83614444727862,-1.9882066606452258,0.49458299076877227,-0.3581591355569253,-0.3344113454296914,0,0.5597625579996509,-0.0992973245082382,-1.9866369379150437,1,0.4520374529744287,0,0,0,1,0,0,1,0,0,0,0,0,0,1
-2.081642245346694,1.458168976794573,0.5168688296889908,-0.44712197967883244,-0.3344113454296914,1,1.4920701904730094,-0.0992973245082382,1.0362473743982727,1,0.4520374529744287,0,0,0,0,0,0,0,0,0,1,0,0,0,1
-1.8361747457675244,-0.11591504547113476,-0.32999304927931333,-0.3136777134959718,-0.3121814697424452,0,0.04181387329222959,-0.43295155283668607,-0.20038711700262946,0,0.4520374529744287,1,0,0,0,0,0,1,0,0,0,0,0,0,0
-0.6327793635355491,0.5043954446715195,0.13800956804527578,0.1978586402049941,0.1991056710642178,1,1.5956599274144936,3.404072072940465,-0.7500024465141415,0,-0.07131151898408516,1,0,0,0,0,0,0,0,0,1,0,0,0,0
-0.696517970733528,-0.36567086819632,-0.5082797606410615,-0.44712197967883244,-0.4455607238659225,1,-2.237160339420424,-0.43295155283668607,0.21182438013100457,1,-0.07131151898408516,1,0,0,0,0,0,1,0,0,0,1,0,0,0
-1.0925025126612988,0.08302646549530843,-0.17399217683778362,-0.11351131422168077,-0.11211258855722923,1,-0.7869040222396445,-0.43295155283668607,0.3492282125088826,1,0.19036296699517177,1,0,0,0,0,0,0,0,0,1,0,0,0,0
-1.842820215953397,-0.14895130897882505,-0.4637080828006245,-0.40264055761787887,-0.40110097249143006,0,0.8705317688241037,0.06752978965598574,1.9980742010434187,1,0.4520374529744287,1,0,0,0,0,0,0,0,0,1,0,0,0,0
0.33102062265792653,-0.11622132351462837,0.47229715184855375,0.5314693056621458,0.532553806372911,1,-0.4761348114151917,6.907441470389168,-0.6125986141362635,1,0.4520374529744287,0,1,0,0,0,0,0,0,0,1,0,0,0,0
1.351229870254129,-0.120938944993721,0.004294534523964612,-0.33591842452644854,-0.37887109680418385,0,0.2489933471751981,-0.26612443867246216,0.3492282125088826,1,0.4520374529744287,1,0,0,0,1,0,0,0,0,0,0,0,0,1
-0.5628226919105402,-0.280010468127947,-0.19627801575800216,-0.13575202525215754,-0.13434246424447546,0,0.2489933471751981,-0.43295155283668607,0.4866320448867606,1,-3.7347543226936826,1,0,0,0,0,0,1,0,0,0,0,0,0,0
-0.5830486354016214,-0.20913494452175835,-0.4637080828006245,-0.40264055761787887,-0.40110097249143006,1,1.388480453531525,-0.43295155283668607,-0.6125986141362635,0,0.4520374529744287,1,0,0,0,0,0,0,0,0,0,0,0,1,0
0.5690718430515501,-0.4224576018023961,-0.35227888819953185,-0.291437002465495,-0.289951594055199,1,0.45617282105816664,-0.43295155283668607,-0.7500024465141415,0,0.4520374529744287,0,1,0,0,0,0,1,0,0,0,1,0,0,0
0.7939424213337907,2.035451540547237,-0.5082797606410615,-0.44712197967883244,-0.4455607238659225,0,0.3525830841166824,-0.43295155283668607,-1.1622139436477756,0,0.4520374529744287,0,0,1,0,0,0,1,0,0,0,1,0,0,0
1.4855400882737575,0.5497106733765904,-0.37456472711975036,-0.3136777134959718,-0.3121814697424452,0,-0.6833142852981603,0.40118401798443365,0.8988435420203946,1,0.19036296699517177,0,0,0,0,0,0,0,0,0,1,0,0,0,0
-0.3816991611384304,-0.7152733330942892,2.1437350708649436,2.199522632947904,2.1997944829163774,0,0.04181387329222959,-0.26612443867246216,0.21182438013100457,1,0.19036296699517177,0,1,0,0,1,0,0,0,0,0,1,0,0,0
1.4472803792159403,1.0814511220378802,-0.4637080828006245,-0.40264055761787887,-0.40110097249143006,0,-1.5120321808300343,-0.0992973245082382,-0.33779094938050747,0,0.19036296699517177,0,0,0,0,0,0,0,0,0,1,0,0,0,0
1.8128331896483825,1.606431433046696,0.47229715184855375,-0.3136777134959718,-0.2677217183679528,0,0.2489933471751981,-0.43295155283668607,1.0362473743982727,1,-0.07131151898408516,0,1,0,0,1,0,0,0,0,0,0,0,0,1
-0.527389375774127,-0.42694039862069466,0.11572372912505725,0.17561792917451732,0.1768757953769716,0,0.7669420318826194,-0.26612443867246216,-0.06298328462475146,0,0.19036296699517177,1,0,0,0,0,0,1,0,0,0,0,0,0,0
-0.7263674374398718,-0.37356448868029385,-0.5082797606410615,-0.44712197967883244,-0.4455607238659225,1,-1.5120321808300343,1.2353195888055533,0.6240358772646386,1,-0.07131151898408516,1,0,0,0,0,0,0,0,0,1,0,0,0,0
-1.9277498764205048,-0.2975100817937348,-0.44142224388040596,-0.3803998465874021,-0.37887109680418385,1,-0.4761348114151917,-0.43295155283668607,-0.06298328462475146,0,0.4520374529744287,1,0,0,0,0,0,1,0,0,0,0,0,0,0
-0.7377695201032436,0.7217554034344292,-0.44142224388040596,-0.3803998465874021,-0.37887109680418385,1,1.0777112427070723,-0.43295155283668607,-0.7500024465141415,0,-0.07131151898408516,1,0,0,0,0,0,1,0,0,0,1,0,0,0
1.5446599558196166,0.47642669061048976,-0.48599392172084305,-0.4248812686483556,-0.4233308481786763,0,-0.8904937591811287,-0.43295155283668607,-0.20038711700262946,1,0.19036296699517177,0,0,0,0,0,0,1,0,0,0,0,0,0,0
0.34371870988033476,-0.2127963593142701,1.5197315810988248,1.5767827240945542,1.5773579636734834,0,-0.994083496122613,-0.43295155283668607,-1.0248101112698975,1,-0.07131151898408516,0,1,0,0,0,0,0,0,0,1,0,0,0,0
0.06630479782546708,1.3842626549303634,-0.4637080828006245,-0.40264055761787887,-0.40110097249143006,1,1.388480453531525,-0.43295155283668607,0.21182438013100457,0,0.4520374529744287,0,0,1,0,0,0,1,0,0,0,1,0,0,0
0.15319225241368697,-0.08301799925617538,0.4500113129283352,0.509228594631669,0.5103239306856648,0,0.04181387329222959,-0.43295155283668607,-0.20038711700262946,1,0.19036296699517177,0,1,0,0,0,0,1,0,0,0,0,0,0,0
-0.3485958957518399,0.11135718451688464,-0.48599392172084305,-0.4248812686483556,-0.4233308481786763,0,-0.4761348114151917,-0.43295155283668607,-0.7500024465141415,1,0.19036296699517177,1,0,0,0,0,0,0,0,0,1,0,0,0,0
0.3138487630965291,1.9769130128668206,-0.1517063379175651,-0.44712197967883244,-0.37887109680418385,1,0.14540361023371384,-0.26612443867246216,-0.4751947817583855,1,0.19036296699517177,0,0,1,0,0,0,0,0,1,0,0,0,0,1
-0.24432267787645134,-0.48886425031969777,-0.44142224388040596,-0.3803998465874021,-0.37887109680418385,1,-0.7869040222396445,-0.0992973245082382,1.4484588715319067,1,0.19036296699517177,0,1,0,0,1,0,0,0,0,0,0,0,0,0
0.05706731852142353,-0.5492288683428054,-0.5082797606410615,-0.44712197967883244,-0.4455607238659225,0,-2.3407500763619082,-0.43295155283668607,-0.6125986141362635,0,0.19036296699517177,0,1,0,0,0,0,1,0,0,0,1,0,0,0
1.15664446320187,0.3032821439419958,0.40543963508789815,0.46474717257071546,0.46586417931117247,0,1.2848907165900407,6.073305899568048,-0.6125986141362635,1,-0.07131151898408516,0,1,0,0,0,0,1,0,0,0,0,0,0,0
-0.905395301265392,-0.2320361891361277,-0.28542137143887625,-0.22471486937406465,-0.22326196699346032,0,0.8705317688241037,-0.43295155283668607,-0.33779094938050747,1,0.4520374529744287,1,0,0,0,0,0,1,0,0,0,1,0,0,0
1.1765395119119624,0.39896618906958414,-0.44142224388040596,-0.3803998465874021,-0.37887109680418385,1,1.0777112427070723,-0.43295155283668607,-0.20038711700262946,1,0.19036296699517177,0,0,0,0,0,0,1,0,0,0,0,0,0,0
-0.5717982128462356,-0.3054593891947614,-0.4637080828006245,-0.40264055761787887,-0.40110097249143006,1,0.5597625579996509,-0.26612443867246216,-1.0248101112698975,0,-0.07131151898408516,1,0,0,0,0,0,1,0,0,0,1,0,0,0
1.5446599558196166,0.47642669061048976,-0.48599392172084305,-0.4248812686483556,-0.4233308481786763,0,-0.4761348114151917,0.9016653604771054,-0.06298328462475146,1,-0.07131151898408516,0,0,0,0,0,0,0,0,0,1,0,0,0,0
0.3573267577506584,-0.3684134488583509,1.0963006416146726,1.1542092145154954,1.1549903256158052,0,0.7669420318826194,0.06752978965598574,-0.20038711700262946,0,0.19036296699517177,0,1,0,0,0,0,0,0,0,1,0,0,0,0
-2.8297822360813076,-1.0291483011966234,0.49458299076877227,-0.40264055761787887,-0.40110097249143006,1,0.8705317688241037,1.568973817134001,0.4866320448867606,1,0.19036296699517177,0,0,0,0,0,0,1,0,0,0,0,0,0,1
0.8992464342561488,-1.853781764316055,0.09343789020483872,-0.3581591355569253,-0.4455607238659225,0,-1.5120321808300343,1.0684924746413293,0.21182438013100457,1,0.4520374529744287,0,0,0,1,1,0,0,0,0,0,0,0,0,1
1.8146149480186478,0.4214219383481247,-0.32999304927931333,-0.2691962914350182,-0.2677217183679528,0,-0.4761348114151917,-0.43295155283668607,0.4866320448867606,1,-0.07131151898408516,0,1,0,0,0,0,1,0,0,0,0,0,0,0
-0.9577901428125185,1.8010236902851402,-0.48599392172084305,-0.33591842452644854,-0.4455607238659225,1,1.5956599274144936,-0.43295155283668607,-0.06298328462475146,1,0.4520374529744287,0,0,0,1,0,0,0,0,1,0,0,0,0,1
1.7987457858112401,0.7099915422191441,-0.5082797606410615,-0.44712197967883244,-0.4455607238659225,1,-0.579724548356676,-0.43295155283668607,-0.8874062788920195,1,0.19036296699517177,0,0,0,0,0,0,1,0,0,0,0,0,0,0
0.15319225241368697,-0.08301799925617538,-0.32999304927931333,-0.3136777134959718,-0.3121814697424452,0,0.04181387329222959,-0.43295155283668607,-0.20038711700262946,0,0.19036296699517177,1,0,0,0,0,0,1,0,0,0,0,0,1,0
0.2851641209186977,-0.37325821063699804,-0.28542137143887625,-0.22471486937406465,-0.22326196699346032,0,0.7669420318826194,0.23435690382020968,0.07442054775312656,1,0.4520374529744287,0,1,0,0,0,0,0,0,0,1,0,0,0,0
0.4317091470720796,-0.22216568309865917,1.3860165475775135,1.4433384579116935,1.443978709550006,1,0.04181387329222959,2.569936502119345,1.7232665362876627,1,0.19036296699517177,0,1,0,0,0,0,0,0,0,1,0,0,0,0
0.4192316563703959,-0.13622684844541785,0.7842988967316131,0.8428392600888206,0.8437720659943581,0,1.4920701904730094,-0.43295155283668607,-1.0248101112698975,1,0.19036296699517177,0,1,0,0,0,0,0,0,0,1,0,0,0,0
0.34371870988033476,-0.2127963593142701,1.5197315810988248,1.5767827240945542,1.5773579636734834,0,-0.16536560059073893,-0.43295155283668607,-1.8492331055371656,1,-3.7347543226936826,0,1,0,0,0,0,1,0,0,0,0,0,0,0
-1.7112895404898356,2.9152769856184393,-0.5082797606410615,-0.44712197967883244,-0.4455607238659225,1,0.974121505765588,-0.43295155283668607,-1.0248101112698975,1,-3.7347543226936826,0,0,1,0,0,0,1,0,0,0,0,0,0,0
-1.1631295385070486,2.4249722821494997,-0.04027714331647245,-0.3803998465874021,-0.37887109680418385,0,-0.06177586364925467,-0.43295155283668607,1.9980742010434187,1,0.19036296699517177,0,0,0,0,0,0,1,0,0,0,0,0,0,1
0.46898995906934066,-0.25502096412617514,-0.41913640496018745,-0.3581591355569253,-0.35664122111693763,0,0.2489933471751981,0.06752978965598574,0.7614397096425166,1,0.4520374529744287,0,1,0,0,0,0,1,0,0,0,0,0,0,0
-1.3203234924648033,-0.20354990750578322,0.31629627940702404,-0.40264055761787887,-0.3344113454296914,1,1.1813009796485565,-0.0992973245082382,0.4866320448867606,1,-0.07131151898408516,0,0,1,0,0,0,0,0,1,0,0,0,0,1
-0.4877785130270433,-0.31448066974801564,-0.26313553251865773,-0.20247415834358787,-0.2010320913062141,1,-1.304852706947066,-0.43295155283668607,1.5858627039097848,1,0.4520374529744287,1,0,0,0,0,0,0,1,0,0,1,0,0,0
0.27962163333625195,-0.2597961172585558,2.7454527217108438,2.800021830770777,2.8000011264720253,0,-0.26895533753222317,-0.43295155283668607,0.4866320448867606,0,-0.07131151898408516,0,1,0,0,0,0,0,0,0,1,0,0,0,0
-1.6685627518878845,0.0188472936579423,-0.0848488211569095,-0.02454847009977366,-0.023193085808244366,0,-0.7869040222396445,0.5680111321486576,1.1736512067761506,0,0.4520374529744287,1,0,0,0,0,0,1,0,0,0,0,0,0,0
0.11118240250404185,0.5868956122004603,-0.48599392172084305,-0.4248812686483556,-0.4233308481786763,0,1.388480453531525,-0.43295155283668607,0.4866320448867606,1,-0.07131151898408516,0,0,1,0,0,0,1,0,0,0,0,0,0,0
0.17631352523891092,0.02427676806514917,-0.32999304927931333,-0.3136777134959718,-0.3121814697424452,0,0.04181387329222959,-0.26612443867246216,0.4866320448867606,0,-0.07131151898408516,0,0,1,0,0,0,0,0,0,1,0,0,0,0
0.625075784742738,0.38340169576945204,-0.5082797606410615,-0.44712197967883244,-0.4455607238659225,1,-1.719211654713003,-0.43295155283668607,-0.06298328462475146,1,0.4520374529744287,0,0,1,0,1,0,0,0,0,0,0,0,0,0
0.3031703119203185,0.4053284193364856,-0.48599392172084305,-0.4248812686483556,-0.4233308481786763,0,-1.304852706947066,-0.43295155283668607,-0.8874062788920195,1,0.4520374529744287,0,0,1,0,1,0,0,0,0,0,1,0,0,0
-0.06157224776421821,0.02406794212634957,-0.48599392172084305,-0.4248812686483556,-0.4233308481786763,0,-1.304852706947066,-0.43295155283668607,-1.2996177760256535,1,-0.07131151898408516,1,0,0,0,0,0,0,0,0,1,0,0,0,0
-0.6907686739129641,0.09715702068306219,-0.19627801575800216,-0.13575202525215754,-0.13434246424447546,0,-0.37254507447370744,-0.43295155283668607,0.07442054775312656,1,0.4520374529744287,1,0,0,0,0,0,1,0,0,0,0,0,0,0
-2.3129887567148564,-3.0489503847475237,-0.48599392172084305,-0.291437002465495,-0.289951594055199,0,2.0100188751804304,-0.26612443867246216,-0.4751947817583855,1,0.4520374529744287,0,1,0,0,0,0,1,0,0,0,0,0,0,1
0.038012675400961905,-3.4694254211312288,-0.39685056603996893,-0.44712197967883244,-0.35664122111693763,0,0.3525830841166824,-0.0992973245082382,0.21182438013100457,1,0.19036296699517177,0,0,0,0,0,0,0,0,0,1,0,0,0,1
0.24071392199896555,0.29261809933736577,0.2271529237261499,0.28682148432690124,0.2880251738132027,0,1.2848907165900407,-0.43295155283668607,2.685093362932809,1,0.4520374529744287,0,0,1,0,0,0,1,0,0,0,1,0,0,0
-0.295749241763143,-0.6857592670867754,-0.1517063379175651,-0.09127060319120399,-0.08988271286998302,1,-0.37254507447370744,-0.43295155283668607,0.8988435420203946,0,-0.07131151898408516,0,1,0,0,0,0,1,0,0,0,1,0,0,0
-0.7012745832109292,-0.4147171203401691,-0.04027714331647245,0.019932951961179893,0.021266665566248073,0,0.5597625579996509,0.5680111321486576,-0.6125986141362635,1,0.19036296699517177,1,0,0,0,0,0,1,0,0,0,0,0,0,0
0.2661790328565207,-0.43882955539910135,4.639749029929419,4.690482268361303,4.689540559887954,0,0.04181387329222959,-0.43295155283668607,-0.20038711700262946,0,0.19036296699517177,0,1,0,0,0,1,0,0,0,0,0,0,0,0
1.078001803574531,0.24572971522718567,-0.5082797606410615,-0.44712197967883244,-0.4455607238659225,1,0.7669420318826194,2.569936502119345,-1.0248101112698975,1,-0.07131151898408516,0,1,0,0,0,0,1,0,0,0,0,0,0,0
0.5606891752651918,0.00587224199809428,-0.48599392172084305,-0.4248812686483556,-0.4233308481786763,1,-0.6833142852981603,-0.43295155283668607,-0.33779094938050747,1,0.19036296699517177,0,1,0,0,0,0,0,0,0,1,0,0,0,0
0.3435119006422167,-0.2716435088493212,0.24943876264636844,0.309062195357378,0.3102550495004489,0,1.2848907165900407,-0.43295155283668607,-0.8874062788920195,0,0.4520374529744287,0,1,0,0,0,0,0,0,0,1,0,0,0,0
1.1765395119119624,0.39896618906958414,-0.44142224388040596,-0.3803998465874021,-0.37887109680418385,1,-1.304852706947066,0.23435690382020968,-0.8874062788920195,1,0.19036296699517177,0,0,0,0,0,0,0,0,0,0,0,0,0,1
-1.0117503988048617,1.267528955178581,-0.5082797606410615,-0.44712197967883244,-0.4455607238659225,1,-0.579724548356676,-0.43295155283668607,-0.8874062788920195,0,0.19036296699517177,1,0,0,0,0,0,0,0,0,1,0,0,0,0
1.1890170026137439,0.4169252198008102,-0.41913640496018745,-0.3581591355569253,-0.35664122111693763,0,1.4920701904730094,-0.43295155283668607,-0.20038711700262946,1,0.19036296699517177,0,0,0,0,0,0,0,0,0,1,0,0,0,0
-1.0503823644913892,1.1580345546359463,-0.39685056603996893,-0.33591842452644854,-0.3344113454296914,1,1.2848907165900407,-0.43295155283668607,2.272881865799175,0,-0.07131151898408516,1,0,0,0,1,0,0,0,0,0,0,0,0,0
-0.48652387031563044,0.08762063614751474,-0.21856385467822068,-0.15799273628263433,-0.15657233993172168,0,-1.719211654713003,-0.43295155283668607,0.8988435420203946,1,0.19036296699517177,1,0,0,0,0,0,0,0,0,1,0,0,0,0
0.4067955275162379,-0.3551460408840252,2.4780226546682216,2.5331332984050556,2.5332426182250707,0,-1.5120321808300343,-0.43295155283668607,-0.8874062788920195,0,-0.07131151898408516,0,1,0,0,0,0,1,0,0,0,1,0,0,0
0.19401639602455997,-0.5216360009715356,-0.48599392172084305,-0.4248812686483556,-0.4233308481786763,0,-1.2012629700055815,-0.43295155283668607,-1.0248101112698975,0,0.4520374529744287,0,1,0,0,1,0,0,0,0,0,1,0,0,0
1.9538279850708637,0.7873731391293295,-0.1517063379175651,-0.33591842452644854,-0.4455607238659225,1,-0.4761348114151917,0.5680111321486576,0.07442054775312656,1,0.19036296699517177,0,0,0,1,0,0,0,0,1,0,0,0,0,1
0.3414162336956271,-0.48691520822482837,0.11572372912505725,0.17561792917451732,0.1768757953769716,1,-0.26895533753222317,-0.43295155283668607,0.3492282125088826,1,-3.7347543226936826,0,1,0,0,0,0,0,0,0,1,0,0,0,0
-1.3760355490978733,-0.968517501825317,0.20486708480593138,-0.3803998465874021,-0.37887109680418385,0,-0.7869040222396445,-0.43295155283668607,-0.7500024465141415,1,-0.07131151898408516,1,0,0,0,0,0,0,0,1,0,0,0,0,1
-0.9758069532143586,0.397574016144847,-0.19627801575800216,-0.13575202525215754,-0.13434246424447546,0,0.45617282105816664,-0.43295155283668607,0.7614397096425166,1,0.19036296699517177,1,0,0,0,0,0,1,0,0,0,0,0,0,0
-0.8928764487159868,-0.42127425481626074,0.20486708480593138,0.26458077329642443,0.2657952981259565,1,0.45617282105816664,-0.43295155283668607,-0.20038711700262946,1,0.19036296699517177,1,0,0,0,0,0,1,0,0,0,1,0,0,0
0.24071392199896555,0.29261809933736577,0.2271529237261499,0.28682148432690124,0.2880251738132027,0,-0.6833142852981603,2.236282273790897,-0.33779094938050747,1,0.4520374529744287,0,0,1,0,0,0,1,0,0,0,0,0,0,0
-0.689403732941091,-0.3547840759236766,-0.48599392172084305,-0.4248812686483556,-0.4233308481786763,0,-0.579724548356676,4.2382076437615845,1.7232665362876627,1,-3.7347543226936826,1,0,0,0,0,1,0,0,0,0,1,0,0,0
-0.33912403264456326,-0.7160807933906644,0.3831537961676796,0.44250646154023865,0.44363430362392625,1,0.45617282105816664,-0.43295155283668607,-0.7500024465141415,0,0.19036296699517177,0,1,0,0,0,0,1,0,0,0,0,0,0,0
0.19812500622249188,-0.3786041546685268,-0.28542137143887625,-0.22471486937406465,-0.22326196699346032,1,-0.7869040222396445,-0.43295155283668607,-1.4370216084035317,1,0.19036296699517177,0,1,0,0,1,0,0,0,0,0,0,0,0,0
-0.9628882694712257,-0.4359338357153236,0.004294534523964612,0.06441437402213344,0.06572641694074051,1,0.974121505765588,-0.43295155283668607,0.21182438013100457,0,0.4520374529744287,1,0,0,0,0,0,1,0,0,0,1,0,0,0
0.46529496734774284,1.8227971262704412,-0.5082797606410615,-0.44712197967883244,-0.4455607238659225,0,-1.40844244388855,-0.43295155283668607,0.4866320448867606,1,0.4520374529744287,0,0,1,0,0,0,0,0,0,1,0,0,0,0
1.2866033884556363,1.6213497040389964,-0.32999304927931333,-0.3136777134959718,-0.3121814697424452,0,0.2489933471751981,-0.43295155283668607,-1.1622139436477756,1,0.4520374529744287,0,0,0,0,0,0,0,0,0,1,0,0,0,0
0.06834531564182653,0.033799230871285044,-0.19627801575800216,-0.13575202525215754,-0.13434246424447546,1,1.6992496643559778,0.5680111321486576,1.1736512067761506,1,-0.07131151898408516,1,0,0,0,0,0,0,0,0,1,0,0,0,0
1.4475817357064642,1.3664491530678413,0.5168688296889908,-0.3581591355569253,-0.37887109680418385,1,-0.37254507447370744,-0.26612443867246216,1.5858627039097848,1,0.19036296699517177,0,0,0,0,0,0,0,0,0,1,0,0,0,1
-2.4533454341394694,1.3539260165260274,0.33858211832724255,-0.291437002465495,-0.40110097249143006,1,2.1136086121219146,0.9016653604771054,-0.33779094938050747,1,0.4520374529744287,0,0,1,0,0,0,0,0,1,0,0,0,0,1
0.4192316563703959,-0.13622684844541785,0.7842988967316131,0.8428392600888206,0.8437720659943581,0,1.1813009796485565,-0.26612443867246216,-1.0248101112698975,1,0.19036296699517177,0,1,0,0,0,0,0,0,0,1,0,0,0,0
0.48207409020296793,0.49036234158865766,-0.5082797606410615,-0.44712197967883244,-0.4455607238659225,1,1.6992496643559778,0.23435690382020968,-0.4751947817583855,1,0.19036296699517177,0,0,1,0,0,0,0,0,0,1,0,0,0,0
0.11938583561739713,-0.6814992179364902,-0.10713466007712803,-0.04678918113025044,-0.045422961495490584,1,-0.37254507447370744,-0.43295155283668607,-0.6125986141362635,0,0.4520374529744287,0,1,0,0,1,0,0,0,0,0,0,0,0,0
-0.06157224776421821,0.02406794212634957,-0.48599392172084305,-0.4248812686483556,-0.4233308481786763,0,-0.8904937591811287,-0.43295155283668607,-0.7500024465141415,1,0.19036296699517177,1,0,0,0,0,0,0,0,0,1,0,0,0,0
-0.22824670643082764,0.16041735838994747,-0.35227888819953185,-0.291437002465495,-0.289951594055199,1,0.45617282105816664,-0.43295155283668607,-0.4751947817583855,0,0.4520374529744287,1,0,0,0,0,0,0,0,0,0,1,0,0,0
0.13882590400353179,-0.38865564318616963,5.3528958753764115,5.40218502133656,5.400896581879833,0,0.7669420318826194,-0.43295155283668607,0.21182438013100457,1,0.19036296699517177,0,1,0,0,0,0,1,0,0,0,0,0,0,0
1.0031428583334032,-3.1993621247642214,-0.10713466007712803,-0.44712197967883244,-0.37887109680418385,1,0.3525830841166824,0.06752978965598574,-0.20038711700262946,1,0.19036296699517177,0,0,0,1,0,0,1,0,0,0,0,0,0,1
-0.3217658439225096,-0.11954861680521903,-0.4637080828006245,-0.40264055761787887,-0.40110097249143006,0,-1.2012629700055815,-0.43295155283668607,-0.7500024465141415,1,0.19036296699517177,1,0,0,0,0,1,0,0,0,0,0,0,0,0
-1.8319116995512903,-1.3183344224354643,0.4500113129283352,-0.2691962914350182,-0.4233308481786763,0,-1.304852706947066,-0.43295155283668607,1.0362473743982727,1,0.19036296699517177,0,0,1,0,0,0,0,0,0,1,0,0,0,1
0.3414162336956271,-0.48691520822482837,0.11572372912505725,0.17561792917451732,0.1768757953769716,1,-0.994083496122613,-0.43295155283668607,-0.20038711700262946,1,-3.9964288086729396,0,1,0,0,0,0,1,0,0,0,1,0,0,0
-2.3104986271066625,-1.9436849568284837,-0.5082797606410615,-0.44712197967883244,-0.4455607238659225,1,0.14540361023371384,-0.43295155283668607,1.1736512067761506,0,0.19036296699517177,0,0,0,1,0,0,0,1,0,0,1,0,0,0
-0.6804695738530193,0.9345072698159188,-0.48599392172084305,-0.4248812686483556,-0.4233308481786763,0,0.5597625579996509,-0.43295155283668607,-1.1622139436477756,0,-0.07131151898408516,1,0,0,0,0,0,1,0,0,0,0,0,0,1
0.5606891752651918,0.00587224199809428,-0.44142224388040596,-0.3803998465874021,-0.37887109680418385,1,-1.6156219177715185,-0.43295155283668607,0.4866320448867606,1,0.19036296699517177,0,1,0,0,0,0,0,0,0,1,0,0,0,0
0.3759395891842229,-0.2778665218234917,0.0711520512846202,0.13113650711356378,0.13241604400247917,0,-0.8904937591811287,-0.0992973245082382,-0.6125986141362635,1,0.4520374529744287,0,1,0,0,0,0,0,0,0,1,0,0,0,0
1.8263617127455172,0.5834987102636031,-0.44142224388040596,-0.3803998465874021,-0.37887109680418385,1,0.7669420318826194,-0.43295155283668607,-0.8874062788920195,1,0.19036296699517177,0,1,0,0,0,0,0,0,0,1,0,0,0,0
0.15319225241368697,-0.08301799925617538,-0.32999304927931333,-0.3136777134959718,-0.3121814697424452,0,0.04181387329222959,-0.43295155283668607,-0.20038711700262946,0,0.4520374529744287,0,0,0,1,0,0,0,1,0,0,1,0,0,0
0.5363684088586872,-0.41623458882822556,0.004294534523964612,0.06441437402213344,0.06572641694074051,0,-0.6833142852981603,1.7358009312982252,-0.6125986141362635,0,0.4520374529744287,0,1,0,0,0,0,1,0,0,0,0,0,0,0
-2.0729713234497353,-0.22748378367176045,-0.35227888819953185,-0.291437002465495,-0.289951594055199,1,-0.26895533753222317,-0.43295155283668607,0.07442054775312656,1,0.19036296699517177,1,0,0,0,0,0,0,0,0,1,1,0,0,0
0.7704764664449713,-0.2319944239484865,-0.35227888819953185,-0.291437002465495,-0.289951594055199,1,-0.4761348114151917,-0.43295155283668607,-0.33779094938050747,1,0.4520374529744287,0,1,0,0,0,0,0,0,0,1,0,0,0,0
2.099024465429359,-0.5727021819684613,0.20486708480593138,-0.291437002465495,-0.40110097249143006,0,0.14540361023371384,0.5680111321486576,-0.8874062788920195,1,0.4520374529744287,0,0,1,0,0,0,0,0,0,1,0,0,0,1
-1.3073359492519425,-0.3645988950440924,-0.48599392172084305,-0.4248812686483556,-0.4233308481786763,1,1.388480453531525,-0.43295155283668607,1.0362473743982727,0,0.4520374529744287,1,0,0,0,1,0,0,0,0,0,1,0,0,0
-0.17621350211219236,-0.7615073959298408,-0.19627801575800216,-0.13575202525215754,-0.13434246424447546,1,0.8705317688241037,-0.43295155283668607,-0.8874062788920195,1,0.4520374529744287,0,1,0,0,1,0,0,0,0,0,1,0,0,0
-0.4618859964106455,0.4523838641976262,0.2271529237261499,0.28682148432690124,0.2880251738132027,0,-0.26895533753222317,0.40118401798443365,0.4866320448867606,1,0.4520374529744287,1,0,0,0,0,0,1,0,0,0,0,0,0,0
-1.1240064532728808,0.2030596150792539,-0.41913640496018745,-0.3581591355569253,-0.35664122111693763,1,-0.7869040222396445,-0.43295155283668607,0.3492282125088826,1,-0.07131151898408516,1,0,0,0,0,0,0,0,0,1,0,0,0,0
1.9717855249934115,-2.1346210438319937,-0.41913640496018745,-0.3803998465874021,-0.3344113454296914,1,0.14540361023371384,-0.0992973245082382,-0.4751947817583855,1,0.4520374529744287,0,0,0,1,0,0,0,0,0,1,0,0,0,1
-0.29045492526653693,0.24758130521716323,-0.44142224388040596,-0.3803998465874021,-0.37887109680418385,0,0.04181387329222959,1.2353195888055533,2.685093362932809,0,0.19036296699517177,1,0,0,0,0,0,1,0,0,0,0,0,0,0
-1.9397031276145886,1.4359478902579148,0.4500113129283352,-0.2691962914350182,-0.2677217183679528,0,0.14540361023371384,0.5680111321486576,-1.1622139436477756,1,0.19036296699517177,0,1,0,0,1,0,0,0,0,0,0,0,0,1
-0.11083420829158164,1.854705729708851,-0.5082797606410615,-0.44712197967883244,-0.4455607238659225,1,-0.6833142852981603,-0.43295155283668607,-0.7500024465141415,0,0.4520374529744287,0,0,1,0,0,0,1,0,0,0,0,0,1,0
-0.32291018837356017,2.299741648607968,-0.35227888819953185,-0.291437002465495,-0.289951594055199,1,-1.40844244388855,-0.43295155283668607,1.0362473743982727,1,0.4520374529744287,0,0,1,0,0,0,1,0,0,0,1,0,0,0
0.3957794887640851,-0.3252978533743925,-0.32999304927931333,-0.2691962914350182,-0.2677217183679528,0,1.2848907165900407,4.90551610041848,-0.4751947817583855,0,-0.07131151898408516,0,1,0,0,1,0,0,0,0,0,1,0,0,0
1.832166158696311,0.602627166251553,-0.39685056603996893,-0.33591842452644854,-0.3344113454296914,1,0.3525830841166824,-0.43295155283668607,-1.0248101112698975,1,0.19036296699517177,0,1,0,0,0,0,0,0,0,1,0,0,0,0
1.313598887675461,1.0639654301013062,0.026580373444183143,0.08665508505261023,0.08795629262798672,1,-1.6156219177715185,-0.43295155283668607,-0.06298328462475146,0,0.4520374529744287,0,0,0,0,0,0,0,0,0,1,0,0,0,0
-0.8350808177875634,-1.908148171799397,0.3831537961676796,-0.3581591355569253,-0.35664122111693763,0,1.388480453531525,-0.43295155283668607,-1.2996177760256535,1,0.19036296699517177,0,0,1,0,1,0,0,0,0,0,0,0,0,1
0.24071392199896555,0.29261809933736577,0.2271529237261499,0.28682148432690124,0.2880251738132027,0,1.1813009796485565,-0.43295155283668607,-1.1622139436477756,1,0.4520374529744287,0,0,1,0,0,0,0,0,0,1,0,0,0,0
1.3185071602609462,0.6987149415275268,-0.48599392172084305,-0.4248812686483556,-0.4233308481786763,0,-0.06177586364925467,1.568973817134001,1.3110550391540288,1,0.4520374529744287,0,0,0,0,0,0,0,0,0,1,0,0,0,0
0.15578426153185787,0.5694656071807412,-0.10713466007712803,-0.04678918113025044,-0.045422961495490584,1,0.04181387329222959,1.2353195888055533,2.685093362932809,0,0.19036296699517177,0,0,1,0,0,0,0,1,0,0,1,0,0,0
-0.1252419185494584,-0.3408484249455087,-0.5082797606410615,-0.44712197967883244,-0.4455607238659225,1,-1.304852706947066,-0.43295155283668607,1.1736512067761506,1,0.4520374529744287,0,1,0,0,0,0,1,0,0,0,0,0,0,0
1.033069049765726,-0.0885727692263059,-0.35227888819953185,-0.291437002465495,-0.289951594055199,0,-0.37254507447370744,0.06752978965598574,0.7614397096425166,0,0.4520374529744287,0,1,0,0,0,0,0,0,0,1,0,0,0,0
0.32689822517748607,-0.28385286540063304,-0.35227888819953185,-0.291437002465495,-0.289951594055199,0,1.9064291382389462,0.9016653604771054,-0.7500024465141415,1,0.19036296699517177,0,1,0,0,0,0,0,0,0,1,0,0,0,0
0.3240166831259499,0.576106272032511,-0.39685056603996893,-0.33591842452644854,-0.3344113454296914,0,1.1813009796485565,0.5680111321486576,-0.4751947817583855,1,0.19036296699517177,0,0,1,0,0,0,0,1,0,0,0,0,0,0
0.5309458696446633,-0.6665360238972796,0.29401044048680547,-0.3803998465874021,-0.4455607238659225,0,-0.6833142852981603,-0.43295155283668607,-0.6125986141362635,1,-0.07131151898408516,0,0,0,0,0,0,1,0,0,0,0,0,0,1
-0.25922673030581145,-0.6406667860495201,0.20486708480593138,0.26458077329642443,0.2657952981259565,0,0.974121505765588,0.06752978965598574,-0.4751947817583855,0,0.4520374529744287,0,1,0,0,0,0,0,0,0,1,0,0,0,0
-0.851776559454257,1.7068151998979813,-0.32999304927931333,-0.2691962914350182,-0.2677217183679528,0,0.14540361023371384,-0.43295155283668607,-0.20038711700262946,0,0.4520374529744287,0,0,1,0,0,0,0,0,0,0,1,0,0,0
-0.046516535226872206,-0.44896457429242226,-0.41913640496018745,-0.3581591355569253,-0.35664122111693763,0,-0.994083496122613,0.5680111321486576,0.3492282125088826,1,0.19036296699517177,0,1,0,0,0,1,0,0,0,0,0,0,0,0
-0.7496403703730816,-0.7552704612264566,-0.12942049899734656,-0.06902989216072722,-0.0676528371827368,1,0.7669420318826194,-0.43295155283668607,0.21182438013100457,0,0.19036296699517177,1,0,0,0,0,0,0,0,0,1,0,0,0,0
1.8393217583362735,0.5994669337121207,-0.48599392172084305,-0.4248812686483556,-0.4233308481786763,0,0.45617282105816664,-0.43295155283668607,-0.7500024465141415,1,0.4520374529744287,0,1,0,0,0,0,1,0,0,0,0,0,1,0
0.15319225241368697,-0.08301799925617538,-0.4637080828006245,-0.40264055761787887,-0.40110097249143006,0,0.04181387329222959,-0.43295155283668607,-0.20038711700262946,1,-0.07131151898408516,0,0,1,0,0,1,0,0,0,0,0,0,0,0
-0.5316082842324212,0.6837351608555587,-0.4637080828006245,-0.40264055761787887,-0.40110097249143006,1,0.974121505765588,-0.43295155283668607,0.07442054775312656,1,-0.07131151898408516,1,0,0,0,0,0,1,0,0,0,1,0,0,0
-0.27828075478072706,0.2667376046637384,-0.37456472711975036,-0.3136777134959718,-0.3121814697424452,0,-1.304852706947066,-0.43295155283668607,0.4866320448867606,0,0.4520374529744287,1,0,0,0,0,0,1,0,0,0,0,0,0,0
0.5405321681868492,0.06743412873655098,0.026580373444183143,0.08665508505261023,0.08795629262798672,1,0.7669420318826194,0.5680111321486576,-0.33779094938050747,1,0.19036296699517177,0,1,0,0,0,0,0,0,0,1,0,0,0,0
0.29023784089467713,-0.37235329823573093,-0.41913640496018745,-0.3581591355569253,-0.35664122111693763,0,-1.40844244388855,-0.26612443867246216,-1.2996177760256535,1,-0.07131151898408516,0,1,0,0,0,0,1,0,0,0,1,0,0,0
-0.6722937153047791,-0.3421292240363381,-0.44142224388040596,-0.3803998465874021,-0.37887109680418385,0,-0.579724548356676,-0.43295155283668607,-0.06298328462475146,0,0.19036296699517177,1,0,0,0,0,0,0,0,0,1,0,0,0,0
-1.036553720100341,1.2817848059294563,-0.39685056603996893,-0.33591842452644854,-0.3344113454296914,1,-0.26895533753222317,0.40118401798443365,0.8988435420203946,1,0.4520374529744287,1,0,0,0,0,0,0,0,0,1,1,0,0,0
-0.10811811363053993,1.4482886877459826,-0.44142224388040596,-0.3803998465874021,-0.37887109680418385,0,1.4920701904730094,-0.43295155283668607,-1.0248101112698975,0,0.19036296699517177,0,0,1,0,0,0,1,0,0,0,1,0,0,0
-0.3816991611384304,-0.7152733330942892,2.1437350708649436,2.199522632947904,2.1997944829163774,0,-0.37254507447370744,4.2382076437615845,3.921727854333711,1,0.19036296699517177,0,1,0,0,0,0,0,0,0,1,0,0,0,0
0.06875893411816061,0.03817065385547802,-0.28542137143887625,-0.22471486937406465,-0.22326196699346032,1,1.4920701904730094,-0.43295155283668607,2.4102856981770526,0,0.19036296699517177,1,0,0,0,1,0,0,0,0,0,0,0,0,0
-0.5837242122463038,-0.2753884540173132,-0.24084969359843922,-0.1802334473131111,-0.1788022156189679,1,1.0777112427070723,-0.43295155283668607,-0.06298328462475146,1,0.4520374529744287,1,0,0,0,0,1,0,0,0,0,0,0,0,0
-0.30378722748590586,-0.7569689121946873,-0.44142224388040596,-0.3803998465874021,-0.37887109680418385,0,-0.7869040222396445,-0.43295155283668607,-0.8874062788920195,0,-3.7347543226936826,0,1,0,0,0,0,0,0,0,1,0,0,0,0
-0.5810632667153942,-0.28151401488678973,-0.26313553251865773,-0.20247415834358787,-0.2010320913062141,1,1.4920701904730094,-0.43295155283668607,1.7232665362876627,1,0.19036296699517177,1,0,0,0,0,0,1,0,0,0,0,0,0,0
-1.3967878383932184,-0.5520967445681556,-0.39685056603996893,-0.33591842452644854,-0.3344113454296914,0,-1.0976732330640973,-0.0992973245082382,-0.4751947817583855,0,-0.07131151898408516,1,0,0,0,1,0,0,0,0,0,0,0,0,0
0.2432863041334549,-1.519598288774345,-0.37456472711975036,-0.33591842452644854,-0.3121814697424452,0,-1.0976732330640973,0.40118401798443365,0.07442054775312656,1,-0.07131151898408516,0,1,0,0,1,0,0,0,0,0,0,0,0,1
0.22561684761399592,0.2878290244757714,-0.44142224388040596,-0.3803998465874021,-0.37887109680418385,0,1.5956599274144936,-0.0992973245082382,0.3492282125088826,1,0.4520374529744287,0,0,1,0,0,0,1,0,0,0,0,0,0,0
0.46898995906934066,-0.25502096412617514,-0.41913640496018745,-0.3581591355569253,-0.35664122111693763,0,-1.5120321808300343,-0.0992973245082382,-0.4751947817583855,1,0.19036296699517177,0,1,0,0,0,1,0,0,0,0,1,0,0,0
0.22561684761399592,0.2878290244757714,-0.3077072103590948,-0.24695558040454144,-0.24549184268070656,0,0.45617282105816664,-0.43295155283668607,-0.7500024465141415,1,0.19036296699517177,0,0,1,0,1,0,0,0,0,0,0,0,0,0
-1.8329898835000165,-1.9752315953063473,-0.32999304927931333,-0.3136777134959718,-0.3121814697424452,0,-0.6833142852981603,3.570899187104689,3.921727854333711,0,0.19036296699517177,0,0,0,1,0,0,1,0,0,0,1,0,0,0
0.5809289060388796,0.020768492294384232,-0.41913640496018745,-0.3581591355569253,-0.35664122111693763,0,1.6992496643559778,0.5680111321486576,1.1736512067761506,1,-0.07131151898408516,0,1,0,0,1,0,0,0,0,0,1,0,0,0
-1.1766985082938692,-2.7456025465273632,0.29401044048680547,-0.2691962914350182,-0.37887109680418385,1,-0.4761348114151917,-0.43295155283668607,-0.06298328462475146,1,0.4520374529744287,0,0,1,0,0,0,0,0,1,0,0,0,0,1
-0.3138519437426176,-0.11985489484871265,-0.4637080828006245,-0.40264055761787887,-0.40110097249143006,0,1.2848907165900407,0.06752978965598574,0.07442054775312656,1,-3.7347543226936826,1,0,0,0,0,0,0,0,0,1,0,0,0,0
0.4478678422129505,0.0472615430549988,0.20486708480593138,0.26458077329642443,0.2657952981259565,1,0.6633522949411351,-0.43295155283668607,0.07442054775312656,0,0.4520374529744287,0,1,0,0,0,0,1,0,0,0,0,0,1,0
-2.0797133046134615,-0.18378347555963795,0.40543963508789815,0.46474717257071546,0.46586417931117247,1,0.8705317688241037,-0.43295155283668607,-0.20038711700262946,1,-0.07131151898408516,1,0,0,0,0,0,1,0,0,0,0,0,0,0
-0.8593021559925468,2.1782617316960287,0.47229715184855375,-0.3803998465874021,-0.37887109680418385,1,-0.16536560059073893,-0.26612443867246216,1.8606703686655408,1,0.19036296699517177,0,0,0,1,0,0,0,0,1,0,0,0,0,1
-0.6930297882500482,-0.4034265979193381,-0.5082797606410615,-0.44712197967883244,-0.4455607238659225,1,0.45617282105816664,-0.43295155283668607,-0.6125986141362635,0,0.4520374529744287,1,0,0,0,0,1,0,0,0,0,1,0,0,0
1.8263617127455172,0.5834987102636031,-0.32999304927931333,-0.3136777134959718,-0.3121814697424452,0,0.5597625579996509,-0.43295155283668607,-0.4751947817583855,0,0.19036296699517177,0,1,0,0,0,0,0,0,0,1,0,0,0,0
0.4642057720268244,1.8230894825845232,-0.32999304927931333,-0.2691962914350182,-0.2677217183679528,0,-0.16536560059073893,-0.43295155283668607,-0.4751947817583855,1,0.19036296699517177,0,0,1,0,0,0,0,0,0,1,0,0,0,0
0.06834531564182653,0.033799230871285044,-0.19627801575800216,-0.13575202525215754,-0.13434246424447546,1,-1.8228013916544872,-0.43295155283668607,-1.8492331055371656,1,0.4520374529744287,1,0,0,0,0,0,0,0,0,1,0,0,0,0
0.5779784275746047,0.10248904298537721,-0.5082797606410615,-0.44712197967883244,-0.4455607238659225,1,0.04181387329222959,1.2353195888055533,2.685093362932809,1,0.19036296699517177,0,1,0,0,0,0,1,0,0,0,0,0,0,0
1.0450777728610414,0.2456461848517054,-0.44142224388040596,-0.3803998465874021,-0.37887109680418385,0,-1.0976732330640973,-0.43295155283668607,0.6240358772646386,0,0.4520374529744287,0,1,0,0,0,0,0,0,0,1,0,0,0,0
-0.24823826611877373,-0.1095667369336449,0.004294534523964612,0.06441437402213344,0.06572641694074051,1,1.5956599274144936,-0.26612443867246216,1.4484588715319067,0,-0.07131151898408516,1,0,0,0,0,0,0,0,0,1,0,0,0,0
1.6098186531196006,0.7881759736807468,-0.17399217683778362,-0.11351131422168077,-0.11211258855722923,1,0.974121505765588,-0.26612443867246216,0.3492282125088826,1,0.19036296699517177,0,0,0,0,0,0,0,0,0,1,0,0,0,0
-0.7208387371400325,-0.41662439724719946,-0.35227888819953185,-0.291437002465495,-0.289951594055199,1,1.4920701904730094,-0.43295155283668607,1.7232665362876627,1,0.19036296699517177,1,0,0,0,0,0,1,0,0,0,0,0,0,0
1.0091067527054234,0.5469820144437733,-0.5082797606410615,-0.44712197967883244,-0.4455607238659225,1,-0.579724548356676,-0.43295155283668607,-0.7500024465141415,1,0.19036296699517177,0,0,0,0,0,0,0,0,0,1,0,0,0,0
-0.2937914476420308,-0.7134774300211666,7.626051445238701,7.670737546445192,7.668343901978948,0,0.14540361023371384,1.9026280454624491,-1.0248101112698975,1,0.19036296699517177,0,1,0,0,0,0,1,0,0,0,0,0,0,0
0.23930761917956678,0.043906406305980666,-0.48599392172084305,-0.4248812686483556,-0.4233308481786763,1,-1.0976732330640973,-0.43295155283668607,1.1736512067761506,0,-0.07131151898408516,0,0,1,0,0,1,0,0,0,0,0,0,0,0
0.9667935825798065,0.21725977891307638,-0.26313553251865773,-0.20247415834358787,-0.2010320913062141,1,0.8705317688241037,-0.43295155283668607,-1.7118292731592877,0,0.4520374529744287,0,1,0,0,1,0,0,0,0,0,1,0,0,0
-1.036912189446445,0.15310845053433558,-0.32999304927931333,-0.3136777134959718,-0.3121814697424452,0,-2.547929550244877,-0.43295155283668607,-0.6125986141362635,0,0.19036296699517177,1,0,0,0,0,0,0,0,0,1,1,0,0,0
0.3816613114396716,-0.30228523492611536,5.241466680775319,5.290981466184176,5.289747203443602,0,0.8705317688241037,-0.0992973245082382,-0.6125986141362635,1,0.19036296699517177,0,1,0,0,0,0,1,0,0,0,0,0,0,0
-0.9146879296995677,0.6889418875947523,-0.4637080828006245,-0.40264055761787887,-0.40110097249143006,1,1.388480453531525,-0.26612443867246216,-0.4751947817583855,1,0.19036296699517177,1,0,0,0,0,0,1,0,0,0,0,0,0,0
-1.838270412714114,-1.8238745549125517,-0.17399217683778362,-0.11351131422168077,-0.11211258855722923,0,1.0777112427070723,-0.43295155283668607,0.4866320448867606,1,0.19036296699517177,0,0,0,1,0,0,0,0,0,0,1,0,0,0
0.3442288393345226,-0.2822936317247375,-0.1517063379175651,-0.09127060319120399,-0.08988271286998302,0,0.7669420318826194,0.5680111321486576,0.4866320448867606,0,0.19036296699517177,0,1,0,0,1,0,0,0,0,0,1,0,0,0
0.014657637418050836,-0.00802164379243241,-0.32999304927931333,-0.3136777134959718,-0.3121814697424452,0,0.3525830841166824,-0.43295155283668607,-1.0248101112698975,1,0.4520374529744287,1,0,0,0,0,0,0,0,0,1,0,0,0,0
1.1944354046532208,0.08965320861786441,-0.32999304927931333,-0.2691962914350182,-0.2677217183679528,0,-1.2012629700055815,-0.43295155283668607,0.3492282125088826,0,0.4520374529744287,0,1,0,0,1,0,0,0,0,0,0,0,0,0
0.872185249767304,0.24252771749991434,-0.41913640496018745,-0.3581591355569253,-0.35664122111693763,0,1.2848907165900407,6.073305899568048,-0.6125986141362635,1,-0.07131151898408516,0,1,0,0,0,0,1,0,0,0,0,0,0,0
-0.9088696964662653,0.12309320227374233,-0.32999304927931333,-0.3136777134959718,-0.3121814697424452,0,0.8705317688241037,-0.43295155283668607,-0.33779094938050747,0,0.4520374529744287,1,0,0,0,0,1,0,0,0,0,1,0,0,0
0.5814666100580845,-0.2790081036219859,0.33858211832724255,0.3980250394792851,0.39917455224943377,1,-0.4761348114151917,-0.43295155283668607,-0.06298328462475146,1,0.19036296699517177,0,1,0,0,0,0,0,0,0,1,0,0,0,0
0.308064797223295,1.227754574714427,-0.39685056603996893,-0.33591842452644854,-0.3344113454296914,0,1.1813009796485565,0.23435690382020968,0.21182438013100457,0,0.4520374529744287,0,0,1,0,0,0,1,0,0,0,1,0,0,0
0.22469080203199904,-1.7336389775625378,-0.28542137143887625,-0.3803998465874021,-0.4233308481786763,0,0.8705317688241037,0.5680111321486576,-0.20038711700262946,1,0.19036296699517177,0,0,1,0,0,0,0,0,0,1,0,0,0,1
0.07423248528786766,-0.6874716397842199,0.18258124588571284,0.24234006226594768,0.24356542243871027,1,-1.5120321808300343,-0.43295155283668607,0.07442054775312656,1,0.19036296699517177,0,1,0,0,0,0,1,0,0,0,0,0,0,0
0.29313317022881985,0.2850307568966877,-0.3077072103590948,-0.24695558040454144,-0.24549184268070656,1,-0.26895533753222317,-0.43295155283668607,0.3492282125088826,1,-0.07131151898408516,0,0,1,0,0,0,0,0,0,1,0,0,0,0
-0.22963922196771783,-0.7209812420863643,0.47229715184855375,0.5314693056621458,0.532553806372911,0,0.2489933471751981,0.5680111321486576,0.8988435420203946,0,0.19036296699517177,0,1,0,0,0,1,0,0,0,0,0,0,0,0
1.0273197529451623,1.0281030555561048,-0.48599392172084305,-0.4248812686483556,-0.4233308481786763,0,-0.7869040222396445,-0.43295155283668607,-1.2996177760256535,1,0.4520374529744287,0,0,0,0,0,0,1,0,0,0,0,0,0,0
0.41061460478070655,-0.4360034443615901,-0.1517063379175651,-0.09127060319120399,-0.08988271286998302,1,0.974121505765588,-0.43295155283668607,-0.20038711700262946,0,-3.9964288086729396,0,1,0,0,1,0,0,0,0,0,1,0,0,0
-0.5827315279031411,-0.24864481213005998,-0.5082797606410615,-0.44712197967883244,-0.4455607238659225,1,-0.7869040222396445,-0.43295155283668607,-0.8874062788920195,0,0.4520374529744287,1,0,0,0,0,0,1,0,0,0,1,0,0,0
0.3883619307557744,1.7449607380397754,-0.5082797606410615,-0.44712197967883244,-0.4455607238659225,1,1.2848907165900407,7.741577041210287,-0.7500024465141415,0,-0.07131151898408516,0,0,1,0,0,0,0,0,0,1,0,0,0,0
1.4933988393234192,0.7090170211716105,-0.26313553251865773,-0.20247415834358787,-0.2010320913062141,0,0.3525830841166824,-0.26612443867246216,-0.8874062788920195,0,0.4520374529744287,0,0,0,0,0,0,1,0,0,0,0,0,0,0
-0.3518772689972016,-0.7194916170567354,2.2328784265458177,2.288485477069811,2.288713985665362,0,-1.304852706947066,4.071380529597361,0.7614397096425166,1,-0.07131151898408516,0,1,0,0,0,0,0,0,0,1,0,0,0,0
-0.5614991127863886,-0.31624872936271076,0.8511564134922687,0.9095613931802509,0.9104616930560967,1,-1.304852706947066,-0.43295155283668607,-0.33779094938050747,1,-0.07131151898408516,1,0,0,0,0,0,1,0,0,0,0,0,0,0
1.3260815545553164,-0.9085371449390345,0.20486708480593138,-0.2691962914350182,-0.4455607238659225,0,0.6633522949411351,-0.43295155283668607,-2.3988484350486776,1,0.4520374529744287,0,1,0,0,0,0,0,0,0,1,0,0,0,1
0.1269412664511852,0.17556419981267823,-0.44142224388040596,-0.3803998465874021,-0.37887109680418385,0,-1.304852706947066,-0.43295155283668607,-1.2996177760256535,1,0.4520374529744287,0,0,1,0,0,0,0,0,0,1,0,0,0,0
-1.1896752800268569,-0.49777415703904426,-0.5082797606410615,-0.44712197967883244,-0.4455607238659225,1,0.45617282105816664,-0.43295155283668607,0.4866320448867606,0,0.4520374529744287,1,0,0,0,0,1,0,0,0,0,0,0,0,0
0.46522603093500414,-0.18163952925518267,2.2551642654660364,2.310726188100288,2.3109438613526083,1,-0.6833142852981603,0.06752978965598574,-1.4370216084035317,1,0.19036296699517177,0,1,0,0,0,0,0,1,0,0,0,0,0,0
-1.254806402761726,-0.5150231795783913,-0.44142224388040596,-0.3803998465874021,-0.37887109680418385,1,-1.304852706947066,-0.43295155283668607,1.5858627039097848,0,0.19036296699517177,1,0,0,0,0,0,0,1,0,0,1,0,0,0
-0.3485958957518399,0.11135718451688464,-0.48599392172084305,-0.4248812686483556,-0.4233308481786763,0,-0.37254507447370744,-0.43295155283668607,1.1736512067761506,1,-0.07131151898408516,1,0,0,0,0,0,0,0,0,1,0,0,0,0
0.3269533743076182,-0.07884148048137042,-0.5082797606410615,-0.44712197967883244,-0.4455607238659225,1,-0.06177586364925467,-0.43295155283668607,1.1736512067761506,0,0.19036296699517177,0,1,0,0,0,0,1,0,0,0,1,0,0,0
-0.29949938261497094,-0.6658790377193052,-0.12942049899734656,-0.06902989216072722,-0.0676528371827368,0,0.8705317688241037,0.06752978965598574,-0.4751947817583855,0,0.19036296699517177,0,1,0,0,0,0,0,0,0,1,0,0,0,0
-0.5614991127863886,-0.31624872936271076,0.8511564134922687,0.9095613931802509,0.9104616930560967,1,0.7669420318826194,-0.43295155283668607,-0.8874062788920195,1,0.19036296699517177,1,0,0,0,0,0,1,0,0,0,0,0,0,0
-0.3485958957518399,0.11135718451688464,-0.48599392172084305,-0.4248812686483556,-0.4233308481786763,0,0.6633522949411351,-0.43295155283668607,0.3492282125088826,1,0.4520374529744287,1,0,0,0,0,0,0,0,0,1,0,0,0,0
0.33580480970044274,-0.45429659659473726,-0.41913640496018745,-0.3581591355569253,-0.35664122111693763,1,0.5597625579996509,-0.43295155283668607,0.6240358772646386,0,0.4520374529744287,0,1,0,0,0,0,0,1,0,0,0,0,0,0
-1.8682715395284437,2.4667327909483596,-0.35227888819953185,-0.291437002465495,-0.289951594055199,1,-1.0976732330640973,-0.43295155283668607,-0.6125986141362635,1,0.4520374529744287,0,0,1,0,0,0,0,0,0,1,0,0,0,0
-1.6187217254936925,-0.28819644492620067,-0.4637080828006245,-0.40264055761787887,-0.40110097249143006,0,-0.26895533753222317,0.40118401798443365,-0.4751947817583855,0,-3.9964288086729396,1,0,0,0,0,0,0,0,0,0,1,0,0,0
0.28652906189057076,-0.33672759308775657,-0.04027714331647245,0.019932951961179893,0.021266665566248073,0,-1.0976732330640973,-0.43295155283668607,-1.2996177760256535,0,0.4520374529744287,0,1,0,0,0,0,0,0,0,1,0,0,0,0
-1.8558078361092685,2.6747095041976667,-0.24084969359843922,-0.1802334473131111,-0.1788022156189679,1,-0.994083496122613,-0.43295155283668607,1.1736512067761506,0,-0.07131151898408516,0,0,1,0,0,0,0,0,0,1,0,0,0,0
0.48885743321431796,2.525719157775944,-0.5082797606410615,-0.44712197967883244,-0.4455607238659225,1,-1.6156219177715185,-0.43295155283668607,-0.06298328462475146,0,0.4520374529744287,0,0,1,0,0,0,1,0,0,0,1,0,0,0
-0.8000880371992172,-0.37543000039968294,-0.5082797606410615,-0.44712197967883244,-0.4455607238659225,0,0.974121505765588,-0.43295155283668607,0.07442054775312656,1,-0.07131151898408516,1,0,0,0,0,0,1,0,0,0,0,0,0,0
-1.0496930003641984,1.2913351121940195,-0.41913640496018745,-0.3581591355569253,-0.35664122111693763,1,-0.8904937591811287,0.06752978965598574,-0.4751947817583855,1,0.19036296699517177,1,0,0,0,0,0,0,0,0,1,0,0,0,0
-1.5728376491893485,-0.050844882961913127,-0.12942049899734656,-0.06902989216072722,-0.0676528371827368,0,-1.40844244388855,-0.43295155283668607,0.6240358772646386,0,0.19036296699517177,1,0,0,0,0,0,0,0,0,1,0,0,0,0
0.2434024420948922,0.21254031269774856,-0.04027714331647245,0.019932951961179893,0.021266665566248073,1,1.0777112427070723,-0.43295155283668607,0.07442054775312656,1,0.4520374529744287,0,0,1,0,0,0,1,0,0,0,0,0,0,0
0.4620687432326112,-0.3141743917047199,-0.5082797606410615,-0.44712197967883244,-0.4455607238659225,0,-0.4761348114151917,-0.43295155283668607,-1.1622139436477756,1,0.4520374529744287,0,1,0,0,0,0,0,0,0,1,1,0,0,0
2.2103133773711083,0.22756502172743498,0.13800956804527578,-0.291437002465495,-0.3121814697424452,0,0.04181387329222959,-0.26612443867246216,-0.8874062788920195,1,0.4520374529744287,1,0,0,0,0,0,0,0,1,0,0,0,0,1
-0.03632773342728965,0.14011947714507597,-0.5082797606410615,-0.44712197967883244,-0.4455607238659225,0,1.0777112427070723,2.069455159626673,-0.20038711700262946,1,-3.7347543226936826,1,0,0,0,0,0,1,0,0,0,1,0,0,0
-0.9489079649721917,0.2768169366398087,-0.04027714331647245,0.019932951961179893,0.021266665566248073,0,0.6633522949411351,-0.43295155283668607,-0.20038711700262946,0,0.4520374529744287,1,0,0,0,0,0,0,0,0,0,1,0,0,0
0.2434024420948922,0.21254031269774856,-0.04027714331647245,0.019932951961179893,0.021266665566248073,1,-1.5120321808300343,-0.43295155283668607,-1.5744254407814096,1,-3.7347543226936826,0,0,1,0,0,0,0,0,0,1,0,0,0,0
0.35761629068412165,0.5266006028234215,-0.5082797606410615,-0.44712197967883244,-0.4455607238659225,1,-0.6833142852981603,-0.43295155283668607,-0.8874062788920195,0,0.4520374529744287,0,0,1,0,0,0,0,0,0,1,0,0,0,0
-2.2423948439645933,2.709525698833978,-0.3077072103590948,-0.2691962914350182,-0.4455607238659225,0,0.6633522949411351,0.06752978965598574,-1.4370216084035317,1,0.19036296699517177,0,0,0,1,1,0,0,0,0,0,0,0,0,1
0.014657637418050836,-0.00802164379243241,-0.5082797606410615,-0.44712197967883244,-0.4455607238659225,1,-0.6833142852981603,-0.43295155283668607,-0.33779094938050747,1,-0.07131151898408516,1,0,0,0,1,0,0,0,0,0,0,0,0,0
-1.5948535786682572,0.6083853288816645,0.0711520512846202,-0.291437002465495,-0.2677217183679528,1,0.14540361023371384,0.9016653604771054,0.7614397096425166,1,0.19036296699517177,0,0,0,1,0,0,1,0,0,0,0,0,0,1
-1.6962476152349981,-0.712447222056778,-0.19627801575800216,-0.13575202525215754,-0.13434246424447546,1,-1.2012629700055815,-0.43295155283668607,0.07442054775312656,0,-0.07131151898408516,1,0,0,0,0,0,0,0,0,0,1,0,0,0
0.23217959410462136,0.2602500788337155,-0.48599392172084305,-0.4248812686483556,-0.4233308481786763,0,-1.0976732330640973,-0.43295155283668607,-1.1622139436477756,1,0.19036296699517177,0,0,1,0,0,0,0,0,0,1,0,0,0,0
0.8825532862398896,-0.19152395702186495,-0.19627801575800216,-0.13575202525215754,-0.13434246424447546,1,-0.26895533753222317,3.404072072940465,0.07442054775312656,1,0.4520374529744287,0,1,0,0,0,0,1,0,0,0,0,0,0,0
0.29813795379206065,-0.3145224349358547,1.8540191649021027,1.9103933895517058,1.9108060989821767,0,-1.5120321808300343,-0.43295155283668607,0.07442054775312656,0,0.19036296699517177,0,1,0,0,0,0,0,0,0,1,0,0,0,0
-1.1755846772675584,0.11006246369664367,-0.37456472711975036,-0.3136777134959718,-0.3121814697424452,0,-0.994083496122613,-0.0992973245082382,-0.4751947817583855,0,0.4520374529744287,1,0,0,0,0,0,0,0,0,1,0,0,0,0
0.4475231601493551,-0.5119325556850277,-0.39685056603996893,-0.33591842452644854,-0.3344113454296914,0,0.45617282105816664,-0.43295155283668607,-1.4370216084035317,0,0.4520374529744287,0,1,0,0,0,0,0,0,0,1,0,0,0,0
0.047981499325365884,-0.21361774133985906,0.16029540696549432,0.2200993512354709,0.22133554675146405,1,-1.304852706947066,-0.43295155283668607,-1.2996177760256535,1,-0.07131151898408516,0,1,0,0,0,1,0,0,0,0,0,0,0,0
1.5446599558196166,0.47642669061048976,-0.48599392172084305,-0.4248812686483556,-0.4233308481786763,0,1.4920701904730094,0.06752978965598574,-0.33779094938050747,1,0.4520374529744287,0,0,0,0,0,1,0,0,0,0,0,0,0,0
0.4733743149181293,-0.5113199995980404,-0.21856385467822068,-0.15799273628263433,-0.15657233993172168,0,1.4920701904730094,-0.26612443867246216,1.8606703686655408,1,0.19036296699517177,0,1,0,0,0,0,0,0,0,1,0,0,0,0
0.4110557978221557,1.7520468982275719,-0.4637080828006245,-0.40264055761787887,-0.40110097249143006,0,-1.304852706947066,-0.43295155283668607,0.21182438013100457,1,0.4520374529744287,0,0,1,0,0,0,0,0,0,1,0,0,0,0
0.26604255553211564,-2.360626051171588,-0.48599392172084305,-0.4248812686483556,-0.40110097249143006,0,-0.8904937591811287,0.23435690382020968,1.0362473743982727,1,-3.9964288086729396,0,1,0,0,0,0,0,0,0,1,0,0,0,1
-0.02320224044603876,-0.49643767103096426,-0.24084969359843922,-0.1802334473131111,-0.1788022156189679,0,-1.5120321808300343,1.0684924746413293,0.4866320448867606,0,-0.07131151898408516,0,1,0,0,0,0,0,0,0,0,0,0,0,0
0.13608223477737502,-0.2659216781280323,-0.48599392172084305,-0.4248812686483556,-0.4233308481786763,1,0.7669420318826194,-0.43295155283668607,-0.7500024465141415,1,0.19036296699517177,0,1,0,0,0,0,0,1,0,0,0,0,0,0
0.0001258416173032382,1.9306348410322887,-0.44142224388040596,-0.3803998465874021,-0.37887109680418385,0,-0.579724548356676,0.7348382463128814,1.5858627039097848,0,-0.07131151898408516,0,0,1,0,0,0,0,0,0,0,1,0,0,0
-0.7389388834898922,-2.15568650052704,0.47229715184855375,-0.3803998465874021,-0.4455607238659225,1,0.974121505765588,0.5680111321486576,0.6240358772646386,1,0.4520374529744287,0,0,0,1,0,0,1,0,0,0,0,0,0,1
-1.0194988515942591,0.060751698697140026,-0.4637080828006245,-0.40264055761787887,-0.40110097249143006,1,-1.2012629700055815,-0.43295155283668607,0.4866320448867606,0,-0.07131151898408516,1,0,0,0,0,0,1,0,0,0,1,0,0,0
-0.250968148062324,0.11269367052476684,-0.32999304927931333,-0.3136777134959718,-0.3121814697424452,0,0.14540361023371384,-0.26612443867246216,-1.0248101112698975,0,-3.7347543226936826,1,0,0,0,0,0,0,1,0,0,1,0,0,0
1.8853437074659969,2.259911581226959,-0.44142224388040596,-0.3803998465874021,-0.37887109680418385,1,-0.4761348114151917,-0.43295155283668607,-1.1622139436477756,1,0.19036296699517177,0,0,0,0,1,0,0,0,0,0,0,0,0,0
0.4192316563703959,-0.13622684844541785,0.7842988967316131,0.8428392600888206,0.8437720659943581,0,-1.0976732330640973,-0.43295155283668607,-0.20038711700262946,1,0.4520374529744287,0,1,0,0,0,0,0,0,0,1,0,0,0,0
-0.23252076401935196,-0.7516090464339448,1.319159030816858,1.3766163248202632,1.3772890824882673,0,0.7669420318826194,-0.43295155283668607,-0.8874062788920195,0,0.19036296699517177,0,1,0,0,0,0,0,0,0,1,0,0,0,0
0.6356506304534415,0.33847627548315723,-0.41913640496018745,-0.3581591355569253,-0.35664122111693763,1,-0.16536560059073893,-0.43295155283668607,-1.0248101112698975,0,0.4520374529744287,0,0,1,0,1,0,0,0,0,0,0,0,0,0
-0.8158469011462626,0.7327396478117666,-0.5082797606410615,-0.44712197967883244,-0.4455607238659225,1,-0.26895533753222317,-0.43295155283668607,0.21182438013100457,1,0.19036296699517177,1,0,0,0,0,0,0,0,0,1,0,0,0,0
-0.5317875189054242,-0.3453173000343957,-0.32999304927931333,-0.2691962914350182,-0.2677217183679528,1,-0.6833142852981603,-0.43295155283668607,0.21182438013100457,1,0.4520374529744287,1,0,0,0,1,0,0,0,0,0,1,0,0,0
1.0273197529451623,1.0281030555561048,-0.48599392172084305,-0.4248812686483556,-0.4233308481786763,0,1.0777112427070723,-0.26612443867246216,-0.6125986141362635,1,0.4520374529744287,0,0,0,0,0,1,0,0,0,0,0,0,0,0
-1.4482144022800079,-0.5350008610505554,-0.5082797606410615,-0.44712197967883244,-0.4455607238659225,1,1.2848907165900407,-0.43295155283668607,0.21182438013100457,0,0.4520374529744287,1,0,0,0,0,0,0,0,0,1,0,0,0,0
-0.1929650504024004,-0.5641390403683091,-0.4637080828006245,-0.40264055761787887,-0.40110097249143006,0,0.45617282105816664,-0.43295155283668607,-0.6125986141362635,0,0.4520374529744287,0,1,0,0,0,0,0,0,0,1,0,0,0,0
0.32689822517748607,-0.28385286540063304,-0.35227888819953185,-0.291437002465495,-0.289951594055199,0,-0.6833142852981603,-0.43295155283668607,0.07442054775312656,1,0.4520374529744287,0,1,0,0,1,0,0,0,0,0,0,0,0,0
0.7704764664449713,-0.2319944239484865,-0.35227888819953185,-0.291437002465495,-0.289951594055199,1,1.1813009796485565,0.23435690382020968,-0.06298328462475146,1,0.4520374529744287,0,1,0,0,1,0,0,0,0,0,0,0,0,0
0.2434024420948922,0.21254031269774856,-0.04027714331647245,0.019932951961179893,0.021266665566248073,1,1.2848907165900407,-0.43295155283668607,2.685093362932809,1,0.4520374529744287,0,0,1,0,0,0,1,0,0,0,1,0,0,0
2.2367138023846724,2.7158587531639715,0.13800956804527578,-0.33591842452644854,-0.289951594055199,1,-0.7869040222396445,-0.0992973245082382,-0.20038711700262946,1,-3.7347543226936826,1,0,0,0,0,0,0,0,0,1,0,0,0,1
0.4317091470720796,-0.22216568309865917,1.3860165475775135,1.4433384579116935,1.443978709550006,1,-1.304852706947066,-0.43295155283668607,-1.2996177760256535,1,0.4520374529744287,0,1,0,0,0,0,0,0,0,1,0,0,0,0
0.15319225241368697,-0.08301799925617538,-0.32999304927931333,-0.3136777134959718,-0.3121814697424452,0,0.04181387329222959,-0.43295155283668607,-0.20038711700262946,0,0.19036296699517177,1,0,0,0,0,0,1,0,0,0,1,0,0,0
-0.2781704565203648,0.2656795532407245,-0.5082797606410615,-0.44712197967883244,-0.4455607238659225,0,0.6633522949411351,-0.43295155283668607,-0.6125986141362635,0,0.19036296699517177,1,0,0,0,1,0,0,0,0,0,0,0,0,0
1.8381084774724843,0.5989100645421863,-0.39685056603996893,-0.33591842452644854,-0.3344113454296914,1,-1.2012629700055815,-0.43295155283668607,-1.1622139436477756,1,0.19036296699517177,0,1,0,0,0,1,0,0,0,0,0,0,0,0
-0.3969616829139924,0.5811320162913324,-0.32999304927931333,-0.3136777134959718,-0.3121814697424452,0,1.388480453531525,1.568973817134001,-0.7500024465141415,0,0.4520374529744287,1,0,0,0,0,0,1,0,0,0,1,0,0,0
1.6602525326631297,0.6968215863495123,-0.32999304927931333,-0.3136777134959718,-0.3121814697424452,0,-0.579724548356676,0.9016653604771054,-0.6125986141362635,0,0.4520374529744287,0,0,0,0,1,0,0,0,0,0,0,0,0,0
-0.06263386852002155,-0.6636515610393697,0.24943876264636844,0.309062195357378,0.3102550495004489,0,0.3525830841166824,-0.43295155283668607,-1.1622139436477756,0,0.4520374529744287,0,1,0,0,0,1,0,0,0,0,0,0,0,0
1.1103881302689136,0.81213526971813,-0.1517063379175651,-0.09127060319120399,-0.08988271286998302,0,1.5956599274144936,2.236282273790897,-1.1622139436477756,1,-0.07131151898408516,0,0,0,0,0,0,0,0,0,1,0,0,0,0
-0.4877785130270433,-0.31448066974801564,-0.44142224388040596,-0.3803998465874021,-0.37887109680418385,0,-1.719211654713003,-0.43295155283668607,0.8988435420203946,1,0.4520374529744287,1,0,0,0,0,0,1,0,0,0,0,0,0,0
0.11981324137623978,0.9552506463966192,-0.12942049899734656,-0.06902989216072722,-0.0676528371827368,1,-1.5120321808300343,-0.43295155283668607,-0.4751947817583855,0,0.4520374529744287,0,0,1,0,0,0,0,0,0,1,0,0,0,0
-0.7745815644940384,-0.6674800365828419,-0.5082797606410615,-0.44712197967883244,-0.4455607238659225,0,0.974121505765588,-0.43295155283668607,-1.5744254407814096,0,0.4520374529744287,1,0,0,0,0,0,1,0,0,0,0,0,0,0
-0.44015723912231175,2.14895539911332,-0.44142224388040596,-0.3803998465874021,-0.37887109680418385,1,-0.7869040222396445,-0.43295155283668607,0.3492282125088826,0,-0.07131151898408516,0,0,1,0,0,0,1,0,0,0,0,0,0,0
-1.3196342052806234,-2.4777085690865643,-0.5082797606410615,-0.44712197967883244,-0.4455607238659225,1,0.14540361023371384,-0.43295155283668607,-0.33779094938050747,0,0.4520374529744287,0,0,0,1,0,0,1,0,0,0,1,0,0,0
0.24588415295270077,-0.1527937062515111,0.33858211832724255,0.3980250394792851,0.39917455224943377,1,-1.6156219177715185,-0.43295155283668607,-1.1622139436477756,0,0.4520374529744287,0,1,0,0,0,1,0,0,0,0,0,0,0,0
1.2310871815326951,-2.874882369710334,0.27172460156658695,-0.40264055761787887,-0.40110097249143006,0,0.6633522949411351,-0.43295155283668607,-1.2996177760256535,1,0.19036296699517177,0,0,0,0,0,0,0,0,0,1,0,0,0,1
0.29313317022881985,0.2850307568966877,-0.3077072103590948,-0.24695558040454144,-0.24549184268070656,1,0.8705317688241037,-0.43295155283668607,-1.0248101112698975,1,0.19036296699517177,0,0,1,0,0,0,1,0,0,0,0,0,0,0
1.7745077430999827,0.9563643847366858,0.24943876264636844,0.309062195357378,0.3102550495004489,1,-0.06177586364925467,2.236282273790897,1.9980742010434187,1,0.19036296699517177,0,0,0,0,0,0,1,0,0,0,0,0,1,0
0.3139381795867296,-0.6194639924035793,-0.41913640496018745,-0.3581591355569253,-0.35664122111693763,0,0.5597625579996509,0.06752978965598574,-1.0248101112698975,0,0.4520374529744287,0,1,0,0,0,0,1,0,0,0,0,1,0,0
-0.9656457259798911,-0.4944886289362927,-0.32999304927931333,-0.2691962914350182,-0.2677217183679528,1,1.802839401297462,-0.43295155283668607,-1.0248101112698975,0,-0.07131151898408516,1,0,0,0,0,1,0,0,0,0,1,0,0,0
0.20638358846597932,-0.6567881485197845,-0.5082797606410615,-0.44712197967883244,-0.4455607238659225,1,-0.7869040222396445,-0.0992973245082382,1.4484588715319067,0,0.19036296699517177,0,1,0,0,1,0,0,0,0,0,0,0,0,0
-1.2338773078609453,-0.4098862802907357,-0.48599392172084305,-0.4248812686483556,-0.4233308481786763,0,-0.16536560059073893,-0.43295155283668607,1.8606703686655408,1,-3.9964288086729396,1,0,0,0,0,0,1,0,0,0,1,0,0,0
-0.6625919293678576,-2.1728996419477205,0.3831537961676796,-0.3136777134959718,-0.4455607238659225,0,0.45617282105816664,-0.26612443867246216,0.07442054775312656,1,0.19036296699517177,0,0,0,0,0,0,0,0,1,0,0,0,0,1
0.4110557978221557,1.7520468982275719,-0.4637080828006245,-0.40264055761787887,-0.40110097249143006,0,-1.40844244388855,-0.43295155283668607,-0.8874062788920195,1,0.4520374529744287,0,0,1,0,0,0,0,0,0,1,0,0,0,1
0.08665482685941918,-0.5333998621868208,-0.3077072103590948,-0.24695558040454144,-0.24549184268070656,1,0.3525830841166824,-0.43295155283668607,-1.0248101112698975,1,0.4520374529744287,0,1,0,0,0,0,1,0,0,0,0,0,0,0
-0.26744395070167526,-0.6798982190729534,4.149460573684611,4.201186625690814,4.200483294768537,0,-0.26895533753222317,-0.43295155283668607,-0.33779094938050747,1,0.4520374529744287,0,1,0,0,0,0,0,0,0,1,0,0,0,0
0.07492184941505849,-0.504609726100202,3.5031712449982737,3.5562060058069873,3.5558168998383968,1,-0.26895533753222317,-0.43295155283668607,-0.7500024465141415,0,0.4520374529744287,0,1,0,0,0,0,1,0,0,0,0,0,0,0
-0.9475981731306466,0.9729033990843516,-0.4637080828006245,-0.40264055761787887,-0.40110097249143006,1,1.2848907165900407,0.40118401798443365,-0.4751947817583855,0,0.19036296699517177,1,0,0,0,0,0,1,0,0,0,1,0,0,0
0.6844713979394538,0.0009717933023943563,0.29401044048680547,0.35354361741833157,0.35471480087494134,1,-1.40844244388855,-0.43295155283668607,0.07442054775312656,0,-0.07131151898408516,0,1,0,0,0,0,0,0,0,1,0,0,0,0
0.4399539420330585,-0.18521741367221414,0.7620130578113946,0.8205985490583438,0.8215421903071118,0,0.8705317688241037,-0.43295155283668607,-0.4751947817583855,0,0.19036296699517177,0,1,0,0,0,0,0,0,0,1,0,0,0,0
-2.0958444251891195,1.7161845236823703,-0.26313553251865773,-0.20247415834358787,-0.2010320913062141,0,1.0777112427070723,-0.26612443867246216,-0.7500024465141415,1,0.19036296699517177,0,0,1,0,0,0,1,0,0,0,0,0,0,0
1.6712823586978889,0.9570047842821006,-0.21856385467822068,-0.15799273628263433,-0.15657233993172168,1,-1.304852706947066,-0.43295155283668607,-0.33779094938050747,1,0.19036296699517177,0,0,0,0,0,0,0,0,0,1,0,0,0,0
-0.4677869533391952,2.4513632018576157,-0.5082797606410615,-0.44712197967883244,-0.4455607238659225,1,-0.4761348114151917,-0.43295155283668607,-0.4751947817583855,0,0.4520374529744287,0,0,1,0,0,0,0,0,0,0,1,0,0,0
0.05197981126293551,0.07367106344013309,-0.32999304927931333,-0.2691962914350182,-0.2677217183679528,1,-1.5120321808300343,-0.26612443867246216,-0.6125986141362635,1,0.4520374529744287,1,0,0,0,0,0,0,0,0,1,0,0,0,0
0.46898995906934066,-0.25502096412617514,-0.41913640496018745,-0.3581591355569253,-0.35664122111693763,0,-0.06177586364925467,2.569936502119345,1.4484588715319067,1,0.4520374529744287,0,1,0,0,0,0,0,0,0,1,0,0,0,0
-2.923453634419388,-3.9024304969592767,-0.26313553251865773,-0.20247415834358787,-0.2010320913062141,0,-1.0976732330640973,-0.26612443867246216,2.272881865799175,0,-0.07131151898408516,0,0,0,1,0,0,0,1,0,0,0,0,1,0
0.26830227436822535,0.6494459417156644,-0.5082797606410615,-0.44712197967883244,-0.4455607238659225,1,0.6633522949411351,-0.43295155283668607,-0.7500024465141415,1,0.4520374529744287,0,0,1,0,0,0,0,0,0,1,0,0,0,0
1.476178523426745,0.9853633467621042,-0.3077072103590948,-0.24695558040454144,-0.24549184268070656,1,-1.6156219177715185,-0.43295155283668607,-0.4751947817583855,0,-0.07131151898408516,0,0,0,0,0,0,0,0,0,0,0,0,0,0
0.3759395891842229,-0.2778665218234917,0.0711520512846202,0.13113650711356378,0.13241604400247917,0,2.0100188751804304,-0.43295155283668607,-1.4370216084035317,1,0.4520374529744287,0,1,0,0,0,0,0,0,0,1,0,0,0,0
-0.018293967860553734,-0.4131021997472208,0.4500113129283352,0.509228594631669,0.5103239306856648,0,0.8705317688241037,-0.43295155283668607,1.4484588715319067,0,0.19036296699517177,0,1,0,0,0,0,1,0,0,0,1,0,0,0
-0.29874108207504146,-0.707254417046996,4.840321580211386,4.890648667635594,4.88960944107317,1,-0.6833142852981603,-0.43295155283668607,0.21182438013100457,0,0.19036296699517177,0,1,0,0,1,0,0,0,0,0,0,0,0,0
0.3816613114396716,-0.30228523492611536,5.241466680775319,5.290981466184176,5.289747203443602,0,0.04181387329222959,-0.43295155283668607,-0.7500024465141415,1,-0.07131151898408516,0,1,0,0,0,0,1,0,0,0,0,0,0,0
-1.858441207075063,0.4239278496129285,-0.5082797606410615,-0.44712197967883244,-0.4455607238659225,1,-0.7869040222396445,-0.43295155283668607,-0.7500024465141415,0,0.4520374529744287,1,0,0,0,0,0,1,0,0,0,1,0,0,0
-1.1552717669943837,2.04353559090709,0.36086795724746107,-0.3581591355569253,-0.3344113454296914,1,-0.37254507447370744,-0.26612443867246216,0.4866320448867606,1,0.19036296699517177,0,1,0,0,0,0,1,0,0,0,0,0,0,1
0.2323450414951158,-0.5154547531850063,-0.06256298223669098,-0.002307759069296884,-0.000963210120998147,0,-1.40844244388855,-0.43295155283668607,0.7614397096425166,1,0.19036296699517177,0,1,0,0,0,1,0,0,0,0,0,0,0,0
0.24071392199896555,0.29261809933736577,0.2271529237261499,0.28682148432690124,0.2880251738132027,0,0.45617282105816664,0.7348382463128814,-0.6125986141362635,1,0.19036296699517177,0,0,1,0,0,0,1,0,0,0,0,0,0,0
0.06860727401017472,1.3923094144362818,-0.44142224388040596,-0.3803998465874021,-0.37887109680418385,0,0.974121505765588,-0.43295155283668607,1.0362473743982727,1,0.19036296699517177,0,0,1,0,0,0,0,0,0,1,0,0,0,0
0.4755668991824162,2.494657284715686,0.20486708480593138,-0.33591842452644854,-0.3121814697424452,0,-0.16536560059073893,-0.26612443867246216,-1.0248101112698975,1,0.19036296699517177,0,0,0,1,1,0,0,0,0,0,0,0,0,1
-0.12008133692506255,-0.508490436013134,-0.28542137143887625,-0.291437002465495,-0.289951594055199,1,1.2848907165900407,-0.43295155283668607,-0.7500024465141415,1,0.19036296699517177,1,0,0,0,0,0,0,0,0,1,0,0,0,1
0.4674182088593495,-0.14501145960144501,1.118586480534891,1.1764499255459722,1.1772202013030513,0,0.5597625579996509,-0.43295155283668607,0.3492282125088826,0,0.4520374529744287,0,1,0,0,0,0,0,0,0,1,0,0,0,0
0.46063885019356215,-0.634846959362873,0.18258124588571284,-0.40264055761787887,-0.4233308481786763,1,-0.994083496122613,2.236282273790897,0.7614397096425166,1,0.4520374529744287,0,0,1,0,1,0,0,0,0,0,0,0,0,1
0.6804041495892434,0.8058148046390676,-0.17399217683778362,-0.11351131422168077,-0.11211258855722923,0,-1.5120321808300343,-0.43295155283668607,-1.0248101112698975,1,-0.07131151898408516,0,0,1,0,0,0,0,0,0,1,0,0,0,0
0.2434024420948922,0.21254031269774856,-0.04027714331647245,0.019932951961179893,0.021266665566248073,1,0.45617282105816664,-0.43295155283668607,-0.4751947817583855,1,0.4520374529744287,0,0,1,0,0,0,0,0,0,1,0,0,0,0
-0.8319090853092798,-0.6142711873935995,-0.26313553251865773,-0.20247415834358787,-0.2010320913062141,1,0.3525830841166824,-0.43295155283668607,-0.8874062788920195,1,0.19036296699517177,1,0,0,0,0,0,1,0,0,0,1,0,0,0
-0.06736290643240561,-0.4807618038967265,-0.35227888819953185,-0.291437002465495,-0.289951594055199,0,1.5956599274144936,2.069455159626673,-0.7500024465141415,0,-0.07131151898408516,0,1,0,0,0,0,1,0,0,0,1,0,0,0
-0.5495455388213034,0.1134732873627146,0.36086795724746107,0.4202657505097619,0.42140442793668,1,-1.304852706947066,0.23435690382020968,-0.8874062788920195,0,0.19036296699517177,1,0,0,0,0,0,0,0,0,1,0,0,0,0
-0.7039631033069538,-0.37882690233654015,-0.35227888819953185,-0.291437002465495,-0.289951594055199,0,0.04181387329222959,-0.43295155283668607,0.07442054775312656,0,-0.07131151898408516,1,0,0,0,0,0,0,1,0,0,1,0,0,0
0.5809289060388796,0.020768492294384232,-0.41913640496018745,-0.3581591355569253,-0.35664122111693763,0,1.2848907165900407,0.23435690382020968,-0.06298328462475146,1,0.19036296699517177,0,1,0,0,0,0,1,0,0,0,0,0,0,0
-1.2846307197548144,-3.876406393077636,-0.35227888819953185,-0.3136777134959718,-0.3121814697424452,1,1.388480453531525,-0.0992973245082382,1.0362473743982727,1,-3.7347543226936826,1,0,0,0,0,0,0,0,0,1,0,0,0,1
0.03110586549228704,-0.2154275661421954,0.004294534523964612,0.06441437402213344,0.06572641694074051,1,0.974121505765588,-0.43295155283668607,0.7614397096425166,0,0.4520374529744287,0,1,0,0,0,0,1,0,0,0,0,0,0,0
0.24071392199896555,0.29261809933736577,0.2271529237261499,0.28682148432690124,0.2880251738132027,0,-0.7869040222396445,-0.43295155283668607,0.21182438013100457,1,0.19036296699517177,0,0,1,0,0,0,0,0,0,1,0,0,0,0
-0.1524855888551228,0.6770666525453616,-0.4637080828006245,-0.40264055761787887,-0.40110097249143006,0,-1.5120321808300343,-0.43295155283668607,-0.8874062788920195,0,0.4520374529744287,0,0,1,0,0,0,1,0,0,0,1,0,0,0
-0.8157228156033918,0.2634381548317731,-0.4637080828006245,-0.40264055761787887,-0.40110097249143006,0,0.45617282105816664,-0.43295155283668607,-0.20038711700262946,1,-0.07131151898408516,1,0,0,0,0,0,1,0,0,0,1,0,0,0
0.32749107832682317,1.217034843192744,-0.37456472711975036,-0.3136777134959718,-0.3121814697424452,0,-2.3407500763619082,-0.43295155283668607,-1.7118292731592877,0,0.4520374529744287,0,0,1,0,0,0,0,0,0,1,0,0,0,0
-1.036912189446445,0.15310845053433558,-0.48599392172084305,-0.4248812686483556,-0.4233308481786763,0,-0.06177586364925467,-0.43295155283668607,1.8606703686655408,1,0.19036296699517177,1,0,0,0,1,0,0,0,0,0,0,0,0,0
0.5540850669269428,-0.40256345070591004,-0.32999304927931333,-0.2691962914350182,-0.2677217183679528,0,-0.06177586364925467,2.569936502119345,1.4484588715319067,1,0.4520374529744287,0,1,0,0,0,0,1,0,0,0,0,0,0,0
0.3450009271568627,-0.484242236209064,-0.26313553251865773,-0.20247415834358787,-0.2010320913062141,1,-0.4761348114151917,-0.43295155283668607,0.3492282125088826,1,-3.7347543226936826,0,1,0,0,0,0,1,0,0,0,0,0,0,0
0.42954454371275136,-0.4333304723458258,-0.5082797606410615,-0.44712197967883244,-0.4455607238659225,0,0.974121505765588,-0.43295155283668607,0.7614397096425166,0,0.19036296699517177,0,1,0,0,0,0,1,0,0,0,0,0,0,0
0.019855442936901148,-0.6165404292611762,-0.37456472711975036,-0.3136777134959718,-0.3121814697424452,1,-1.304852706947066,-0.43295155283668607,-0.7500024465141415,0,0.19036296699517177,0,1,0,0,0,0,0,0,0,1,0,0,0,0
-0.47614204656043835,0.600413611301029,-0.4637080828006245,-0.40264055761787887,-0.40110097249143006,1,0.2489933471751981,0.40118401798443365,0.4866320448867606,1,-0.07131151898408516,1,0,0,0,0,1,0,0,0,0,1,0,0,0
0.8756596449682753,0.23794746857692176,-0.5082797606410615,-0.44712197967883244,-0.4455607238659225,0,1.4920701904730094,-0.43295155283668607,0.07442054775312656,1,0.4520374529744287,0,1,0,0,0,0,0,0,0,1,0,0,0,0
1.2095023083813647,-3.268447516027475,-0.44142224388040596,-0.291437002465495,-0.289951594055199,1,1.5956599274144936,-0.43295155283668607,1.5858627039097848,1,0.19036296699517177,0,0,1,0,0,0,0,0,1,0,0,0,0,1
0.04103270892352141,-0.31122298510388935,-0.32999304927931333,-0.3136777134959718,-0.3121814697424452,0,1.2848907165900407,-0.43295155283668607,-1.0248101112698975,1,0.19036296699517177,0,1,0,0,0,0,1,0,0,0,0,0,0,0
-0.9831713769139352,-0.4075699767446309,0.5168688296889908,-0.291437002465495,-0.3121814697424452,0,-0.6833142852981603,0.06752978965598574,0.21182438013100457,1,-3.7347543226936826,1,0,0,0,0,0,0,0,1,0,0,0,0,1
1.4120952341652688,0.6375707066662736,-0.37456472711975036,-0.3136777134959718,-0.3121814697424452,0,-0.579724548356676,0.9016653604771054,-0.6125986141362635,0,0.4520374529744287,0,0,0,0,0,0,0,0,0,1,0,0,0,0
1.3748881358134375,-3.2163136066016795,-0.12942049899734656,-0.2691962914350182,-0.3121814697424452,1,1.5956599274144936,0.23435690382020968,0.4866320448867606,1,0.19036296699517177,1,0,0,0,0,0,1,0,0,0,0,0,0,1
1.4980865153881797,0.5752848900067241,-0.4637080828006245,-0.40264055761787887,-0.40110097249143006,1,1.2848907165900407,1.9026280454624491,0.07442054775312656,1,0.19036296699517177,0,0,0,0,0,0,1,0,0,0,1,0,0,0
0.3208042462933269,-0.28084577188274973,0.36086795724746107,0.4202657505097619,0.42140442793668,0,-0.16536560059073893,-0.43295155283668607,1.0362473743982727,0,0.19036296699517177,0,1,0,0,0,0,0,0,0,1,0,0,0,0
0.22561684761399592,0.2878290244757714,-0.17399217683778362,-0.11351131422168077,-0.11211258855722923,0,-1.5120321808300343,-0.43295155283668607,-1.1622139436477756,1,0.19036296699517177,0,0,1,0,0,0,1,0,0,0,0,0,0,0
-1.0164094796384717,-1.2014409729818565,0.5614405075294279,-0.40264055761787887,-0.3344113454296914,1,-1.2012629700055815,0.06752978965598574,0.3492282125088826,1,0.4520374529744287,0,0,0,1,1,0,0,0,0,0,0,0,0,1
-0.3138519437426176,-0.11985489484871265,-0.4637080828006245,-0.40264055761787887,-0.40110097249143006,0,-0.16536560059073893,0.40118401798443365,1.8606703686655408,1,0.4520374529744287,1,0,0,0,0,0,1,0,0,0,0,0,0,0
-0.4805953388219657,0.6290784518245264,-0.4637080828006245,-0.40264055761787887,-0.40110097249143006,1,1.2848907165900407,-0.43295155283668607,-0.4751947817583855,1,0.4520374529744287,1,0,0,0,0,0,1,0,0,0,1,0,0,0
0.6607159101172692,-0.037897674760492585,1.8763050038223212,1.9326341005821825,1.9330359746694228,0,-0.8904937591811287,-0.43295155283668607,-0.7500024465141415,1,-0.07131151898408516,0,1,0,0,0,0,1,0,0,0,0,0,0,0
2.099984122101031,1.7621401519330537,-0.3077072103590948,-0.24695558040454144,-0.24549184268070656,1,-0.37254507447370744,-0.43295155283668607,-0.7500024465141415,0,0.4520374529744287,0,0,0,0,0,0,1,0,0,0,0,0,0,0
0.24071392199896555,0.29261809933736577,0.2271529237261499,0.28682148432690124,0.2880251738132027,0,-0.8904937591811287,-0.43295155283668607,-0.4751947817583855,1,0.4520374529744287,0,0,1,0,0,0,0,0,0,1,0,0,0,0
-0.3516428851939685,2.2873930747643207,-0.5082797606410615,-0.44712197967883244,-0.4455607238659225,0,0.7669420318826194,-0.43295155283668607,-1.4370216084035317,0,0.19036296699517177,0,0,1,0,0,0,0,0,0,1,0,0,0,0
-0.0920835040326378,-0.6283878208519417,-0.48599392172084305,-0.4248812686483556,-0.4233308481786763,0,0.45617282105816664,-0.43295155283668607,-0.7500024465141415,0,0.19036296699517177,0,1,0,0,0,0,0,1,0,0,0,0,0,0
-0.5701713135062102,-0.2609376990568521,0.0711520512846202,0.13113650711356378,0.13241604400247917,1,0.2489933471751981,0.40118401798443365,0.4866320448867606,1,-0.07131151898408516,1,0,0,0,0,1,0,0,0,0,1,0,0,0
-1.9092473432473025,-0.2602137691359571,-0.39685056603996893,-0.33591842452644854,-0.3344113454296914,0,2.1136086121219146,-0.43295155283668607,-0.7500024465141415,0,-0.07131151898408516,1,0,0,0,0,0,0,0,0,1,0,0,0,0
-0.3384070939522574,2.1110882955563945,-0.10713466007712803,-0.04678918113025044,-0.045422961495490584,1,0.974121505765588,-0.43295155283668607,-0.20038711700262946,0,-0.07131151898408516,0,0,1,0,1,0,0,0,0,0,0,0,0,0
0.45043227676600633,-0.1632628466467531,1.6088749367796988,1.6657455682164612,1.6662774664224682,0,-0.579724548356676,-0.43295155283668607,0.6240358772646386,1,-3.7347543226936826,0,1,0,0,0,0,0,1,0,0,0,0,0,0
-0.5046403595776136,-0.07364867547158847,-0.48599392172084305,-0.4248812686483556,-0.4233308481786763,1,0.8705317688241037,0.40118401798443365,-0.7500024465141415,0,-3.7347543226936826,1,0,0,0,0,0,1,0,0,0,1,0,0,0
-1.3391983592096288,-0.4208287594804319,-0.39685056603996893,-0.33591842452644854,-0.3344113454296914,0,0.2489933471751981,1.4021467029697772,0.07442054775312656,0,-3.9964288086729396,1,0,0,0,1,0,0,0,0,0,1,0,0,0
1.6218687380624417,0.3957502696130991,-0.5082797606410615,-0.44712197967883244,-0.4455607238659225,1,-0.16536560059073893,-0.43295155283668607,-1.1622139436477756,1,0.19036296699517177,0,1,0,0,0,0,1,0,0,0,1,0,0,0
0.21138837202922012,-0.5304762990446157,-0.48599392172084305,-0.4248812686483556,-0.4233308481786763,0,1.4920701904730094,-0.43295155283668607,-0.6125986141362635,1,0.4520374529744287,0,1,0,0,0,0,0,0,0,1,0,0,0,0
-0.8158469011462626,0.7327396478117666,0.004294534523964612,0.06441437402213344,0.06572641694074051,1,1.2848907165900407,0.06752978965598574,0.07442054775312656,1,-3.7347543226936826,1,0,0,0,0,0,0,0,0,1,0,0,0,0
-0.5773122084629265,-3.1304066245182107,0.36086795724746107,-0.3581591355569253,-0.2677217183679528,0,1.0777112427070723,-0.43295155283668607,-0.6125986141362635,1,0.19036296699517177,0,1,0,0,1,0,0,0,0,0,0,0,0,1
0.06834531564182653,0.033799230871285044,-0.19627801575800216,-0.13575202525215754,-0.13434246424447546,1,0.5597625579996509,-0.43295155283668607,0.07442054775312656,1,0.19036296699517177,1,0,0,0,0,0,0,0,0,1,0,0,0,0
-0.012654969300352238,-0.7026741681240034,-0.32999304927931333,-0.3136777134959718,-0.3121814697424452,0,-0.994083496122613,-0.43295155283668607,0.6240358772646386,1,-3.9964288086729396,0,1,0,0,0,0,1,0,0,0,0,0,1,0
0.324044257690967,0.36089025957385873,-0.44142224388040596,-0.3803998465874021,-0.37887109680418385,0,0.04181387329222959,-0.43295155283668607,-0.6125986141362635,0,-0.07131151898408516,0,0,1,0,0,0,0,0,0,1,0,0,0,0
-0.6103612421200245,-0.2738988289876842,-0.4637080828006245,-0.40264055761787887,-0.40110097249143006,0,-0.994083496122613,-0.43295155283668607,-0.06298328462475146,0,0.4520374529744287,1,0,0,0,1,0,0,0,0,0,0,0,0,0
1.8263617127455172,0.5834987102636031,-0.44142224388040596,-0.3803998465874021,-0.37887109680418385,1,0.974121505765588,-0.26612443867246216,-0.20038711700262946,1,0.19036296699517177,0,1,0,0,0,0,0,0,0,1,0,0,0,0
0.8223304360905056,0.1983958357809789,-0.4637080828006245,-0.40264055761787887,-0.40110097249143006,0,0.8705317688241037,-0.43295155283668607,-0.8874062788920195,0,0.19036296699517177,0,1,0,0,0,0,1,0,0,0,0,0,0,1
1.3093386173696413,0.1557396573622609,-0.5082797606410615,-0.44712197967883244,-0.4455607238659225,1,2.0100188751804304,-0.43295155283668607,-1.5744254407814096,0,-0.07131151898408516,0,1,0,0,0,0,0,0,0,1,0,0,0,0
-1.5396930219551346,0.37392099815095736,-0.44142224388040596,-0.3803998465874021,-0.37887109680418385,0,0.14540361023371384,-0.43295155283668607,-0.8874062788920195,0,0.4520374529744287,1,0,0,0,0,0,1,0,0,0,1,0,0,0
0.21138837202922012,-0.5304762990446157,-0.48599392172084305,-0.4248812686483556,-0.4233308481786763,0,0.3525830841166824,-0.43295155283668607,-0.06298328462475146,1,0.4520374529744287,0,1,0,0,0,0,1,0,0,0,0,0,0,0
-1.2281693728880052,-0.33072732778159936,-0.21856385467822068,-0.15799273628263433,-0.15657233993172168,0,-0.8904937591811287,-0.0992973245082382,-0.6125986141362635,0,0.19036296699517177,1,0,0,0,0,0,0,0,0,1,0,0,0,0
-0.11592171555016763,-0.6423373935593233,-0.24084969359843922,-0.1802334473131111,-0.1788022156189679,0,-0.6833142852981603,-0.43295155283668607,-1.2996177760256535,0,0.19036296699517177,0,1,0,0,0,0,0,0,0,1,0,0,0,0
-0.3518772689972016,-0.020091783051211176,-0.48599392172084305,-0.4248812686483556,-0.4233308481786763,1,1.1813009796485565,-0.43295155283668607,-0.6125986141362635,0,0.19036296699517177,1,0,0,0,0,0,0,0,0,1,0,0,0,0
-0.8158469011462626,0.7327396478117666,-0.32999304927931333,-0.3136777134959718,-0.3121814697424452,0,0.974121505765588,1.0684924746413293,0.07442054775312656,1,0.19036296699517177,1,0,0,0,0,1,0,0,0,0,0,0,0,0
1.209311882517564,0.5723195616768777,-0.44142224388040596,-0.3803998465874021,-0.37887109680418385,0,0.7669420318826194,-0.43295155283668607,-0.33779094938050747,0,-0.07131151898408516,0,0,0,0,0,0,0,0,0,1,0,0,0,1
0.26991538642574214,-0.18744489035195186,0.6505838632103019,0.70939499390596,0.7103928118708809,0,0.7669420318826194,-0.43295155283668607,-1.2996177760256535,1,-0.07131151898408516,0,1,0,0,0,0,0,0,0,1,0,0,0,0
2.019248942784135,1.0453128256326831,-0.41913640496018745,-0.3136777134959718,-0.289951594055199,0,-0.16536560059073893,1.568973817134001,1.4484588715319067,1,0.19036296699517177,0,0,0,1,0,0,1,0,0,0,0,0,0,1
-0.2969349480619151,-0.7410981408510615,0.18258124588571284,0.24234006226594768,0.24356542243871027,1,-0.7869040222396445,0.7348382463128814,-1.1622139436477756,1,0.4520374529744287,0,1,0,0,0,0,0,0,0,1,0,0,0,0
-2.40319008506111,-0.7714058898380138,-0.48599392172084305,-0.3581591355569253,-0.4455607238659225,1,0.04181387329222959,-0.26612443867246216,-0.4751947817583855,1,0.4520374529744287,1,0,0,0,0,0,0,0,0,1,0,0,0,1
0.172025680367976,-0.385996592899619,0.40543963508789815,0.46474717257071546,0.46586417931117247,0,-0.26895533753222317,1.568973817134001,-0.06298328462475146,1,0.19036296699517177,0,1,0,0,0,0,0,0,0,1,0,0,0,0
0.6375946372920452,0.6188599025559229,-0.04027714331647245,0.019932951961179893,0.021266665566248073,1,0.45617282105816664,-0.43295155283668607,0.4866320448867606,0,0.4520374529744287,0,0,1,0,0,0,1,0,0,0,1,0,0,0
-0.053630773019211125,-0.6838380684503335,-0.4637080828006245,-0.40264055761787887,-0.40110097249143006,0,-0.8904937591811287,-0.43295155283668607,0.3492282125088826,0,0.4520374529744287,0,1,0,0,1,0,0,0,0,0,1,0,0,0
0.2399142596114124,0.2931192815904452,-0.17399217683778362,-0.11351131422168077,-0.11211258855722923,0,0.7669420318826194,-0.43295155283668607,-0.33779094938050747,1,-3.7347543226936826,0,0,1,0,0,0,1,0,0,0,0,0,0,0
-0.1263311138703768,-0.4492847740651296,-0.44142224388040596,-0.3803998465874021,-0.37887109680418385,0,-0.579724548356676,-0.43295155283668607,-0.06298328462475146,1,0.19036296699517177,0,1,0,0,0,0,0,0,0,1,0,0,0,0
1.5494027810145092,0.5015414901753831,-0.5082797606410615,-0.44712197967883244,-0.4455607238659225,1,-0.4761348114151917,-0.43295155283668607,-1.1622139436477756,1,0.4520374529744287,0,0,0,0,0,1,0,0,0,0,0,0,0,0
-1.775689937249792,-0.38776465251431413,0.2271529237261499,0.28682148432690124,0.2880251738132027,1,-1.2012629700055815,-0.43295155283668607,3.372112524822199,0,0.4520374529744287,1,0,0,0,0,0,0,0,0,1,0,0,0,1
0.29023784089467713,-0.37235329823573093,-0.41913640496018745,-0.3581591355569253,-0.35664122111693763,0,1.9064291382389462,0.9016653604771054,-0.7500024465141415,1,0.19036296699517177,0,1,0,0,0,0,1,0,0,0,0,0,0,0
-2.597673935202368,-3.857421546297502,-0.32999304927931333,-0.3136777134959718,-0.3121814697424452,0,0.8705317688241037,-0.43295155283668607,-0.4751947817583855,0,0.4520374529744287,0,0,0,1,0,0,1,0,0,0,1,0,0,0
-1.1861733102608687,0.680644536962393,-0.5082797606410615,-0.44712197967883244,-0.4455607238659225,0,0.7669420318826194,-0.43295155283668607,1.1736512067761506,0,-3.7347543226936826,1,0,0,0,0,0,1,0,0,0,1,0,0,0
1.2783034443645251,1.0130397445088541,-0.39685056603996893,-0.33591842452644854,-0.3344113454296914,1,1.4920701904730094,-0.43295155283668607,0.8988435420203946,1,0.19036296699517177,0,0,0,0,0,0,0,0,0,1,0,0,0,0
-0.37079342064663995,-0.049424866578550664,-0.37456472711975036,-0.3136777134959718,-0.3121814697424452,0,0.7669420318826194,2.403109387955121,-1.2996177760256535,1,-0.07131151898408516,1,0,0,0,0,0,0,0,0,1,0,0,0,0
-0.9723049834482723,-0.5248936856158598,-0.1517063379175651,-0.09127060319120399,-0.08988271286998302,0,-0.37254507447370744,-0.43295155283668607,-0.6125986141362635,0,0.4520374529744287,1,0,0,0,1,0,0,0,0,0,0,0,0,0
-1.7117583080963017,-0.06366679560021218,-0.26313553251865773,-0.20247415834358787,-0.2010320913062141,0,-1.40844244388855,0.06752978965598574,0.21182438013100457,0,0.19036296699517177,1,0,0,0,0,0,0,0,0,1,0,0,0,0
-0.7713685675497768,-3.0714467663938345,0.5614405075294279,-0.291437002465495,-0.37887109680418385,1,1.388480453531525,-0.0992973245082382,-0.06298328462475146,1,0.4520374529744287,0,1,0,0,0,0,0,0,1,0,0,0,0,1
0.4059407159985526,-0.22533983736750302,0.4500113129283352,0.509228594631669,0.5103239306856648,0,-0.6833142852981603,-0.43295155283668607,-0.8874062788920195,1,0.4520374529744287,0,1,0,0,1,0,0,0,0,0,0,0,0,0
-0.5859715393008792,-0.43889916404536783,-0.32999304927931333,-0.2691962914350182,-0.2677217183679528,1,-1.9263911285959714,-0.43295155283668607,0.3492282125088826,0,0.19036296699517177,1,0,0,0,0,0,0,0,0,1,0,0,0,0
0.14060446345164102,-0.39152351941151986,5.3528958753764115,5.40218502133656,5.400896581879833,0,0.45617282105816664,-0.43295155283668607,-0.4751947817583855,1,0.4520374529744287,0,1,0,0,0,0,1,0,0,0,1,0,0,0
0.1565563493542959,-0.20789591061857016,2.6785952049501884,2.7332996976793464,2.7333114994102865,0,0.7669420318826194,-0.43295155283668607,-0.7500024465141415,1,0.19036296699517177,0,1,0,0,0,0,1,0,0,0,0,0,0,0
0.19953130904189062,-0.6739814841420786,0.2271529237261499,0.28682148432690124,0.2880251738132027,1,0.5597625579996509,-0.43295155283668607,0.6240358772646386,0,0.4520374529744287,0,1,0,0,0,0,0,0,0,1,0,0,0,0
-1.0036488718065935,-0.7490041018263203,-0.37456472711975036,-0.40264055761787887,-0.3121814697424452,1,-0.37254507447370744,-0.26612443867246216,0.8988435420203946,1,0.4520374529744287,1,0,0,0,0,0,1,0,0,0,0,0,0,1
-0.9883120184811574,-0.5015747891238912,-0.48599392172084305,-0.4248812686483556,-0.4233308481786763,0,-0.7869040222396445,-0.43295155283668607,-0.33779094938050747,1,0.4520374529744287,1,0,0,0,0,1,0,0,0,0,0,0,0,0
2.1321636395571977,0.8550002740754498,-0.48599392172084305,-0.4248812686483556,-0.4233308481786763,0,-0.8904937591811287,-0.43295155283668607,-0.6125986141362635,0,-0.07131151898408516,0,0,0,0,0,0,0,0,0,1,0,0,0,0
-0.6907686739129641,0.09715702068306219,-0.19627801575800216,-0.13575202525215754,-0.13434246424447546,0,0.3525830841166824,-0.43295155283668607,1.0362473743982727,1,0.4520374529744287,1,0,0,0,0,0,0,0,0,1,0,0,0,0
0.06834531564182653,0.033799230871285044,-0.19627801575800216,-0.13575202525215754,-0.13434246424447546,1,0.974121505765588,-0.43295155283668607,0.07442054775312656,1,0.4520374529744287,1,0,0,0,0,0,0,0,0,1,0,0,0,0
-0.43986770618884846,0.25935908816186,-0.5082797606410615,-0.44712197967883244,-0.4455607238659225,0,0.2489933471751981,-0.43295155283668607,0.21182438013100457,0,0.19036296699517177,1,0,0,0,0,0,1,0,0,0,1,0,0,0
0.24071392199896555,0.29261809933736577,0.2271529237261499,0.28682148432690124,0.2880251738132027,0,1.2848907165900407,0.06752978965598574,-1.7118292731592877,1,0.19036296699517177,0,0,1,0,0,0,0,0,0,1,0,0,0,0
0.8108826990311541,0.8183966331321899,0.33858211832724255,-0.3803998465874021,-0.289951594055199,0,-1.0976732330640973,-0.26612443867246216,-0.7500024465141415,1,0.4520374529744287,0,0,0,1,0,0,0,0,1,0,0,0,0,1
0.17635488708653452,0.02427676806514917,-0.48599392172084305,-0.4248812686483556,-0.4233308481786763,0,-1.2012629700055815,-0.43295155283668607,0.21182438013100457,1,0.4520374529744287,0,0,1,0,0,0,0,0,0,1,0,0,0,0
-0.7127042404394159,-0.4225968190949292,0.16029540696549432,0.2200993512354709,0.22133554675146405,1,1.2848907165900407,-0.43295155283668607,0.07442054775312656,1,0.19036296699517177,1,0,0,0,0,0,0,0,0,1,0,0,0,0
-2.859394667924807,-1.379521925905218,-0.5082797606410615,-0.44712197967883244,-0.37887109680418385,0,0.04181387329222959,0.06752978965598574,-0.20038711700262946,1,0.19036296699517177,0,0,0,0,0,0,0,0,0,1,0,0,0,1
1.4980865153881797,0.5752848900067241,-0.35227888819953185,-0.291437002465495,-0.289951594055199,0,0.974121505765588,1.0684924746413293,-0.6125986141362635,1,0.19036296699517177,0,0,0,0,0,0,0,0,0,1,0,0,0,0
-1.2947757348549138,-2.211413732013713,-0.48599392172084305,-0.4248812686483556,-0.4233308481786763,0,1.388480453531525,-0.43295155283668607,-0.06298328462475146,0,0.4520374529744287,0,0,0,1,0,0,0,0,0,1,0,0,0,0
-0.4494657629149897,0.4223122929662269,0.3831537961676796,-0.40264055761787887,-0.4233308481786763,1,-1.304852706947066,-0.43295155283668607,-1.4370216084035317,1,0.4520374529744287,0,1,0,0,0,0,0,0,0,1,0,0,0,1
0.29023784089467713,-0.37235329823573093,-0.41913640496018745,-0.3581591355569253,-0.35664122111693763,0,1.1813009796485565,-0.43295155283668607,-1.0248101112698975,1,0.19036296699517177,0,1,0,0,0,0,1,0,0,0,1,0,0,0
0.48207409020296793,0.49036234158865766,-0.35227888819953185,-0.291437002465495,-0.289951594055199,0,-0.994083496122613,-0.43295155283668607,-0.4751947817583855,1,0.4520374529744287,0,0,1,0,0,0,0,1,0,0,0,0,0,0
0.4387926499065988,0.5048771195962424,-0.0848488211569095,-0.33591842452644854,-0.35664122111693763,1,1.2848907165900407,1.9026280454624491,0.07442054775312656,1,-0.07131151898408516,1,0,0,0,0,0,0,0,0,1,0,0,0,1
-0.14429594302437404,-0.5035795181358135,0.09343789020483872,0.15337721814404057,0.15464591968972538,0,-0.06177586364925467,-0.43295155283668607,0.07442054775312656,1,0.19036296699517177,0,1,0,0,0,0,1,0,0,0,0,0,0,0
-2.559533694092054,0.46204919274255496,-0.4637080828006245,-0.33591842452644854,-0.3344113454296914,1,1.6992496643559778,-0.26612443867246216,0.3492282125088826,1,0.4520374529744287,0,0,1,0,0,0,1,0,0,0,0,0,0,1
0.8045586288921178,-0.2010603415574124,-0.4637080828006245,-0.40264055761787887,-0.40110097249143006,1,0.8705317688241037,1.0684924746413293,-0.8874062788920195,0,0.19036296699517177,0,1,0,0,0,0,1,0,0,0,0,0,0,0
1.5058073936124623,0.24062044059288398,0.8288705745720502,0.8873206821497741,0.8882318173688505,0,0.6633522949411351,-0.43295155283668607,-0.6125986141362635,1,0.4520374529744287,0,1,0,0,0,0,1,0,0,0,0,0,0,0
0.26889512751756245,-0.18493897908714801,2.4334509768277846,2.488651876344102,2.488782866850578,0,1.4920701904730094,-0.43295155283668607,-0.33779094938050747,1,0.4520374529744287,0,1,0,0,1,0,0,0,0,0,1,0,0,0
-1.842820215953397,-0.14895130897882505,-0.4637080828006245,-0.40264055761787887,-0.40110097249143006,0,-0.37254507447370744,0.06752978965598574,1.0362473743982727,1,0.4520374529744287,1,0,0,0,0,0,1,0,0,0,0,0,0,0
0.4019286167784744,-0.09407185227977931,-0.28542137143887625,-0.22471486937406465,-0.22326196699346032,1,1.802839401297462,-0.43295155283668607,-1.0248101112698975,0,0.4520374529744287,0,1,0,0,0,0,0,0,0,1,0,0,0,0
0.4102285608695855,-0.14377242569825682,0.8734422524124873,0.9318021042107276,0.9326915687433429,0,0.5597625579996509,-0.43295155283668607,-0.20038711700262946,0,0.4520374529744287,0,1,0,0,0,0,0,0,0,1,0,0,0,0
-2.2111089110152364,2.2336333320279875,0.47229715184855375,-0.2691962914350182,-0.35664122111693763,0,1.1813009796485565,-0.26612443867246216,0.21182438013100457,1,-0.07131151898408516,0,0,0,1,0,0,0,0,1,0,0,0,0,1
0.137778070530237,-0.5849937907833128,10.300352115664925,10.339622870102405,10.335928984448493,0,0.7669420318826194,-0.43295155283668607,0.8988435420203946,1,-3.7347543226936826,0,1,0,0,1,0,0,0,0,0,0,0,0,0
-1.4434164279548851,-0.7086744334303585,-0.5082797606410615,-0.44712197967883244,-0.4455607238659225,1,-0.579724548356676,-0.43295155283668607,0.6240358772646386,0,0.4520374529744287,1,0,0,0,0,0,1,0,0,0,1,0,0,0
-0.4877785130270433,-0.31448066974801564,-0.44142224388040596,-0.3803998465874021,-0.37887109680418385,0,-1.8228013916544872,-0.43295155283668607,-1.1622139436477756,1,0.19036296699517177,1,0,0,0,0,0,1,0,0,0,0,0,0,0
-0.2996924045705805,0.25476491750965363,-0.5082797606410615,-0.44712197967883244,-0.4455607238659225,1,0.5597625579996509,1.4021467029697772,-0.6125986141362635,1,0.19036296699517177,1,0,0,0,0,1,0,0,0,0,0,0,0,0
-0.5837242122463038,-0.2753884540173132,-0.24084969359843922,-0.1802334473131111,-0.1788022156189679,1,1.1813009796485565,-0.43295155283668607,-0.06298328462475146,1,0.19036296699517177,1,0,0,0,0,0,0,0,0,1,0,0,0,0
-0.4877785130270433,-0.31448066974801564,-0.44142224388040596,-0.3803998465874021,-0.37887109680418385,0,1.2848907165900407,-0.43295155283668607,-0.8874062788920195,1,0.19036296699517177,1,0,0,0,0,0,1,0,0,0,0,0,0,0
0.4490673357941332,-0.2076870846799684,-0.41913640496018745,-0.3581591355569253,-0.35664122111693763,0,1.0777112427070723,-0.43295155283668607,0.4866320448867606,1,0.4520374529744287,0,1,0,0,0,0,1,0,0,0,0,0,0,0
-0.4174220102083068,0.5612239434654347,-0.41913640496018745,-0.3581591355569253,-0.35664122111693763,0,-0.37254507447370744,-0.43295155283668607,0.6240358772646386,0,0.19036296699517177,1,0,0,0,0,0,1,0,0,0,1,0,0,0
-2.0958444251891195,1.7161845236823703,-0.3077072103590948,-0.24695558040454144,-0.24549184268070656,0,0.3525830841166824,-0.43295155283668607,-1.4370216084035317,1,0.4520374529744287,0,0,1,0,0,0,0,0,0,1,0,0,0,0
-0.26744395070167526,-0.6798982190729534,4.149460573684611,4.201186625690814,4.200483294768537,0,-1.9263911285959714,-0.43295155283668607,-0.20038711700262946,1,0.4520374529744287,0,1,0,0,0,0,1,0,0,0,0,0,0,0
0.5956123619475151,-0.2994591238886042,0.29401044048680547,0.35354361741833157,0.35471480087494134,0,-0.8904937591811287,-0.43295155283668607,-0.4751947817583855,1,-0.07131151898408516,0,1,0,0,0,0,1,0,0,0,0,0,1,0
0.32951780886067406,-0.3750123485222816,3.2357411779556515,3.2893174734412662,3.289058391591442,0,-0.7869040222396445,-0.43295155283668607,3.5095163572000767,0,0.4520374529744287,0,1,0,0,0,0,0,0,0,1,0,0,0,0
-0.9508106099631717,0.44536731265609636,-0.44142224388040596,-0.3803998465874021,-0.37887109680418385,1,1.388480453531525,-0.43295155283668607,-0.7500024465141415,1,0.4520374529744287,1,0,0,0,0,0,0,0,0,1,1,0,0,0
0.4642057720268244,1.8230894825845232,-0.32999304927931333,-0.2691962914350182,-0.2677217183679528,0,0.8705317688241037,-0.43295155283668607,0.21182438013100457,1,-3.7347543226936826,0,0,1,0,0,0,1,0,0,0,1,0,0,0
1.7745077430999827,0.9563643847366858,0.24943876264636844,0.309062195357378,0.3102550495004489,1,0.2489933471751981,2.069455159626673,2.135478033421297,1,0.19036296699517177,0,0,0,0,0,0,0,0,0,1,0,0,0,0
-0.6264923626957803,0.12923268487243258,-0.32999304927931333,-0.3136777134959718,-0.3121814697424452,0,0.7669420318826194,0.40118401798443365,-0.6125986141362635,0,0.19036296699517177,1,0,0,0,0,1,0,0,0,0,0,0,0,0
0.1652859771760211,1.5090828910300265,0.004294534523964612,-0.44712197967883244,-0.35664122111693763,1,0.7669420318826194,-0.26612443867246216,-0.6125986141362635,1,-0.07131151898408516,0,0,0,1,0,0,0,0,0,1,0,0,0,1
-1.2191767820169657,-3.0859273147256716,-0.12942049899734656,-0.3803998465874021,-0.3344113454296914,1,2.1136086121219146,-0.0992973245082382,1.3110550391540288,1,-0.07131151898408516,0,1,0,0,0,0,0,0,1,0,0,0,0,1
1.4855400882737575,0.5497106733765904,-0.37456472711975036,-0.3136777134959718,-0.3121814697424452,0,1.0777112427070723,-0.43295155283668607,-1.1622139436477756,1,0.4520374529744287,0,0,0,0,0,0,0,0,0,1,0,0,0,0
0.41013204989173174,-0.4409735017035566,-0.35227888819953185,-0.291437002465495,-0.289951594055199,0,-0.37254507447370744,-0.43295155283668607,0.8988435420203946,0,-0.07131151898408516,0,1,0,0,0,0,0,0,0,1,0,0,0,0
2.188536270616225,2.125779492335386,-0.35227888819953185,-0.3803998465874021,-0.3344113454296914,0,-0.16536560059073893,-0.43295155283668607,-0.4751947817583855,1,0.19036296699517177,0,0,1,0,0,0,0,0,0,1,0,0,0,1
0.3245819617101719,-0.25596764171508346,-0.44142224388040596,-0.3803998465874021,-0.37887109680418385,0,-0.16536560059073893,0.40118401798443365,0.7614397096425166,1,0.4520374529744287,0,1,0,0,0,0,1,0,0,0,0,0,0,0
0.6199193410715111,-0.3853561933542043,0.18258124588571284,0.24234006226594768,0.24356542243871027,0,-0.994083496122613,-0.43295155283668607,-0.33779094938050747,0,0.4520374529744287,0,1,0,0,0,0,0,0,0,1,0,0,0,0
1.4925853896533576,1.0794742364845833,-0.48599392172084305,-0.4248812686483556,-0.4233308481786763,1,1.1813009796485565,-0.43295155283668607,-1.1622139436477756,0,0.19036296699517177,0,0,0,0,0,0,0,0,0,1,0,0,0,0
-0.8158469011462626,0.7327396478117666,-0.32999304927931333,-0.2691962914350182,-0.2677217183679528,1,-1.719211654713003,-0.43295155283668607,-0.4751947817583855,1,0.19036296699517177,1,0,0,0,0,0,0,0,0,1,0,0,0,0
0.24564976914946765,-0.31448066974801564,1.8094474870616657,1.8659119674907523,1.866346347607684,0,0.6633522949411351,-0.43295155283668607,-0.4751947817583855,0,0.4520374529744287,0,1,0,0,0,0,1,0,0,0,0,0,0,0
0.6804041495892434,0.8058148046390676,-0.17399217683778362,-0.11351131422168077,-0.11211258855722923,0,-0.8904937591811287,-0.43295155283668607,0.3492282125088826,1,0.4520374529744287,0,0,1,0,0,0,1,0,0,0,0,0,0,0
0.6044086482102075,-0.058181634276150355,-0.39685056603996893,-0.33591842452644854,-0.3344113454296914,0,-0.37254507447370744,-0.43295155283668607,-0.7500024465141415,0,0.4520374529744287,0,1,0,0,0,0,1,0,0,0,0,0,0,0
-0.5121406412811715,-0.4049023012195555,2.8123102384714995,2.8667439638622074,2.866690753533764,0,1.1813009796485565,0.06752978965598574,0.21182438013100457,0,0.4520374529744287,1,0,0,0,1,0,0,0,0,0,0,0,0,0
1.5669254716198047,-3.8880871095969782,0.20486708480593138,-0.3803998465874021,-0.4233308481786763,0,-0.26895533753222317,0.23435690382020968,-1.0248101112698975,1,0.19036296699517177,0,0,0,1,1,0,0,0,0,0,0,0,0,1
0.029906371911006358,0.9952895397164278,-0.12942049899734656,-0.06902989216072722,-0.0676528371827368,0,-0.4761348114151917,-0.43295155283668607,-1.2996177760256535,0,0.19036296699517177,0,0,1,0,0,0,0,0,0,1,0,0,0,0
-0.5711502105667663,-0.2727850906476175,-0.32999304927931333,-0.3136777134959718,-0.3121814697424452,0,0.45617282105816664,-0.43295155283668607,-1.0248101112698975,1,0.4520374529744287,1,0,0,0,0,0,0,1,0,0,1,0,0,0
-0.2969349480619151,-0.7410981408510615,0.18258124588571284,0.24234006226594768,0.24356542243871027,1,-0.7869040222396445,-0.0992973245082382,1.4484588715319067,1,0.19036296699517177,0,1,0,0,0,0,1,0,0,0,1,0,0,0
1.3344454806588877,-0.2781408493913057,-0.24084969359843922,-0.44712197967883244,-0.289951594055199,1,0.5597625579996509,0.06752978965598574,0.3492282125088826,1,0.19036296699517177,0,1,0,0,0,0,0,0,0,1,0,0,0,1
0.4486123554702735,2.3297847403271863,-0.35227888819953185,-0.291437002465495,-0.289951594055199,0,-0.16536560059073893,-0.43295155283668607,-0.4751947817583855,0,-3.9964288086729396,0,0,1,0,1,0,0,0,0,0,1,0,0,0
-0.012654969300352238,-0.7026741681240034,-0.5082797606410615,-0.44712197967883244,-0.4455607238659225,1,1.2848907165900407,-0.43295155283668607,-0.8874062788920195,1,-3.7347543226936826,0,1,0,0,1,0,0,0,0,0,0,0,0,0
-0.7169920853103509,-0.3691930656962987,-0.5082797606410615,-0.44712197967883244,-0.4455607238659225,0,-1.40844244388855,-0.43295155283668607,0.8988435420203946,0,0.19036296699517177,1,0,0,0,0,0,0,0,0,1,0,0,0,0
0.23551669028063216,-2.0207488084988667,-0.28542137143887625,-0.40264055761787887,-0.4455607238659225,1,0.8705317688241037,-0.43295155283668607,0.7614397096425166,1,0.4520374529744287,0,1,0,0,0,0,0,0,0,1,0,0,0,1
0.5779784275746047,0.10248904298537721,-0.4637080828006245,-0.40264055761787887,-0.40110097249143006,0,-1.2012629700055815,-0.43295155283668607,1.4484588715319067,1,0.19036296699517177,0,1,0,0,1,0,0,0,0,0,0,0,0,0
0.6607159101172692,-0.037897674760492585,1.8763050038223212,1.9326341005821825,1.9330359746694228,0,1.4920701904730094,-0.26612443867246216,-1.2996177760256535,1,0.19036296699517177,0,1,0,0,0,0,1,0,0,0,0,0,0,0
0.001022014982612123,-0.4964794362188033,-0.0848488211569095,-0.02454847009977366,-0.023193085808244366,1,-0.579724548356676,0.06752978965598574,0.8988435420203946,0,-0.07131151898408516,0,1,0,0,0,0,0,1,0,0,1,0,0,0
0.30142560309202926,-0.07092765562962508,-0.37456472711975036,-0.3581591355569253,-0.289951594055199,1,-0.16536560059073893,1.4021467029697772,2.4102856981770526,1,0.4520374529744287,0,0,0,1,0,0,1,0,0,0,0,0,0,1
0.8756596449682753,0.23794746857692176,-0.5082797606410615,-0.44712197967883244,-0.4455607238659225,0,-2.237160339420424,-0.43295155283668607,-1.5744254407814096,1,0.4520374529744287,0,1,0,0,0,0,0,1,0,0,1,0,0,0
0.1536885945852683,0.7298717715864164,-0.39685056603996893,-0.33591842452644854,-0.3344113454296914,0,-0.579724548356676,-0.26612443867246216,-0.06298328462475146,1,0.4520374529744287,0,0,1,0,0,0,0,0,0,1,0,0,0,0
-1.104070042715165,-0.18609448261485592,-0.5082797606410615,-0.44712197967883244,-0.4455607238659225,1,-0.8904937591811287,-0.43295155283668607,0.4866320448867606,0,0.4520374529744287,1,0,0,0,0,0,0,0,0,1,0,0,0,0
-0.8497360416377996,-0.369568952385861,0.18258124588571284,0.24234006226594768,0.24356542243871027,0,0.974121505765588,-0.43295155283668607,0.21182438013100457,1,0.4520374529744287,1,0,0,0,0,0,0,0,0,1,0,0,0,0
0.08067229318450622,1.9988212855135539,0.47229715184855375,-0.40264055761787887,-0.2677217183679528,1,-0.26895533753222317,0.40118401798443365,1.1736512067761506,1,0.19036296699517177,0,1,0,0,1,0,0,0,0,0,0,0,0,1
-0.3231859340244169,-0.6193804620279012,2.0100200373436325,2.0660783667650433,2.0664152287929003,0,0.7669420318826194,-0.43295155283668607,-0.8874062788920195,0,0.19036296699517177,0,1,0,0,0,1,0,0,0,0,0,0,0,0
0.10412331384193306,0.26657054391277785,-0.44142224388040596,-0.3803998465874021,-0.37887109680418385,0,-0.6833142852981603,0.40118401798443365,0.7614397096425166,1,0.19036296699517177,0,0,1,0,0,1,0,0,0,0,0,0,0,0
0.34103018978440813,-0.5902283609807359,-0.17399217683778362,-0.11351131422168077,-0.11211258855722923,0,1.1813009796485565,-0.43295155283668607,-0.7500024465141415,0,0.4520374529744287,0,1,0,0,0,0,1,0,0,0,0,0,0,0
-2.0797133046134615,-0.18378347555963795,0.40543963508789815,0.46474717257071546,0.46586417931117247,1,-1.304852706947066,-0.43295155283668607,1.0362473743982727,1,0.19036296699517177,1,0,0,0,0,0,0,0,0,1,0,0,0,0
0.8825532862398896,-0.19152395702186495,-0.19627801575800216,-0.13575202525215754,-0.13434246424447546,1,-1.304852706947066,0.40118401798443365,0.3492282125088826,1,-3.7347543226936826,0,1,0,0,0,0,0,0,0,1,0,0,0,0
-1.174647142054626,-0.048673093199030376,-0.44142224388040596,-0.3803998465874021,-0.37887109680418385,0,-0.37254507447370744,5.239170328746928,1.5858627039097848,0,0.19036296699517177,1,0,0,0,0,0,0,1,0,0,1,0,0,0
-0.6419892682744776,1.7707855457965478,-0.48599392172084305,-0.4248812686483556,-0.4233308481786763,0,1.1813009796485565,-0.43295155283668607,0.07442054775312656,0,0.19036296699517177,0,0,1,0,0,0,1,0,0,0,1,0,0,0
2.1026277730919367,-0.9537864756690277,0.18258124588571284,-0.4248812686483556,-0.3121814697424452,0,1.1813009796485565,-0.43295155283668607,-2.124040770292922,1,0.19036296699517177,0,0,1,0,0,0,0,0,1,0,0,0,0,1
-0.710057082191113,-0.38795955672370214,-0.5082797606410615,-0.44712197967883244,-0.4455607238659225,0,-1.5120321808300343,1.2353195888055533,0.6240358772646386,0,-0.07131151898408516,1,0,0,0,0,0,0,0,0,0,1,0,0,0
0.872185249767304,0.24252771749991434,-0.41913640496018745,-0.3581591355569253,-0.35664122111693763,0,1.0777112427070723,-0.43295155283668607,-0.8874062788920195,1,-0.07131151898408516,0,1,0,0,0,0,1,0,0,0,0,0,0,0
-0.709877847518012,-0.30635037986681474,0.13800956804527578,0.1978586402049941,0.1991056710642178,1,0.5597625579996509,-0.26612443867246216,-1.0248101112698975,1,-0.07131151898408516,1,0,0,0,0,0,0,0,0,1,0,0,0,0
0.030912843536677528,-0.4707103153790837,-0.44142224388040596,-0.3803998465874021,-0.37887109680418385,1,1.2848907165900407,-0.43295155283668607,0.6240358772646386,1,-0.07131151898408516,0,1,0,0,0,0,0,0,0,1,0,0,0,0
0.8861655542662402,0.1872862958403222,-0.39685056603996893,-0.33591842452644854,-0.3344113454296914,0,1.4920701904730094,-0.43295155283668607,2.272881865799175,0,0.19036296699517177,0,1,0,0,0,0,0,0,0,1,0,0,0,1
-1.320268420277584,-0.46908147305692166,-0.5082797606410615,-0.44712197967883244,-0.4455607238659225,1,-0.8904937591811287,0.5680111321486576,0.6240358772646386,0,0.19036296699517177,1,0,0,0,1,0,0,0,0,0,0,0,0,1
0.6255583396317127,-0.38083163134826453,0.27172460156658695,0.33130290638785476,0.3324849251876951,1,-0.06177586364925467,-0.0992973245082382,-0.33779094938050747,0,0.19036296699517177,0,1,0,0,0,0,0,0,0,1,0,0,0,0
2.1196991396949776,2.122963143952481,-0.1517063379175651,-0.291437002465495,-0.40110097249143006,1,2.2171983490633993,0.23435690382020968,-0.7500024465141415,1,0.19036296699517177,0,0,0,1,0,0,1,0,0,0,0,0,0,1
-1.837319090218673,-1.823470824764364,-0.4637080828006245,-0.40264055761787887,-0.40110097249143006,1,1.0777112427070723,-0.43295155283668607,0.4866320448867606,0,0.19036296699517177,0,0,0,1,0,0,0,0,0,0,1,0,0,0
-0.21483168051621146,-0.09414146092604583,-0.17399217683778362,-0.11351131422168077,-0.11211258855722923,1,0.3525830841166824,-0.43295155283668607,-0.6125986141362635,0,0.4520374529744287,1,0,0,0,1,0,0,0,0,0,1,0,0,0
-1.3459403403733552,-0.7273991592701207,-0.5082797606410615,-0.44712197967883244,-0.4455607238659225,0,0.8705317688241037,-0.0992973245082382,-0.7500024465141415,0,-0.07131151898408516,1,0,0,0,0,0,0,0,0,1,0,0,0,0
-0.8000880371992172,-0.37543000039968294,-0.5082797606410615,-0.44712197967883244,-0.4455607238659225,0,-0.4761348114151917,-0.43295155283668607,1.1736512067761506,1,-3.7347543226936826,1,0,0,0,0,0,0,1,0,0,0,0,0,0
0.5540850669269428,-0.40256345070591004,-0.32999304927931333,-0.2691962914350182,-0.2677217183679528,0,0.14540361023371384,-0.43295155283668607,0.3492282125088826,1,0.19036296699517177,0,1,0,0,0,0,1,0,0,0,0,0,0,0
-0.34942313270441017,0.09569523911186067,-0.5082797606410615,-0.44712197967883244,-0.4455607238659225,1,0.45617282105816664,-0.43295155283668607,-0.6125986141362635,0,0.19036296699517177,1,0,0,0,0,0,1,0,0,0,1,0,0,0
-1.5412867204863434,-3.019435649024034,0.026580373444183143,-0.3581591355569253,-0.4233308481786763,1,-0.26895533753222317,-0.0992973245082382,0.07442054775312656,1,0.4520374529744287,1,0,0,0,0,0,0,0,1,0,0,0,0,1
-0.6769951786521461,-0.28356050908635316,-0.4637080828006245,-0.40264055761787887,-0.40110097249143006,1,-1.40844244388855,-0.43295155283668607,0.8988435420203946,0,-0.07131151898408516,1,0,0,0,0,0,1,0,0,0,0,0,0,0
1.5319894431623233,1.6392948130408107,-0.39685056603996893,-0.33591842452644854,-0.3344113454296914,1,0.45617282105816664,-0.43295155283668607,0.07442054775312656,1,0.4520374529744287,0,0,0,0,0,0,1,0,0,0,0,0,0,0
0.3680532635694459,-0.5702785229671972,0.004294534523964612,0.06441437402213344,0.06572641694074051,0,0.2489933471751981,0.06752978965598574,0.7614397096425166,1,0.4520374529744287,0,1,0,0,0,0,0,0,0,1,0,0,0,0
0.22971167052932132,0.1011804004359225,-0.5082797606410615,-0.44712197967883244,-0.4455607238659225,0,0.974121505765588,-0.43295155283668607,-0.7500024465141415,0,0.19036296699517177,0,0,1,0,0,0,0,0,0,1,0,0,0,0
-0.026621486516779848,2.070562141712918,-0.5082797606410615,-0.44712197967883244,-0.4455607238659225,0,-2.547929550244877,-0.43295155283668607,-0.7500024465141415,0,0.19036296699517177,0,0,1,0,0,0,0,1,0,0,1,0,0,0
-0.9883120184811574,-0.5015747891238912,-0.48599392172084305,-0.4248812686483556,-0.4233308481786763,0,-0.579724548356676,2.403109387955121,0.07442054775312656,1,-0.07131151898408516,1,0,0,0,0,0,1,0,0,0,1,0,0,0
1.6183057316524796,-3.1348903268562047,-0.32999304927931333,-0.44712197967883244,-0.289951594055199,1,0.7669420318826194,-0.26612443867246216,-1.7118292731592877,1,-0.07131151898408516,0,1,0,0,1,0,0,0,0,0,0,0,0,1
0.5233256395726835,-0.49533785442030914,-0.21856385467822068,-0.15799273628263433,-0.15657233993172168,0,1.1813009796485565,-0.43295155283668607,-0.8874062788920195,1,0.4520374529744287,0,1,0,0,0,0,0,0,0,1,0,0,0,0
-0.3816991611384304,-0.7152733330942892,2.1437350708649436,2.199522632947904,2.1997944829163774,0,-0.994083496122613,-0.43295155283668607,-0.20038711700262946,1,-3.9964288086729396,0,1,0,0,0,0,1,0,0,0,1,0,0,0
0.3680532635694459,-0.5702785229671972,0.004294534523964612,0.06441437402213344,0.06572641694074051,0,-0.7869040222396445,-0.26612443867246216,0.7614397096425166,1,-3.7347543226936826,0,1,0,0,0,0,0,1,0,0,0,0,0,0
-1.4143114745058643,-0.1927908343834806,-0.32999304927931333,-0.3136777134959718,-0.3121814697424452,0,1.1813009796485565,-0.43295155283668607,-0.4751947817583855,0,0.19036296699517177,1,0,0,0,0,0,1,0,0,0,1,0,0,0
0.030085606584009356,-0.5081319236001807,-0.26313553251865773,-0.20247415834358787,-0.2010320913062141,1,1.4920701904730094,5.0723432145827045,-0.20038711700262946,0,0.19036296699517177,0,1,0,0,0,0,1,0,0,0,0,0,0,0
-0.8942000278401383,-0.3946698302217384,-0.5082797606410615,-0.44712197967883244,-0.4455607238659225,0,0.04181387329222959,-0.43295155283668607,0.07442054775312656,0,-0.07131151898408516,1,0,0,0,0,1,0,0,0,0,1,0,0,0
0.3240166831259499,0.576106272032511,-0.39685056603996893,-0.33591842452644854,-0.3344113454296914,0,0.7669420318826194,-0.43295155283668607,-0.4751947817583855,1,0.4520374529744287,0,0,1,0,0,0,0,0,0,1,0,0,0,0
-0.556935522264499,0.3660273776667857,-0.48599392172084305,-0.4248812686483556,-0.4233308481786763,0,-0.994083496122613,-0.43295155283668607,1.1736512067761506,0,-0.07131151898408516,1,0,0,0,0,0,1,0,0,0,0,0,0,0
1.9402223342703433,0.4491117065958749,-0.4637080828006245,-0.40264055761787887,-0.35664122111693763,1,0.45617282105816664,-0.26612443867246216,0.7614397096425166,1,0.19036296699517177,0,1,0,0,0,0,1,0,0,0,0,0,0,1
-0.696517970733528,-0.36567086819632,-0.5082797606410615,-0.44712197967883244,-0.4455607238659225,1,-0.26895533753222317,-0.43295155283668607,-0.7500024465141415,1,0.4520374529744287,1,0,0,0,0,0,1,0,0,0,0,0,0,0
-0.5810632667153942,-0.28151401488678973,-0.26313553251865773,-0.20247415834358787,-0.2010320913062141,1,0.6633522949411351,-0.43295155283668607,-0.06298328462475146,1,-0.07131151898408516,1,0,0,0,0,0,0,0,0,1,0,0,0,0
-0.39450754662120097,0.4698277909465591,-0.5082797606410615,-0.44712197967883244,-0.4455607238659225,0,0.6633522949411351,-0.43295155283668607,0.3492282125088826,0,0.19036296699517177,1,0,0,0,0,0,1,0,0,0,1,0,0,0
2.067377198886022,0.5662357659950424,-0.44142224388040596,-0.3803998465874021,-0.37887109680418385,0,0.8705317688241037,-0.43295155283668607,0.4866320448867606,0,-0.07131151898408516,0,0,0,0,1,0,0,0,0,0,1,0,0,0
0.10238611624144746,-0.6872767355748318,-0.5082797606410615,-0.44712197967883244,-0.4455607238659225,0,-0.26895533753222317,-0.43295155283668607,-0.4751947817583855,0,0.19036296699517177,0,1,0,0,0,0,0,0,0,1,0,0,0,0
-0.7491440282015003,-0.654839106424915,-0.24084969359843922,-0.1802334473131111,-0.1788022156189679,1,1.388480453531525,-0.43295155283668607,2.685093362932809,0,0.19036296699517177,1,0,0,0,0,0,1,0,0,0,0,0,0,0
0.19812500622249188,-0.3786041546685268,-0.28542137143887625,-0.22471486937406465,-0.22326196699346032,1,1.6992496643559778,0.40118401798443365,0.3492282125088826,1,0.19036296699517177,0,1,0,0,1,0,0,0,0,0,0,0,0,0
-2.1461680064723843,-0.4488253569998892,-0.26313553251865773,-0.20247415834358787,-0.2010320913062141,0,-0.06177586364925467,-0.43295155283668607,-0.06298328462475146,0,0.19036296699517177,1,0,0,0,0,0,1,0,0,0,0,0,0,0
-0.7023229137282545,2.0744176094103146,-0.24084969359843922,-0.4248812686483556,-0.40110097249143006,0,-0.579724548356676,-0.26612443867246216,1.4484588715319067,1,0.4520374529744287,0,1,0,0,0,0,0,0,0,1,0,0,0,1
-1.2698345407339569,0.16341053017841922,-0.5082797606410615,-0.44712197967883244,-0.4455607238659225,1,-0.16536560059073893,0.40118401798443365,-0.33779094938050747,0,-0.07131151898408516,1,0,0,0,0,0,0,0,0,1,0,0,1,0
0.2866531474334416,-0.6305735323440382,1.5865890978594803,1.6435048571859845,1.6440475907352219,0,-1.304852706947066,-0.43295155283668607,0.07442054775312656,0,0.4520374529744287,0,1,0,0,0,0,1,0,0,0,0,0,0,0
-1.4990756875823796,-0.2180587729703186,-0.5082797606410615,-0.44712197967883244,-0.4455607238659225,1,0.45617282105816664,-0.43295155283668607,0.6240358772646386,0,-0.07131151898408516,1,0,0,0,0,0,1,0,0,0,0,0,1,0
0.014657637418050836,-0.00802164379243241,-0.35227888819953185,-0.291437002465495,-0.289951594055199,0,-0.4761348114151917,-0.43295155283668607,-0.8874062788920195,1,0.4520374529744287,1,0,0,0,0,0,1,0,0,0,0,0,0,0
0.3450009271568627,-0.484242236209064,-0.26313553251865773,-0.20247415834358787,-0.2010320913062141,1,0.45617282105816664,0.7348382463128814,-0.6125986141362635,1,0.19036296699517177,0,1,0,0,0,1,0,0,0,0,1,0,0,0
-0.7278840385196328,-0.39905517493514514,-0.44142224388040596,-0.3803998465874021,-0.37887109680418385,0,-0.26895533753222317,-0.43295155283668607,0.3492282125088826,1,-0.07131151898408516,1,0,0,0,0,0,1,0,0,0,0,0,1,0
0.709784848689121,0.11535272081131748,-0.21856385467822068,-0.15799273628263433,-0.15657233993172168,1,0.3525830841166824,-0.43295155283668607,-1.1622139436477756,1,0.4520374529744287,0,1,0,0,0,0,1,0,0,0,1,0,0,0
0.3666055989023256,-0.3906325287394665,0.004294534523964612,0.06441437402213344,0.06572641694074051,1,-1.5120321808300343,-0.43295155283668607,-0.06298328462475146,0,-3.9964288086729396,0,1,0,0,0,0,0,1,0,0,1,0,0,0
-0.5603409810527316,-0.47172660161425856,0.04886621236440167,0.108895796083087,0.11018616831523295,1,-1.0976732330640973,-0.26612443867246216,1.4484588715319067,0,0.4520374529744287,1,0,0,0,0,0,1,0,0,0,1,0,0,0
-0.7308620915490227,-0.4919131090252223,-0.48599392172084305,-0.4248812686483556,-0.4233308481786763,0,0.7669420318826194,-0.43295155283668607,-0.6125986141362635,1,0.19036296699517177,1,0,0,0,0,0,0,0,0,1,0,0,0,0
-0.5603961301829617,0.5120106305706251,-0.06256298223669098,-0.002307759069296884,-0.000963210120998147,1,-1.0976732330640973,-0.43295155283668607,-0.7500024465141415,1,0.19036296699517177,1,0,0,0,0,0,0,0,0,1,0,0,0,0
1.4855400882737575,0.5497106733765904,-0.37456472711975036,-0.3136777134959718,-0.3121814697424452,0,-1.40844244388855,-0.43295155283668607,-0.4751947817583855,1,0.19036296699517177,0,0,0,0,0,0,0,0,0,1,0,0,0,0
1.5446599558196166,0.47642669061048976,-0.48599392172084305,-0.4248812686483556,-0.4233308481786763,0,-1.40844244388855,-0.43295155283668607,-1.0248101112698975,1,0.4520374529744287,0,0,0,0,0,0,1,0,0,0,0,0,0,0
2.280487225158689,0.8779432838776582,-0.24084969359843922,-0.1802334473131111,-0.1788022156189679,1,0.6633522949411351,0.06752978965598574,-0.8874062788920195,0,0.4520374529744287,0,0,0,0,0,0,0,0,0,0,0,0,0,0
0.24071392199896555,0.29261809933736577,0.2271529237261499,0.28682148432690124,0.2880251738132027,0,0.974121505765588,-0.43295155283668607,1.0362473743982727,1,-0.07131151898408516,0,0,1,0,0,0,0,0,0,1,0,0,0,0
-0.7263674374398718,-0.37356448868029385,-0.39685056603996893,-0.33591842452644854,-0.3344113454296914,0,0.974121505765588,1.0684924746413293,0.07442054775312656,1,0.19036296699517177,1,0,0,0,0,0,0,0,0,1,0,0,0,0
-0.22310405004220746,-0.7775730714830524,4.751178224530512,4.801685823513687,4.800689938324185,0,0.3525830841166824,-0.43295155283668607,-1.0248101112698975,1,0.4520374529744287,0,1,0,0,0,0,0,0,0,1,0,0,0,0
-0.4618859964106455,0.4523838641976262,0.18258124588571284,0.24234006226594768,0.24356542243871027,1,0.5597625579996509,-0.26612443867246216,-1.0248101112698975,1,-0.07131151898408516,1,0,0,0,0,0,0,0,0,1,0,0,0,0
-0.8107731811702831,0.6754238884939857,-0.41913640496018745,-0.3581591355569253,-0.35664122111693763,1,-0.26895533753222317,-0.43295155283668607,-0.4751947817583855,0,0.4520374529744287,1,0,0,0,0,0,0,0,0,1,0,0,0,0
-0.5711502105667663,-0.2727850906476175,-0.35227888819953185,-0.291437002465495,-0.289951594055199,0,1.0777112427070723,-0.26612443867246216,-0.7500024465141415,1,0.19036296699517177,1,0,0,0,0,0,1,0,0,0,0,0,0,0
0.15319225241368697,-0.08301799925617538,-0.32999304927931333,-0.3136777134959718,-0.3121814697424452,0,0.04181387329222959,-0.43295155283668607,-0.20038711700262946,1,0.4520374529744287,0,0,1,0,0,0,1,0,0,0,0,0,0,0
-0.4599006277244182,-0.06945823496776762,-0.04027714331647245,0.019932951961179893,0.021266665566248073,1,-1.2012629700055815,-0.43295155283668607,-0.06298328462475146,1,0.4520374529744287,1,0,0,0,0,0,0,0,0,1,0,0,0,0
-2.514535782390039,-1.1963237067904877,0.2271529237261499,-0.3136777134959718,-0.4455607238659225,1,1.388480453531525,-0.43295155283668607,0.8988435420203946,1,0.4520374529744287,0,0,0,1,0,0,0,0,0,1,0,0,0,1
0.563033013297621,0.013570958272680072,0.29401044048680547,0.35354361741833157,0.35471480087494134,1,1.0777112427070723,0.9016653604771054,-0.6125986141362635,1,0.19036296699517177,0,1,0,0,0,0,0,0,0,1,0,0,0,0
1.9453735356598694,0.9496541112386496,-0.35227888819953185,-0.291437002465495,-0.289951594055199,1,-0.06177586364925467,-0.43295155283668607,-0.4751947817583855,0,0.4520374529744287,0,0,0,0,0,0,1,0,0,0,0,0,0,0
0.8422116975180894,0.1548208232319779,-0.32999304927931333,-0.2691962914350182,-0.2677217183679528,0,-0.26895533753222317,-0.43295155283668607,-0.20038711700262946,0,0.19036296699517177,0,1,0,0,0,1,0,0,0,0,0,0,0,0
-1.775666584401638,-1.049903127050941,0.004294534523964612,-0.3803998465874021,-0.35664122111693763,1,0.8705317688241037,-0.0992973245082382,0.7614397096425166,1,0.4520374529744287,0,0,0,0,1,0,0,0,0,0,0,0,0,1
0.8769556495273118,0.23045757824113558,-0.48599392172084305,-0.4248812686483556,-0.4233308481786763,0,0.7669420318826194,0.7348382463128814,-0.33779094938050747,0,0.4520374529744287,0,1,0,0,0,0,0,0,0,1,0,0,0,0
0.4498118490515542,-0.01766940216188761,-0.39685056603996893,-0.33591842452644854,-0.3344113454296914,0,-0.6833142852981603,0.9016653604771054,-1.0248101112698975,1,-0.07131151898408516,0,1,0,0,0,0,0,0,0,1,0,0,0,0
1.1082235269095853,0.40704079203393007,-0.5082797606410615,-0.44712197967883244,-0.4455607238659225,1,-1.40844244388855,-0.43295155283668607,-0.20038711700262946,0,0.4520374529744287,0,0,0,0,0,1,0,0,0,0,0,0,0,0
0.4406019443125277,-0.08300407752676381,-0.26313553251865773,-0.20247415834358787,-0.2010320913062141,0,-0.579724548356676,-0.43295155283668607,-0.06298328462475146,1,0.4520374529744287,0,1,0,0,0,1,0,0,0,0,1,0,0,0
0.756929957428126,1.3320655549974483,-0.3077072103590948,-0.3581591355569253,-0.3121814697424452,1,-0.6833142852981603,0.06752978965598574,0.7614397096425166,1,0.4520374529744287,0,0,1,0,0,0,1,0,0,0,0,0,0,1
0.5108895107186234,2.5988639232497093,-0.35227888819953185,-0.291437002465495,-0.289951594055199,0,-1.304852706947066,-0.43295155283668607,3.234708692444321,0,-3.9964288086729396,0,0,1,0,0,0,0,1,0,0,1,0,0,0
0.34371870988033476,-0.2127963593142701,1.5197315810988248,1.5767827240945542,1.5773579636734834,0,-0.4761348114151917,-0.26612443867246216,-0.8874062788920195,1,0.4520374529744287,0,1,0,0,0,0,0,0,0,1,0,0,0,0
1.383583133865585,0.549390473603883,-0.41913640496018745,-0.3581591355569253,-0.35664122111693763,0,0.45617282105816664,-0.43295155283668607,-0.8874062788920195,1,0.19036296699517177,0,0,0,0,0,0,0,0,0,1,0,0,0,0
-0.046516535226872206,-0.44896457429242226,-0.41913640496018745,-0.3581591355569253,-0.35664122111693763,0,-0.4761348114151917,0.5680111321486576,0.7614397096425166,1,0.4520374529744287,0,1,0,0,1,0,0,0,0,0,0,0,0,0
1.5630797652975714,0.6051052340579294,0.0711520512846202,0.13113650711356378,0.13241604400247917,1,0.974121505765588,-0.43295155283668607,0.6240358772646386,0,0.19036296699517177,0,0,0,0,1,0,0,0,0,0,0,0,0,0
-0.9901733016245138,0.2417620223911803,-0.0848488211569095,-0.02454847009977366,-0.023193085808244366,0,-0.6833142852981603,-0.26612443867246216,2.135478033421297,0,0.19036296699517177,1,0,0,0,0,0,1,0,0,0,0,0,0,0
0.232606999863464,-0.4785343272169888,-0.017991304396253918,0.04217366299165667,0.04349654125349429,0,-0.4761348114151917,3.070417844612017,-0.20038711700262946,1,0.4520374529744287,0,1,0,0,0,0,0,0,0,1,0,0,0,0
0.4733743149181293,-0.5113199995980404,-0.21856385467822068,-0.15799273628263433,-0.15657233993172168,0,0.45617282105816664,-0.43295155283668607,-0.33779094938050747,1,-0.07131151898408516,0,1,0,0,0,0,1,0,0,0,0,0,0,0
0.3680532635694459,-0.5702785229671972,0.004294534523964612,0.06441437402213344,0.06572641694074051,0,0.3525830841166824,-0.43295155283668607,-1.1622139436477756,1,0.4520374529744287,0,1,0,0,0,0,0,0,0,1,0,0,0,0
0.9585536792879081,-1.1172722744402137,0.29401044048680547,-0.40264055761787887,-0.35664122111693763,0,0.5597625579996509,-0.0992973245082382,1.0362473743982727,1,-3.9964288086729396,0,0,0,0,1,0,0,0,0,0,0,0,0,1
-0.5544262368416734,0.012471141662024959,-0.24084969359843922,-0.1802334473131111,-0.1788022156189679,1,-0.7869040222396445,-0.43295155283668607,-0.8874062788920195,0,0.4520374529744287,1,0,0,0,0,0,0,1,0,0,1,0,0,0
-0.8723747595740488,0.7185534057071579,-0.28542137143887625,-0.22471486937406465,-0.22326196699346032,1,1.1813009796485565,0.06752978965598574,0.21182438013100457,0,0.4520374529744287,1,0,0,0,1,0,0,0,0,0,1,0,0,0
0.39433584871467,-0.5197132273870816,0.33858211832724255,-0.2691962914350182,-0.35664122111693763,0,0.3525830841166824,-0.43295155283668607,0.07442054775312656,1,0.19036296699517177,0,1,0,0,0,0,0,0,1,0,0,0,0,1
-0.23815976257955346,-0.6717122422745019,-0.37456472711975036,-0.3136777134959718,-0.3121814697424452,1,-0.37254507447370744,3.237244958776241,1.9980742010434187,0,-3.7347543226936826,0,1,0,0,0,0,0,1,0,0,1,0,0,0
-2.140901264540893,-0.4194087430968716,-0.28542137143887625,-0.22471486937406465,-0.22326196699346032,1,-1.0976732330640973,-0.43295155283668607,0.07442054775312656,0,0.4520374529744287,1,0,0,0,0,0,0,0,0,1,0,0,0,0
-0.8000880371992172,-0.37543000039968294,-0.5082797606410615,-0.44712197967883244,-0.4455607238659225,0,-0.4761348114151917,-0.43295155283668607,0.21182438013100457,1,0.19036296699517177,1,0,0,0,0,0,1,0,0,0,0,0,0,0
-0.857374196166835,0.23017914365606945,0.18258124588571284,0.24234006226594768,0.24356542243871027,1,-0.8904937591811287,4.405034757925809,5.982785340001881,0,-0.07131151898408516,1,0,0,0,0,0,0,0,0,0,1,0,0,0
-1.2014798825350084,-3.4691082566339557,0.0711520512846202,-0.40264055761787887,-0.4455607238659225,0,0.3525830841166824,0.23435690382020968,-0.7500024465141415,1,0.4520374529744287,0,1,0,0,0,0,0,0,0,1,0,0,0,1
-1.8410416565053858,-0.1603810486921891,-0.44142224388040596,-0.3803998465874021,-0.37887109680418385,0,-1.6156219177715185,-0.26612443867246216,-0.4751947817583855,0,0.4520374529744287,1,0,0,0,0,0,0,0,0,1,0,0,0,0
1.8393217583362735,0.5994669337121207,-0.48599392172084305,-0.4248812686483556,-0.4233308481786763,0,1.0777112427070723,-0.43295155283668607,-0.33779094938050747,1,0.19036296699517177,0,1,0,0,0,0,1,0,0,0,0,0,0,0
0.3139381795867296,-0.6194639924035793,-0.5082797606410615,-0.44712197967883244,-0.4455607238659225,1,-0.16536560059073893,-0.43295155283668607,-0.20038711700262946,0,0.4520374529744287,0,1,0,0,0,0,1,0,0,0,0,1,0,0
0.21138837202922012,-0.5304762990446157,-0.48599392172084305,-0.4248812686483556,-0.4233308481786763,0,1.5956599274144936,-0.43295155283668607,1.1736512067761506,1,0.19036296699517177,0,1,0,0,0,0,0,0,0,1,0,0,0,0
-0.7285458280817085,0.7845006371590213,-0.04027714331647245,0.019932951961179893,0.021266665566248073,1,-0.6833142852981603,1.0684924746413293,-0.7500024465141415,0,0.4520374529744287,1,0,0,0,0,0,1,0,0,0,0,0,0,0
-1.3979183955617602,-0.5496882854080458,-0.5082797606410615,-0.44712197967883244,-0.4455607238659225,0,0.45617282105816664,-0.43295155283668607,1.3110550391540288,0,0.4520374529744287,1,0,0,0,0,0,0,0,0,1,0,0,0,0
0.31726091467971496,-0.17381551741727755,2.9237394330725923,2.977947519014591,2.977840131969995,0,-0.7869040222396445,-0.0992973245082382,-0.06298328462475146,0,0.19036296699517177,0,1,0,0,0,0,1,0,0,0,0,1,0,0
2.1859882818642107,1.8171727174840877,0.42772547400811667,-0.3581591355569253,-0.4455607238659225,1,-0.7869040222396445,-0.0992973245082382,0.6240358772646386,1,0.4520374529744287,0,0,0,0,0,0,1,0,0,0,0,0,0,1
-0.7991091401386611,-0.014035830827803346,-0.5082797606410615,-0.44712197967883244,-0.4455607238659225,1,0.14540361023371384,6.073305899568048,2.135478033421297,0,0.4520374529744287,1,0,0,0,0,0,0,0,0,1,0,0,0,0
0.35196350484131367,-0.023405154612390254,-0.0848488211569095,-0.02454847009977366,-0.023193085808244366,1,-0.4761348114151917,1.2353195888055533,0.7614397096425166,0,0.4520374529744287,0,1,0,0,0,0,0,0,0,1,0,0,0,0
1.657357203329085,0.9822866445979545,-0.48599392172084305,-0.4248812686483556,-0.4233308481786763,0,-1.6156219177715185,-0.43295155283668607,1.4484588715319067,0,0.4520374529744287,0,0,0,0,0,0,1,0,0,0,1,0,0,0
0.7423917719041302,0.2233574963241254,1.1854439972955466,1.2431720586374027,1.24390982836479,0,-0.8904937591811287,-0.43295155283668607,3.372112524822199,0,0.4520374529744287,0,1,0,0,0,1,0,0,0,0,0,0,0,0
0.3759395891842229,-0.2778665218234917,0.0711520512846202,0.13113650711356378,0.13241604400247917,0,1.388480453531525,1.0684924746413293,-0.6125986141362635,1,0.4520374529744287,0,1,0,0,0,0,0,0,0,1,0,0,0,0
2.0636822071644243,1.3366503408992882,-0.5082797606410615,-0.44712197967883244,-0.4455607238659225,1,0.45617282105816664,1.7358009312982252,0.3492282125088826,0,-3.7347543226936826,0,0,0,0,0,0,1,0,0,0,1,0,0,0
1.8897832124450156,0.9082926536401725,-0.4637080828006245,-0.40264055761787887,-0.40110097249143006,1,0.974121505765588,-0.43295155283668607,-0.33779094938050747,0,0.19036296699517177,0,0,0,0,0,0,1,0,0,0,0,0,0,0
0.02637682757990298,-0.5049160041436956,-0.21856385467822068,-0.15799273628263433,-0.15657233993172168,1,-0.4761348114151917,0.5680111321486576,0.7614397096425166,1,0.4520374529744287,0,1,0,0,0,0,0,0,0,0,1,0,0,0
-1.142453837315853,-0.1766833936426278,-0.5082797606410615,-0.44712197967883244,-0.4455607238659225,1,0.2489933471751981,-0.43295155283668607,-0.7500024465141415,0,0.4520374529744287,1,0,0,0,0,0,0,0,0,0,1,0,0,0
0.5606891752651918,0.00587224199809428,-0.35227888819953185,-0.291437002465495,-0.289951594055199,1,0.5597625579996509,-0.43295155283668607,0.07442054775312656,1,0.19036296699517177,0,1,0,0,0,0,0,0,0,1,0,0,0,0
-1.4390320721060965,-0.18328229330655849,-0.32999304927931333,-0.3136777134959718,-0.3121814697424452,0,0.5597625579996509,-0.43295155283668607,-0.33779094938050747,1,-3.9964288086729396,1,0,0,0,0,0,1,0,0,0,1,0,0,0
-0.8583668805099975,-0.42412820931239725,-0.41913640496018745,-0.3581591355569253,-0.35664122111693763,1,0.3525830841166824,-0.43295155283668607,0.4866320448867606,0,-0.07131151898408516,1,0,0,0,0,0,0,0,0,1,0,0,0,0
0.13608223477737502,-0.4828082980964878,-0.32999304927931333,-0.2691962914350182,-0.2677217183679528,0,-0.4761348114151917,0.5680111321486576,0.3492282125088826,0,-0.07131151898408516,0,1,0,0,0,0,1,0,0,0,0,0,0,0
-0.9870298012046295,0.17101179434831099,-0.48599392172084305,-0.4248812686483556,-0.4233308481786763,0,-1.0976732330640973,-0.43295155283668607,-0.6125986141362635,0,0.4520374529744287,1,0,0,0,0,0,1,0,0,0,1,0,0,0
-1.0496930003641984,1.2913351121940195,-0.41913640496018745,-0.3581591355569253,-0.35664122111693763,1,-0.6833142852981603,4.071380529597361,3.784324021955833,1,0.19036296699517177,1,0,0,0,0,0,1,0,0,0,0,0,0,0
-0.7109676074647747,-2.484745066083087,0.27172460156658695,-0.291437002465495,-0.3121814697424452,1,-0.16536560059073893,-0.26612443867246216,-0.33779094938050747,1,0.4520374529744287,0,1,0,0,1,0,0,0,0,0,0,0,0,1
1.5525724525517492,1.4143654253145805,0.49458299076877227,-0.33591842452644854,-0.3344113454296914,1,0.5597625579996509,-0.43295155283668607,1.7232665362876627,1,-0.07131151898408516,0,0,0,1,0,0,1,0,0,0,0,0,0,1
0.23217959410462136,0.2602500788337155,-0.48599392172084305,-0.4248812686483556,-0.4233308481786763,0,1.0777112427070723,0.40118401798443365,-0.20038711700262946,1,0.4520374529744287,0,0,1,0,0,0,1,0,0,0,0,0,1,0
1.0897623555841047,-0.005473967339789517,-0.39685056603996893,-0.33591842452644854,-0.3344113454296914,0,-0.37254507447370744,1.7358009312982252,-0.33779094938050747,1,0.4520374529744287,0,1,0,0,0,0,0,0,0,1,0,0,0,0
-0.8525072854290715,-0.3605476718326068,0.18258124588571284,0.24234006226594768,0.24356542243871027,0,-2.3407500763619082,-0.43295155283668607,-1.1622139436477756,1,-0.07131151898408516,1,0,0,0,0,0,0,0,0,1,0,0,0,0
2.131887893906341,0.9122046595591251,-0.48599392172084305,-0.4248812686483556,-0.4233308481786763,0,0.45617282105816664,-0.43295155283668607,-1.1622139436477756,0,0.4520374529744287,0,0,0,0,0,0,0,0,0,1,0,0,0,0
-0.6320486375607347,0.6932854671203199,-0.32999304927931333,-0.2691962914350182,-0.2677217183679528,1,0.6633522949411351,-0.43295155283668607,0.3492282125088826,0,0.4520374529744287,1,0,0,0,0,0,0,0,0,0,1,0,0,0
-0.5629054156057874,-0.2780057391160248,-0.19627801575800216,-0.13575202525215754,-0.13434246424447546,0,0.3525830841166824,-0.43295155283668607,-0.6125986141362635,1,0.4520374529744287,1,0,0,0,0,1,0,0,0,0,0,0,0,0
0.02637682757990298,-0.5049160041436956,-0.21856385467822068,-0.15799273628263433,-0.15657233993172168,1,1.388480453531525,-0.43295155283668607,-0.06298328462475146,1,0.4520374529744287,0,1,0,0,0,0,1,0,0,0,0,0,0,0
0.14453383897647196,0.08394529962578925,-0.32999304927931333,-0.3136777134959718,-0.3121814697424452,0,-1.40844244388855,-0.43295155283668607,1.1736512067761506,0,0.19036296699517177,0,0,1,0,0,0,0,0,0,1,0,0,0,0
-0.4522624731953829,2.124912572700457,-0.37456472711975036,-0.3136777134959718,-0.3121814697424452,1,-0.26895533753222317,0.7348382463128814,0.6240358772646386,0,0.4520374529744287,0,0,1,0,0,0,1,0,0,0,0,0,0,0
1.5880761085486603,0.853454962128768,-0.41913640496018745,-0.3581591355569253,-0.35664122111693763,1,1.0777112427070723,-0.43295155283668607,-0.4751947817583855,0,-0.07131151898408516,0,0,0,0,0,0,0,0,0,1,0,0,0,0
1.7987457858112401,0.7099915422191441,-0.44142224388040596,-0.3803998465874021,-0.37887109680418385,0,1.1813009796485565,2.236282273790897,3.372112524822199,1,0.19036296699517177,0,0,0,0,0,0,1,0,0,0,0,0,0,0
1.2343082257686528,0.42060055632233784,-0.32999304927931333,-0.3136777134959718,-0.3121814697424452,0,-0.26895533753222317,-0.43295155283668607,0.4866320448867606,1,0.19036296699517177,0,0,0,0,0,0,1,0,0,0,0,0,0,0
0.3166404869652628,0.5720689705502391,-0.44142224388040596,-0.3803998465874021,-0.37887109680418385,0,-1.304852706947066,-0.43295155283668607,2.272881865799175,0,0.4520374529744287,0,0,1,0,0,0,0,0,0,1,0,0,0,0
-1.843923198556922,-0.14875640476943702,-0.5082797606410615,-0.44712197967883244,-0.4455607238659225,0,1.0777112427070723,-0.43295155283668607,1.5858627039097848,0,-0.07131151898408516,1,0,0,0,0,0,0,0,0,1,0,0,0,0
0.47068283943733236,2.57801217268022,-0.39685056603996893,-0.291437002465495,-0.40110097249143006,1,-2.444339813303393,-0.26612443867246216,-1.5744254407814096,1,0.4520374529744287,0,0,1,0,0,0,1,0,0,0,0,0,0,1
1.1519843617022245,0.17548066943719798,-0.39685056603996893,-0.33591842452644854,-0.3344113454296914,1,0.7669420318826194,2.569936502119345,-1.0248101112698975,1,-0.07131151898408516,0,1,0,0,0,0,0,0,0,1,0,0,0,0
0.36619198042608947,-0.05385197647959859,0.11572372912505725,0.17561792917451732,0.1768757953769716,0,-0.26895533753222317,-0.43295155283668607,-0.06298328462475146,0,0.19036296699517177,0,1,0,0,1,0,0,0,0,0,0,0,0,0
0.1536885945852683,0.7298717715864164,-0.39685056603996893,-0.33591842452644854,-0.3344113454296914,0,-2.0299808655374556,-0.43295155283668607,-0.6125986141362635,1,0.4520374529744287,0,0,1,0,0,0,0,0,0,1,0,0,0,0
1.8616020069264188,0.4501563875178885,-0.41913640496018745,-0.3581591355569253,-0.35664122111693763,1,-1.0976732330640973,0.40118401798443365,0.4866320448867606,0,0.4520374529744287,0,1,0,0,0,0,1,0,0,0,1,0,0,0
1.9911987246952398,-2.940575720891466,-0.3077072103590948,-0.3136777134959718,-0.4455607238659225,0,0.3525830841166824,0.06752978965598574,0.8988435420203946,1,0.4520374529744287,0,0,0,0,0,0,1,0,0,0,0,0,0,1
-2.2513156765133306,2.6020103303435502,0.09343789020483872,-0.291437002465495,-0.3121814697424452,1,-3.480237182718236,0.40118401798443365,-0.33779094938050747,1,0.4520374529744287,0,1,0,0,0,0,0,0,1,0,0,0,0,1
1.4980865153881797,0.5752848900067241,-0.35227888819953185,-0.291437002465495,-0.289951594055199,0,0.8705317688241037,-0.43295155283668607,0.4866320448867606,1,0.19036296699517177,0,0,0,0,0,0,1,0,0,0,0,0,1,0
-1.0163553511743748,-0.5984561029668287,-0.5082797606410615,-0.44712197967883244,-0.4455607238659225,0,0.6633522949411351,-0.43295155283668607,-0.33779094938050747,0,0.4520374529744287,1,0,0,0,0,0,1,0,0,0,1,0,0,0
1.0738104696813517,0.1429316664533734,-0.44142224388040596,-0.3803998465874021,-0.37887109680418385,1,-1.5120321808300343,-0.0992973245082382,-0.33779094938050747,1,0.19036296699517177,0,1,0,0,0,0,0,0,0,1,0,0,0,0
0.32689822517748607,-0.28385286540063304,-0.35227888819953185,-0.291437002465495,-0.289951594055199,0,0.974121505765588,-0.43295155283668607,-0.6125986141362635,1,0.19036296699517177,0,1,0,0,0,0,0,0,0,1,0,0,0,0
-0.4633060865125528,2.1462685053683423,-0.41913640496018745,-0.3581591355569253,-0.35664122111693763,0,-0.4761348114151917,-0.43295155283668607,0.07442054775312656,0,0.19036296699517177,0,0,1,0,0,0,0,0,0,1,0,0,0,0
1.0057399092780483,-0.7626069203708686,0.18258124588571284,-0.33591842452644854,-0.3344113454296914,0,0.2489933471751981,0.06752978965598574,-1.7118292731592877,1,0.4520374529744287,1,0,0,0,0,0,0,0,0,1,0,0,0,1
-0.8020320440378208,-0.29512946609205243,-0.5082797606410615,-0.44712197967883244,-0.4455607238659225,1,0.5597625579996509,0.7348382463128814,-0.33779094938050747,0,0.19036296699517177,1,0,0,0,0,0,1,0,0,0,1,0,0,0
0.6734691464699075,-0.023767119572738818,-0.0848488211569095,-0.02454847009977366,-0.023193085808244366,1,-0.994083496122613,-0.43295155283668607,1.4484588715319067,0,0.19036296699517177,0,1,0,0,0,0,0,0,0,1,0,0,0,0
-0.689403732941091,-0.3547840759236766,-0.48599392172084305,-0.4248812686483556,-0.4233308481786763,0,-0.8904937591811287,-0.43295155283668607,1.4484588715319067,1,0.19036296699517177,1,0,0,0,0,0,0,0,0,1,0,0,0,0
0.4412223720269799,-0.2984428376534294,0.8511564134922687,0.9095613931802509,0.9104616930560967,1,-0.8904937591811287,-0.43295155283668607,0.3492282125088826,0,0.4520374529744287,0,1,0,0,0,0,0,0,0,1,0,0,0,0
0.46898995906934066,-0.25502096412617514,-0.5082797606410615,-0.44712197967883244,-0.4455607238659225,1,-1.304852706947066,-0.43295155283668607,0.4866320448867606,0,0.4520374529744287,0,1,0,0,0,0,0,0,0,1,0,0,0,0
-0.29052386167917765,-0.6752205180452668,0.47229715184855375,0.5314693056621458,0.532553806372911,1,0.3525830841166824,-0.43295155283668607,-0.7500024465141415,0,0.19036296699517177,0,1,0,0,0,0,1,0,0,0,0,0,0,0
-1.036912189446445,0.15310845053433558,-0.48599392172084305,-0.4248812686483556,-0.4233308481786763,0,0.3525830841166824,1.7358009312982252,-0.8874062788920195,1,-3.9964288086729396,1,0,0,0,0,0,1,0,0,0,0,0,0,0
-0.2992512115291313,0.18074308309324646,0.2271529237261499,0.28682148432690124,0.2880251738132027,1,0.974121505765588,-0.43295155283668607,0.8988435420203946,0,0.4520374529744287,1,0,0,0,0,0,1,0,0,0,1,0,0,0
0.1269412664511852,0.17556419981267823,-0.44142224388040596,-0.3803998465874021,-0.37887109680418385,0,0.974121505765588,-0.43295155283668607,-0.06298328462475146,1,0.19036296699517177,0,0,1,0,0,0,1,0,0,0,0,0,0,0
-1.835457284684236,-0.21099659436861526,0.5614405075294279,-0.4248812686483556,-0.4455607238659225,1,0.04181387329222959,0.5680111321486576,0.4866320448867606,1,-3.9964288086729396,0,0,0,0,0,0,0,0,1,0,0,0,0,1
-0.679380378532101,-0.32361332413537547,-0.32999304927931333,-0.2691962914350182,-0.2677217183679528,1,-0.06177586364925467,-0.43295155283668607,1.8606703686655408,0,0.19036296699517177,1,0,0,0,0,0,1,0,0,0,1,0,0,0
-0.8383339589745258,0.6413574170221047,-0.5082797606410615,-0.44712197967883244,-0.4455607238659225,1,-0.26895533753222317,-0.43295155283668607,0.3492282125088826,1,-0.07131151898408516,1,0,0,0,0,0,1,0,0,0,0,0,1,0
-1.1788660505129203,-0.7529176889833995,-0.24084969359843922,-0.1802334473131111,-0.1788022156189679,0,0.8705317688241037,-0.43295155283668607,1.5858627039097848,1,0.19036296699517177,1,0,0,0,0,0,1,0,0,0,1,0,0,0
-0.47614204656043835,0.600413611301029,-0.4637080828006245,-0.40264055761787887,-0.40110097249143006,1,-0.579724548356676,-0.43295155283668607,0.3492282125088826,1,0.4520374529744287,1,0,0,0,0,0,1,0,0,0,0,0,0,0
-0.13503805349677392,-3.2433187428137096,-0.17399217683778362,-0.291437002465495,-0.37887109680418385,0,-1.0976732330640973,1.9026280454624491,-0.33779094938050747,1,0.4520374529744287,0,1,0,0,0,0,0,0,0,1,0,0,0,1
-2.0439490936959617,1.8352988391358351,-0.32999304927931333,-0.3136777134959718,-0.3121814697424452,0,-0.4761348114151917,-0.0992973245082382,-0.33779094938050747,0,0.4520374529744287,0,0,1,0,0,0,0,0,0,1,0,0,0,0
-0.5628226919105402,-0.280010468127947,-0.19627801575800216,-0.13575202525215754,-0.13434246424447546,0,0.5597625579996509,-0.43295155283668607,0.6240358772646386,1,0.19036296699517177,1,0,0,0,0,0,0,0,0,1,0,0,0,0
-0.046516535226872206,-0.44896457429242226,-0.41913640496018745,-0.3581591355569253,-0.35664122111693763,0,-0.8904937591811287,-0.43295155283668607,0.3492282125088826,1,0.4520374529744287,0,1,0,0,0,0,1,0,0,0,0,0,0,0
-0.09962514758391733,1.5499590764507123,-0.24084969359843922,-0.1802334473131111,-0.1788022156189679,1,-1.0976732330640973,-0.43295155283668607,-0.06298328462475146,0,0.4520374529744287,0,0,1,0,0,0,0,0,0,1,0,0,0,0
-0.5701713135062102,-0.2609376990568521,0.0711520512846202,0.13113650711356378,0.13241604400247917,1,-0.37254507447370744,0.23435690382020968,0.8988435420203946,1,0.4520374529744287,1,0,0,0,0,0,0,0,0,1,0,0,0,0
-0.2937914476420308,-0.7134774300211666,7.626051445238701,7.670737546445192,7.668343901978948,0,-2.13357060247894,-0.43295155283668607,-1.5744254407814096,1,0.4520374529744287,0,1,0,0,0,0,1,0,0,0,0,0,0,0
-0.5765134634761111,-0.419673255952724,0.47229715184855375,0.5314693056621458,0.532553806372911,0,0.2489933471751981,0.06752978965598574,-0.33779094938050747,1,-3.7347543226936826,1,0,0,0,0,0,1,0,0,0,0,0,0,0
-0.5810632667153942,-0.28151401488678973,-0.26313553251865773,-0.20247415834358787,-0.2010320913062141,1,-0.06177586364925467,-0.43295155283668607,0.8988435420203946,1,0.4520374529744287,1,0,0,0,0,0,0,0,0,1,0,0,0,0
-1.1063449443348554,-0.19192768717005257,-0.5082797606410615,-0.44712197967883244,-0.4455607238659225,0,0.8705317688241037,-0.43295155283668607,0.07442054775312656,0,-0.07131151898408516,1,0,0,0,0,0,0,1,0,0,1,0,0,0
0.71448631203639,0.09605720407240707,-0.06256298223669098,-0.002307759069296884,-0.000963210120998147,1,1.1813009796485565,-0.43295155283668607,-0.33779094938050747,1,0.19036296699517177,0,1,0,0,0,0,0,0,0,1,0,0,0,0
-0.7492819010269777,0.9936189322066245,-0.21856385467822068,-0.15799273628263433,-0.15657233993172168,1,-1.5120321808300343,0.06752978965598574,-0.20038711700262946,0,0.19036296699517177,1,0,0,0,0,0,0,0,0,1,0,0,0,0
0.4397333455123339,-0.2594480740272231,5.7317551370201265,5.780277108854666,5.7788044685630195,0,-1.2012629700055815,-0.43295155283668607,-0.06298328462475146,1,0.4520374529744287,0,1,0,0,0,0,0,0,0,1,0,0,0,0
-0.5701713135062102,-0.2609376990568521,0.0711520512846202,0.13113650711356378,0.13241604400247917,1,-1.40844244388855,-0.43295155283668607,-0.7500024465141415,1,0.4520374529744287,1,0,0,0,1,0,0,0,0,0,0,0,0,0
-0.3208834578397093,-0.7430054177580919,-0.19627801575800216,-0.13575202525215754,-0.13434246424447546,1,0.5597625579996509,0.06752978965598574,-1.2996177760256535,0,0.4520374529744287,0,1,0,0,0,1,0,0,0,0,0,0,0,0
0.2521219544894602,-2.9796259574173076,0.40543963508789815,-0.33591842452644854,-0.3121814697424452,0,0.8705317688241037,1.4021467029697772,-0.7500024465141415,1,-3.9964288086729396,0,1,0,0,0,0,0,0,0,1,0,0,0,1
-0.012654969300352238,-0.7026741681240034,-0.5082797606410615,-0.44712197967883244,-0.4455607238659225,1,-0.7869040222396445,-0.43295155283668607,-1.2996177760256535,1,0.4520374529744287,0,1,0,0,1,0,0,0,0,0,0,0,0,0
1.031704108793951,-0.08943591643973393,-0.28542137143887625,-0.22471486937406465,-0.22326196699346032,0,-0.37254507447370744,-0.43295155283668607,0.21182438013100457,0,-0.07131151898408516,0,1,0,0,0,0,1,0,0,0,0,0,0,0
0.24224431036123512,-0.31001179465912865,-0.32999304927931333,-0.2691962914350182,-0.2677217183679528,1,0.8705317688241037,-0.43295155283668607,-0.4751947817583855,0,0.4520374529744287,0,1,0,0,0,0,0,0,0,0,0,0,1,0
1.586008016167186,0.5947196240381676,-0.32999304927931333,-0.2691962914350182,-0.2677217183679528,1,0.2489933471751981,3.070417844612017,-0.6125986141362635,0,-0.07131151898408516,0,0,0,0,0,0,0,0,0,1,0,0,0,0
-0.7517911864498034,0.9320292020095424,-0.48599392172084305,-0.4248812686483556,-0.4233308481786763,0,1.1813009796485565,-0.43295155283668607,-0.7500024465141415,1,0.4520374529744287,1,0,0,0,0,0,0,0,0,1,0,0,0,0
1.596003796011061,0.5996200727338675,-0.35227888819953185,-0.291437002465495,-0.289951594055199,1,0.5597625579996509,0.9016653604771054,-0.20038711700262946,0,0.4520374529744287,0,0,0,0,0,0,0,0,0,1,0,0,0,0
0.25335686009124164,-0.6344437730753495,-0.10713466007712803,-0.04678918113025044,-0.045422961495490584,1,-0.579724548356676,-0.43295155283668607,1.9980742010434187,0,0.19036296699517177,0,1,0,0,0,0,1,0,0,0,1,0,0,0
-1.056641790766043,1.1421637832923204,-0.39685056603996893,-0.33591842452644854,-0.3344113454296914,1,0.2489933471751981,-0.43295155283668607,-0.33779094938050747,0,-0.07131151898408516,1,0,0,0,0,0,1,0,0,0,0,0,0,0
1.691632387731841,0.7459235254104143,-0.5082797606410615,-0.44712197967883244,-0.4455607238659225,0,-1.2012629700055815,-0.43295155283668607,0.4866320448867606,0,0.4520374529744287,0,0,0,0,1,0,0,0,0,0,1,0,0,0
-1.3527098961020987,-0.3348203161807262,-0.5082797606410615,-0.44712197967883244,-0.4455607238659225,0,0.8705317688241037,1.568973817134001,0.4866320448867606,0,0.19036296699517177,1,0,0,0,0,0,0,0,0,0,0,0,0,0
-0.5261071584975991,-0.7859817959495172,-0.21856385467822068,-0.15799273628263433,-0.15657233993172168,1,-0.06177586364925467,-0.43295155283668607,-0.4751947817583855,1,0.19036296699517177,0,1,0,0,0,0,0,0,0,1,0,0,0,0
0.19812500622249188,-0.3786041546685268,-0.28542137143887625,-0.22471486937406465,-0.22326196699346032,1,0.14540361023371384,-0.43295155283668607,-0.20038711700262946,1,-0.07131151898408516,0,1,0,0,0,0,1,0,0,0,0,0,0,0
-0.4512697888522203,0.4663473586342216,-0.48599392172084305,-0.4248812686483556,-0.4233308481786763,0,-0.06177586364925467,-0.43295155283668607,0.4866320448867606,0,0.4520374529744287,1,0,0,0,0,0,0,1,0,0,1,0,0,0
0.13608223477737502,-0.2659216781280323,-0.48599392172084305,-0.4248812686483556,-0.4233308481786763,1,-0.4761348114151917,-0.43295155283668607,-0.7500024465141415,1,0.19036296699517177,0,1,0,0,0,0,0,0,0,1,0,0,0,0
0.32689822517748607,-0.28385286540063304,-0.35227888819953185,-0.291437002465495,-0.289951594055199,0,-0.4761348114151917,0.5680111321486576,0.7614397096425166,1,0.4520374529744287,0,1,0,0,0,0,0,0,0,1,0,0,0,0
-0.9005697523752522,-0.0008937184169947823,-0.35227888819953185,-0.291437002465495,-0.289951594055199,0,1.0777112427070723,-0.43295155283668607,-0.7500024465141415,0,-0.07131151898408516,1,0,0,0,0,0,1,0,0,0,0,0,0,0
0.7061466033510047,0.7345703318770868,0.42772547400811667,-0.2691962914350182,-0.40110097249143006,0,-0.16536560059073893,-0.26612443867246216,0.07442054775312656,1,-0.07131151898408516,0,0,0,0,0,0,0,0,0,1,0,0,0,1
-1.036912189446445,0.15310845053433558,-0.48599392172084305,-0.4248812686483556,-0.4233308481786763,0,1.0777112427070723,-0.43295155283668607,-0.4751947817583855,1,0.19036296699517177,1,0,0,0,0,0,0,0,0,1,0,0,0,0
0.06834531564182653,0.033799230871285044,-0.19627801575800216,-0.13575202525215754,-0.13434246424447546,1,-0.6833142852981603,-0.43295155283668607,-0.33779094938050747,1,0.19036296699517177,1,0,0,0,1,0,0,0,0,0,0,0,0,0
1.2278833521034067,0.8659288315359323,-0.48599392172084305,-0.4248812686483556,-0.4233308481786763,0,0.5597625579996509,-0.43295155283668607,-0.06298328462475146,0,0.19036296699517177,0,0,0,0,0,0,0,0,0,1,0,0,0,0
-0.3138519437426176,-0.11985489484871265,-0.4637080828006245,-0.40264055761787887,-0.40110097249143006,0,0.5597625579996509,-0.43295155283668607,0.7614397096425166,1,0.4520374529744287,1,0,0,0,1,0,0,0,0,0,0,0,0,0
-0.8620894467967104,0.0019323926207142426,-0.4637080828006245,-0.40264055761787887,-0.40110097249143006,1,-0.26895533753222317,-0.43295155283668607,-0.4751947817583855,0,0.4520374529744287,1,0,0,0,1,0,0,0,0,0,0,0,0,0
0.26830227436822535,0.6494459417156644,-0.5082797606410615,-0.44712197967883244,-0.4455607238659225,1,-0.6833142852981603,-0.43295155283668607,-0.33779094938050747,1,0.19036296699517177,0,0,1,0,0,0,1,0,0,0,0,0,1,0
0.26889512751756245,-0.18493897908714801,2.4334509768277846,2.488651876344102,2.488782866850578,0,-1.304852706947066,-0.43295155283668607,0.4866320448867606,1,0.4520374529744287,0,1,0,0,0,0,0,0,0,1,0,0,0,0
-1.5296283056985207,-0.3934307963185502,0.2271529237261499,0.28682148432690124,0.2880251738132027,1,0.8705317688241037,-0.0992973245082382,-0.33779094938050747,1,0.4520374529744287,1,0,0,0,0,0,1,0,0,0,1,0,0,0
1.9181436526367135,0.8503921816940297,-0.37456472711975036,-0.3136777134959718,-0.3121814697424452,0,0.5597625579996509,-0.43295155283668607,-0.4751947817583855,0,0.4520374529744287,0,0,0,0,0,0,1,0,0,0,0,0,0,0
0.02637682757990298,-0.5049160041436956,-0.21856385467822068,-0.15799273628263433,-0.15657233993172168,1,-1.719211654713003,-0.43295155283668607,1.3110550391540288,1,0.4520374529744287,0,1,0,0,0,0,0,1,0,0,1,0,0,0
0.34371870988033476,-0.2127963593142701,1.5197315810988248,1.5767827240945542,1.5773579636734834,0,-1.304852706947066,-0.43295155283668607,-0.33779094938050747,1,0.4520374529744287,0,1,0,0,1,0,0,0,0,0,0,0,0,0
1.832166158696311,0.602627166251553,-0.39685056603996893,-0.33591842452644854,-0.3344113454296914,1,0.974121505765588,-0.43295155283668607,0.3492282125088826,1,0.19036296699517177,0,1,0,0,0,0,0,0,0,1,0,0,0,0
0.1436790274587867,-0.4182950047570027,0.5168688296889908,0.5759507277230993,0.5770135577474035,0,-0.26895533753222317,-0.43295155283668607,-0.4751947817583855,0,0.19036296699517177,0,1,0,0,0,0,0,0,0,1,0,0,0,0
1.8393217583362735,0.5994669337121207,-0.48599392172084305,-0.4248812686483556,-0.4233308481786763,0,-0.994083496122613,4.738688986254257,4.059131686711589,1,-0.07131151898408516,0,1,0,0,0,1,0,0,0,0,0,0,0,0
0.4012254653686771,-0.14107161022386713,-0.48599392172084305,-0.4248812686483556,-0.4233308481786763,0,-1.2012629700055815,-0.43295155283668607,-0.4751947817583855,1,0.4520374529744287,0,1,0,0,0,0,1,0,0,0,0,0,0,0
0.2851641209186977,-0.37325821063699804,-0.28542137143887625,-0.22471486937406465,-0.22326196699346032,0,1.388480453531525,-0.43295155283668607,-0.6125986141362635,1,-3.7347543226936826,0,1,0,0,0,0,1,0,0,0,0,0,0,0
-0.3176020845943476,2.317686757609782,-0.35227888819953185,-0.291437002465495,-0.289951594055199,1,0.8705317688241037,-0.43295155283668607,-0.8874062788920195,1,-0.07131151898408516,0,0,1,0,0,0,0,0,0,1,0,0,0,0
-1.2399767112499502,1.7856058038502312,-0.1517063379175651,-0.40264055761787887,-0.4455607238659225,1,-0.06177586364925467,-0.43295155283668607,2.272881865799175,1,0.4520374529744287,0,0,0,1,1,0,0,0,0,0,0,0,0,1
0.26991538642574214,-0.18744489035195186,0.6505838632103019,0.70939499390596,0.7103928118708809,0,0.14540361023371384,-0.43295155283668607,-0.20038711700262946,1,-0.07131151898408516,0,1,0,0,0,0,1,0,0,0,0,0,0,0
0.5606891752651918,0.08936085230358455,-0.4637080828006245,-0.40264055761787887,-0.40110097249143006,0,-1.0976732330640973,-0.43295155283668607,0.3492282125088826,0,0.4520374529744287,0,1,0,0,0,0,0,0,0,1,0,0,0,0
-2.2260463112793705,-3.7061986292892195,0.31629627940702404,-0.4248812686483556,-0.3344113454296914,1,-1.719211654713003,-0.26612443867246216,1.4484588715319067,1,-0.07131151898408516,0,0,0,0,0,0,1,0,0,0,0,0,0,1
-0.8605728457169494,-0.27026525765359993,1.4305882254179507,1.4878198799726472,1.4884384609244985,0,-2.13357060247894,-0.43295155283668607,-1.2996177760256535,1,0.4520374529744287,1,0,0,0,0,0,0,0,0,1,0,0,0,1
-0.975407122020533,-0.6026743869292749,-0.5082797606410615,-0.44712197967883244,-0.4455607238659225,1,0.5597625579996509,-0.43295155283668607,-0.06298328462475146,0,-0.07131151898408516,1,0,0,0,0,0,1,0,0,0,0,1,0,0
0.19620857394900326,-0.4981778871872319,-0.44142224388040596,-0.3803998465874021,-0.37887109680418385,1,-1.40844244388855,-0.43295155283668607,-0.20038711700262946,0,0.19036296699517177,0,1,0,0,0,0,1,0,0,0,0,0,0,0
-0.8702653053449506,0.7327535695409804,-0.37456472711975036,-0.3136777134959718,-0.3121814697424452,0,0.7669420318826194,-0.43295155283668607,-1.1622139436477756,0,-0.07131151898408516,1,0,0,0,0,0,1,0,0,0,0,0,1,0
-0.9393395908871592,0.35636569756811676,-0.32999304927931333,-0.3136777134959718,-0.3121814697424452,0,-0.37254507447370744,0.7348382463128814,0.4866320448867606,0,-0.07131151898408516,1,0,0,0,0,0,1,0,0,0,1,0,0,0
1.4380566871944052,0.20328236274726724,-0.06256298223669098,-0.002307759069296884,-0.000963210120998147,1,0.6633522949411351,-0.43295155283668607,-1.1622139436477756,1,-0.07131151898408516,0,1,0,0,0,0,0,0,0,1,0,0,0,0
-0.7648615303009221,0.7650241379399366,-0.48599392172084305,-0.4248812686483556,-0.4233308481786763,0,0.5597625579996509,-0.43295155283668607,-0.7500024465141415,1,-0.07131151898408516,1,0,0,0,0,0,1,0,0,0,0,0,0,0
1.3185071602609462,0.6987149415275268,-0.5082797606410615,-0.44712197967883244,-0.4455607238659225,1,1.2848907165900407,-0.43295155283668607,1.3110550391540288,1,-0.07131151898408516,0,0,0,0,0,0,0,0,0,1,0,0,0,0
0.1565563493542959,-0.20789591061857016,2.6785952049501884,2.7332996976793464,2.7333114994102865,0,-0.06177586364925467,-0.43295155283668607,-0.7500024465141415,1,0.4520374529744287,0,1,0,0,0,0,0,0,0,1,0,0,0,0
0.7171610448498081,0.008183249053312256,-0.35227888819953185,-0.291437002465495,-0.289951594055199,1,-0.16536560059073893,-0.43295155283668607,-1.2996177760256535,0,0.19036296699517177,0,1,0,0,0,0,0,0,0,1,0,0,0,0
-0.9796673923264508,0.3979638245638209,-0.32999304927931333,-0.1802334473131111,-0.1788022156189679,1,-0.4761348114151917,-0.43295155283668607,-0.7500024465141415,1,0.19036296699517177,1,0,0,0,0,1,0,0,0,0,0,0,0,0
1.794168408006842,0.9756320580171688,0.04886621236440167,0.108895796083087,0.11018616831523295,0,1.0777112427070723,-0.43295155283668607,-0.8874062788920195,0,0.4520374529744287,0,0,0,0,0,0,0,0,0,1,0,0,0,0
-1.71088970929601,-2.204689536786661,-0.44142224388040596,-0.3803998465874021,-0.37887109680418385,0,-0.26895533753222317,-0.43295155283668607,-0.20038711700262946,0,0.4520374529744287,0,0,0,1,0,0,1,0,0,0,0,0,0,0
1.15664446320187,0.3032821439419958,0.40543963508789815,0.46474717257071546,0.46586417931117247,0,0.14540361023371384,-0.26612443867246216,0.07442054775312656,1,0.19036296699517177,0,1,0,0,0,1,0,0,0,0,0,0,0,0
1.0549908290096695,0.6722079690375007,0.6728697021305204,0.7316357049364367,0.732622687558127,1,-1.2012629700055815,-0.43295155283668607,-1.0248101112698975,1,0.19036296699517177,0,0,0,0,0,0,0,0,0,1,0,0,0,0
-1.6102976958597106,-0.19684205759496623,-0.44142224388040596,-0.3803998465874021,-0.37887109680418385,1,-0.26895533753222317,0.7348382463128814,2.272881865799175,0,0.4520374529744287,1,0,0,0,0,0,1,0,0,0,1,0,0,0
0.3680532635694459,-0.5702785229671972,0.004294534523964612,0.06441437402213344,0.06572641694074051,0,0.45617282105816664,-0.43295155283668607,-0.4751947817583855,1,0.4520374529744287,0,1,0,0,0,0,0,0,0,1,0,0,0,0
-0.7551828579555273,0.9079863755966789,-0.4637080828006245,-0.40264055761787887,-0.40110097249143006,1,0.974121505765588,-0.43295155283668607,0.4866320448867606,0,0.19036296699517177,1,0,0,0,0,0,0,0,0,1,0,0,0,0
-0.4891158794338013,0.22106041099812118,-0.48599392172084305,-0.4248812686483556,-0.4233308481786763,1,-0.37254507447370744,-0.43295155283668607,0.6240358772646386,1,-3.9964288086729396,1,0,0,0,0,0,1,0,0,0,1,0,0,0
1.4980865153881797,0.5752848900067241,-0.12942049899734656,-0.06902989216072722,-0.0676528371827368,0,0.6633522949411351,-0.43295155283668607,-0.33779094938050747,1,-3.9964288086729396,0,0,0,0,0,0,1,0,0,0,0,0,0,0
0.4192316563703959,-0.13622684844541785,-0.41913640496018745,-0.3581591355569253,-0.35664122111693763,0,-1.5120321808300343,-0.0992973245082382,-0.33779094938050747,0,0.19036296699517177,0,1,0,0,0,1,0,0,0,0,0,0,0,0
-0.36064598069477893,-0.6517067173439103,1.6311607756999174,1.687986279246938,1.6885073421097143,0,-2.6515192871863613,-0.43295155283668607,-0.20038711700262946,0,-3.7347543226936826,0,1,0,0,0,0,1,0,0,0,1,0,0,0
-0.6244656321619295,0.39543006984039175,-0.5082797606410615,-0.44712197967883244,-0.4455607238659225,1,-0.579724548356676,0.5680111321486576,1.7232665362876627,0,-0.07131151898408516,1,0,0,0,0,0,1,0,0,0,1,0,0,0
0.7109843422704016,-0.22909870426470877,-0.10713466007712803,-0.04678918113025044,-0.045422961495490584,1,-1.2012629700055815,-0.43295155283668607,-0.20038711700262946,0,0.19036296699517177,0,1,0,0,0,0,0,0,0,1,0,0,0,0
-0.020665380458098005,-0.6890169517309017,-0.5082797606410615,-0.44712197967883244,-0.4455607238659225,1,0.7669420318826194,-0.43295155283668607,-0.6125986141362635,1,0.19036296699517177,0,1,0,0,1,0,0,0,0,0,0,0,0,0
0.6680921062779562,0.07023239631563469,0.24943876264636844,0.309062195357378,0.3102550495004489,0,-0.994083496122613,-0.43295155283668607,0.4866320448867606,0,0.19036296699517177,0,1,0,0,0,0,0,0,0,1,0,0,0,0
-0.18968367715713663,-0.4315067258142757,-0.39685056603996893,-0.33591842452644854,-0.3344113454296914,1,-1.0976732330640973,0.06752978965598574,-1.2996177760256535,0,0.19036296699517177,0,1,0,0,0,0,0,1,0,0,1,0,0,0
-0.5629054156057874,-0.2780057391160248,-0.19627801575800216,-0.13575202525215754,-0.13434246424447546,0,0.7669420318826194,0.40118401798443365,0.21182438013100457,1,0.4520374529744287,1,0,0,0,0,0,0,0,0,1,0,0,0,0
0.4059407159985526,-0.22533983736750302,0.4500113129283352,0.509228594631669,0.5103239306856648,0,-0.26895533753222317,-0.43295155283668607,-0.06298328462475146,1,0.19036296699517177,0,1,0,0,0,0,0,0,0,1,0,0,0,0
1.1749539744194626,0.7606805584141711,-0.5082797606410615,-0.44712197967883244,-0.4455607238659225,1,-1.304852706947066,-0.43295155283668607,-0.20038711700262946,1,0.19036296699517177,0,0,0,0,0,0,0,0,0,1,0,0,0,0
-0.6678266357607432,1.196138327590297,-0.5082797606410615,-0.44712197967883244,-0.4455607238659225,1,-0.8904937591811287,-0.43295155283668607,1.4484588715319067,1,0.19036296699517177,1,0,0,0,0,0,1,0,0,0,1,0,0,0
-0.6839439690539906,-0.39824771463857206,-0.48599392172084305,-0.4248812686483556,-0.4233308481786763,0,-1.40844244388855,-0.43295155283668607,0.8988435420203946,1,0.19036296699517177,1,0,0,0,0,0,1,0,0,0,0,0,1,0
-0.3280390574796718,0.17048276863700187,-0.48599392172084305,-0.4248812686483556,-0.4233308481786763,0,-0.579724548356676,-0.43295155283668607,0.4866320448867606,1,0.4520374529744287,1,0,0,0,0,0,1,0,0,0,1,0,0,0
0.2807935523525155,0.3509919100779627,-0.48599392172084305,-0.4248812686483556,-0.4233308481786763,0,-0.8904937591811287,-0.43295155283668607,-0.33779094938050747,0,0.19036296699517177,0,0,1,0,0,0,1,0,0,0,1,0,0,0
-0.1252419185494584,-0.3408484249455087,-0.35227888819953185,-0.291437002465495,-0.289951594055199,1,-0.06177586364925467,-0.43295155283668607,0.07442054775312656,1,0.19036296699517177,0,1,0,0,0,0,0,0,0,1,0,0,0,0
-0.6192678266430792,0.7032395035332687,-0.48599392172084305,-0.4248812686483556,-0.4233308481786763,0,-0.16536560059073893,-0.43295155283668607,-0.33779094938050747,0,0.4520374529744287,1,0,0,0,0,0,1,0,0,0,1,0,0,0
-0.1263311138703768,-0.4492847740651296,-0.44142224388040596,-0.3803998465874021,-0.37887109680418385,0,0.2489933471751981,1.9026280454624491,2.685093362932809,1,0.19036296699517177,0,1,0,0,0,0,1,0,0,0,0,0,0,0
-1.2221208378697306,-2.887355322141303,-0.3077072103590948,-0.291437002465495,-0.3344113454296914,0,0.3525830841166824,-0.43295155283668607,-0.8874062788920195,1,0.19036296699517177,0,1,0,0,0,0,0,0,1,0,0,0,0,1
1.4980865153881797,0.5752848900067241,-0.32999304927931333,-0.2691962914350182,-0.2677217183679528,0,1.4920701904730094,3.737726301268913,-0.06298328462475146,1,0.19036296699517177,0,0,0,0,0,0,0,0,0,1,0,0,0,0
0.2541703097613033,-0.3082437350446314,-0.5082797606410615,-0.44712197967883244,-0.4455607238659225,0,1.2848907165900407,-0.43295155283668607,-1.0248101112698975,0,0.19036296699517177,0,1,0,0,0,0,1,0,0,0,0,0,0,0
2.1321636395571977,0.8550002740754498,-0.44142224388040596,-0.3803998465874021,-0.37887109680418385,0,2.0100188751804304,-0.43295155283668607,-1.0248101112698975,0,0.19036296699517177,0,0,0,0,0,1,0,0,0,0,1,0,0,0
-0.881115896706511,-0.3247131407460306,-0.35227888819953185,-0.291437002465495,-0.289951594055199,0,-0.4761348114151917,0.5680111321486576,0.8988435420203946,0,0.4520374529744287,1,0,0,0,1,0,0,0,0,0,0,0,0,0
0.27359659086483146,0.23889414616602792,-0.5082797606410615,-0.44712197967883244,-0.4455607238659225,1,-0.994083496122613,4.405034757925809,5.570573842868247,1,-0.07131151898408516,0,0,1,0,1,0,0,0,0,0,0,0,1,0
0.3427260255372701,-0.4440502038675086,-0.35227888819953185,-0.291437002465495,-0.289951594055199,1,0.45617282105816664,-0.26612443867246216,0.07442054775312656,0,0.19036296699517177,0,1,0,0,1,0,0,0,0,0,0,0,0,0
-1.3331181676079782,0.17053845555385683,-0.4637080828006245,-0.40264055761787887,-0.40110097249143006,1,-1.719211654713003,-0.43295155283668607,0.07442054775312656,0,-0.07131151898408516,1,0,0,0,1,0,0,0,0,0,0,0,0,0
2.0497570517956203,0.7124556882961088,-0.41913640496018745,-0.3581591355569253,-0.35664122111693763,1,-0.16536560059073893,-0.43295155283668607,-0.6125986141362635,0,0.4520374529744287,0,0,0,0,0,0,0,1,0,0,1,0,0,0
0.06860727401017472,1.3923094144362818,-0.44142224388040596,-0.3803998465874021,-0.37887109680418385,0,-0.37254507447370744,-0.43295155283668607,-0.6125986141362635,1,0.4520374529744287,0,0,1,0,0,0,0,0,0,1,0,0,0,0
-0.08280466288097064,-0.5980523728186411,-0.35227888819953185,-0.291437002465495,-0.289951594055199,1,-1.719211654713003,-0.43295155283668607,-0.06298328462475146,1,0.4520374529744287,0,1,0,0,0,0,1,0,0,0,0,0,0,0
-1.6238781691649193,0.28331838419904537,-0.4637080828006245,-0.40264055761787887,-0.40110097249143006,0,1.1813009796485565,-0.43295155283668607,0.6240358772646386,1,0.4520374529744287,1,0,0,0,0,0,1,0,0,0,0,0,0,1
1.1989989951751105,0.798589427158936,-0.26313553251865773,-0.20247415834358787,-0.2010320913062141,1,0.2489933471751981,3.070417844612017,-0.6125986141362635,0,-0.07131151898408516,0,0,0,0,0,0,0,0,0,1,0,0,0,0
-1.8402006322702091,-0.07731009026410021,-0.26313553251865773,-0.20247415834358787,-0.2010320913062141,1,1.1813009796485565,0.7348382463128814,0.7614397096425166,0,0.4520374529744287,1,0,0,0,0,0,0,0,0,0,1,0,0,0
0.26928117142878144,-0.1858995784054679,2.4334509768277846,2.488651876344102,2.488782866850578,0,1.1813009796485565,-0.26612443867246216,-1.0248101112698975,1,0.19036296699517177,0,1,0,0,0,0,1,0,0,0,1,0,0,0
-0.14429594302437404,-0.5035795181358135,0.09343789020483872,0.15337721814404057,0.15464591968972538,0,-1.2012629700055815,-0.43295155283668607,-0.20038711700262946,1,0.4520374529744287,0,1,0,0,0,0,0,0,0,1,0,0,0,0
0.6495895731047541,-0.016945472240794804,-0.39685056603996893,-0.33591842452644854,-0.3344113454296914,0,-1.9263911285959714,-0.43295155283668607,0.4866320448867606,0,0.19036296699517177,0,1,0,0,1,0,0,0,0,0,0,0,0,0
0.33814864773287195,-0.4599766621281871,0.13800956804527578,0.1978586402049941,0.1991056710642178,1,-1.6156219177715185,-0.43295155283668607,-1.2996177760256535,0,0.4520374529744287,0,1,0,0,0,0,0,0,0,1,0,0,0,0
0.24177554275476887,-0.202188001626495,-0.04027714331647245,0.019932951961179893,0.021266665566248073,1,-0.4761348114151917,-0.43295155283668607,-1.1622139436477756,1,-0.07131151898408516,0,1,0,0,0,0,1,0,0,0,0,0,0,0
-0.5991108195646386,-0.3027585737205695,-0.41913640496018745,-0.3581591355569253,-0.35664122111693763,1,-0.06177586364925467,-0.43295155283668607,-0.33779094938050747,1,0.4520374529744287,1,0,0,0,0,0,0,1,0,0,1,0,0,0
-0.784411896947419,0.13513549807389577,-0.04027714331647245,0.019932951961179893,0.021266665566248073,1,1.4920701904730094,-0.0992973245082382,-0.06298328462475146,0,0.4520374529744287,1,0,0,0,0,0,1,0,0,0,0,0,0,0
0.2896449877453401,0.3694938882497116,-0.39685056603996893,-0.33591842452644854,-0.3344113454296914,0,1.1813009796485565,-0.43295155283668607,0.6240358772646386,1,-0.07131151898408516,0,0,1,0,0,1,0,0,0,0,1,0,0,0
1.586008016167186,0.5947196240381676,-0.41913640496018745,-0.3581591355569253,-0.35664122111693763,0,-1.304852706947066,-0.43295155283668607,0.4866320448867606,1,0.4520374529744287,0,0,0,0,1,0,0,0,0,0,0,0,0,0
1.9893753372420524,-3.633630030078033,-0.04027714331647245,-0.3136777134959718,-0.35664122111693763,0,0.45617282105816664,1.2353195888055533,-0.20038711700262946,1,0.4520374529744287,1,0,0,0,0,0,1,0,0,0,0,0,0,1
1.1890170026137439,0.4169252198008102,-0.48599392172084305,-0.4248812686483556,-0.4233308481786763,0,-0.37254507447370744,0.23435690382020968,0.7614397096425166,0,0.4520374529744287,0,0,0,0,0,0,0,0,0,1,0,0,0,0
1.832166158696311,0.602627166251553,-0.39685056603996893,-0.33591842452644854,-0.3344113454296914,1,0.8705317688241037,-0.43295155283668607,0.4866320448867606,1,-0.07131151898408516,0,1,0,0,0,0,0,0,0,1,0,0,0,0
-1.2450371121472805,-3.746347095114703,0.20486708480593138,-0.3803998465874021,-0.4455607238659225,1,0.2489933471751981,0.40118401798443365,-0.20038711700262946,1,0.19036296699517177,0,0,1,0,0,0,1,0,0,0,0,0,0,1
-0.012654969300352238,-0.7026741681240034,-0.44142224388040596,-0.3803998465874021,-0.37887109680418385,1,-0.4761348114151917,3.070417844612017,-0.20038711700262946,1,0.4520374529744287,0,1,0,0,0,0,0,0,0,1,0,0,0,0
0.09782252571955784,-0.5303927686691353,-0.39685056603996893,-0.33591842452644854,-0.3344113454296914,0,0.04181387329222959,-0.26612443867246216,1.7232665362876627,0,0.19036296699517177,0,1,0,0,0,0,0,0,0,1,0,0,0,0
